﻿#化合物列表: 239 found
#
Cpd,Name,Formula,Purity Result,Precursor,Mass,Diff (ppm),Score (Tgt),Flags (Tgt),Score,Std Dev,Relative Mass Difference (MFG),Base Peak,RT,RT Diff,Target Retention Time Difference,Height,Width,Area,Volume,Vol %,Ions,Saturated,ID Source,Score (MFG),Score (DB),Hit Count,Tgt MFG Hit,FV,Purity Value,Purity Comments,ADC% Area,EIC/TIC% Area,TIC% Area,UVA% Area,Score (Lib),CAS ID,Relative Reference Mass difference,CE,MS/MS Count,File,Notes,Algorithm,Lib/DB
1,DGJZT_CGC_3_1,,,427.2,,,,,100,,,,0.855,,,504,0.231,2712,,,,,Acq,,,,,,,,,,,,,,,30,,0225-DGJZT-DMRM-POS.d,,Find by MRM,,
2,DGJZT_CGC_2_2,,,265.2,,,,,100,,,,0.865,,,89,0.238,380,,,,,Acq,,,,,,,,,,,,,,,30,,0225-DGJZT-DMRM-POS.d,,Find by MRM,,
3,DGJZT_CGC_2_1,,,265.2,,,,,100,,,,0.849,,,365,0.189,1800,,,,,Acq,,,,,,,,,,,,,,,30,,0225-DGJZT-DMRM-POS.d,,Find by MRM,,
4,DGJZT_DZ_4_3,,,437.2,,,,,100,,,,0.868,,,1427,0.308,9378,,,,,Acq,,,,,,,,,,,,,,,30,,0225-DGJZT-DMRM-POS.d,,Find by MRM,,
5,DGJZT_DZ_4_1,,,437.2,,,,,100,,,,0.86,,,352,0.201,1884,,,,,Acq,,,,,,,,,,,,,,,30,,0225-DGJZT-DMRM-POS.d,,Find by MRM,,
6,DGJZT_DZ_4_2,,,437.2,,,,,100,,,,0.869,,,623,0.178,3774,,,,,Acq,,,,,,,,,,,,,,,30,,0225-DGJZT-DMRM-POS.d,,Find by MRM,,
7,DGJZT_CGC_3_2,,,427.2,,,,,100,,,,0.853,,,9762,0.329,53825,,,,,Acq,,,,,,,,,,,,,,,30,,0225-DGJZT-DMRM-POS.d,,Find by MRM,,
8,DGJZT_CGC_3_3,,,427.2,,,,,100,,,,0.846,,,909,0.213,4899,,,,,Acq,,,,,,,,,,,,,,,30,,0225-DGJZT-DMRM-POS.d,,Find by MRM,,
9,DGJZT_CGC_6_2,,,138.1,,,,,100,,,,1.042,,,82,0.33,788,,,,,Acq,,,,,,,,,,,,,,,30,,0225-DGJZT-DMRM-POS.d,,Find by MRM,,
10,DGJZT_CGC_6_1,,,138.1,,,,,100,,,,1.093,,,65,0.217,490,,,,,Acq,,,,,,,,,,,,,,,30,,0225-DGJZT-DMRM-POS.d,,Find by MRM,,
11,DGJZT_CGC_6_3,,,138.1,,,,,100,,,,1.077,,,48,0.227,282,,,,,Acq,,,,,,,,,,,,,,,30,,0225-DGJZT-DMRM-POS.d,,Find by MRM,,
12,DGJZT_DZ_17_2,,,360.2,,,,,100,,,,1.097,,,1744,0.33,16249,,,,,Acq,,,,,,,,,,,,,,,30,,0225-DGJZT-DMRM-POS.d,,Find by MRM,,
13,DGJZT_DZ_17_1,,,360.2,,,,,100,,,,1.09,,,928,0.337,8974,,,,,Acq,,,,,,,,,,,,,,,30,,0225-DGJZT-DMRM-POS.d,,Find by MRM,,
14,DGJZT_DZ_17_3,,,360.2,,,,,100,,,,1.09,,,454,0.387,4091,,,,,Acq,,,,,,,,,,,,,,,30,,0225-DGJZT-DMRM-POS.d,,Find by MRM,,
15,DGJZT_DZ_14_3,,,232.1,,,,,100,,,,1.116,,,167,0.369,1852,,,,,Acq,,,,,,,,,,,,,,,30,,0225-DGJZT-DMRM-POS.d,,Find by MRM,,
16,DGJZT_DZ_14_1,,,232.1,,,,,100,,,,1.116,,,585,0.41,6927,,,,,Acq,,,,,,,,,,,,,,,30,,0225-DGJZT-DMRM-POS.d,,Find by MRM,,
17,DGJZT_DZ_14_2,,,232.1,,,,,100,,,,1.1,,,340,0.383,4025,,,,,Acq,,,,,,,,,,,,,,,30,,0225-DGJZT-DMRM-POS.d,,Find by MRM,,
18,DGJZT_BS_5_2,,,331.1,,,,,100,,,,1.604,,,787,0.363,5690,,,,,Acq,,,,,,,,,,,,,,,30,,0225-DGJZT-DMRM-POS.d,,Find by MRM,,
19,DGJZT_BS_5_3,,,331.1,,,,,100,,,,1.596,,,629,0.344,4306,,,,,Acq,,,,,,,,,,,,,,,30,,0225-DGJZT-DMRM-POS.d,,Find by MRM,,
20,DGJZT_BS_5_1,,,331.1,,,,,100,,,,1.597,,,1030,0.389,7751,,,,,Acq,,,,,,,,,,,,,,,30,,0225-DGJZT-DMRM-POS.d,,Find by MRM,,
21,DGJZT_CGC_10_1,,,163.1,,,,,100,,,,1.593,,,196,0.395,1524,,,,,Acq,,,,,,,,,,,,,,,30,,0225-DGJZT-DMRM-POS.d,,Find by MRM,,
22,DGJZT_CGC_10_2,,,163.1,,,,,100,,,,1.611,,,158,0.326,1095,,,,,Acq,,,,,,,,,,,,,,,30,,0225-DGJZT-DMRM-POS.d,,Find by MRM,,
23,DGJZT_DZ_25_1,,,330.2,,,,,100,,,,1.615,,,2340,0.373,16416,,,,,Acq,,,,,,,,,,,,,,,30,,0225-DGJZT-DMRM-POS.d,,Find by MRM,,
24,DGJZT_DZ_25_2,,,330.2,,,,,100,,,,1.616,,,1421,0.5,10458,,,,,Acq,,,,,,,,,,,,,,,30,,0225-DGJZT-DMRM-POS.d,,Find by MRM,,
25,DGJZT_DZ_25_3,,,330.2,,,,,100,,,,1.617,,,287,0.259,2109,,,,,Acq,,,,,,,,,,,,,,,30,,0225-DGJZT-DMRM-POS.d,,Find by MRM,,
26,DGJZT_DZ_27_3,,,180.1,,,,,100,,,,2.246,,,9512,0.665,91551,,,,,Acq,,,,,,,,,,,,,,,30,,0225-DGJZT-DMRM-POS.d,,Find by MRM,,
27,DGJZT_DZ_27_1,,,180.1,,,,,100,,,,2.241,,,7021,0.453,63936,,,,,Acq,,,,,,,,,,,,,,,30,,0225-DGJZT-DMRM-POS.d,,Find by MRM,,
28,DGJZT_DZ_27_2,,,180.1,,,,,100,,,,2.243,,,607,0.456,5975,,,,,Acq,,,,,,,,,,,,,,,30,,0225-DGJZT-DMRM-POS.d,,Find by MRM,,
29,DGJZT_BS_6_2,,,482.2,,,,,100,,,,2.63,,,828,0.269,5718,,,,,Acq,,,,,,,,,,,,,,,30,,0225-DGJZT-DMRM-POS.d,,Find by MRM,,
30,DGJZT_BS_6_1,,,482.2,,,,,100,,,,2.632,,,7709,0.369,56408,,,,,Acq,,,,,,,,,,,,,,,30,,0225-DGJZT-DMRM-POS.d,,Find by MRM,,
31,DGJZT_BS_6_3,,,482.2,,,,,100,,,,2.626,,,264,0.39,1975,,,,,Acq,,,,,,,,,,,,,,,30,,0225-DGJZT-DMRM-POS.d,,Find by MRM,,
32,DGJZT_DG_19_2,,,367.1,,,,,100,,,,3.281,,,19668,0.421,234193,,,,,Acq,,,,,,,,,,,,,,,30,,0225-DGJZT-DMRM-POS.d,,Find by MRM,,
33,DGJZT_DG_19_3,,,367.1,,,,,100,,,,3.274,,,10826,0.622,156737,,,,,Acq,,,,,,,,,,,,,,,30,,0225-DGJZT-DMRM-POS.d,,Find by MRM,,
34,DGJZT_DG_19_1,,,367.1,,,,,100,,,,3.275,,,687,0.631,8683,,,,,Acq,,,,,,,,,,,,,,,30,,0225-DGJZT-DMRM-POS.d,,Find by MRM,,
35,DGJZT_CGC_15_3,,,262.2,,,,,100,,,,3.494,,,2287,0.434,19863,,,,,Acq,,,,,,,,,,,,,,,30,,0225-DGJZT-DMRM-POS.d,,Find by MRM,,
36,DGJZT_CGC_15_1,,,262.2,,,,,100,,,,3.495,,,6671,0.428,57887,,,,,Acq,,,,,,,,,,,,,,,30,,0225-DGJZT-DMRM-POS.d,,Find by MRM,,
37,DGJZT_CGC_15_2,,,262.2,,,,,100,,,,3.495,,,8895,0.378,76735,,,,,Acq,,,,,,,,,,,,,,,30,,0225-DGJZT-DMRM-POS.d,,Find by MRM,,
38,DGJZT_DZ_33_1,,,239.1,,,,,100,,,,3.53,,,52610,0.434,403133,,,,,Acq,,,,,,,,,,,,,,,30,,0225-DGJZT-DMRM-POS.d,,Find by MRM,,
39,DGJZT_DZ_33_2,,,239.1,,,,,100,,,,3.522,,,371,0.384,2928,,,,,Acq,,,,,,,,,,,,,,,30,,0225-DGJZT-DMRM-POS.d,,Find by MRM,,
40,DGJZT_BS_8_2,,,637.3,,,,,100,,,,3.757,,,205,0.346,1420,,,,,Acq,,,,,,,,,,,,,,,30,,0225-DGJZT-DMRM-POS.d,,Find by MRM,,
41,DGJZT_BS_8_3,,,637.3,,,,,100,,,,3.75,,,207,0.352,1634,,,,,Acq,,,,,,,,,,,,,,,30,,0225-DGJZT-DMRM-POS.d,,Find by MRM,,
42,DGJZT_BS_8_1,,,637.3,,,,,100,,,,3.734,,,338,0.354,2526,,,,,Acq,,,,,,,,,,,,,,,30,,0225-DGJZT-DMRM-POS.d,,Find by MRM,,
43,DGJZT_CGC_16_1,,,250.1,,,,,100,,,,3.696,,,630,0.341,5288,,,,,Acq,,,,,,,,,,,,,,,30,,0225-DGJZT-DMRM-POS.d,,Find by MRM,,
44,DGJZT_CGC_17_1,,,433.1,,,,,100,,,,4.1,,,34366,0.378,247746,,,,,Acq,,,,,,,,,,,,,,,30,,0225-DGJZT-DMRM-POS.d,,Find by MRM,,
45,DGJZT_CGC_17_2,,,433.1,,,,,100,,,,4.109,,,1813,0.312,13331,,,,,Acq,,,,,,,,,,,,,,,30,,0225-DGJZT-DMRM-POS.d,,Find by MRM,,
46,DGJZT_CGC_18_3,,,257.1,,,,,100,,,,4.156,,,2504,0.425,21809,,,,,Acq,,,,,,,,,,,,,,,30,,0225-DGJZT-DMRM-POS.d,,Find by MRM,,
47,DGJZT_CGC_18_1,,,257.1,,,,,100,,,,4.157,,,14107,0.431,122861,,,,,Acq,,,,,,,,,,,,,,,30,,0225-DGJZT-DMRM-POS.d,,Find by MRM,,
48,DGJZT_CGC_18_2,,,257.1,,,,,100,,,,4.157,,,2836,0.386,25696,,,,,Acq,,,,,,,,,,,,,,,30,,0225-DGJZT-DMRM-POS.d,,Find by MRM,,
49,DGJZT_DZ_36_2,,,314.2,,,,,100,,,,4.219,,,1489,0.375,12082,,,,,Acq,,,,,,,,,,,,,,,30,,0225-DGJZT-DMRM-POS.d,,Find by MRM,,
50,DGJZT_DZ_36_1,,,314.2,,,,,100,,,,4.219,,,10094,0.399,82647,,,,,Acq,,,,,,,,,,,,,,,30,,0225-DGJZT-DMRM-POS.d,,Find by MRM,,
51,DGJZT_DG_23_2,,,305.1,,,,,100,,,,4.246,,,608,0.361,4611,,,,,Acq,,,,,,,,,,,,,,,30,,0225-DGJZT-DMRM-POS.d,,Find by MRM,,
52,DGJZT_DZ_36_3,,,314.2,,,,,100,,,,4.226,,,1195,0.3,9135,,,,,Acq,,,,,,,,,,,,,,,30,,0225-DGJZT-DMRM-POS.d,,Find by MRM,,
53,DGJZT_DG_23_3,,,305.1,,,,,100,,,,4.245,,,2275,0.39,18616,,,,,Acq,,,,,,,,,,,,,,,30,,0225-DGJZT-DMRM-POS.d,,Find by MRM,,
54,DGJZT_DG_23_1,,,305.1,,,,,100,,,,4.254,,,1068,0.399,8181,,,,,Acq,,,,,,,,,,,,,,,30,,0225-DGJZT-DMRM-POS.d,,Find by MRM,,
55,DGJZT_DG_25_3,,,144.1,,,,,100,,,,4.44,,,7446,0.392,62526,,,,,Acq,,,,,,,,,,,,,,,30,,0225-DGJZT-DMRM-POS.d,,Find by MRM,,
56,DGJZT_DG_25_2,,,144.1,,,,,100,,,,4.441,,,1060,0.544,9121,,,,,Acq,,,,,,,,,,,,,,,30,,0225-DGJZT-DMRM-POS.d,,Find by MRM,,
57,DGJZT_DG_25_1,,,144.1,,,,,100,,,,4.433,,,10428,0.379,85243,,,,,Acq,,,,,,,,,,,,,,,30,,0225-DGJZT-DMRM-POS.d,,Find by MRM,,
58,DGJZT_GZ_5_3,,,328.2,,,,,100,,,,4.887,,,165,0.355,1227,,,,,Acq,,,,,,,,,,,,,,,30,,0225-DGJZT-DMRM-POS.d,,Find by MRM,,
59,DGJZT_GZ_5_1,,,328.2,,,,,100,,,,4.88,,,2524,0.42,21043,,,,,Acq,,,,,,,,,,,,,,,30,,0225-DGJZT-DMRM-POS.d,,Find by MRM,,
60,DGJZT_GZ_5_2,,,328.2,,,,,100,,,,4.872,,,223,0.328,1823,,,,,Acq,,,,,,,,,,,,,,,30,,0225-DGJZT-DMRM-POS.d,,Find by MRM,,
61,DGJZT_BS_12_3,,,481.2,,,,,100,,,,5.104,,,20790,0.368,191936,,,,,Acq,,,,,,,,,,,,,,,30,,0225-DGJZT-DMRM-POS.d,,Find by MRM,,
62,DGJZT_BS_12_1,,,481.2,,,,,100,,,,5.105,,,344633,0.426,3310029,,,,,Acq,,,,,,,,,,,,,,,30,,0225-DGJZT-DMRM-POS.d,,Find by MRM,,
63,DGJZT_BS_10_3,,,319.1,,,,,100,,,,5.098,,,3175,0.387,28938,,,,,Acq,,,,,,,,,,,,,,,30,,0225-DGJZT-DMRM-POS.d,,Find by MRM,,
64,DGJZT_BS_10_2,,,319.1,,,,,100,,,,5.099,,,54561,0.43,514996,,,,,Acq,,,,,,,,,,,,,,,30,,0225-DGJZT-DMRM-POS.d,,Find by MRM,,
65,DGJZT_BS_10_1,,,319.1,,,,,100,,,,5.1,,,47620,0.432,456453,,,,,Acq,,,,,,,,,,,,,,,30,,0225-DGJZT-DMRM-POS.d,,Find by MRM,,
66,DGJZT_BS_12_2,,,481.2,,,,,100,,,,5.104,,,116755,0.649,1148935,,,,,Acq,,,,,,,,,,,,,,,30,,0225-DGJZT-DMRM-POS.d,,Find by MRM,,
67,DGJZT_BS_11_2,,,197.1,,,,,100,,,,5.101,,,7412,0.434,68198,,,,,Acq,,,,,,,,,,,,,,,30,,0225-DGJZT-DMRM-POS.d,,Find by MRM,,
68,DGJZT_BS_11_1,,,197.1,,,,,100,,,,5.101,,,6649,0.429,62380,,,,,Acq,,,,,,,,,,,,,,,30,,0225-DGJZT-DMRM-POS.d,,Find by MRM,,
69,DGJZT_BS_21_1,,,503.2,,,,,100,,,,5.57,,,480,0.299,13765,,,,,Acq,,,,,,,,,,,,,,,30,,0225-DGJZT-DMRM-POS.d,,Find by MRM,,
70,DGJZT_BS_21_2,,,503.2,,,,,100,,,,5.506,,,41,0.156,217,,,,,Acq,,,,,,,,,,,,,,,30,,0225-DGJZT-DMRM-POS.d,,Find by MRM,,
71,DGJZT_DZ_38_2,,,314.2,,,,,100,,,,5.845,,,2527,0.414,22630,,,,,Acq,,,,,,,,,,,,,,,30,,0225-DGJZT-DMRM-POS.d,,Find by MRM,,
72,DGJZT_DZ_38_3,,,314.2,,,,,100,,,,5.847,,,1185,0.423,10402,,,,,Acq,,,,,,,,,,,,,,,30,,0225-DGJZT-DMRM-POS.d,,Find by MRM,,
73,DGJZT_DZ_38_1,,,314.2,,,,,100,,,,5.84,,,12172,0.416,105867,,,,,Acq,,,,,,,,,,,,,,,30,,0225-DGJZT-DMRM-POS.d,,Find by MRM,,
74,DGJZT_DZ_40_1,,,162.1,,,,,100,,,,6.091,,,673,0.417,7155,,,,,Acq,,,,,,,,,,,,,,,30,,0225-DGJZT-DMRM-POS.d,,Find by MRM,,
75,DGJZT_DZ_40_3,,,162.1,,,,,100,,,,6.093,,,1051,0.64,11562,,,,,Acq,,,,,,,,,,,,,,,30,,0225-DGJZT-DMRM-POS.d,,Find by MRM,,
76,DGJZT_DZ_40_2,,,162.1,,,,,100,,,,6.094,,,4281,0.801,48328,,,,,Acq,,,,,,,,,,,,,,,30,,0225-DGJZT-DMRM-POS.d,,Find by MRM,,
77,DGJZT_GZ_7_2,,,249.1,,,,,100,,,,6.538,,,2297,0.404,21411,,,,,Acq,,,,,,,,,,,,,,,30,,0225-DGJZT-DMRM-POS.d,,Find by MRM,,
78,DGJZT_GZ_7_1,,,249.1,,,,,100,,,,6.54,,,1900,0.588,18970,,,,,Acq,,,,,,,,,,,,,,,30,,0225-DGJZT-DMRM-POS.d,,Find by MRM,,
79,DGJZT_GZ_7_3,,,249.1,,,,,100,,,,6.525,,,1137,0.545,11738,,,,,Acq,,,,,,,,,,,,,,,30,,0225-DGJZT-DMRM-POS.d,,Find by MRM,,
80,DGJZT_BS_24_1,,,771.1,,,,,100,,,,6.957,,,105642,0.437,1099792,,,,,Acq,,,,,,,,,,,,,,,30,,0225-DGJZT-DMRM-POS.d,,Find by MRM,,
81,DGJZT_BS_24_2,,,771.1,,,,,100,,,,6.95,,,1074,0.407,11162,,,,,Acq,,,,,,,,,,,,,,,30,,0225-DGJZT-DMRM-POS.d,,Find by MRM,,
82,DGJZT_BS_24_3,,,771.1,,,,,100,,,,6.955,,,84,0.492,864,,,,,Acq,,,,,,,,,,,,,,,30,,0225-DGJZT-DMRM-POS.d,,Find by MRM,,
83,DGJZT_DZ_42_2,,,639.3,,,,,100,,,,7.178,,,64,0.299,616,,,,,Acq,,,,,,,,,,,,,,,30,,0225-DGJZT-DMRM-POS.d,,Find by MRM,,
84,DGJZT_DZ_42_1,,,639.3,,,,,100,,,,7.146,,,34,0.105,137,,,,,Acq,,,,,,,,,,,,,,,30,,0225-DGJZT-DMRM-POS.d,,Find by MRM,,
85,DGJZT_DZ_42_3,,,639.3,,,,,100,,,,7.177,,,175,0.421,1700,,,,,Acq,,,,,,,,,,,,,,,30,,0225-DGJZT-DMRM-POS.d,,Find by MRM,,
86,DGJZT_BS_25_2,,,633.2,,,,,100,,,,7.565,,,14661,0.38,125646,,,,,Acq,,,,,,,,,,,,,,,30,,0225-DGJZT-DMRM-POS.d,,Find by MRM,,
87,DGJZT_BS_25_3,,,633.2,,,,,100,,,,7.567,,,1058,0.387,9068,,,,,Acq,,,,,,,,,,,,,,,30,,0225-DGJZT-DMRM-POS.d,,Find by MRM,,
88,DGJZT_BS_25_1,,,633.2,,,,,100,,,,7.57,,,16448,0.397,142167,,,,,Acq,,,,,,,,,,,,,,,30,,0225-DGJZT-DMRM-POS.d,,Find by MRM,,
89,DGJZT_DZ_43_3,,,673.3,,,,,100,,,,7.958,,,53,0.358,595,,,,,Acq,,,,,,,,,,,,,,,30,,0225-DGJZT-DMRM-POS.d,,Find by MRM,,
90,DGJZT_DZ_43_1,,,673.3,,,,,100,,,,7.95,,,410,0.426,4266,,,,,Acq,,,,,,,,,,,,,,,30,,0225-DGJZT-DMRM-POS.d,,Find by MRM,,
91,DGJZT_DZ_43_2,,,673.3,,,,,100,,,,7.94,,,73,0.24,562,,,,,Acq,,,,,,,,,,,,,,,30,,0225-DGJZT-DMRM-POS.d,,Find by MRM,,
92,DGJZT_CGC_30_2,,,273.1,,,,,100,,,,8.02,,,4073,0.41,36138,,,,,Acq,,,,,,,,,,,,,,,30,,0225-DGJZT-DMRM-POS.d,,Find by MRM,,
93,DGJZT_CGC_30_1,,,273.1,,,,,100,,,,8.02,,,14081,0.449,126367,,,,,Acq,,,,,,,,,,,,,,,30,,0225-DGJZT-DMRM-POS.d,,Find by MRM,,
94,DGJZT_CGC_30_3,,,273.1,,,,,100,,,,8.013,,,3432,0.459,30740,,,,,Acq,,,,,,,,,,,,,,,30,,0225-DGJZT-DMRM-POS.d,,Find by MRM,,
95,DGJZT_CGC_31_3,,,301.1,,,,,100,,,,8.068,,,1812,0.408,18002,,,,,Acq,,,,,,,,,,,,,,,30,,0225-DGJZT-DMRM-POS.d,,Find by MRM,,
96,DGJZT_CGC_31_2,,,301.1,,,,,100,,,,8.069,,,1295,0.356,11975,,,,,Acq,,,,,,,,,,,,,,,30,,0225-DGJZT-DMRM-POS.d,,Find by MRM,,
97,DGJZT_CGC_31_1,,,301.1,,,,,100,,,,8.069,,,1623,0.406,15145,,,,,Acq,,,,,,,,,,,,,,,30,,0225-DGJZT-DMRM-POS.d,,Find by MRM,,
98,DGJZT_DG_30_3,,,207.1,,,,,100,,,,8.089,,,872,0.45,8872,,,,,Acq,,,,,,,,,,,,,,,30,,0225-DGJZT-DMRM-POS.d,,Find by MRM,,
99,DGJZT_DG_30_1,,,207.1,,,,,100,,,,8.123,,,1437,0.495,15723,,,,,Acq,,,,,,,,,,,,,,,30,,0225-DGJZT-DMRM-POS.d,,Find by MRM,,
100,DGJZT_DG_30_2,,,207.1,,,,,100,,,,8.107,,,249,0.432,2792,,,,,Acq,,,,,,,,,,,,,,,30,,0225-DGJZT-DMRM-POS.d,,Find by MRM,,
101,DGJZT_CGC_35_3,,,257.1,,,,,100,,,,8.631,,,1096,0.316,9548,,,,,Acq,,,,,,,,,,,,,,,30,,0225-DGJZT-DMRM-POS.d,,Find by MRM,,
102,DGJZT_CGC_35_2,,,257.1,,,,,100,,,,8.633,,,1192,0.243,10035,,,,,Acq,,,,,,,,,,,,,,,30,,0225-DGJZT-DMRM-POS.d,,Find by MRM,,
103,DGJZT_CGC_34_2,,,551.2,,,,,100,,,,8.626,,,47094,0.304,403509,,,,,Acq,,,,,,,,,,,,,,,30,,0225-DGJZT-DMRM-POS.d,,Find by MRM,,
104,DGJZT_CGC_34_3,,,551.2,,,,,100,,,,8.626,,,3281,0.285,26511,,,,,Acq,,,,,,,,,,,,,,,30,,0225-DGJZT-DMRM-POS.d,,Find by MRM,,
105,DGJZT_CGC_33_3,,,419.1,,,,,100,,,,8.62,,,4530,0.268,35266,,,,,Acq,,,,,,,,,,,,,,,30,,0225-DGJZT-DMRM-POS.d,,Find by MRM,,
106,DGJZT_CGC_33_2,,,419.1,,,,,100,,,,8.621,,,1871,0.319,16213,,,,,Acq,,,,,,,,,,,,,,,30,,0225-DGJZT-DMRM-POS.d,,Find by MRM,,
107,DGJZT_CGC_33_1,,,419.1,,,,,100,,,,8.613,,,3049,0.277,23398,,,,,Acq,,,,,,,,,,,,,,,30,,0225-DGJZT-DMRM-POS.d,,Find by MRM,,
108,DGJZT_CGC_34_1,,,551.2,,,,,100,,,,8.627,,,5241,0.3,44172,,,,,Acq,,,,,,,,,,,,,,,30,,0225-DGJZT-DMRM-POS.d,,Find by MRM,,
109,DGJZT_CGC_35_1,,,257.1,,,,,100,,,,8.64,,,6025,0.305,50888,,,,,Acq,,,,,,,,,,,,,,,30,,0225-DGJZT-DMRM-POS.d,,Find by MRM,,
110,DGJZT_CGC_36_1,,,431.1,,,,,100,,,,9.002,,,98362,0.416,965479,,,,,Acq,,,,,,,,,,,,,,,30,,0225-DGJZT-DMRM-POS.d,,Find by MRM,,
111,DGJZT_CGC_36_3,,,431.1,,,,,100,,,,9.02,,,164,0.427,1603,,,,,Acq,,,,,,,,,,,,,,,30,,0225-DGJZT-DMRM-POS.d,,Find by MRM,,
112,DGJZT_CGC_37_1,,,269.1,,,,,100,,,,9.005,,,536,0.466,5436,,,,,Acq,,,,,,,,,,,,,,,30,,0225-DGJZT-DMRM-POS.d,,Find by MRM,,
113,DGJZT_CGC_37_2,,,269.1,,,,,100,,,,9.014,,,1031,0.412,10252,,,,,Acq,,,,,,,,,,,,,,,30,,0225-DGJZT-DMRM-POS.d,,Find by MRM,,
114,DGJZT_CGC_36_2,,,431.1,,,,,100,,,,9.019,,,633,0.374,5926,,,,,Acq,,,,,,,,,,,,,,,30,,0225-DGJZT-DMRM-POS.d,,Find by MRM,,
115,DGJZT_CGC_37_3,,,269.1,,,,,100,,,,9.031,,,164,0.429,1442,,,,,Acq,,,,,,,,,,,,,,,30,,0225-DGJZT-DMRM-POS.d,,Find by MRM,,
116,DGJZT_CGC_38_3,,,257.1,,,,,100,,,,9.082,,,2155,0.408,20816,,,,,Acq,,,,,,,,,,,,,,,30,,0225-DGJZT-DMRM-POS.d,,Find by MRM,,
117,DGJZT_CGC_38_2,,,257.1,,,,,100,,,,9.083,,,2582,0.414,25286,,,,,Acq,,,,,,,,,,,,,,,30,,0225-DGJZT-DMRM-POS.d,,Find by MRM,,
118,DGJZT_CGC_39_3,,,419.1,,,,,100,,,,9.087,,,62285,0.328,550000,,,,,Acq,,,,,,,,,,,,,,,30,,0225-DGJZT-DMRM-POS.d,,Find by MRM,,
119,DGJZT_CGC_39_2,,,419.1,,,,,100,,,,9.088,,,22162,0.331,197828,,,,,Acq,,,,,,,,,,,,,,,30,,0225-DGJZT-DMRM-POS.d,,Find by MRM,,
120,DGJZT_CGC_39_1,,,419.1,,,,,100,,,,9.088,,,39815,0.34,348047,,,,,Acq,,,,,,,,,,,,,,,30,,0225-DGJZT-DMRM-POS.d,,Find by MRM,,
121,DGJZT_CGC_38_1,,,257.1,,,,,100,,,,9.074,,,11390,0.428,112709,,,,,Acq,,,,,,,,,,,,,,,30,,0225-DGJZT-DMRM-POS.d,,Find by MRM,,
122,DGJZT_DG_32_3,,,207.1,,,,,100,,,,9.201,,,1750,0.437,17660,,,,,Acq,,,,,,,,,,,,,,,30,,0225-DGJZT-DMRM-POS.d,,Find by MRM,,
123,DGJZT_DG_32_1,,,207.1,,,,,100,,,,9.202,,,989,0.403,9026,,,,,Acq,,,,,,,,,,,,,,,30,,0225-DGJZT-DMRM-POS.d,,Find by MRM,,
124,DGJZT_DG_32_2,,,207.1,,,,,100,,,,9.202,,,2436,0.438,24330,,,,,Acq,,,,,,,,,,,,,,,30,,0225-DGJZT-DMRM-POS.d,,Find by MRM,,
125,DGJZT_CGC_40_3,,,419.1,,,,,100,,,,9.353,,,14788,0.502,151842,,,,,Acq,,,,,,,,,,,,,,,30,,0225-DGJZT-DMRM-POS.d,,Find by MRM,,
126,DGJZT_CGC_40_2,,,419.1,,,,,100,,,,9.354,,,4706,0.351,45831,,,,,Acq,,,,,,,,,,,,,,,30,,0225-DGJZT-DMRM-POS.d,,Find by MRM,,
127,DGJZT_CGC_40_1,,,419.1,,,,,100,,,,9.355,,,9138,0.512,96945,,,,,Acq,,,,,,,,,,,,,,,30,,0225-DGJZT-DMRM-POS.d,,Find by MRM,,
128,DGJZT_CGC_42_2,,,287.1,,,,,100,,,,9.774,,,998,0.413,9446,,,,,Acq,,,,,,,,,,,,,,,30,,0225-DGJZT-DMRM-POS.d,,Find by MRM,,
129,DGJZT_CGC_42_1,,,287.1,,,,,100,,,,9.776,,,14647,0.422,138734,,,,,Acq,,,,,,,,,,,,,,,30,,0225-DGJZT-DMRM-POS.d,,Find by MRM,,
130,DGJZT_CGC_42_3,,,287.1,,,,,100,,,,9.777,,,1849,0.632,18277,,,,,Acq,,,,,,,,,,,,,,,30,,0225-DGJZT-DMRM-POS.d,,Find by MRM,,
131,DGJZT_CGC_43_3,,,257.1,,,,,100,,,,10.082,,,11175,0.397,99167,,,,,Acq,,,,,,,,,,,,,,,30,,0225-DGJZT-DMRM-POS.d,,Find by MRM,,
132,DGJZT_CGC_43_1,,,257.1,,,,,100,,,,10.075,,,59256,0.579,571618,,,,,Acq,,,,,,,,,,,,,,,30,,0225-DGJZT-DMRM-POS.d,,Find by MRM,,
133,DGJZT_CGC_43_2,,,257.1,,,,,100,,,,10.077,,,13383,0.59,128325,,,,,Acq,,,,,,,,,,,,,,,30,,0225-DGJZT-DMRM-POS.d,,Find by MRM,,
134,DGJZT_CGC_77_1,,,437.3,,,,,100,,,,12.293,,,280,0.219,2132,,,,,Acq,,,,,,,,,,,,,,,30,,0225-DGJZT-DMRM-POS.d,,Find by MRM,,
135,DGJZT_CGC_77_3,,,437.3,,,,,100,,,,12.467,,,276,0.179,1626,,,,,Acq,,,,,,,,,,,,,,,30,,0225-DGJZT-DMRM-POS.d,,Find by MRM,,
136,DGJZT_CGC_77_2,,,437.3,,,,,100,,,,12.443,,,203,0.14,942,,,,,Acq,,,,,,,,,,,,,,,30,,0225-DGJZT-DMRM-POS.d,,Find by MRM,,
137,DGJZT_CGC_79_1,,,823.4,,,,,100,,,,12.608,,,646,0.318,5613,,,,,Acq,,,,,,,,,,,,,,,30,,0225-DGJZT-DMRM-POS.d,,Find by MRM,,
138,DGJZT_DG_34_3,,,205.1,,,,,100,,,,12.571,,,798,0.184,4139,,,,,Acq,,,,,,,,,,,,,,,30,,0225-DGJZT-DMRM-POS.d,,Find by MRM,,
139,DGJZT_DG_34_1,,,205.1,,,,,100,,,,12.572,,,806,0.185,4195,,,,,Acq,,,,,,,,,,,,,,,30,,0225-DGJZT-DMRM-POS.d,,Find by MRM,,
140,DGJZT_DG_34_2,,,205.1,,,,,100,,,,12.571,,,931,0.154,4483,,,,,Acq,,,,,,,,,,,,,,,30,,0225-DGJZT-DMRM-POS.d,,Find by MRM,,
141,DGJZT_SJ_11_2,,,457.3,,,,,100,,,,12.675,,,230,0.402,2248,,,,,Acq,,,,,,,,,,,,,,,30,,0225-DGJZT-DMRM-POS.d,,Find by MRM,,
142,DGJZT_SJ_10_2,,,277.2,,,,,100,,,,12.645,,,45703,0.403,347666,,,,,Acq,,,,,,,,,,,,,,,30,,0225-DGJZT-DMRM-POS.d,,Find by MRM,,
143,DGJZT_SJ_10_1,,,277.2,,,,,100,,,,12.646,,,32579,0.416,243668,,,,,Acq,,,,,,,,,,,,,,,30,,0225-DGJZT-DMRM-POS.d,,Find by MRM,,
144,DGJZT_SJ_10_3,,,277.2,,,,,100,,,,12.646,,,7185,0.423,54073,,,,,Acq,,,,,,,,,,,,,,,30,,0225-DGJZT-DMRM-POS.d,,Find by MRM,,
145,DGJZT_SJ_9_3,,,177.1,,,,,100,,,,12.647,,,12186,0.38,91605,,,,,Acq,,,,,,,,,,,,,,,30,,0225-DGJZT-DMRM-POS.d,,Find by MRM,,
146,DGJZT_SJ_9_2,,,177.1,,,,,100,,,,12.648,,,70932,0.433,545608,,,,,Acq,,,,,,,,,,,,,,,30,,0225-DGJZT-DMRM-POS.d,,Find by MRM,,
147,DGJZT_SJ_9_1,,,177.1,,,,,100,,,,12.648,,,89106,0.423,684754,,,,,Acq,,,,,,,,,,,,,,,30,,0225-DGJZT-DMRM-POS.d,,Find by MRM,,
148,DGJZT_SJ_8_3,,,145.1,,,,,100,,,,12.641,,,439,0.41,3315,,,,,Acq,,,,,,,,,,,,,,,30,,0225-DGJZT-DMRM-POS.d,,Find by MRM,,
149,DGJZT_SJ_8_1,,,145.1,,,,,100,,,,12.649,,,10690,0.435,81529,,,,,Acq,,,,,,,,,,,,,,,30,,0225-DGJZT-DMRM-POS.d,,Find by MRM,,
150,DGJZT_SJ_11_3,,,457.3,,,,,100,,,,12.683,,,86,0.315,618,,,,,Acq,,,,,,,,,,,,,,,30,,0225-DGJZT-DMRM-POS.d,,Find by MRM,,
151,DGJZT_SJ_11_1,,,457.3,,,,,100,,,,12.667,,,885,0.427,7714,,,,,Acq,,,,,,,,,,,,,,,30,,0225-DGJZT-DMRM-POS.d,,Find by MRM,,
152,DGJZT_CGC_83_1,,,369.1,,,,,100,,,,12.761,,,1341,0.355,12761,,,,,Acq,,,,,,,,,,,,,,,30,,0225-DGJZT-DMRM-POS.d,,Find by MRM,,
153,DGJZT_SJ_8_2,,,145.1,,,,,100,,,,12.64,,,600,0.318,4492,,,,,Acq,,,,,,,,,,,,,,,30,,0225-DGJZT-DMRM-POS.d,,Find by MRM,,
154,DGJZT_CGC_83_3,,,369.1,,,,,100,,,,12.744,,,1335,0.38,13257,,,,,Acq,,,,,,,,,,,,,,,30,,0225-DGJZT-DMRM-POS.d,,Find by MRM,,
155,DGJZT_CGC_83_2,,,369.1,,,,,100,,,,12.786,,,1523,0.392,13275,,,,,Acq,,,,,,,,,,,,,,,30,,0225-DGJZT-DMRM-POS.d,,Find by MRM,,
156,DGJZT_CGC_80_1,,,353.1,,,,,100,,,,12.712,,,3912,0.318,29039,,,,,Acq,,,,,,,,,,,,,,,30,,0225-DGJZT-DMRM-POS.d,,Find by MRM,,
157,DGJZT_CGC_87_1,,,299.1,,,,,100,,,,12.974,,,455,0.301,3648,,,,,Acq,,,,,,,,,,,,,,,30,,0225-DGJZT-DMRM-POS.d,,Find by MRM,,
158,DGJZT_CGC_87_2,,,299.1,,,,,100,,,,13,,,76,0.267,612,,,,,Acq,,,,,,,,,,,,,,,30,,0225-DGJZT-DMRM-POS.d,,Find by MRM,,
159,DGJZT_CGC_86_3,,,353.1,,,,,100,,,,13.028,,,16585,0.349,120393,,,,,Acq,,,,,,,,,,,,,,,30,,0225-DGJZT-DMRM-POS.d,,Find by MRM,,
160,DGJZT_CGC_86_2,,,353.1,,,,,100,,,,13.031,,,39,0.139,180,,,,,Acq,,,,,,,,,,,,,,,30,,0225-DGJZT-DMRM-POS.d,,Find by MRM,,
161,DGJZT_CGC_86_1,,,353.1,,,,,100,,,,13.03,,,15338,0.376,111409,,,,,Acq,,,,,,,,,,,,,,,30,,0225-DGJZT-DMRM-POS.d,,Find by MRM,,
162,DGJZT_CGC_91_3,,,355.1,,,,,100,,,,13.262,,,37110,0.278,245966,,,,,Acq,,,,,,,,,,,,,,,30,,0225-DGJZT-DMRM-POS.d,,Find by MRM,,
163,DGJZT_CGC_87_3,,,299.1,,,,,100,,,,13.267,,,693,0.253,4687,,,,,Acq,,,,,,,,,,,,,,,30,,0225-DGJZT-DMRM-POS.d,,Find by MRM,,
164,DGJZT_CGC_92_3,,,383.2,,,,,100,,,,13.337,,,484,0.349,3760,,,,,Acq,,,,,,,,,,,,,,,30,,0225-DGJZT-DMRM-POS.d,,Find by MRM,,
165,DGJZT_DG_37_3,,,193.1,,,,,100,,,,13.276,,,191,0.263,1344,,,,,Acq,,,,,,,,,,,,,,,30,,0225-DGJZT-DMRM-POS.d,,Find by MRM,,
166,DGJZT_DG_37_2,,,193.1,,,,,100,,,,13.276,,,1262,0.337,9261,,,,,Acq,,,,,,,,,,,,,,,30,,0225-DGJZT-DMRM-POS.d,,Find by MRM,,
167,DGJZT_DG_37_1,,,193.1,,,,,100,,,,13.277,,,2114,0.384,16011,,,,,Acq,,,,,,,,,,,,,,,30,,0225-DGJZT-DMRM-POS.d,,Find by MRM,,
168,DGJZT_CGC_91_2,,,355.1,,,,,100,,,,13.314,,,13597,0.405,99741,,,,,Acq,,,,,,,,,,,,,,,30,,0225-DGJZT-DMRM-POS.d,,Find by MRM,,
169,DGJZT_CGC_91_1,,,355.1,,,,,100,,,,13.331,,,14664,0.304,100258,,,,,Acq,,,,,,,,,,,,,,,30,,0225-DGJZT-DMRM-POS.d,,Find by MRM,,
170,DGJZT_CGC_93_3,,,327.1,,,,,100,,,,13.323,,,146,0.384,1013,,,,,Acq,,,,,,,,,,,,,,,30,,0225-DGJZT-DMRM-POS.d,,Find by MRM,,
171,DGJZT_CGC_92_2,,,383.2,,,,,100,,,,13.336,,,543,0.349,4072,,,,,Acq,,,,,,,,,,,,,,,30,,0225-DGJZT-DMRM-POS.d,,Find by MRM,,
172,DGJZT_CGC_92_1,,,383.2,,,,,100,,,,13.337,,,526,0.373,3844,,,,,Acq,,,,,,,,,,,,,,,30,,0225-DGJZT-DMRM-POS.d,,Find by MRM,,
173,DGJZT_CGC_93_2,,,327.1,,,,,100,,,,13.332,,,71,0.267,528,,,,,Acq,,,,,,,,,,,,,,,30,,0225-DGJZT-DMRM-POS.d,,Find by MRM,,
174,DGJZT_CGC_97_2,,,337.1,,,,,100,,,,13.772,,,2179,0.378,15302,,,,,Acq,,,,,,,,,,,,,,,30,,0225-DGJZT-DMRM-POS.d,,Find by MRM,,
175,DGJZT_CGC_97_1,,,337.1,,,,,100,,,,13.773,,,1861,0.387,13079,,,,,Acq,,,,,,,,,,,,,,,30,,0225-DGJZT-DMRM-POS.d,,Find by MRM,,
176,DGJZT_CGC_98_3,,,317.1,,,,,100,,,,13.773,,,1417,0.36,10009,,,,,Acq,,,,,,,,,,,,,,,30,,0225-DGJZT-DMRM-POS.d,,Find by MRM,,
177,DGJZT_CGC_98_1,,,317.1,,,,,100,,,,13.774,,,2010,0.393,14143,,,,,Acq,,,,,,,,,,,,,,,30,,0225-DGJZT-DMRM-POS.d,,Find by MRM,,
178,DGJZT_CGC_98_2,,,317.1,,,,,100,,,,13.782,,,404,0.283,2607,,,,,Acq,,,,,,,,,,,,,,,30,,0225-DGJZT-DMRM-POS.d,,Find by MRM,,
179,DGJZT_CGC_97_3,,,337.1,,,,,100,,,,13.755,,,127,0.252,836,,,,,Acq,,,,,,,,,,,,,,,30,,0225-DGJZT-DMRM-POS.d,,Find by MRM,,
180,DGJZT_DG_41_1,,,189.1,,,,,100,,,,13.834,,,7863,0.161,40513,,,,,Acq,,,,,,,,,,,,,,,30,,0225-DGJZT-DMRM-POS.d,,Find by MRM,,
181,DGJZT_DG_41_2,,,189.1,,,,,100,,,,13.843,,,2585,0.154,13942,,,,,Acq,,,,,,,,,,,,,,,30,,0225-DGJZT-DMRM-POS.d,,Find by MRM,,
182,DGJZT_DG_41_3,,,189.1,,,,,100,,,,13.843,,,2117,0.181,12382,,,,,Acq,,,,,,,,,,,,,,,30,,0225-DGJZT-DMRM-POS.d,,Find by MRM,,
183,DGJZT_SJ_13_3,,,177.1,,,,,100,,,,13.886,,,769,0.369,5260,,,,,Acq,,,,,,,,,,,,,,,30,,0225-DGJZT-DMRM-POS.d,,Find by MRM,,
184,DGJZT_SJ_13_2,,,177.1,,,,,100,,,,13.894,,,5560,0.382,39102,,,,,Acq,,,,,,,,,,,,,,,30,,0225-DGJZT-DMRM-POS.d,,Find by MRM,,
185,DGJZT_SJ_13_1,,,177.1,,,,,100,,,,13.903,,,5072,0.471,42044,,,,,Acq,,,,,,,,,,,,,,,30,,0225-DGJZT-DMRM-POS.d,,Find by MRM,,
186,DGJZT_CGC_100_2,,,383.1,,,,,100,,,,13.98,,,4092,0.38,26327,,,,,Acq,,,,,,,,,,,,,,,30,,0225-DGJZT-DMRM-POS.d,,Find by MRM,,
187,DGJZT_CGC_100_1,,,383.1,,,,,100,,,,13.972,,,334,0.31,2027,,,,,Acq,,,,,,,,,,,,,,,30,,0225-DGJZT-DMRM-POS.d,,Find by MRM,,
188,DGJZT_DG_47_3,,,191.1,,,,,100,,,,13.984,,,43393,0.352,321705,,,,,Acq,,,,,,,,,,,,,,,30,,0225-DGJZT-DMRM-POS.d,,Find by MRM,,
189,DGJZT_DG_47_1,,,191.1,,,,,100,,,,13.984,,,84011,0.364,611749,,,,,Acq,,,,,,,,,,,,,,,30,,0225-DGJZT-DMRM-POS.d,,Find by MRM,,
190,DGJZT_DG_47_2,,,191.1,,,,,100,,,,13.985,,,75443,0.352,556738,,,,,Acq,,,,,,,,,,,,,,,30,,0225-DGJZT-DMRM-POS.d,,Find by MRM,,
191,DGJZT_DG_45_3,,,145.1,,,,,100,,,,13.979,,,1303,0.261,9513,,,,,Acq,,,,,,,,,,,,,,,30,,0225-DGJZT-DMRM-POS.d,,Find by MRM,,
192,DGJZT_DG_45_1,,,145.1,,,,,100,,,,13.979,,,4911,0.394,36560,,,,,Acq,,,,,,,,,,,,,,,30,,0225-DGJZT-DMRM-POS.d,,Find by MRM,,
193,DGJZT_DG_45_2,,,145.1,,,,,100,,,,13.988,,,2444,0.281,16986,,,,,Acq,,,,,,,,,,,,,,,30,,0225-DGJZT-DMRM-POS.d,,Find by MRM,,
194,DGJZT_CGC_100_3,,,383.1,,,,,100,,,,13.981,,,520,0.333,3579,,,,,Acq,,,,,,,,,,,,,,,30,,0225-DGJZT-DMRM-POS.d,,Find by MRM,,
195,DGJZT_CGC_101_2,,,371.2,,,,,100,,,,14.21,,,6708,0.41,44889,,,,,Acq,,,,,,,,,,,,,,,30,,0225-DGJZT-DMRM-POS.d,,Find by MRM,,
196,DGJZT_CGC_101_3,,,371.2,,,,,100,,,,14.194,,,210,0.436,1699,,,,,Acq,,,,,,,,,,,,,,,30,,0225-DGJZT-DMRM-POS.d,,Find by MRM,,
197,DGJZT_CGC_103_1,,,425.2,,,,,100,,,,14.248,,,1754,0.409,12355,,,,,Acq,,,,,,,,,,,,,,,30,,0225-DGJZT-DMRM-POS.d,,Find by MRM,,
198,DGJZT_CGC_103_2,,,425.2,,,,,100,,,,14.24,,,4430,0.401,28910,,,,,Acq,,,,,,,,,,,,,,,30,,0225-DGJZT-DMRM-POS.d,,Find by MRM,,
199,DGJZT_CGC_103_3,,,425.2,,,,,100,,,,14.241,,,2055,0.235,13350,,,,,Acq,,,,,,,,,,,,,,,30,,0225-DGJZT-DMRM-POS.d,,Find by MRM,,
200,DGJZT_CGC_101_1,,,371.2,,,,,100,,,,14.203,,,5878,0.47,47481,,,,,Acq,,,,,,,,,,,,,,,30,,0225-DGJZT-DMRM-POS.d,,Find by MRM,,
201,DGJZT_SJ_14_1,,,404.2,,,,,100,,,,14.267,,,7577,0.298,50341,,,,,Acq,,,,,,,,,,,,,,,30,,0225-DGJZT-DMRM-POS.d,,Find by MRM,,
202,DGJZT_SJ_14_3,,,404.2,,,,,100,,,,14.544,,,60,0.041,987,,,,,Acq,,,,,,,,,,,,,,,30,,0225-DGJZT-DMRM-POS.d,,Find by MRM,,
203,DGJZT_SJ_14_2,,,404.2,,,,,100,,,,14.268,,,6647,0.293,44167,,,,,Acq,,,,,,,,,,,,,,,30,,0225-DGJZT-DMRM-POS.d,,Find by MRM,,
204,DGJZT_CGC_106_2,,,423.2,,,,,100,,,,14.484,,,9527,0.361,71075,,,,,Acq,,,,,,,,,,,,,,,30,,0225-DGJZT-DMRM-POS.d,,Find by MRM,,
205,DGJZT_CGC_106_1,,,423.2,,,,,100,,,,14.609,,,63,0.275,636,,,,,Acq,,,,,,,,,,,,,,,30,,0225-DGJZT-DMRM-POS.d,,Find by MRM,,
206,DGJZT_DG_49_3,,,191.1,,,,,100,,,,14.638,,,748,0.257,4778,,,,,Acq,,,,,,,,,,,,,,,30,,0225-DGJZT-DMRM-POS.d,,Find by MRM,,
207,DGJZT_DG_49_1,,,191.1,,,,,100,,,,14.638,,,2105,0.368,15877,,,,,Acq,,,,,,,,,,,,,,,30,,0225-DGJZT-DMRM-POS.d,,Find by MRM,,
208,DGJZT_DG_49_2,,,191.1,,,,,100,,,,14.631,,,1277,0.174,6690,,,,,Acq,,,,,,,,,,,,,,,30,,0225-DGJZT-DMRM-POS.d,,Find by MRM,,
209,DGJZT_GZ_24_1,,,279.1,,,,,100,,,,14.712,,,2135,0.412,15435,,,,,Acq,,,,,,,,,,,,,,,30,,0225-DGJZT-DMRM-POS.d,,Find by MRM,,
210,DGJZT_GZ_24_3,,,279.1,,,,,100,,,,14.704,,,518,0.385,3911,,,,,Acq,,,,,,,,,,,,,,,30,,0225-DGJZT-DMRM-POS.d,,Find by MRM,,
211,DGJZT_CGC_106_3,,,423.2,,,,,100,,,,14.742,,,596,0.216,3837,,,,,Acq,,,,,,,,,,,,,,,30,,0225-DGJZT-DMRM-POS.d,,Find by MRM,,
212,DGJZT_GZ_24_2,,,279.1,,,,,100,,,,14.721,,,4687,0.313,32112,,,,,Acq,,,,,,,,,,,,,,,30,,0225-DGJZT-DMRM-POS.d,,Find by MRM,,
213,DGJZT_GZ_25_2,,,309.2,,,,,100,,,,14.786,,,522,0.363,3929,,,,,Acq,,,,,,,,,,,,,,,30,,0225-DGJZT-DMRM-POS.d,,Find by MRM,,
214,DGJZT_GZ_25_3,,,309.2,,,,,100,,,,14.778,,,53,0.175,239,,,,,Acq,,,,,,,,,,,,,,,30,,0225-DGJZT-DMRM-POS.d,,Find by MRM,,
215,DGJZT_GZ_25_1,,,309.2,,,,,100,,,,14.787,,,4539,0.38,32585,,,,,Acq,,,,,,,,,,,,,,,30,,0225-DGJZT-DMRM-POS.d,,Find by MRM,,
216,DGJZT_SJ_16_3,,,177.1,,,,,100,,,,14.799,,,189,0.299,1229,,,,,Acq,,,,,,,,,,,,,,,30,,0225-DGJZT-DMRM-POS.d,,Find by MRM,,
217,DGJZT_SJ_16_2,,,177.1,,,,,100,,,,14.791,,,1207,0.306,7300,,,,,Acq,,,,,,,,,,,,,,,30,,0225-DGJZT-DMRM-POS.d,,Find by MRM,,
218,DGJZT_SJ_16_1,,,177.1,,,,,100,,,,14.783,,,1423,0.3,9159,,,,,Acq,,,,,,,,,,,,,,,30,,0225-DGJZT-DMRM-POS.d,,Find by MRM,,
219,DGJZT_DG_50_2,,,412.3,,,,,100,,,,15.08,,,214,0.317,2000,,,,,Acq,,,,,,,,,,,,,,,30,,0225-DGJZT-DMRM-POS.d,,Find by MRM,,
220,DGJZT_DG_50_1,,,412.3,,,,,100,,,,15.07,,,18171,0.473,201844,,,,,Acq,,,,,,,,,,,,,,,30,,0225-DGJZT-DMRM-POS.d,,Find by MRM,,
221,DGJZT_DG_50_3,,,412.3,,,,,100,,,,15.053,,,835,0.462,10127,,,,,Acq,,,,,,,,,,,,,,,30,,0225-DGJZT-DMRM-POS.d,,Find by MRM,,
222,DGJZT_DG_52_3,,,381.2,,,,,100,,,,15.065,,,17189,0.473,198188,,,,,Acq,,,,,,,,,,,,,,,30,,0225-DGJZT-DMRM-POS.d,,Find by MRM,,
223,DGJZT_DG_58_1,,,412.2,,,,,100,,,,15.072,,,17647,0.465,187999,,,,,Acq,,,,,,,,,,,,,,,30,,0225-DGJZT-DMRM-POS.d,,Find by MRM,,
224,DGJZT_DG_58_3,,,412.2,,,,,100,,,,15.063,,,1329,0.424,13577,,,,,Acq,,,,,,,,,,,,,,,30,,0225-DGJZT-DMRM-POS.d,,Find by MRM,,
225,DGJZT_DG_55_2,,,363.2,,,,,100,,,,14.964,,,52,0.288,425,,,,,Acq,,,,,,,,,,,,,,,30,,0225-DGJZT-DMRM-POS.d,,Find by MRM,,
226,DGJZT_DG_59_3,,,191.1,,,,,100,,,,15.067,,,2402,0.472,24344,,,,,Acq,,,,,,,,,,,,,,,30,,0225-DGJZT-DMRM-POS.d,,Find by MRM,,
227,DGJZT_DG_59_1,,,191.1,,,,,100,,,,15.058,,,7801,0.508,82483,,,,,Acq,,,,,,,,,,,,,,,30,,0225-DGJZT-DMRM-POS.d,,Find by MRM,,
228,DGJZT_DG_59_2,,,191.1,,,,,100,,,,15.067,,,6214,0.528,75138,,,,,Acq,,,,,,,,,,,,,,,30,,0225-DGJZT-DMRM-POS.d,,Find by MRM,,
229,DGJZT_DG_58_2,,,412.2,,,,,100,,,,15.055,,,343,0.429,3901,,,,,Acq,,,,,,,,,,,,,,,30,,0225-DGJZT-DMRM-POS.d,,Find by MRM,,
230,DGJZT_DG_52_1,,,381.2,,,,,100,,,,15.116,,,125606,0.466,1349005,,,,,Acq,,,,,,,,,,,,,,,30,,0225-DGJZT-DMRM-POS.d,,Find by MRM,,
231,DGJZT_DG_52_2,,,381.2,,,,,100,,,,15.117,,,5418,0.386,60157,,,,,Acq,,,,,,,,,,,,,,,30,,0225-DGJZT-DMRM-POS.d,,Find by MRM,,
232,DGJZT_GZ_27_1,,,448.3,,,,,100,,,,15.127,,,57412,0.41,396657,,,,,Acq,,,,,,,,,,,,,,,30,,0225-DGJZT-DMRM-POS.d,,Find by MRM,,
233,DGJZT_GZ_27_2,,,448.3,,,,,100,,,,15.127,,,2515,0.417,17435,,,,,Acq,,,,,,,,,,,,,,,30,,0225-DGJZT-DMRM-POS.d,,Find by MRM,,
234,DGJZT_DG_61_1,,,381.2,,,,,100,,,,15.123,,,121070,0.367,1190373,,,,,Acq,,,,,,,,,,,,,,,30,,0225-DGJZT-DMRM-POS.d,,Find by MRM,,
235,DGJZT_DG_61_3,,,381.2,,,,,100,,,,15.123,,,20504,0.341,158031,,,,,Acq,,,,,,,,,,,,,,,30,,0225-DGJZT-DMRM-POS.d,,Find by MRM,,
236,DGJZT_DG_61_2,,,381.2,,,,,100,,,,15.132,,,25819,0.375,185625,,,,,Acq,,,,,,,,,,,,,,,30,,0225-DGJZT-DMRM-POS.d,,Find by MRM,,
237,DGJZT_SJ_17_1,,,432.3,,,,,100,,,,15.212,,,2505,0.384,18254,,,,,Acq,,,,,,,,,,,,,,,30,,0225-DGJZT-DMRM-POS.d,,Find by MRM,,
238,DGJZT_SJ_17_3,,,432.3,,,,,100,,,,15.204,,,715,0.358,6536,,,,,Acq,,,,,,,,,,,,,,,30,,0225-DGJZT-DMRM-POS.d,,Find by MRM,,
239,DGJZT_SJ_17_2,,,432.3,,,,,100,,,,15.204,,,2900,0.397,21446,,,,,Acq,,,,,,,,,,,,,,,30,,0225-DGJZT-DMRM-POS.d,,Find by MRM,,

