﻿#化合物列表: 526 found
#
Cpd,Name,Formula,Purity Result,Precursor,Mass,Diff (ppm),Score (Tgt),Flags (Tgt),Score,Std Dev,Relative Mass Difference (MFG),Base Peak,RT,RT Diff,Target Retention Time Difference,Height,Width,Area,Volume,Vol %,Ions,Saturated,ID Source,Score (MFG),Score (DB),Hit Count,Tgt MFG Hit,FV,Purity Value,Purity Comments,ADC% Area,EIC/TIC% Area,TIC% Area,UVA% Area,Score (Lib),CAS ID,Relative Reference Mass difference,CE,MS/MS Count,File,Notes,Algorithm,Lib/DB
1,DGJZT_SJ_1_3,,,308.1,,,,,100,,,,1.024,,,452,0.284,3174,,,,,Acq,,,,,,,,,,,,,,,30,,0225-DGJZT-GZ-YIN-DMRM-NEG.d,,Find by MRM,,
2,DGJZT_SJ_1_1,,,308.1,,,,,100,,,,1.017,,,430,0.133,1950,,,,,Acq,,,,,,,,,,,,,,,30,,0225-DGJZT-GZ-YIN-DMRM-NEG.d,,Find by MRM,,
3,DGJZT_SJ_1_2,,,308.1,,,,,100,,,,1.026,,,247,0.175,1292,,,,,Acq,,,,,,,,,,,,,,,30,,0225-DGJZT-GZ-YIN-DMRM-NEG.d,,Find by MRM,,
4,DGJZT_DZ_4_3,,,618.2,,,,,100,,,,1.036,,,3267,0.28,29824,,,,,Acq,,,,,,,,,,,,,,,30,,0225-DGJZT-GZ-YIN-DMRM-NEG.d,,Find by MRM,,
5,DGJZT_DZ_4_1,,,618.2,,,,,100,,,,1.037,,,4719,0.25,32018,,,,,Acq,,,,,,,,,,,,,,,30,,0225-DGJZT-GZ-YIN-DMRM-NEG.d,,Find by MRM,,
6,DGJZT_DZ_4_2,,,618.2,,,,,100,,,,1.038,,,1572,0.275,14695,,,,,Acq,,,,,,,,,,,,,,,30,,0225-DGJZT-GZ-YIN-DMRM-NEG.d,,Find by MRM,,
7,DGJZT_DZ_6_1,,,353.1,,,,,100,,,,1.141,,,987,0.335,13863,,,,,Acq,,,,,,,,,,,,,,,30,,0225-DGJZT-GZ-YIN-DMRM-NEG.d,,Find by MRM,,
8,DGJZT_DZ_6_3,,,353.1,,,,,100,,,,1.133,,,518,0.3,5256,,,,,Acq,,,,,,,,,,,,,,,30,,0225-DGJZT-GZ-YIN-DMRM-NEG.d,,Find by MRM,,
9,DGJZT_DG_6_1,,,470.2,,,,,100,,,,1.131,,,3884,0.407,50561,,,,,Acq,,,,,,,,,,,,,,,30,,0225-DGJZT-GZ-YIN-DMRM-NEG.d,,Find by MRM,,
10,DGJZT_DZ_9_1,,,618.2,,,,,100,,,,1.035,,,6660,0.275,54235,,,,,Acq,,,,,,,,,,,,,,,30,,0225-DGJZT-GZ-YIN-DMRM-NEG.d,,Find by MRM,,
11,DGJZT_DZ_9_2,,,618.2,,,,,100,,,,1.027,,,1104,0.254,8136,,,,,Acq,,,,,,,,,,,,,,,30,,0225-DGJZT-GZ-YIN-DMRM-NEG.d,,Find by MRM,,
12,DGJZT_DG_9_3,,,387.1,,,,,100,,,,1.006,,,383,0.101,1137,,,,,Acq,,,,,,,,,,,,,,,30,,0225-DGJZT-GZ-YIN-DMRM-NEG.d,,Find by MRM,,
13,DGJZT_DZ_9_3,,,618.2,,,,,100,,,,1.336,,,546,0.248,6758,,,,,Acq,,,,,,,,,,,,,,,30,,0225-DGJZT-GZ-YIN-DMRM-NEG.d,,Find by MRM,,
14,DGJZT_DG_10_1,,,527.1,,,,,100,,,,1.222,,,691,0.447,7638,,,,,Acq,,,,,,,,,,,,,,,30,,0225-DGJZT-GZ-YIN-DMRM-NEG.d,,Find by MRM,,
15,DGJZT_DG_9_2,,,387.1,,,,,100,,,,1.423,,,733,0.313,10253,,,,,Acq,,,,,,,,,,,,,,,30,,0225-DGJZT-GZ-YIN-DMRM-NEG.d,,Find by MRM,,
16,DGJZT_DG_9_1,,,387.1,,,,,100,,,,1.441,,,343,0.357,4994,,,,,Acq,,,,,,,,,,,,,,,30,,0225-DGJZT-GZ-YIN-DMRM-NEG.d,,Find by MRM,,
17,DGJZT_DZ_10_2,,,353.1,,,,,100,,,,1.517,,,1226,0.259,8031,,,,,Acq,,,,,,,,,,,,,,,30,,0225-DGJZT-GZ-YIN-DMRM-NEG.d,,Find by MRM,,
18,DGJZT_DZ_10_1,,,353.1,,,,,100,,,,1.518,,,897,0.279,5242,,,,,Acq,,,,,,,,,,,,,,,30,,0225-DGJZT-GZ-YIN-DMRM-NEG.d,,Find by MRM,,
19,DGJZT_DG_16_1,,,470.2,,,,,100,,,,1.613,,,1755,0.341,13949,,,,,Acq,,,,,,,,,,,,,,,30,,0225-DGJZT-GZ-YIN-DMRM-NEG.d,,Find by MRM,,
20,DGJZT_DG_17_2,,,372.1,,,,,100,,,,1.616,,,159,0.288,882,,,,,Acq,,,,,,,,,,,,,,,30,,0225-DGJZT-GZ-YIN-DMRM-NEG.d,,Find by MRM,,
21,DGJZT_DG_17_1,,,372.1,,,,,100,,,,1.608,,,111,0.325,726,,,,,Acq,,,,,,,,,,,,,,,30,,0225-DGJZT-GZ-YIN-DMRM-NEG.d,,Find by MRM,,
22,DGJZT_BS_3_1,,,343.1,,,,,100,,,,1.668,,,96,0.276,756,,,,,Acq,,,,,,,,,,,,,,,30,,0225-DGJZT-GZ-YIN-DMRM-NEG.d,,Find by MRM,,
23,DGJZT_BS_5_1,,,331.1,,,,,100,,,,1.785,,,38,0.23,166,,,,,Acq,,,,,,,,,,,,,,,30,,0225-DGJZT-GZ-YIN-DMRM-NEG.d,,Find by MRM,,
24,DGJZT_DG_25_1,,,527.1,,,,,100,,,,1.863,,,1176,0.395,11730,,,,,Acq,,,,,,,,,,,,,,,30,,0225-DGJZT-GZ-YIN-DMRM-NEG.d,,Find by MRM,,
25,DGJZT_BS_5_3,,,331.1,,,,,100,,,,2.036,,,417,0.385,4496,,,,,Acq,,,,,,,,,,,,,,,30,,0225-DGJZT-GZ-YIN-DMRM-NEG.d,,Find by MRM,,
26,DGJZT_BS_5_2,,,331.1,,,,,100,,,,2.019,,,417,0.349,4967,,,,,Acq,,,,,,,,,,,,,,,30,,0225-DGJZT-GZ-YIN-DMRM-NEG.d,,Find by MRM,,
27,DGJZT_DG_26_1,,,497.1,,,,,100,,,,1.94,,,378,0.356,4327,,,,,Acq,,,,,,,,,,,,,,,30,,0225-DGJZT-GZ-YIN-DMRM-NEG.d,,Find by MRM,,
28,DGJZT_DG_26_3,,,497.1,,,,,100,,,,1.948,,,155,0.336,1396,,,,,Acq,,,,,,,,,,,,,,,30,,0225-DGJZT-GZ-YIN-DMRM-NEG.d,,Find by MRM,,
29,DGJZT_BS_6_2,,,331.1,,,,,100,,,,2.037,,,499,0.387,4323,,,,,Acq,,,,,,,,,,,,,,,30,,0225-DGJZT-GZ-YIN-DMRM-NEG.d,,Find by MRM,,
30,DGJZT_BS_6_1,,,331.1,,,,,100,,,,2.029,,,470,0.481,5648,,,,,Acq,,,,,,,,,,,,,,,30,,0225-DGJZT-GZ-YIN-DMRM-NEG.d,,Find by MRM,,
31,DGJZT_BS_6_3,,,331.1,,,,,100,,,,2.046,,,43,0.137,199,,,,,Acq,,,,,,,,,,,,,,,30,,0225-DGJZT-GZ-YIN-DMRM-NEG.d,,Find by MRM,,
32,DGJZT_BS_8_2,,,567.2,,,,,100,,,,2.038,,,64,0.393,648,,,,,Acq,,,,,,,,,,,,,,,30,,0225-DGJZT-GZ-YIN-DMRM-NEG.d,,Find by MRM,,
33,DGJZT_BS_9_3,,,421.1,,,,,100,,,,2.041,,,103,0.256,794,,,,,Acq,,,,,,,,,,,,,,,30,,0225-DGJZT-GZ-YIN-DMRM-NEG.d,,Find by MRM,,
34,DGJZT_DG_29_3,,,341.1,,,,,100,,,,1.934,,,170,0.442,3023,,,,,Acq,,,,,,,,,,,,,,,30,,0225-DGJZT-GZ-YIN-DMRM-NEG.d,,Find by MRM,,
35,DGJZT_DG_29_1,,,341.1,,,,,100,,,,2.102,,,138,0.22,1160,,,,,Acq,,,,,,,,,,,,,,,30,,0225-DGJZT-GZ-YIN-DMRM-NEG.d,,Find by MRM,,
36,DGJZT_DG_29_2,,,341.1,,,,,100,,,,2.042,,,181,0.393,2567,,,,,Acq,,,,,,,,,,,,,,,30,,0225-DGJZT-GZ-YIN-DMRM-NEG.d,,Find by MRM,,
37,DGJZT_BS_13_1,,,529.2,,,,,100,,,,2.248,,,995,0.493,8985,,,,,Acq,,,,,,,,,,,,,,,30,,0225-DGJZT-GZ-YIN-DMRM-NEG.d,,Find by MRM,,
38,DGJZT_BS_16_1,,,493.1,,,,,100,,,,2.349,,,2544,0.426,25270,,,,,Acq,,,,,,,,,,,,,,,30,,0225-DGJZT-GZ-YIN-DMRM-NEG.d,,Find by MRM,,
39,DGJZT_BS_16_2,,,493.1,,,,,100,,,,2.349,,,269,0.348,2554,,,,,Acq,,,,,,,,,,,,,,,30,,0225-DGJZT-GZ-YIN-DMRM-NEG.d,,Find by MRM,,
40,DGJZT_BS_16_3,,,493.1,,,,,100,,,,2.368,,,81,0.403,765,,,,,Acq,,,,,,,,,,,,,,,30,,0225-DGJZT-GZ-YIN-DMRM-NEG.d,,Find by MRM,,
41,DGJZT_BS_14_1,,,169,,,,,100,,,,2.347,,,5980,0.474,64550,,,,,Acq,,,,,,,,,,,,,,,30,,0225-DGJZT-GZ-YIN-DMRM-NEG.d,,Find by MRM,,
42,DGJZT_BS_14_2,,,169,,,,,100,,,,2.339,,,3899,0.477,41554,,,,,Acq,,,,,,,,,,,,,,,30,,0225-DGJZT-GZ-YIN-DMRM-NEG.d,,Find by MRM,,
43,DGJZT_BS_17_1,,,331.1,,,,,100,,,,2.402,,,683,0.364,6192,,,,,Acq,,,,,,,,,,,,,,,30,,0225-DGJZT-GZ-YIN-DMRM-NEG.d,,Find by MRM,,
44,DGJZT_BS_17_2,,,331.1,,,,,100,,,,2.403,,,459,0.364,4491,,,,,Acq,,,,,,,,,,,,,,,30,,0225-DGJZT-GZ-YIN-DMRM-NEG.d,,Find by MRM,,
45,DGJZT_BS_17_3,,,331.1,,,,,100,,,,2.396,,,121,0.364,1335,,,,,Acq,,,,,,,,,,,,,,,30,,0225-DGJZT-GZ-YIN-DMRM-NEG.d,,Find by MRM,,
46,DGJZT_BS_18_1,,,526.2,,,,,100,,,,2.632,,,251,0.362,1926,,,,,Acq,,,,,,,,,,,,,,,30,,0225-DGJZT-GZ-YIN-DMRM-NEG.d,,Find by MRM,,
47,DGJZT_DG_33_3,,,423.1,,,,,100,,,,2.71,,,182,0.362,1500,,,,,Acq,,,,,,,,,,,,,,,30,,0225-DGJZT-GZ-YIN-DMRM-NEG.d,,Find by MRM,,
48,DGJZT_DG_33_2,,,423.1,,,,,100,,,,2.694,,,183,0.455,1683,,,,,Acq,,,,,,,,,,,,,,,30,,0225-DGJZT-GZ-YIN-DMRM-NEG.d,,Find by MRM,,
49,DGJZT_DG_33_1,,,423.1,,,,,100,,,,2.704,,,122,0.457,1196,,,,,Acq,,,,,,,,,,,,,,,30,,0225-DGJZT-GZ-YIN-DMRM-NEG.d,,Find by MRM,,
50,DGJZT_BS_20_1,,,403.1,,,,,100,,,,2.795,,,99,0.382,940,,,,,Acq,,,,,,,,,,,,,,,30,,0225-DGJZT-GZ-YIN-DMRM-NEG.d,,Find by MRM,,
51,DGJZT_BS_20_2,,,403.1,,,,,100,,,,2.82,,,130,0.199,695,,,,,Acq,,,,,,,,,,,,,,,30,,0225-DGJZT-GZ-YIN-DMRM-NEG.d,,Find by MRM,,
52,DGJZT_BS_22_1,,,527.1,,,,,100,,,,2.9,,,254,0.39,2162,,,,,Acq,,,,,,,,,,,,,,,30,,0225-DGJZT-GZ-YIN-DMRM-NEG.d,,Find by MRM,,
53,DGJZT_DZ_18_2,,,240.1,,,,,100,,,,2.965,,,325,0.468,3452,,,,,Acq,,,,,,,,,,,,,,,30,,0225-DGJZT-GZ-YIN-DMRM-NEG.d,,Find by MRM,,
54,DGJZT_BS_23_2,,,315.1,,,,,100,,,,3.004,,,369,0.276,2960,,,,,Acq,,,,,,,,,,,,,,,30,,0225-DGJZT-GZ-YIN-DMRM-NEG.d,,Find by MRM,,
55,DGJZT_BS_23_1,,,315.1,,,,,100,,,,3.013,,,403,0.323,3287,,,,,Acq,,,,,,,,,,,,,,,30,,0225-DGJZT-GZ-YIN-DMRM-NEG.d,,Find by MRM,,
56,DGJZT_DZ_19_2,,,297.1,,,,,100,,,,3.022,,,284,0.299,2112,,,,,Acq,,,,,,,,,,,,,,,30,,0225-DGJZT-GZ-YIN-DMRM-NEG.d,,Find by MRM,,
57,DGJZT_DZ_19_1,,,297.1,,,,,100,,,,3.031,,,184,0.266,1366,,,,,Acq,,,,,,,,,,,,,,,30,,0225-DGJZT-GZ-YIN-DMRM-NEG.d,,Find by MRM,,
58,DGJZT_DZ_21_1,,,221.1,,,,,100,,,,3.192,,,109,0.379,837,,,,,Acq,,,,,,,,,,,,,,,30,,0225-DGJZT-GZ-YIN-DMRM-NEG.d,,Find by MRM,,
59,DGJZT_BS_26_3,,,389.1,,,,,100,,,,3.228,,,123,0.257,845,,,,,Acq,,,,,,,,,,,,,,,30,,0225-DGJZT-GZ-YIN-DMRM-NEG.d,,Find by MRM,,
60,DGJZT_BS_25_2,,,527.1,,,,,100,,,,3.244,,,449,0.281,3443,,,,,Acq,,,,,,,,,,,,,,,30,,0225-DGJZT-GZ-YIN-DMRM-NEG.d,,Find by MRM,,
61,DGJZT_BS_25_1,,,527.1,,,,,100,,,,3.219,,,117,0.247,887,,,,,Acq,,,,,,,,,,,,,,,30,,0225-DGJZT-GZ-YIN-DMRM-NEG.d,,Find by MRM,,
62,DGJZT_BS_26_2,,,389.1,,,,,100,,,,3.246,,,348,0.351,2656,,,,,Acq,,,,,,,,,,,,,,,30,,0225-DGJZT-GZ-YIN-DMRM-NEG.d,,Find by MRM,,
63,DGJZT_BS_27_1,,,633.1,,,,,100,,,,3.344,,,1160,0.47,10877,,,,,Acq,,,,,,,,,,,,,,,30,,0225-DGJZT-GZ-YIN-DMRM-NEG.d,,Find by MRM,,
64,DGJZT_BS_26_1,,,389.1,,,,,100,,,,3.246,,,402,0.436,3308,,,,,Acq,,,,,,,,,,,,,,,30,,0225-DGJZT-GZ-YIN-DMRM-NEG.d,,Find by MRM,,
65,DGJZT_DG_36_2,,,353.1,,,,,100,,,,3.315,,,650,0.424,5962,,,,,Acq,,,,,,,,,,,,,,,30,,0225-DGJZT-GZ-YIN-DMRM-NEG.d,,Find by MRM,,
66,DGJZT_DG_36_1,,,353.1,,,,,100,,,,3.307,,,524,0.423,4848,,,,,Acq,,,,,,,,,,,,,,,30,,0225-DGJZT-GZ-YIN-DMRM-NEG.d,,Find by MRM,,
67,DGJZT_DG_36_3,,,353.1,,,,,100,,,,3.307,,,276,0.367,2530,,,,,Acq,,,,,,,,,,,,,,,30,,0225-DGJZT-GZ-YIN-DMRM-NEG.d,,Find by MRM,,
68,DGJZT_BS_28_3,,,287.1,,,,,100,,,,3.408,,,1041,0.41,8901,,,,,Acq,,,,,,,,,,,,,,,30,,0225-DGJZT-GZ-YIN-DMRM-NEG.d,,Find by MRM,,
69,DGJZT_BS_28_1,,,287.1,,,,,100,,,,3.409,,,710,0.375,6238,,,,,Acq,,,,,,,,,,,,,,,30,,0225-DGJZT-GZ-YIN-DMRM-NEG.d,,Find by MRM,,
70,DGJZT_BS_28_2,,,287.1,,,,,100,,,,3.418,,,222,0.37,2131,,,,,Acq,,,,,,,,,,,,,,,30,,0225-DGJZT-GZ-YIN-DMRM-NEG.d,,Find by MRM,,
71,DGJZT_DG_39_2,,,658.2,,,,,100,,,,3.427,,,293,0.358,2466,,,,,Acq,,,,,,,,,,,,,,,30,,0225-DGJZT-GZ-YIN-DMRM-NEG.d,,Find by MRM,,
72,DGJZT_DG_39_1,,,658.2,,,,,100,,,,3.461,,,308,0.397,2924,,,,,Acq,,,,,,,,,,,,,,,30,,0225-DGJZT-GZ-YIN-DMRM-NEG.d,,Find by MRM,,
73,DGJZT_BS_29_1,,,451.1,,,,,100,,,,3.498,,,430,0.46,4508,,,,,Acq,,,,,,,,,,,,,,,30,,0225-DGJZT-GZ-YIN-DMRM-NEG.d,,Find by MRM,,
74,DGJZT_BS_37_1,,,483.1,,,,,100,,,,3.69,,,240,0.321,2353,,,,,Acq,,,,,,,,,,,,,,,30,,0225-DGJZT-GZ-YIN-DMRM-NEG.d,,Find by MRM,,
75,DGJZT_BS_37_3,,,483.1,,,,,100,,,,3.681,,,342,0.426,3201,,,,,Acq,,,,,,,,,,,,,,,30,,0225-DGJZT-GZ-YIN-DMRM-NEG.d,,Find by MRM,,
76,DGJZT_DG_41_2,,,355.1,,,,,100,,,,3.684,,,417,0.377,3124,,,,,Acq,,,,,,,,,,,,,,,30,,0225-DGJZT-GZ-YIN-DMRM-NEG.d,,Find by MRM,,
77,DGJZT_DG_41_3,,,355.1,,,,,100,,,,3.675,,,296,0.4,2500,,,,,Acq,,,,,,,,,,,,,,,30,,0225-DGJZT-GZ-YIN-DMRM-NEG.d,,Find by MRM,,
78,DGJZT_DG_41_1,,,355.1,,,,,100,,,,3.693,,,1481,0.429,11987,,,,,Acq,,,,,,,,,,,,,,,30,,0225-DGJZT-GZ-YIN-DMRM-NEG.d,,Find by MRM,,
79,DGJZT_DG_42_3,,,491.1,,,,,100,,,,3.797,,,558,0.411,8160,,,,,Acq,,,,,,,,,,,,,,,30,,0225-DGJZT-GZ-YIN-DMRM-NEG.d,,Find by MRM,,
80,DGJZT_DG_42_1,,,491.1,,,,,100,,,,3.739,,,113,0.322,1128,,,,,Acq,,,,,,,,,,,,,,,30,,0225-DGJZT-GZ-YIN-DMRM-NEG.d,,Find by MRM,,
81,DGJZT_BS_40_2,,,391.2,,,,,100,,,,3.784,,,224,0.336,1746,,,,,Acq,,,,,,,,,,,,,,,30,,0225-DGJZT-GZ-YIN-DMRM-NEG.d,,Find by MRM,,
82,DGJZT_BS_40_3,,,391.2,,,,,100,,,,3.775,,,246,0.422,1799,,,,,Acq,,,,,,,,,,,,,,,30,,0225-DGJZT-GZ-YIN-DMRM-NEG.d,,Find by MRM,,
83,DGJZT_GZ_4_1,,,349.1,,,,,100,,,,3.828,,,4,0.143,11,,,,,Acq,,,,,,,,,,,,,,,30,,0225-DGJZT-GZ-YIN-DMRM-NEG.d,,Find by MRM,,
84,DGJZT_DG_43_1,,,293.1,,,,,100,,,,3.829,,,200,0.375,1861,,,,,Acq,,,,,,,,,,,,,,,30,,0225-DGJZT-GZ-YIN-DMRM-NEG.d,,Find by MRM,,
85,DGJZT_CGC_7_1,,,631.1,,,,,100,,,,3.805,,,454,0.4,4720,,,,,Acq,,,,,,,,,,,,,,,30,,0225-DGJZT-GZ-YIN-DMRM-NEG.d,,Find by MRM,,
86,DGJZT_DG_42_2,,,491.1,,,,,100,,,,3.754,,,498,0.456,7097,,,,,Acq,,,,,,,,,,,,,,,30,,0225-DGJZT-GZ-YIN-DMRM-NEG.d,,Find by MRM,,
87,DGJZT_BS_45_1,,,635.1,,,,,100,,,,3.922,,,465,0.332,4027,,,,,Acq,,,,,,,,,,,,,,,30,,0225-DGJZT-GZ-YIN-DMRM-NEG.d,,Find by MRM,,
88,DGJZT_DZ_23_1,,,477.2,,,,,100,,,,3.934,,,154,0.175,817,,,,,Acq,,,,,,,,,,,,,,,30,,0225-DGJZT-GZ-YIN-DMRM-NEG.d,,Find by MRM,,
89,DGJZT_DZ_24_2,,,431.2,,,,,100,,,,3.926,,,117,0.22,642,,,,,Acq,,,,,,,,,,,,,,,30,,0225-DGJZT-GZ-YIN-DMRM-NEG.d,,Find by MRM,,
90,DGJZT_DZ_24_1,,,431.2,,,,,100,,,,3.926,,,124,0.312,749,,,,,Acq,,,,,,,,,,,,,,,30,,0225-DGJZT-GZ-YIN-DMRM-NEG.d,,Find by MRM,,
91,DGJZT_DZ_25_2,,,639.2,,,,,100,,,,4.015,,,63,0.292,576,,,,,Acq,,,,,,,,,,,,,,,30,,0225-DGJZT-GZ-YIN-DMRM-NEG.d,,Find by MRM,,
92,DGJZT_DG_46_2,,,353.1,,,,,100,,,,4.012,,,1855,0.418,21967,,,,,Acq,,,,,,,,,,,,,,,30,,0225-DGJZT-GZ-YIN-DMRM-NEG.d,,Find by MRM,,
93,DGJZT_DG_46_1,,,353.1,,,,,100,,,,4.004,,,1415,0.42,15826,,,,,Acq,,,,,,,,,,,,,,,30,,0225-DGJZT-GZ-YIN-DMRM-NEG.d,,Find by MRM,,
94,DGJZT_DZ_25_3,,,639.2,,,,,100,,,,4.073,,,301,0.309,2793,,,,,Acq,,,,,,,,,,,,,,,30,,0225-DGJZT-GZ-YIN-DMRM-NEG.d,,Find by MRM,,
95,DGJZT_DZ_25_1,,,639.2,,,,,100,,,,4.015,,,91,0.236,812,,,,,Acq,,,,,,,,,,,,,,,30,,0225-DGJZT-GZ-YIN-DMRM-NEG.d,,Find by MRM,,
96,DGJZT_BS_44_1,,,511.1,,,,,100,,,,3.873,,,165,0.186,1148,,,,,Acq,,,,,,,,,,,,,,,30,,0225-DGJZT-GZ-YIN-DMRM-NEG.d,,Find by MRM,,
97,DGJZT_CGC_13_1,,,789.2,,,,,100,,,,4.114,,,11047,0.419,78750,,,,,Acq,,,,,,,,,,,,,,,30,,0225-DGJZT-GZ-YIN-DMRM-NEG.d,,Find by MRM,,
98,DGJZT_CGC_16_1,,,625.2,,,,,100,,,,4.151,,,1710,0.386,14902,,,,,Acq,,,,,,,,,,,,,,,30,,0225-DGJZT-GZ-YIN-DMRM-NEG.d,,Find by MRM,,
99,DGJZT_BS_46_3,,,525.2,,,,,100,,,,4.168,,,203,0.303,1580,,,,,Acq,,,,,,,,,,,,,,,30,,0225-DGJZT-GZ-YIN-DMRM-NEG.d,,Find by MRM,,
100,DGJZT_CGC_14_1,,,417.1,,,,,100,,,,4.154,,,1173,0.418,9903,,,,,Acq,,,,,,,,,,,,,,,30,,0225-DGJZT-GZ-YIN-DMRM-NEG.d,,Find by MRM,,
101,DGJZT_CGC_18_1,,,711.2,,,,,100,,,,4.19,,,460,0.36,3560,,,,,Acq,,,,,,,,,,,,,,,30,,0225-DGJZT-GZ-YIN-DMRM-NEG.d,,Find by MRM,,
102,DGJZT_CGC_14_3,,,417.1,,,,,100,,,,4.154,,,1318,0.454,11566,,,,,Acq,,,,,,,,,,,,,,,30,,0225-DGJZT-GZ-YIN-DMRM-NEG.d,,Find by MRM,,
103,DGJZT_CGC_14_2,,,417.1,,,,,100,,,,4.146,,,418,0.386,3468,,,,,Acq,,,,,,,,,,,,,,,30,,0225-DGJZT-GZ-YIN-DMRM-NEG.d,,Find by MRM,,
104,DGJZT_CGC_18_3,,,711.2,,,,,100,,,,4.199,,,3694,0.42,30552,,,,,Acq,,,,,,,,,,,,,,,30,,0225-DGJZT-GZ-YIN-DMRM-NEG.d,,Find by MRM,,
105,DGJZT_CGC_17_1,,,549.2,,,,,100,,,,4.185,,,207,0.402,1594,,,,,Acq,,,,,,,,,,,,,,,30,,0225-DGJZT-GZ-YIN-DMRM-NEG.d,,Find by MRM,,
106,DGJZT_BS_53_1,,,635.1,,,,,100,,,,4.334,,,378,0.349,3762,,,,,Acq,,,,,,,,,,,,,,,30,,0225-DGJZT-GZ-YIN-DMRM-NEG.d,,Find by MRM,,
107,DGJZT_BS_51_2,,,183,,,,,100,,,,4.306,,,1004,0.42,8571,,,,,Acq,,,,,,,,,,,,,,,30,,0225-DGJZT-GZ-YIN-DMRM-NEG.d,,Find by MRM,,
108,DGJZT_BS_51_1,,,183,,,,,100,,,,4.306,,,918,0.434,8315,,,,,Acq,,,,,,,,,,,,,,,30,,0225-DGJZT-GZ-YIN-DMRM-NEG.d,,Find by MRM,,
109,DGJZT_DZ_26_2,,,755.3,,,,,100,,,,4.324,,,230,0.418,1810,,,,,Acq,,,,,,,,,,,,,,,30,,0225-DGJZT-GZ-YIN-DMRM-NEG.d,,Find by MRM,,
110,DGJZT_BS_56_1,,,687.2,,,,,100,,,,4.392,,,1140,0.351,9761,,,,,Acq,,,,,,,,,,,,,,,30,,0225-DGJZT-GZ-YIN-DMRM-NEG.d,,Find by MRM,,
111,DGJZT_BS_54_1,,,327.1,,,,,100,,,,4.397,,,454,0.431,4735,,,,,Acq,,,,,,,,,,,,,,,30,,0225-DGJZT-GZ-YIN-DMRM-NEG.d,,Find by MRM,,
112,DGJZT_DG_49_1,,,215.1,,,,,100,,,,4.497,,,57,0.135,226,,,,,Acq,,,,,,,,,,,,,,,30,,0225-DGJZT-GZ-YIN-DMRM-NEG.d,,Find by MRM,,
113,DGJZT_DG_49_2,,,215.1,,,,,100,,,,4.431,,,166,0.433,1819,,,,,Acq,,,,,,,,,,,,,,,30,,0225-DGJZT-GZ-YIN-DMRM-NEG.d,,Find by MRM,,
114,DGJZT_CGC_19_1,,,593.2,,,,,100,,,,4.62,,,902,0.374,6908,,,,,Acq,,,,,,,,,,,,,,,30,,0225-DGJZT-GZ-YIN-DMRM-NEG.d,,Find by MRM,,
115,DGJZT_BS_60_1,,,631.2,,,,,100,,,,4.719,,,96,0.34,1008,,,,,Acq,,,,,,,,,,,,,,,30,,0225-DGJZT-GZ-YIN-DMRM-NEG.d,,Find by MRM,,
116,DGJZT_BS_60_3,,,631.2,,,,,100,,,,4.71,,,893,0.45,9121,,,,,Acq,,,,,,,,,,,,,,,30,,0225-DGJZT-GZ-YIN-DMRM-NEG.d,,Find by MRM,,
117,DGJZT_BS_61_1,,,491.1,,,,,100,,,,4.737,,,872,0.322,6217,,,,,Acq,,,,,,,,,,,,,,,30,,0225-DGJZT-GZ-YIN-DMRM-NEG.d,,Find by MRM,,
118,DGJZT_GZ_6_2,,,415.1,,,,,100,,,,4.746,,,8,0.107,24,,,,,Acq,,,,,,,,,,,,,,,30,,0225-DGJZT-GZ-YIN-DMRM-NEG.d,,Find by MRM,,
119,DGJZT_GZ_6_1,,,415.1,,,,,100,,,,4.656,,,5,0.116,18,,,,,Acq,,,,,,,,,,,,,,,30,,0225-DGJZT-GZ-YIN-DMRM-NEG.d,,Find by MRM,,
120,DGJZT_BS_62_2,,,519.2,,,,,100,,,,4.786,,,160,0.307,1163,,,,,Acq,,,,,,,,,,,,,,,30,,0225-DGJZT-GZ-YIN-DMRM-NEG.d,,Find by MRM,,
121,DGJZT_BS_62_1,,,519.2,,,,,100,,,,4.812,,,173,0.27,1145,,,,,Acq,,,,,,,,,,,,,,,30,,0225-DGJZT-GZ-YIN-DMRM-NEG.d,,Find by MRM,,
122,DGJZT_BS_66_3,,,687.2,,,,,100,,,,4.834,,,2517,0.417,24379,,,,,Acq,,,,,,,,,,,,,,,30,,0225-DGJZT-GZ-YIN-DMRM-NEG.d,,Find by MRM,,
123,DGJZT_BS_66_1,,,687.2,,,,,100,,,,4.835,,,13569,0.418,131366,,,,,Acq,,,,,,,,,,,,,,,30,,0225-DGJZT-GZ-YIN-DMRM-NEG.d,,Find by MRM,,
124,DGJZT_BS_66_2,,,687.2,,,,,100,,,,4.818,,,354,0.148,1758,,,,,Acq,,,,,,,,,,,,,,,30,,0225-DGJZT-GZ-YIN-DMRM-NEG.d,,Find by MRM,,
125,DGJZT_GZ_8_2,,,327.1,,,,,100,,,,4.824,,,10,0.117,55,,,,,Acq,,,,,,,,,,,,,,,30,,0225-DGJZT-GZ-YIN-DMRM-NEG.d,,Find by MRM,,
126,DGJZT_GZ_8_1,,,327.1,,,,,100,,,,5.211,,,17,0.138,72,,,,,Acq,,,,,,,,,,,,,,,30,,0225-DGJZT-GZ-YIN-DMRM-NEG.d,,Find by MRM,,
127,DGJZT_GZ_8_3,,,327.1,,,,,100,,,,4.884,,,2,0.109,5,,,,,Acq,,,,,,,,,,,,,,,30,,0225-DGJZT-GZ-YIN-DMRM-NEG.d,,Find by MRM,,
128,DGJZT_GZ_9_3,,,363.1,,,,,100,,,,4.932,,,7,0.116,20,,,,,Acq,,,,,,,,,,,,,,,30,,0225-DGJZT-GZ-YIN-DMRM-NEG.d,,Find by MRM,,
129,DGJZT_DZ_28_3,,,340.2,,,,,100,,,,5.049,,,674,0.405,7048,,,,,Acq,,,,,,,,,,,,,,,30,,0225-DGJZT-GZ-YIN-DMRM-NEG.d,,Find by MRM,,
130,DGJZT_DZ_28_2,,,340.2,,,,,100,,,,5.049,,,2810,0.434,29093,,,,,Acq,,,,,,,,,,,,,,,30,,0225-DGJZT-GZ-YIN-DMRM-NEG.d,,Find by MRM,,
131,DGJZT_DZ_28_1,,,340.2,,,,,100,,,,5.041,,,591,0.369,5824,,,,,Acq,,,,,,,,,,,,,,,30,,0225-DGJZT-GZ-YIN-DMRM-NEG.d,,Find by MRM,,
132,DGJZT_BS_75_1,,,525.2,,,,,100,,,,5.098,,,75801,0.42,807651,,,,,Acq,,,,,,,,,,,,,,,30,,0225-DGJZT-GZ-YIN-DMRM-NEG.d,,Find by MRM,,
133,DGJZT_DZ_30_1,,,579.3,,,,,100,,,,5.154,,,164,0.385,1264,,,,,Acq,,,,,,,,,,,,,,,30,,0225-DGJZT-GZ-YIN-DMRM-NEG.d,,Find by MRM,,
134,DGJZT_BS_79_1,,,787.1,,,,,100,,,,5.212,,,333,0.406,3821,,,,,Acq,,,,,,,,,,,,,,,30,,0225-DGJZT-GZ-YIN-DMRM-NEG.d,,Find by MRM,,
135,DGJZT_SJ_4_1,,,519.2,,,,,100,,,,5.248,,,203,0.377,2117,,,,,Acq,,,,,,,,,,,,,,,30,,0225-DGJZT-GZ-YIN-DMRM-NEG.d,,Find by MRM,,
136,DGJZT_BS_80_2,,,631.2,,,,,100,,,,5.271,,,5812,0.43,51520,,,,,Acq,,,,,,,,,,,,,,,30,,0225-DGJZT-GZ-YIN-DMRM-NEG.d,,Find by MRM,,
137,DGJZT_BS_80_1,,,631.2,,,,,100,,,,5.263,,,933,0.387,8349,,,,,Acq,,,,,,,,,,,,,,,30,,0225-DGJZT-GZ-YIN-DMRM-NEG.d,,Find by MRM,,
138,DGJZT_DZ_31_1,,,741.2,,,,,100,,,,5.346,,,354,0.378,2996,,,,,Acq,,,,,,,,,,,,,,,30,,0225-DGJZT-GZ-YIN-DMRM-NEG.d,,Find by MRM,,
139,DGJZT_BS_81_2,,,541.2,,,,,100,,,,5.306,,,434,0.419,3477,,,,,Acq,,,,,,,,,,,,,,,30,,0225-DGJZT-GZ-YIN-DMRM-NEG.d,,Find by MRM,,
140,DGJZT_BS_81_1,,,541.2,,,,,100,,,,5.315,,,1865,0.453,14570,,,,,Acq,,,,,,,,,,,,,,,30,,0225-DGJZT-GZ-YIN-DMRM-NEG.d,,Find by MRM,,
141,DGJZT_DG_58_2,,,367.1,,,,,100,,,,5.361,,,231,0.35,1818,,,,,Acq,,,,,,,,,,,,,,,30,,0225-DGJZT-GZ-YIN-DMRM-NEG.d,,Find by MRM,,
142,DGJZT_DG_58_1,,,367.1,,,,,100,,,,5.369,,,484,0.402,3782,,,,,Acq,,,,,,,,,,,,,,,30,,0225-DGJZT-GZ-YIN-DMRM-NEG.d,,Find by MRM,,
143,DGJZT_DG_58_3,,,367.1,,,,,100,,,,5.352,,,365,0.437,3086,,,,,Acq,,,,,,,,,,,,,,,30,,0225-DGJZT-GZ-YIN-DMRM-NEG.d,,Find by MRM,,
144,DGJZT_BS_86_3,,,525.2,,,,,100,,,,5.5,,,30551,0.47,719207,,,,,Acq,,,,,,,,,,,,,,,30,,0225-DGJZT-GZ-YIN-DMRM-NEG.d,,Find by MRM,,
145,DGJZT_BS_86_2,,,525.2,,,,,100,,,,5.492,,,374,0.393,5002,,,,,Acq,,,,,,,,,,,,,,,30,,0225-DGJZT-GZ-YIN-DMRM-NEG.d,,Find by MRM,,
146,DGJZT_BS_86_1,,,525.2,,,,,100,,,,5.501,,,128887,0.376,1833124,,,,,Acq,,,,,,,,,,,,,,,30,,0225-DGJZT-GZ-YIN-DMRM-NEG.d,,Find by MRM,,
147,DGJZT_BS_85_3,,,449.1,,,,,100,,,,5.51,,,210,0.495,2676,,,,,Acq,,,,,,,,,,,,,,,30,,0225-DGJZT-GZ-YIN-DMRM-NEG.d,,Find by MRM,,
148,DGJZT_BS_85_2,,,449.1,,,,,100,,,,5.436,,,84,0.37,693,,,,,Acq,,,,,,,,,,,,,,,30,,0225-DGJZT-GZ-YIN-DMRM-NEG.d,,Find by MRM,,
149,DGJZT_BS_85_1,,,449.1,,,,,100,,,,5.478,,,6240,0.488,85584,,,,,Acq,,,,,,,,,,,,,,,30,,0225-DGJZT-GZ-YIN-DMRM-NEG.d,,Find by MRM,,
150,DGJZT_BS_82_3,,,327.1,,,,,100,,,,5.513,,,50,0.184,347,,,,,Acq,,,,,,,,,,,,,,,30,,0225-DGJZT-GZ-YIN-DMRM-NEG.d,,Find by MRM,,
151,DGJZT_BS_96_3,,,497.2,,,,,100,,,,5.617,,,312,0.234,1979,,,,,Acq,,,,,,,,,,,,,,,30,,0225-DGJZT-GZ-YIN-DMRM-NEG.d,,Find by MRM,,
152,DGJZT_CGC_24_2,,,579.2,,,,,100,,,,5.624,,,3044,0.281,23559,,,,,Acq,,,,,,,,,,,,,,,30,,0225-DGJZT-GZ-YIN-DMRM-NEG.d,,Find by MRM,,
153,DGJZT_BS_96_2,,,497.2,,,,,100,,,,5.609,,,193,0.307,1627,,,,,Acq,,,,,,,,,,,,,,,30,,0225-DGJZT-GZ-YIN-DMRM-NEG.d,,Find by MRM,,
154,DGJZT_GZ_11_3,,,581.2,,,,,100,,,,5.674,,,15,0.194,83,,,,,Acq,,,,,,,,,,,,,,,30,,0225-DGJZT-GZ-YIN-DMRM-NEG.d,,Find by MRM,,
155,DGJZT_CGC_24_1,,,579.2,,,,,100,,,,5.607,,,244,0.234,1744,,,,,Acq,,,,,,,,,,,,,,,30,,0225-DGJZT-GZ-YIN-DMRM-NEG.d,,Find by MRM,,
156,DGJZT_CGC_27_1,,,737.2,,,,,100,,,,5.874,,,346,0.31,2697,,,,,Acq,,,,,,,,,,,,,,,30,,0225-DGJZT-GZ-YIN-DMRM-NEG.d,,Find by MRM,,
157,DGJZT_BS_97_1,,,495.2,,,,,100,,,,5.846,,,8519,0.411,73926,,,,,Acq,,,,,,,,,,,,,,,30,,0225-DGJZT-GZ-YIN-DMRM-NEG.d,,Find by MRM,,
158,DGJZT_CGC_26_1,,,737.2,,,,,100,,,,5.841,,,243,0.503,2970,,,,,Acq,,,,,,,,,,,,,,,30,,0225-DGJZT-GZ-YIN-DMRM-NEG.d,,Find by MRM,,
159,DGJZT_CGC_28_1,,,625.2,,,,,100,,,,5.917,,,658,0.406,5540,,,,,Acq,,,,,,,,,,,,,,,30,,0225-DGJZT-GZ-YIN-DMRM-NEG.d,,Find by MRM,,
160,DGJZT_BS_101_1,,,787.1,,,,,100,,,,5.907,,,981,0.291,8438,,,,,Acq,,,,,,,,,,,,,,,30,,0225-DGJZT-GZ-YIN-DMRM-NEG.d,,Find by MRM,,
161,DGJZT_BS_102_2,,,519.2,,,,,100,,,,5.87,,,286,0.4,2448,,,,,Acq,,,,,,,,,,,,,,,30,,0225-DGJZT-GZ-YIN-DMRM-NEG.d,,Find by MRM,,
162,DGJZT_BS_102_1,,,519.2,,,,,100,,,,5.871,,,209,0.377,1795,,,,,Acq,,,,,,,,,,,,,,,30,,0225-DGJZT-GZ-YIN-DMRM-NEG.d,,Find by MRM,,
163,DGJZT_CGC_29_1,,,415.1,,,,,100,,,,5.931,,,485,0.331,3745,,,,,Acq,,,,,,,,,,,,,,,30,,0225-DGJZT-GZ-YIN-DMRM-NEG.d,,Find by MRM,,
164,DGJZT_DZ_32_2,,,623.3,,,,,100,,,,6.076,,,762,0.267,6402,,,,,Acq,,,,,,,,,,,,,,,30,,0225-DGJZT-GZ-YIN-DMRM-NEG.d,,Find by MRM,,
165,DGJZT_DZ_32_1,,,623.3,,,,,100,,,,6.068,,,95,0.325,683,,,,,Acq,,,,,,,,,,,,,,,30,,0225-DGJZT-GZ-YIN-DMRM-NEG.d,,Find by MRM,,
166,DGJZT_BS_103_2,,,787.1,,,,,100,,,,6.183,,,632,0.316,5489,,,,,Acq,,,,,,,,,,,,,,,30,,0225-DGJZT-GZ-YIN-DMRM-NEG.d,,Find by MRM,,
167,DGJZT_BS_103_1,,,787.1,,,,,100,,,,6.15,,,250,0.281,1973,,,,,Acq,,,,,,,,,,,,,,,30,,0225-DGJZT-GZ-YIN-DMRM-NEG.d,,Find by MRM,,
168,DGJZT_DG_61_2,,,527.2,,,,,100,,,,6.164,,,237,0.382,2081,,,,,Acq,,,,,,,,,,,,,,,30,,0225-DGJZT-GZ-YIN-DMRM-NEG.d,,Find by MRM,,
169,DGJZT_BS_104_2,,,477.1,,,,,100,,,,6.216,,,594,0.383,4777,,,,,Acq,,,,,,,,,,,,,,,30,,0225-DGJZT-GZ-YIN-DMRM-NEG.d,,Find by MRM,,
170,DGJZT_DZ_33_3,,,609.1,,,,,100,,,,6.311,,,4137,0.46,37802,,,,,Acq,,,,,,,,,,,,,,,30,,0225-DGJZT-GZ-YIN-DMRM-NEG.d,,Find by MRM,,
171,DGJZT_DZ_33_1,,,609.1,,,,,100,,,,6.303,,,6476,0.394,56264,,,,,Acq,,,,,,,,,,,,,,,30,,0225-DGJZT-GZ-YIN-DMRM-NEG.d,,Find by MRM,,
172,DGJZT_CGC_33_1,,,579.2,,,,,100,,,,6.478,,,950,0.152,4906,,,,,Acq,,,,,,,,,,,,,,,30,,0225-DGJZT-GZ-YIN-DMRM-NEG.d,,Find by MRM,,
173,DGJZT_CGC_33_2,,,579.2,,,,,100,,,,6.47,,,98,0.141,502,,,,,Acq,,,,,,,,,,,,,,,30,,0225-DGJZT-GZ-YIN-DMRM-NEG.d,,Find by MRM,,
174,DGJZT_GZ_15_1,,,559.2,,,,,100,,,,6.121,,,6,0.105,12,,,,,Acq,,,,,,,,,,,,,,,30,,0225-DGJZT-GZ-YIN-DMRM-NEG.d,,Find by MRM,,
175,DGJZT_DZ_33_2,,,609.1,,,,,100,,,,6.312,,,126,0.282,1123,,,,,Acq,,,,,,,,,,,,,,,30,,0225-DGJZT-GZ-YIN-DMRM-NEG.d,,Find by MRM,,
176,DGJZT_CGC_31_1,,,549.2,,,,,100,,,,6.414,,,119595,0.349,1150851,,,,,Acq,,,,,,,,,,,,,,,30,,0225-DGJZT-GZ-YIN-DMRM-NEG.d,,Find by MRM,,
177,DGJZT_CGC_31_2,,,549.2,,,,,100,,,,6.405,,,10169,0.349,98017,,,,,Acq,,,,,,,,,,,,,,,30,,0225-DGJZT-GZ-YIN-DMRM-NEG.d,,Find by MRM,,
178,DGJZT_CGC_31_3,,,549.2,,,,,100,,,,6.39,,,2180,0.349,21268,,,,,Acq,,,,,,,,,,,,,,,30,,0225-DGJZT-GZ-YIN-DMRM-NEG.d,,Find by MRM,,
179,DGJZT_CGC_40_2,,,1099.3,,,,,100,,,,6.401,,,17197,0.335,117079,,,,,Acq,,,,,,,,,,,,,,,30,,0225-DGJZT-GZ-YIN-DMRM-NEG.d,,Find by MRM,,
180,DGJZT_CGC_36_1,,,549.2,,,,,100,,,,6.413,,,117016,0.382,1076303,,,,,Acq,,,,,,,,,,,,,,,30,,0225-DGJZT-GZ-YIN-DMRM-NEG.d,,Find by MRM,,
181,DGJZT_CGC_36_2,,,549.2,,,,,100,,,,6.413,,,10352,0.382,93328,,,,,Acq,,,,,,,,,,,,,,,30,,0225-DGJZT-GZ-YIN-DMRM-NEG.d,,Find by MRM,,
182,DGJZT_CGC_36_3,,,549.2,,,,,100,,,,6.405,,,2051,0.325,18156,,,,,Acq,,,,,,,,,,,,,,,30,,0225-DGJZT-GZ-YIN-DMRM-NEG.d,,Find by MRM,,
183,DGJZT_CGC_43_3,,,707.2,,,,,100,,,,6.51,,,4751,0.326,38943,,,,,Acq,,,,,,,,,,,,,,,30,,0225-DGJZT-GZ-YIN-DMRM-NEG.d,,Find by MRM,,
184,DGJZT_CGC_43_1,,,707.2,,,,,100,,,,6.586,,,571,0.192,4280,,,,,Acq,,,,,,,,,,,,,,,30,,0225-DGJZT-GZ-YIN-DMRM-NEG.d,,Find by MRM,,
185,DGJZT_BS_105_1,,,441.1,,,,,100,,,,6.465,,,178,0.403,1711,,,,,Acq,,,,,,,,,,,,,,,30,,0225-DGJZT-GZ-YIN-DMRM-NEG.d,,Find by MRM,,
186,DGJZT_CGC_43_2,,,707.2,,,,,100,,,,6.578,,,560,0.4,6638,,,,,Acq,,,,,,,,,,,,,,,30,,0225-DGJZT-GZ-YIN-DMRM-NEG.d,,Find by MRM,,
187,DGJZT_CGC_47_2,,,417.1,,,,,100,,,,6.599,,,31135,0.483,336851,,,,,Acq,,,,,,,,,,,,,,,30,,0225-DGJZT-GZ-YIN-DMRM-NEG.d,,Find by MRM,,
188,DGJZT_CGC_47_3,,,417.1,,,,,100,,,,6.599,,,101227,0.467,1016663,,,,,Acq,,,,,,,,,,,,,,,30,,0225-DGJZT-GZ-YIN-DMRM-NEG.d,,Find by MRM,,
189,DGJZT_CGC_47_1,,,417.1,,,,,100,,,,6.599,,,87710,0.474,879783,,,,,Acq,,,,,,,,,,,,,,,30,,0225-DGJZT-GZ-YIN-DMRM-NEG.d,,Find by MRM,,
190,DGJZT_BS_106_2,,,301,,,,,100,,,,6.675,,,271,0.403,3109,,,,,Acq,,,,,,,,,,,,,,,30,,0225-DGJZT-GZ-YIN-DMRM-NEG.d,,Find by MRM,,
191,DGJZT_CGC_54_1,,,565.2,,,,,100,,,,6.655,,,126,0.266,1110,,,,,Acq,,,,,,,,,,,,,,,30,,0225-DGJZT-GZ-YIN-DMRM-NEG.d,,Find by MRM,,
192,DGJZT_GZ_16_1,,,475.2,,,,,100,,,,6.749,,,123,0.276,826,,,,,Acq,,,,,,,,,,,,,,,30,,0225-DGJZT-GZ-YIN-DMRM-NEG.d,,Find by MRM,,
193,DGJZT_BS_107_2,,,309.1,,,,,100,,,,6.65,,,348,0.383,3000,,,,,Acq,,,,,,,,,,,,,,,30,,0225-DGJZT-GZ-YIN-DMRM-NEG.d,,Find by MRM,,
194,DGJZT_BS_107_1,,,309.1,,,,,100,,,,6.683,,,267,0.484,2673,,,,,Acq,,,,,,,,,,,,,,,30,,0225-DGJZT-GZ-YIN-DMRM-NEG.d,,Find by MRM,,
195,DGJZT_BS_106_3,,,301,,,,,100,,,,6.667,,,357,0.326,3032,,,,,Acq,,,,,,,,,,,,,,,30,,0225-DGJZT-GZ-YIN-DMRM-NEG.d,,Find by MRM,,
196,DGJZT_BS_106_1,,,301,,,,,100,,,,6.668,,,306,0.317,2791,,,,,Acq,,,,,,,,,,,,,,,30,,0225-DGJZT-GZ-YIN-DMRM-NEG.d,,Find by MRM,,
197,DGJZT_BS_108_2,,,631.2,,,,,100,,,,6.831,,,426,0.395,4310,,,,,Acq,,,,,,,,,,,,,,,30,,0225-DGJZT-GZ-YIN-DMRM-NEG.d,,Find by MRM,,
198,DGJZT_SJ_5_3,,,475.2,,,,,100,,,,6.798,,,72,0.24,548,,,,,Acq,,,,,,,,,,,,,,,30,,0225-DGJZT-GZ-YIN-DMRM-NEG.d,,Find by MRM,,
199,DGJZT_BS_108_3,,,631.2,,,,,100,,,,6.822,,,16012,0.414,142802,,,,,Acq,,,,,,,,,,,,,,,30,,0225-DGJZT-GZ-YIN-DMRM-NEG.d,,Find by MRM,,
200,DGJZT_BS_108_1,,,631.2,,,,,100,,,,6.814,,,6057,0.401,54843,,,,,Acq,,,,,,,,,,,,,,,30,,0225-DGJZT-GZ-YIN-DMRM-NEG.d,,Find by MRM,,
201,DGJZT_DG_65_1,,,193,,,,,100,,,,6.836,,,1036,0.417,10076,,,,,Acq,,,,,,,,,,,,,,,30,,0225-DGJZT-GZ-YIN-DMRM-NEG.d,,Find by MRM,,
202,DGJZT_DG_64_1,,,178,,,,,100,,,,6.828,,,996,0.413,9528,,,,,Acq,,,,,,,,,,,,,,,30,,0225-DGJZT-GZ-YIN-DMRM-NEG.d,,Find by MRM,,
203,DGJZT_DG_64_2,,,178,,,,,100,,,,6.82,,,1024,0.366,9036,,,,,Acq,,,,,,,,,,,,,,,30,,0225-DGJZT-GZ-YIN-DMRM-NEG.d,,Find by MRM,,
204,DGJZT_DG_65_3,,,193,,,,,100,,,,6.828,,,779,0.476,7972,,,,,Acq,,,,,,,,,,,,,,,30,,0225-DGJZT-GZ-YIN-DMRM-NEG.d,,Find by MRM,,
205,DGJZT_BS_118_1,,,939.1,,,,,100,,,,6.929,,,1269,0.374,11514,,,,,Acq,,,,,,,,,,,,,,,30,,0225-DGJZT-GZ-YIN-DMRM-NEG.d,,Find by MRM,,
206,DGJZT_BS_118_2,,,939.1,,,,,100,,,,6.955,,,124,0.335,1013,,,,,Acq,,,,,,,,,,,,,,,30,,0225-DGJZT-GZ-YIN-DMRM-NEG.d,,Find by MRM,,
207,DGJZT_BS_115_1,,,769.1,,,,,100,,,,6.947,,,76,0.123,385,,,,,Acq,,,,,,,,,,,,,,,30,,0225-DGJZT-GZ-YIN-DMRM-NEG.d,,Find by MRM,,
208,DGJZT_BS_118_3,,,939.1,,,,,100,,,,6.938,,,554,0.458,5350,,,,,Acq,,,,,,,,,,,,,,,30,,0225-DGJZT-GZ-YIN-DMRM-NEG.d,,Find by MRM,,
209,DGJZT_BS_120_2,,,509.2,,,,,100,,,,7.084,,,114,0.398,951,,,,,Acq,,,,,,,,,,,,,,,30,,0225-DGJZT-GZ-YIN-DMRM-NEG.d,,Find by MRM,,
210,DGJZT_DZ_34_2,,,204.1,,,,,100,,,,7.146,,,251,0.437,2526,,,,,Acq,,,,,,,,,,,,,,,30,,0225-DGJZT-GZ-YIN-DMRM-NEG.d,,Find by MRM,,
211,DGJZT_DZ_36_2,,,637.3,,,,,100,,,,7.166,,,711,0.247,5127,,,,,Acq,,,,,,,,,,,,,,,30,,0225-DGJZT-GZ-YIN-DMRM-NEG.d,,Find by MRM,,
212,DGJZT_DZ_36_1,,,637.3,,,,,100,,,,7.199,,,134,0.091,591,,,,,Acq,,,,,,,,,,,,,,,30,,0225-DGJZT-GZ-YIN-DMRM-NEG.d,,Find by MRM,,
213,DGJZT_DZ_34_1,,,204.1,,,,,100,,,,7.111,,,291,0.439,3150,,,,,Acq,,,,,,,,,,,,,,,30,,0225-DGJZT-GZ-YIN-DMRM-NEG.d,,Find by MRM,,
214,DGJZT_DZ_34_3,,,204.1,,,,,100,,,,7.155,,,209,0.454,2006,,,,,Acq,,,,,,,,,,,,,,,30,,0225-DGJZT-GZ-YIN-DMRM-NEG.d,,Find by MRM,,
215,DGJZT_DZ_36_3,,,637.3,,,,,100,,,,7.182,,,1384,0.493,16537,,,,,Acq,,,,,,,,,,,,,,,30,,0225-DGJZT-GZ-YIN-DMRM-NEG.d,,Find by MRM,,
216,DGJZT_SJ_6_2,,,375.1,,,,,100,,,,7.228,,,1728,0.426,16141,,,,,Acq,,,,,,,,,,,,,,,30,,0225-DGJZT-GZ-YIN-DMRM-NEG.d,,Find by MRM,,
217,DGJZT_SJ_6_1,,,375.1,,,,,100,,,,7.236,,,2365,0.395,20463,,,,,Acq,,,,,,,,,,,,,,,30,,0225-DGJZT-GZ-YIN-DMRM-NEG.d,,Find by MRM,,
218,DGJZT_DG_66_1,,,209.1,,,,,100,,,,7.254,,,169,0.452,1738,,,,,Acq,,,,,,,,,,,,,,,30,,0225-DGJZT-GZ-YIN-DMRM-NEG.d,,Find by MRM,,
219,DGJZT_DG_66_3,,,209.1,,,,,100,,,,7.254,,,126,0.436,964,,,,,Acq,,,,,,,,,,,,,,,30,,0225-DGJZT-GZ-YIN-DMRM-NEG.d,,Find by MRM,,
220,DGJZT_GZ_18_3,,,557.2,,,,,100,,,,7.351,,,4,0.143,13,,,,,Acq,,,,,,,,,,,,,,,30,,0225-DGJZT-GZ-YIN-DMRM-NEG.d,,Find by MRM,,
221,DGJZT_GZ_18_2,,,557.2,,,,,100,,,,7.176,,,4,0.1,9,,,,,Acq,,,,,,,,,,,,,,,30,,0225-DGJZT-GZ-YIN-DMRM-NEG.d,,Find by MRM,,
222,DGJZT_GZ_18_1,,,557.2,,,,,100,,,,7.117,,,3,0.106,7,,,,,Acq,,,,,,,,,,,,,,,30,,0225-DGJZT-GZ-YIN-DMRM-NEG.d,,Find by MRM,,
223,DGJZT_BS_123_1,,,507.2,,,,,100,,,,7.488,,,685,0.318,5731,,,,,Acq,,,,,,,,,,,,,,,30,,0225-DGJZT-GZ-YIN-DMRM-NEG.d,,Find by MRM,,
224,DGJZT_BS_125_3,,,567.2,,,,,100,,,,7.535,,,205,0.366,1691,,,,,Acq,,,,,,,,,,,,,,,30,,0225-DGJZT-GZ-YIN-DMRM-NEG.d,,Find by MRM,,
225,DGJZT_BS_125_1,,,567.2,,,,,100,,,,7.527,,,1760,0.513,17314,,,,,Acq,,,,,,,,,,,,,,,30,,0225-DGJZT-GZ-YIN-DMRM-NEG.d,,Find by MRM,,
226,DGJZT_BS_126_3,,,631.2,,,,,100,,,,7.592,,,305,0.311,2814,,,,,Acq,,,,,,,,,,,,,,,30,,0225-DGJZT-GZ-YIN-DMRM-NEG.d,,Find by MRM,,
227,DGJZT_BS_126_2,,,631.2,,,,,100,,,,7.559,,,288,0.313,2796,,,,,Acq,,,,,,,,,,,,,,,30,,0225-DGJZT-GZ-YIN-DMRM-NEG.d,,Find by MRM,,
228,DGJZT_BS_126_1,,,631.2,,,,,100,,,,7.6,,,5191,0.384,48692,,,,,Acq,,,,,,,,,,,,,,,30,,0225-DGJZT-GZ-YIN-DMRM-NEG.d,,Find by MRM,,
229,DGJZT_GZ_19_1,,,421.2,,,,,100,,,,7.606,,,11,0.159,42,,,,,Acq,,,,,,,,,,,,,,,30,,0225-DGJZT-GZ-YIN-DMRM-NEG.d,,Find by MRM,,
230,DGJZT_CGC_65_1,,,635.2,,,,,100,,,,7.675,,,2171,0.42,20410,,,,,Acq,,,,,,,,,,,,,,,30,,0225-DGJZT-GZ-YIN-DMRM-NEG.d,,Find by MRM,,
231,DGJZT_CGC_64_1,,,591.2,,,,,100,,,,7.677,,,409,0.221,2828,,,,,Acq,,,,,,,,,,,,,,,30,,0225-DGJZT-GZ-YIN-DMRM-NEG.d,,Find by MRM,,
232,DGJZT_CGC_64_2,,,591.2,,,,,100,,,,7.686,,,46,0.209,229,,,,,Acq,,,,,,,,,,,,,,,30,,0225-DGJZT-GZ-YIN-DMRM-NEG.d,,Find by MRM,,
233,DGJZT_BS_127_1,,,345.2,,,,,100,,,,7.641,,,177,0.285,1421,,,,,Acq,,,,,,,,,,,,,,,30,,0225-DGJZT-GZ-YIN-DMRM-NEG.d,,Find by MRM,,
234,DGJZT_BS_128_2,,,503.2,,,,,100,,,,7.721,,,377,0.363,3231,,,,,Acq,,,,,,,,,,,,,,,30,,0225-DGJZT-GZ-YIN-DMRM-NEG.d,,Find by MRM,,
235,DGJZT_BS_128_1,,,503.2,,,,,100,,,,7.73,,,128,0.334,1164,,,,,Acq,,,,,,,,,,,,,,,30,,0225-DGJZT-GZ-YIN-DMRM-NEG.d,,Find by MRM,,
236,DGJZT_CGC_66_1,,,431.1,,,,,100,,,,7.874,,,589,0.451,7678,,,,,Acq,,,,,,,,,,,,,,,30,,0225-DGJZT-GZ-YIN-DMRM-NEG.d,,Find by MRM,,
237,DGJZT_CGC_67_1,,,459.1,,,,,100,,,,7.949,,,2211,0.387,19389,,,,,Acq,,,,,,,,,,,,,,,30,,0225-DGJZT-GZ-YIN-DMRM-NEG.d,,Find by MRM,,
238,DGJZT_CGC_67_2,,,459.1,,,,,100,,,,7.941,,,669,0.432,6234,,,,,Acq,,,,,,,,,,,,,,,30,,0225-DGJZT-GZ-YIN-DMRM-NEG.d,,Find by MRM,,
239,DGJZT_DZ_37_3,,,671.3,,,,,100,,,,7.951,,,1361,0.355,12009,,,,,Acq,,,,,,,,,,,,,,,30,,0225-DGJZT-GZ-YIN-DMRM-NEG.d,,Find by MRM,,
240,DGJZT_DZ_37_2,,,671.3,,,,,100,,,,7.968,,,1211,0.417,12915,,,,,Acq,,,,,,,,,,,,,,,30,,0225-DGJZT-GZ-YIN-DMRM-NEG.d,,Find by MRM,,
241,DGJZT_DZ_37_1,,,671.3,,,,,100,,,,7.969,,,155,0.274,1265,,,,,Acq,,,,,,,,,,,,,,,30,,0225-DGJZT-GZ-YIN-DMRM-NEG.d,,Find by MRM,,
242,DGJZT_BS_130_1,,,645.2,,,,,100,,,,8.011,,,149,0.19,1061,,,,,Acq,,,,,,,,,,,,,,,30,,0225-DGJZT-GZ-YIN-DMRM-NEG.d,,Find by MRM,,
243,DGJZT_CGC_69_1,,,433.1,,,,,100,,,,8.025,,,5759,0.485,59359,,,,,Acq,,,,,,,,,,,,,,,30,,0225-DGJZT-GZ-YIN-DMRM-NEG.d,,Find by MRM,,
244,DGJZT_DG_68_2,,,515.1,,,,,100,,,,8.038,,,1578,0.397,13693,,,,,Acq,,,,,,,,,,,,,,,30,,0225-DGJZT-GZ-YIN-DMRM-NEG.d,,Find by MRM,,
245,DGJZT_DG_68_1,,,515.1,,,,,100,,,,8.055,,,2065,0.421,20090,,,,,Acq,,,,,,,,,,,,,,,30,,0225-DGJZT-GZ-YIN-DMRM-NEG.d,,Find by MRM,,
246,DGJZT_DG_68_3,,,515.1,,,,,100,,,,8.039,,,228,0.426,1878,,,,,Acq,,,,,,,,,,,,,,,30,,0225-DGJZT-GZ-YIN-DMRM-NEG.d,,Find by MRM,,
247,DGJZT_BS_132_1,,,525.2,,,,,100,,,,8.129,,,23096,0.49,239057,,,,,Acq,,,,,,,,,,,,,,,30,,0225-DGJZT-GZ-YIN-DMRM-NEG.d,,Find by MRM,,
248,DGJZT_BS_132_3,,,525.2,,,,,100,,,,8.13,,,21140,0.476,218029,,,,,Acq,,,,,,,,,,,,,,,30,,0225-DGJZT-GZ-YIN-DMRM-NEG.d,,Find by MRM,,
249,DGJZT_BS_134_1,,,509.2,,,,,100,,,,8.166,,,3419,0.518,35719,,,,,Acq,,,,,,,,,,,,,,,30,,0225-DGJZT-GZ-YIN-DMRM-NEG.d,,Find by MRM,,
250,DGJZT_CGC_71_1,,,301.1,,,,,100,,,,8.193,,,1167,0.394,11141,,,,,Acq,,,,,,,,,,,,,,,30,,0225-DGJZT-GZ-YIN-DMRM-NEG.d,,Find by MRM,,
251,DGJZT_CGC_76_1,,,561.2,,,,,100,,,,8.548,,,3895,0.429,34122,,,,,Acq,,,,,,,,,,,,,,,30,,0225-DGJZT-GZ-YIN-DMRM-NEG.d,,Find by MRM,,
252,DGJZT_CGC_76_2,,,561.2,,,,,100,,,,8.557,,,186,0.47,1725,,,,,Acq,,,,,,,,,,,,,,,30,,0225-DGJZT-GZ-YIN-DMRM-NEG.d,,Find by MRM,,
253,DGJZT_GZ_20_2,,,361.2,,,,,100,,,,8.534,,,76,0.275,541,,,,,Acq,,,,,,,,,,,,,,,30,,0225-DGJZT-GZ-YIN-DMRM-NEG.d,,Find by MRM,,
254,DGJZT_CGC_80_1,,,549.2,,,,,100,,,,8.624,,,26728,0.287,179512,,,,,Acq,,,,,,,,,,,,,,,30,,0225-DGJZT-GZ-YIN-DMRM-NEG.d,,Find by MRM,,
255,DGJZT_CGC_80_2,,,549.2,,,,,100,,,,8.625,,,3663,0.329,29233,,,,,Acq,,,,,,,,,,,,,,,30,,0225-DGJZT-GZ-YIN-DMRM-NEG.d,,Find by MRM,,
256,DGJZT_GZ_20_1,,,361.2,,,,,100,,,,8.569,,,37,0.295,282,,,,,Acq,,,,,,,,,,,,,,,30,,0225-DGJZT-GZ-YIN-DMRM-NEG.d,,Find by MRM,,
257,DGJZT_CGC_83_1,,,591.2,,,,,100,,,,8.68,,,3159,0.419,27487,,,,,Acq,,,,,,,,,,,,,,,30,,0225-DGJZT-GZ-YIN-DMRM-NEG.d,,Find by MRM,,
258,DGJZT_CGC_83_2,,,591.2,,,,,100,,,,8.664,,,199,0.426,1879,,,,,Acq,,,,,,,,,,,,,,,30,,0225-DGJZT-GZ-YIN-DMRM-NEG.d,,Find by MRM,,
259,DGJZT_BS_137_1,,,507.1,,,,,100,,,,8.709,,,1685,0.465,19519,,,,,Acq,,,,,,,,,,,,,,,30,,0225-DGJZT-GZ-YIN-DMRM-NEG.d,,Find by MRM,,
260,DGJZT_BS_138_3,,,783.2,,,,,100,,,,8.737,,,333,0.193,2109,,,,,Acq,,,,,,,,,,,,,,,30,,0225-DGJZT-GZ-YIN-DMRM-NEG.d,,Find by MRM,,
261,DGJZT_BS_138_1,,,783.2,,,,,100,,,,8.754,,,68,0.245,461,,,,,Acq,,,,,,,,,,,,,,,30,,0225-DGJZT-GZ-YIN-DMRM-NEG.d,,Find by MRM,,
262,DGJZT_BS_139_1,,,631.2,,,,,100,,,,8.747,,,162,0.324,1523,,,,,Acq,,,,,,,,,,,,,,,30,,0225-DGJZT-GZ-YIN-DMRM-NEG.d,,Find by MRM,,
263,DGJZT_BS_140_1,,,505.2,,,,,100,,,,8.759,,,1214,0.418,11004,,,,,Acq,,,,,,,,,,,,,,,30,,0225-DGJZT-GZ-YIN-DMRM-NEG.d,,Find by MRM,,
264,DGJZT_CGC_88_1,,,549.2,,,,,100,,,,8.875,,,2615,0.176,14542,,,,,Acq,,,,,,,,,,,,,,,30,,0225-DGJZT-GZ-YIN-DMRM-NEG.d,,Find by MRM,,
265,DGJZT_CGC_88_2,,,549.2,,,,,100,,,,8.867,,,178,0.317,109,,,,,Acq,,,,,,,,,,,,,,,30,,0225-DGJZT-GZ-YIN-DMRM-NEG.d,,Find by MRM,,
266,DGJZT_CGC_90_1,,,459.1,,,,,100,,,,8.945,,,2068,0.406,19478,,,,,Acq,,,,,,,,,,,,,,,30,,0225-DGJZT-GZ-YIN-DMRM-NEG.d,,Find by MRM,,
267,DGJZT_CGC_93_1,,,697.2,,,,,100,,,,8.973,,,202,0.406,2147,,,,,Acq,,,,,,,,,,,,,,,30,,0225-DGJZT-GZ-YIN-DMRM-NEG.d,,Find by MRM,,
268,DGJZT_CGC_94_2,,,475.1,,,,,100,,,,8.994,,,11123,0.456,103908,,,,,Acq,,,,,,,,,,,,,,,30,,0225-DGJZT-GZ-YIN-DMRM-NEG.d,,Find by MRM,,
269,DGJZT_CGC_94_1,,,475.1,,,,,100,,,,8.994,,,1583,0.475,14971,,,,,Acq,,,,,,,,,,,,,,,30,,0225-DGJZT-GZ-YIN-DMRM-NEG.d,,Find by MRM,,
270,DGJZT_CGC_96_1,,,669.2,,,,,100,,,,9.016,,,659,0.335,5945,,,,,Acq,,,,,,,,,,,,,,,30,,0225-DGJZT-GZ-YIN-DMRM-NEG.d,,Find by MRM,,
271,DGJZT_CGC_100_1,,,835.2,,,,,100,,,,9.081,,,1377,0.373,9474,,,,,Acq,,,,,,,,,,,,,,,30,,0225-DGJZT-GZ-YIN-DMRM-NEG.d,,Find by MRM,,
272,DGJZT_SJ_7_2,,,389.2,,,,,100,,,,9.021,,,813,0.448,7789,,,,,Acq,,,,,,,,,,,,,,,30,,0225-DGJZT-GZ-YIN-DMRM-NEG.d,,Find by MRM,,
273,DGJZT_SJ_7_1,,,389.2,,,,,100,,,,9.029,,,1403,0.469,13849,,,,,Acq,,,,,,,,,,,,,,,30,,0225-DGJZT-GZ-YIN-DMRM-NEG.d,,Find by MRM,,
274,DGJZT_CGC_99_1,,,417.1,,,,,100,,,,9.085,,,16661,0.453,160649,,,,,Acq,,,,,,,,,,,,,,,30,,0225-DGJZT-GZ-YIN-DMRM-NEG.d,,Find by MRM,,
275,DGJZT_BS_143_1,,,615.2,,,,,100,,,,9.15,,,160,0.303,1621,,,,,Acq,,,,,,,,,,,,,,,30,,0225-DGJZT-GZ-YIN-DMRM-NEG.d,,Find by MRM,,
276,DGJZT_DG_70_2,,,237.1,,,,,100,,,,9.279,,,379,0.383,4009,,,,,Acq,,,,,,,,,,,,,,,30,,0225-DGJZT-GZ-YIN-DMRM-NEG.d,,Find by MRM,,
277,DGJZT_DG_69_1,,,193.1,,,,,100,,,,9.289,,,3346,0.452,39192,,,,,Acq,,,,,,,,,,,,,,,30,,0225-DGJZT-GZ-YIN-DMRM-NEG.d,,Find by MRM,,
278,DGJZT_DG_70_3,,,237.1,,,,,100,,,,9.254,,,714,0.417,8341,,,,,Acq,,,,,,,,,,,,,,,30,,0225-DGJZT-GZ-YIN-DMRM-NEG.d,,Find by MRM,,
279,DGJZT_DG_69_2,,,193.1,,,,,100,,,,9.314,,,296,0.473,3571,,,,,Acq,,,,,,,,,,,,,,,30,,0225-DGJZT-GZ-YIN-DMRM-NEG.d,,Find by MRM,,
280,DGJZT_DG_70_1,,,237.1,,,,,100,,,,9.288,,,2663,0.454,30141,,,,,Acq,,,,,,,,,,,,,,,30,,0225-DGJZT-GZ-YIN-DMRM-NEG.d,,Find by MRM,,
281,DGJZT_DG_69_3,,,193.1,,,,,100,,,,9.297,,,174,0.462,2019,,,,,Acq,,,,,,,,,,,,,,,30,,0225-DGJZT-GZ-YIN-DMRM-NEG.d,,Find by MRM,,
282,DGJZT_CGC_106_1,,,695.2,,,,,100,,,,9.391,,,2419,0.431,22756,,,,,Acq,,,,,,,,,,,,,,,30,,0225-DGJZT-GZ-YIN-DMRM-NEG.d,,Find by MRM,,
283,DGJZT_CGC_106_2,,,695.2,,,,,100,,,,9.391,,,150,0.303,1117,,,,,Acq,,,,,,,,,,,,,,,30,,0225-DGJZT-GZ-YIN-DMRM-NEG.d,,Find by MRM,,
284,DGJZT_BS_144_2,,,493.2,,,,,100,,,,9.325,,,630,0.415,5931,,,,,Acq,,,,,,,,,,,,,,,30,,0225-DGJZT-GZ-YIN-DMRM-NEG.d,,Find by MRM,,
285,DGJZT_CGC_108_1,,,725.2,,,,,100,,,,9.432,,,2125,0.408,20480,,,,,Acq,,,,,,,,,,,,,,,30,,0225-DGJZT-GZ-YIN-DMRM-NEG.d,,Find by MRM,,
286,DGJZT_BS_144_1,,,493.2,,,,,100,,,,9.334,,,126,0.139,624,,,,,Acq,,,,,,,,,,,,,,,30,,0225-DGJZT-GZ-YIN-DMRM-NEG.d,,Find by MRM,,
287,DGJZT_BS_147_3,,,491.2,,,,,100,,,,9.571,,,1453,0.453,13018,,,,,Acq,,,,,,,,,,,,,,,30,,0225-DGJZT-GZ-YIN-DMRM-NEG.d,,Find by MRM,,
288,DGJZT_BS_147_1,,,491.2,,,,,100,,,,9.554,,,788,0.383,6749,,,,,Acq,,,,,,,,,,,,,,,30,,0225-DGJZT-GZ-YIN-DMRM-NEG.d,,Find by MRM,,
289,DGJZT_DG_72_2,,,251.1,,,,,100,,,,9.573,,,696,0.33,6918,,,,,Acq,,,,,,,,,,,,,,,30,,0225-DGJZT-GZ-YIN-DMRM-NEG.d,,Find by MRM,,
290,DGJZT_DG_72_1,,,251.1,,,,,100,,,,9.555,,,688,0.395,7152,,,,,Acq,,,,,,,,,,,,,,,30,,0225-DGJZT-GZ-YIN-DMRM-NEG.d,,Find by MRM,,
291,DGJZT_DG_72_3,,,251.1,,,,,100,,,,9.598,,,321,0.434,3662,,,,,Acq,,,,,,,,,,,,,,,30,,0225-DGJZT-GZ-YIN-DMRM-NEG.d,,Find by MRM,,
292,DGJZT_BS_147_2,,,491.2,,,,,100,,,,9.562,,,3051,0.366,26160,,,,,Acq,,,,,,,,,,,,,,,30,,0225-DGJZT-GZ-YIN-DMRM-NEG.d,,Find by MRM,,
293,DGJZT_BS_149_2,,,507.2,,,,,100,,,,9.726,,,311,0.27,2298,,,,,Acq,,,,,,,,,,,,,,,30,,0225-DGJZT-GZ-YIN-DMRM-NEG.d,,Find by MRM,,
294,DGJZT_BS_149_1,,,507.2,,,,,100,,,,9.718,,,135,0.257,1099,,,,,Acq,,,,,,,,,,,,,,,30,,0225-DGJZT-GZ-YIN-DMRM-NEG.d,,Find by MRM,,
295,DGJZT_CGC_113_2,,,591.2,,,,,100,,,,9.809,,,350,0.283,2377,,,,,Acq,,,,,,,,,,,,,,,30,,0225-DGJZT-GZ-YIN-DMRM-NEG.d,,Find by MRM,,
296,DGJZT_BS_150_3,,,493.2,,,,,100,,,,9.761,,,357,0.195,2206,,,,,Acq,,,,,,,,,,,,,,,30,,0225-DGJZT-GZ-YIN-DMRM-NEG.d,,Find by MRM,,
297,DGJZT_BS_150_1,,,493.2,,,,,100,,,,9.829,,,183,0.401,1867,,,,,Acq,,,,,,,,,,,,,,,30,,0225-DGJZT-GZ-YIN-DMRM-NEG.d,,Find by MRM,,
298,DGJZT_GZ_24_1,,,263.1,,,,,100,,,,9.825,,,9,0.152,32,,,,,Acq,,,,,,,,,,,,,,,30,,0225-DGJZT-GZ-YIN-DMRM-NEG.d,,Find by MRM,,
299,DGJZT_BS_154_2,,,491.2,,,,,100,,,,9.923,,,886,0.316,6027,,,,,Acq,,,,,,,,,,,,,,,30,,0225-DGJZT-GZ-YIN-DMRM-NEG.d,,Find by MRM,,
300,DGJZT_BS_153_1,,,445.2,,,,,100,,,,9.924,,,131,0.272,850,,,,,Acq,,,,,,,,,,,,,,,30,,0225-DGJZT-GZ-YIN-DMRM-NEG.d,,Find by MRM,,
301,DGJZT_GZ_24_2,,,263.1,,,,,100,,,,9.867,,,12,0.101,58,,,,,Acq,,,,,,,,,,,,,,,30,,0225-DGJZT-GZ-YIN-DMRM-NEG.d,,Find by MRM,,
302,DGJZT_BS_155_2,,,507.2,,,,,100,,,,9.735,,,1085,0.212,8619,,,,,Acq,,,,,,,,,,,,,,,30,,0225-DGJZT-GZ-YIN-DMRM-NEG.d,,Find by MRM,,
303,DGJZT_BS_154_3,,,491.2,,,,,100,,,,9.932,,,236,0.235,1522,,,,,Acq,,,,,,,,,,,,,,,30,,0225-DGJZT-GZ-YIN-DMRM-NEG.d,,Find by MRM,,
304,DGJZT_BS_154_1,,,491.2,,,,,100,,,,9.924,,,367,0.222,2195,,,,,Acq,,,,,,,,,,,,,,,30,,0225-DGJZT-GZ-YIN-DMRM-NEG.d,,Find by MRM,,
305,DGJZT_BS_153_2,,,445.2,,,,,100,,,,9.924,,,141,0.214,740,,,,,Acq,,,,,,,,,,,,,,,30,,0225-DGJZT-GZ-YIN-DMRM-NEG.d,,Find by MRM,,
306,DGJZT_BS_156_1,,,569.2,,,,,100,,,,10.029,,,1621,0.309,11644,,,,,Acq,,,,,,,,,,,,,,,30,,0225-DGJZT-GZ-YIN-DMRM-NEG.d,,Find by MRM,,
307,DGJZT_BS_156_2,,,569.2,,,,,100,,,,10.013,,,1640,0.338,12038,,,,,Acq,,,,,,,,,,,,,,,30,,0225-DGJZT-GZ-YIN-DMRM-NEG.d,,Find by MRM,,
308,DGJZT_BS_150_2,,,493.2,,,,,100,,,,9.839,,,102,0.215,721,,,,,Acq,,,,,,,,,,,,,,,30,,0225-DGJZT-GZ-YIN-DMRM-NEG.d,,Find by MRM,,
309,DGJZT_DG_73_2,,,429.1,,,,,100,,,,10,,,175,0.4,1707,,,,,Acq,,,,,,,,,,,,,,,30,,0225-DGJZT-GZ-YIN-DMRM-NEG.d,,Find by MRM,,
310,DGJZT_BS_155_3,,,507.2,,,,,100,,,,9.989,,,107,0.337,968,,,,,Acq,,,,,,,,,,,,,,,30,,0225-DGJZT-GZ-YIN-DMRM-NEG.d,,Find by MRM,,
311,DGJZT_CGC_129_1,,,999.4,,,,,100,,,,10.086,,,247,0.2,1543,,,,,Acq,,,,,,,,,,,,,,,30,,0225-DGJZT-GZ-YIN-DMRM-NEG.d,,Find by MRM,,
312,DGJZT_GZ_25_1,,,593.1,,,,,100,,,,10.181,,,12,0.179,46,,,,,Acq,,,,,,,,,,,,,,,30,,0225-DGJZT-GZ-YIN-DMRM-NEG.d,,Find by MRM,,
313,DGJZT_BS_157_1,,,567.2,,,,,100,,,,10.106,,,686,0.383,5484,,,,,Acq,,,,,,,,,,,,,,,30,,0225-DGJZT-GZ-YIN-DMRM-NEG.d,,Find by MRM,,
314,DGJZT_BS_152_1,,,521.3,,,,,100,,,,10.08,,,148,0.277,925,,,,,Acq,,,,,,,,,,,,,,,30,,0225-DGJZT-GZ-YIN-DMRM-NEG.d,,Find by MRM,,
315,DGJZT_CGC_132_1,,,837.4,,,,,100,,,,10.129,,,761,0.31,5702,,,,,Acq,,,,,,,,,,,,,,,30,,0225-DGJZT-GZ-YIN-DMRM-NEG.d,,Find by MRM,,
316,DGJZT_CGC_125_1,,,692.2,,,,,100,,,,10.138,,,758,0.366,6131,,,,,Acq,,,,,,,,,,,,,,,30,,0225-DGJZT-GZ-YIN-DMRM-NEG.d,,Find by MRM,,
317,DGJZT_CGC_122_1,,,459.1,,,,,100,,,,10.143,,,204,0.343,1457,,,,,Acq,,,,,,,,,,,,,,,30,,0225-DGJZT-GZ-YIN-DMRM-NEG.d,,Find by MRM,,
318,DGJZT_GZ_26_3,,,421.1,,,,,100,,,,10.161,,,3,0.118,7,,,,,Acq,,,,,,,,,,,,,,,30,,0225-DGJZT-GZ-YIN-DMRM-NEG.d,,Find by MRM,,
319,DGJZT_BS_160_1,,,507.2,,,,,100,,,,10.252,,,240,0.281,2009,,,,,Acq,,,,,,,,,,,,,,,30,,0225-DGJZT-GZ-YIN-DMRM-NEG.d,,Find by MRM,,
320,DGJZT_CGC_148_1,,,835.4,,,,,100,,,,10.273,,,93,0.204,604,,,,,Acq,,,,,,,,,,,,,,,30,,0225-DGJZT-GZ-YIN-DMRM-NEG.d,,Find by MRM,,
321,DGJZT_BS_160_3,,,507.2,,,,,100,,,,10.268,,,440,0.49,4444,,,,,Acq,,,,,,,,,,,,,,,30,,0225-DGJZT-GZ-YIN-DMRM-NEG.d,,Find by MRM,,
322,DGJZT_BS_160_2,,,507.2,,,,,100,,,,10.26,,,251,0.253,1785,,,,,Acq,,,,,,,,,,,,,,,30,,0225-DGJZT-GZ-YIN-DMRM-NEG.d,,Find by MRM,,
323,DGJZT_CGC_150_1,,,695.2,,,,,100,,,,10.358,,,554,0.346,3893,,,,,Acq,,,,,,,,,,,,,,,30,,0225-DGJZT-GZ-YIN-DMRM-NEG.d,,Find by MRM,,
324,DGJZT_CGC_152_1,,,953.5,,,,,100,,,,10.305,,,201,0.27,1429,,,,,Acq,,,,,,,,,,,,,,,30,,0225-DGJZT-GZ-YIN-DMRM-NEG.d,,Find by MRM,,
325,DGJZT_CGC_151_1,,,725.2,,,,,100,,,,10.349,,,615,0.416,4327,,,,,Acq,,,,,,,,,,,,,,,30,,0225-DGJZT-GZ-YIN-DMRM-NEG.d,,Find by MRM,,
326,DGJZT_CGC_156_1,,,895.4,,,,,100,,,,10.381,,,856,0.232,5908,,,,,Acq,,,,,,,,,,,,,,,30,,0225-DGJZT-GZ-YIN-DMRM-NEG.d,,Find by MRM,,
327,DGJZT_CGC_161_1,,,853.4,,,,,100,,,,10.423,,,1292,0.339,9446,,,,,Acq,,,,,,,,,,,,,,,30,,0225-DGJZT-GZ-YIN-DMRM-NEG.d,,Find by MRM,,
328,DGJZT_CGC_163_1,,,983.5,,,,,100,,,,10.421,,,1278,0.29,9492,,,,,Acq,,,,,,,,,,,,,,,30,,0225-DGJZT-GZ-YIN-DMRM-NEG.d,,Find by MRM,,
329,DGJZT_CGC_163_2,,,983.5,,,,,100,,,,10.422,,,970,0.309,7259,,,,,Acq,,,,,,,,,,,,,,,30,,0225-DGJZT-GZ-YIN-DMRM-NEG.d,,Find by MRM,,
330,DGJZT_BS_159_1,,,597.2,,,,,100,,,,10.478,,,437,0.228,2814,,,,,Acq,,,,,,,,,,,,,,,30,,0225-DGJZT-GZ-YIN-DMRM-NEG.d,,Find by MRM,,
331,DGJZT_CGC_175_1,,,669.2,,,,,100,,,,10.576,,,5298,0.338,38019,,,,,Acq,,,,,,,,,,,,,,,30,,0225-DGJZT-GZ-YIN-DMRM-NEG.d,,Find by MRM,,
332,DGJZT_BS_164_3,,,661.3,,,,,100,,,,10.611,,,309,0.272,2112,,,,,Acq,,,,,,,,,,,,,,,30,,0225-DGJZT-GZ-YIN-DMRM-NEG.d,,Find by MRM,,
333,DGJZT_BS_164_1,,,661.3,,,,,100,,,,10.611,,,226,0.234,1347,,,,,Acq,,,,,,,,,,,,,,,30,,0225-DGJZT-GZ-YIN-DMRM-NEG.d,,Find by MRM,,
334,DGJZT_BS_164_2,,,661.3,,,,,100,,,,10.619,,,206,0.418,1502,,,,,Acq,,,,,,,,,,,,,,,30,,0225-DGJZT-GZ-YIN-DMRM-NEG.d,,Find by MRM,,
335,DGJZT_BS_162_3,,,629.2,,,,,100,,,,10.712,,,5942,0.322,43627,,,,,Acq,,,,,,,,,,,,,,,30,,0225-DGJZT-GZ-YIN-DMRM-NEG.d,,Find by MRM,,
336,DGJZT_BS_162_1,,,629.2,,,,,100,,,,10.712,,,60255,0.299,435697,,,,,Acq,,,,,,,,,,,,,,,30,,0225-DGJZT-GZ-YIN-DMRM-NEG.d,,Find by MRM,,
337,DGJZT_BS_167_3,,,629.2,,,,,100,,,,10.704,,,5984,0.433,46909,,,,,Acq,,,,,,,,,,,,,,,30,,0225-DGJZT-GZ-YIN-DMRM-NEG.d,,Find by MRM,,
338,DGJZT_BS_167_1,,,629.2,,,,,100,,,,10.713,,,62973,0.403,498503,,,,,Acq,,,,,,,,,,,,,,,30,,0225-DGJZT-GZ-YIN-DMRM-NEG.d,,Find by MRM,,
339,DGJZT_BS_166_1,,,553.2,,,,,100,,,,10.706,,,593,0.399,4841,,,,,Acq,,,,,,,,,,,,,,,30,,0225-DGJZT-GZ-YIN-DMRM-NEG.d,,Find by MRM,,
340,DGJZT_CGC_190_1,,,879.4,,,,,100,,,,10.765,,,3637,0.294,24283,,,,,Acq,,,,,,,,,,,,,,,30,,0225-DGJZT-GZ-YIN-DMRM-NEG.d,,Find by MRM,,
341,DGJZT_CGC_190_3,,,879.4,,,,,100,,,,10.749,,,413,0.318,3103,,,,,Acq,,,,,,,,,,,,,,,30,,0225-DGJZT-GZ-YIN-DMRM-NEG.d,,Find by MRM,,
342,DGJZT_CGC_200_1,,,837.4,,,,,100,,,,10.825,,,3906,0.213,27685,,,,,Acq,,,,,,,,,,,,,,,30,,0225-DGJZT-GZ-YIN-DMRM-NEG.d,,Find by MRM,,
343,DGJZT_CGC_200_3,,,837.4,,,,,100,,,,10.817,,,525,0.394,5298,,,,,Acq,,,,,,,,,,,,,,,30,,0225-DGJZT-GZ-YIN-DMRM-NEG.d,,Find by MRM,,
344,DGJZT_CGC_200_2,,,837.4,,,,,100,,,,10.826,,,215,0.206,1512,,,,,Acq,,,,,,,,,,,,,,,30,,0225-DGJZT-GZ-YIN-DMRM-NEG.d,,Find by MRM,,
345,DGJZT_CGC_207_1,,,1027.5,,,,,100,,,,10.874,,,181,0.338,1594,,,,,Acq,,,,,,,,,,,,,,,30,,0225-DGJZT-GZ-YIN-DMRM-NEG.d,,Find by MRM,,
346,DGJZT_CGC_209_1,,,835.4,,,,,100,,,,10.91,,,656,0.256,4351,,,,,Acq,,,,,,,,,,,,,,,30,,0225-DGJZT-GZ-YIN-DMRM-NEG.d,,Find by MRM,,
347,DGJZT_CGC_218_1,,,865.4,,,,,100,,,,11.025,,,130,0.183,721,,,,,Acq,,,,,,,,,,,,,,,30,,0225-DGJZT-GZ-YIN-DMRM-NEG.d,,Find by MRM,,
348,DGJZT_SJ_9_2,,,433.2,,,,,100,,,,11.014,,,200,0.346,1249,,,,,Acq,,,,,,,,,,,,,,,30,,0225-DGJZT-GZ-YIN-DMRM-NEG.d,,Find by MRM,,
349,DGJZT_CGC_213_1,,,807.4,,,,,100,,,,10.995,,,149,0.253,933,,,,,Acq,,,,,,,,,,,,,,,30,,0225-DGJZT-GZ-YIN-DMRM-NEG.d,,Find by MRM,,
350,DGJZT_CGC_217_1,,,297,,,,,100,,,,11.099,,,483,0.281,3148,,,,,Acq,,,,,,,,,,,,,,,30,,0225-DGJZT-GZ-YIN-DMRM-NEG.d,,Find by MRM,,
351,DGJZT_CGC_224_1,,,881.4,,,,,100,,,,11.143,,,655,0.222,3044,,,,,Acq,,,,,,,,,,,,,,,30,,0225-DGJZT-GZ-YIN-DMRM-NEG.d,,Find by MRM,,
352,DGJZT_DG_79_2,,,571.1,,,,,100,,,,11.197,,,53,0.209,268,,,,,Acq,,,,,,,,,,,,,,,30,,0225-DGJZT-GZ-YIN-DMRM-NEG.d,,Find by MRM,,
353,DGJZT_DG_77_2,,,355.1,,,,,100,,,,11.157,,,128,0.36,1032,,,,,Acq,,,,,,,,,,,,,,,30,,0225-DGJZT-GZ-YIN-DMRM-NEG.d,,Find by MRM,,
354,DGJZT_DG_77_3,,,355.1,,,,,100,,,,11.131,,,152,0.263,886,,,,,Acq,,,,,,,,,,,,,,,30,,0225-DGJZT-GZ-YIN-DMRM-NEG.d,,Find by MRM,,
355,DGJZT_DG_77_1,,,355.1,,,,,100,,,,11.14,,,414,0.307,2372,,,,,Acq,,,,,,,,,,,,,,,30,,0225-DGJZT-GZ-YIN-DMRM-NEG.d,,Find by MRM,,
356,DGJZT_CGC_229_1,,,837.4,,,,,100,,,,11.211,,,10282,0.212,72545,,,,,Acq,,,,,,,,,,,,,,,30,,0225-DGJZT-GZ-YIN-DMRM-NEG.d,,Find by MRM,,
357,DGJZT_CGC_229_3,,,837.4,,,,,100,,,,11.22,,,1287,0.226,7976,,,,,Acq,,,,,,,,,,,,,,,30,,0225-DGJZT-GZ-YIN-DMRM-NEG.d,,Find by MRM,,
358,DGJZT_DG_79_1,,,571.1,,,,,100,,,,11.164,,,209,0.327,1624,,,,,Acq,,,,,,,,,,,,,,,30,,0225-DGJZT-GZ-YIN-DMRM-NEG.d,,Find by MRM,,
359,DGJZT_CGC_229_2,,,837.4,,,,,100,,,,11.203,,,498,0.237,3551,,,,,Acq,,,,,,,,,,,,,,,30,,0225-DGJZT-GZ-YIN-DMRM-NEG.d,,Find by MRM,,
360,DGJZT_CGC_238_1,,,819.4,,,,,100,,,,11.288,,,2979,0.395,23069,,,,,Acq,,,,,,,,,,,,,,,30,,0225-DGJZT-GZ-YIN-DMRM-NEG.d,,Find by MRM,,
361,DGJZT_CGC_238_3,,,819.4,,,,,100,,,,11.28,,,397,0.336,2784,,,,,Acq,,,,,,,,,,,,,,,30,,0225-DGJZT-GZ-YIN-DMRM-NEG.d,,Find by MRM,,
362,DGJZT_CGC_238_2,,,819.4,,,,,100,,,,11.288,,,173,0.346,1254,,,,,Acq,,,,,,,,,,,,,,,30,,0225-DGJZT-GZ-YIN-DMRM-NEG.d,,Find by MRM,,
363,DGJZT_GZ_28_2,,,311.1,,,,,100,,,,11.225,,,6,0.126,18,,,,,Acq,,,,,,,,,,,,,,,30,,0225-DGJZT-GZ-YIN-DMRM-NEG.d,,Find by MRM,,
364,DGJZT_GZ_28_1,,,311.1,,,,,100,,,,11.249,,,4,0.101,10,,,,,Acq,,,,,,,,,,,,,,,30,,0225-DGJZT-GZ-YIN-DMRM-NEG.d,,Find by MRM,,
365,DGJZT_CGC_240_1,,,967.5,,,,,100,,,,11.268,,,448,0.322,3536,,,,,Acq,,,,,,,,,,,,,,,30,,0225-DGJZT-GZ-YIN-DMRM-NEG.d,,Find by MRM,,
366,DGJZT_CGC_244_1,,,791.4,,,,,100,,,,11.331,,,190,0.275,1414,,,,,Acq,,,,,,,,,,,,,,,30,,0225-DGJZT-GZ-YIN-DMRM-NEG.d,,Find by MRM,,
367,DGJZT_BS_174_1,,,665.4,,,,,100,,,,11.365,,,419,0.264,3122,,,,,Acq,,,,,,,,,,,,,,,30,,0225-DGJZT-GZ-YIN-DMRM-NEG.d,,Find by MRM,,
368,DGJZT_SJ_10_3,,,431.2,,,,,100,,,,11.374,,,163,0.268,1173,,,,,Acq,,,,,,,,,,,,,,,30,,0225-DGJZT-GZ-YIN-DMRM-NEG.d,,Find by MRM,,
369,DGJZT_CGC_254_1,,,985.5,,,,,100,,,,11.385,,,1169,0.251,7551,,,,,Acq,,,,,,,,,,,,,,,30,,0225-DGJZT-GZ-YIN-DMRM-NEG.d,,Find by MRM,,
370,DGJZT_CGC_254_3,,,985.5,,,,,100,,,,11.36,,,104,0.18,641,,,,,Acq,,,,,,,,,,,,,,,30,,0225-DGJZT-GZ-YIN-DMRM-NEG.d,,Find by MRM,,
371,DGJZT_CGC_251_1,,,911.4,,,,,100,,,,11.394,,,1234,0.333,7597,,,,,Acq,,,,,,,,,,,,,,,30,,0225-DGJZT-GZ-YIN-DMRM-NEG.d,,Find by MRM,,
372,DGJZT_CGC_248_1,,,863.4,,,,,100,,,,11.386,,,1042,0.403,7096,,,,,Acq,,,,,,,,,,,,,,,30,,0225-DGJZT-GZ-YIN-DMRM-NEG.d,,Find by MRM,,
373,DGJZT_CGC_250_1,,,837.4,,,,,100,,,,11.211,,,8908,0.21,57888,,,,,Acq,,,,,,,,,,,,,,,30,,0225-DGJZT-GZ-YIN-DMRM-NEG.d,,Find by MRM,,
374,DGJZT_CGC_250_3,,,837.4,,,,,100,,,,11.211,,,1079,0.207,6474,,,,,Acq,,,,,,,,,,,,,,,30,,0225-DGJZT-GZ-YIN-DMRM-NEG.d,,Find by MRM,,
375,DGJZT_SJ_10_1,,,431.2,,,,,100,,,,11.366,,,2010,0.403,14035,,,,,Acq,,,,,,,,,,,,,,,30,,0225-DGJZT-GZ-YIN-DMRM-NEG.d,,Find by MRM,,
376,DGJZT_SJ_10_2,,,431.2,,,,,100,,,,11.383,,,522,0.276,3779,,,,,Acq,,,,,,,,,,,,,,,30,,0225-DGJZT-GZ-YIN-DMRM-NEG.d,,Find by MRM,,
377,DGJZT_CGC_250_2,,,837.4,,,,,100,,,,11.387,,,62,0.166,346,,,,,Acq,,,,,,,,,,,,,,,30,,0225-DGJZT-GZ-YIN-DMRM-NEG.d,,Find by MRM,,
378,DGJZT_CGC_259_1,,,299.1,,,,,100,,,,11.519,,,150,0.218,1200,,,,,Acq,,,,,,,,,,,,,,,30,,0225-DGJZT-GZ-YIN-DMRM-NEG.d,,Find by MRM,,
379,DGJZT_CGC_264_3,,,821.4,,,,,100,,,,11.557,,,1939,0.377,23892,,,,,Acq,,,,,,,,,,,,,,,30,,0225-DGJZT-GZ-YIN-DMRM-NEG.d,,Find by MRM,,
380,DGJZT_BS_175_1,,,735.2,,,,,100,,,,11.449,,,103,0.155,439,,,,,Acq,,,,,,,,,,,,,,,30,,0225-DGJZT-GZ-YIN-DMRM-NEG.d,,Find by MRM,,
381,DGJZT_CGC_264_1,,,821.4,,,,,100,,,,11.582,,,17708,0.373,241511,,,,,Acq,,,,,,,,,,,,,,,30,,0225-DGJZT-GZ-YIN-DMRM-NEG.d,,Find by MRM,,
382,DGJZT_CGC_285_1,,,969.5,,,,,100,,,,11.729,,,532,0.41,4319,,,,,Acq,,,,,,,,,,,,,,,30,,0225-DGJZT-GZ-YIN-DMRM-NEG.d,,Find by MRM,,
383,DGJZT_CGC_282_1,,,955.5,,,,,100,,,,11.729,,,376,0.189,1867,,,,,Acq,,,,,,,,,,,,,,,30,,0225-DGJZT-GZ-YIN-DMRM-NEG.d,,Find by MRM,,
384,DGJZT_CGC_289_2,,,807.4,,,,,100,,,,11.791,,,2026,0.37,15198,,,,,Acq,,,,,,,,,,,,,,,30,,0225-DGJZT-GZ-YIN-DMRM-NEG.d,,Find by MRM,,
385,DGJZT_DG_80_3,,,399.1,,,,,100,,,,11.784,,,337,0.355,2761,,,,,Acq,,,,,,,,,,,,,,,30,,0225-DGJZT-GZ-YIN-DMRM-NEG.d,,Find by MRM,,
386,DGJZT_DG_80_2,,,399.1,,,,,100,,,,11.767,,,199,0.373,1582,,,,,Acq,,,,,,,,,,,,,,,30,,0225-DGJZT-GZ-YIN-DMRM-NEG.d,,Find by MRM,,
387,DGJZT_CGC_278_1,,,255.1,,,,,100,,,,11.754,,,3547,0.385,25747,,,,,Acq,,,,,,,,,,,,,,,30,,0225-DGJZT-GZ-YIN-DMRM-NEG.d,,Find by MRM,,
388,DGJZT_CGC_289_3,,,807.4,,,,,100,,,,11.8,,,306,0.371,2162,,,,,Acq,,,,,,,,,,,,,,,30,,0225-DGJZT-GZ-YIN-DMRM-NEG.d,,Find by MRM,,
389,DGJZT_DG_80_1,,,399.1,,,,,100,,,,11.808,,,218,0.305,1772,,,,,Acq,,,,,,,,,,,,,,,30,,0225-DGJZT-GZ-YIN-DMRM-NEG.d,,Find by MRM,,
390,DGJZT_CGC_293_1,,,821.4,,,,,100,,,,11.864,,,10956,0.339,122657,,,,,Acq,,,,,,,,,,,,,,,30,,0225-DGJZT-GZ-YIN-DMRM-NEG.d,,Find by MRM,,
391,DGJZT_CGC_293_3,,,821.4,,,,,100,,,,11.881,,,1090,0.297,9223,,,,,Acq,,,,,,,,,,,,,,,30,,0225-DGJZT-GZ-YIN-DMRM-NEG.d,,Find by MRM,,
392,DGJZT_CGC_293_2,,,821.4,,,,,100,,,,11.873,,,570,0.28,4447,,,,,Acq,,,,,,,,,,,,,,,30,,0225-DGJZT-GZ-YIN-DMRM-NEG.d,,Find by MRM,,
393,DGJZT_DG_81_2,,,357.1,,,,,100,,,,11.951,,,515,0.449,4922,,,,,Acq,,,,,,,,,,,,,,,30,,0225-DGJZT-GZ-YIN-DMRM-NEG.d,,Find by MRM,,
394,DGJZT_CGC_291_1,,,267.1,,,,,100,,,,11.93,,,2484,0.364,18047,,,,,Acq,,,,,,,,,,,,,,,30,,0225-DGJZT-GZ-YIN-DMRM-NEG.d,,Find by MRM,,
395,DGJZT_CGC_291_2,,,267.1,,,,,100,,,,11.93,,,1636,0.366,12483,,,,,Acq,,,,,,,,,,,,,,,30,,0225-DGJZT-GZ-YIN-DMRM-NEG.d,,Find by MRM,,
396,DGJZT_CGC_291_3,,,267.1,,,,,100,,,,11.93,,,661,0.327,5283,,,,,Acq,,,,,,,,,,,,,,,30,,0225-DGJZT-GZ-YIN-DMRM-NEG.d,,Find by MRM,,
397,DGJZT_DG_81_1,,,357.1,,,,,100,,,,11.96,,,210,0.335,2668,,,,,Acq,,,,,,,,,,,,,,,30,,0225-DGJZT-GZ-YIN-DMRM-NEG.d,,Find by MRM,,
398,DGJZT_CGC_301_1,,,939.5,,,,,100,,,,12.023,,,177,0.193,1111,,,,,Acq,,,,,,,,,,,,,,,30,,0225-DGJZT-GZ-YIN-DMRM-NEG.d,,Find by MRM,,
399,DGJZT_CGC_305_1,,,823.4,,,,,100,,,,12.099,,,3601,0.247,24132,,,,,Acq,,,,,,,,,,,,,,,30,,0225-DGJZT-GZ-YIN-DMRM-NEG.d,,Find by MRM,,
400,DGJZT_DG_87_3,,,517.2,,,,,100,,,,12.017,,,88,0.234,689,,,,,Acq,,,,,,,,,,,,,,,30,,0225-DGJZT-GZ-YIN-DMRM-NEG.d,,Find by MRM,,
401,DGJZT_SJ_12_1,,,475.2,,,,,100,,,,12.067,,,96,0.241,731,,,,,Acq,,,,,,,,,,,,,,,30,,0225-DGJZT-GZ-YIN-DMRM-NEG.d,,Find by MRM,,
402,DGJZT_GZ_31_1,,,325.1,,,,,100,,,,12.111,,,51,0.125,239,,,,,Acq,,,,,,,,,,,,,,,30,,0225-DGJZT-GZ-YIN-DMRM-NEG.d,,Find by MRM,,
403,DGJZT_GZ_31_2,,,325.1,,,,,100,,,,11.869,,,6,0.11,13,,,,,Acq,,,,,,,,,,,,,,,30,,0225-DGJZT-GZ-YIN-DMRM-NEG.d,,Find by MRM,,
404,DGJZT_DG_89_3,,,313.1,,,,,100,,,,12.104,,,73,0.229,410,,,,,Acq,,,,,,,,,,,,,,,30,,0225-DGJZT-GZ-YIN-DMRM-NEG.d,,Find by MRM,,
405,DGJZT_GZ_29_1,,,295.1,,,,,100,,,,11.828,,,4,0.069,7,,,,,Acq,,,,,,,,,,,,,,,30,,0225-DGJZT-GZ-YIN-DMRM-NEG.d,,Find by MRM,,
406,DGJZT_GZ_29_2,,,295.1,,,,,100,,,,12.064,,,0,0.117,1,,,,,Acq,,,,,,,,,,,,,,,30,,0225-DGJZT-GZ-YIN-DMRM-NEG.d,,Find by MRM,,
407,DGJZT_CGC_305_3,,,823.4,,,,,100,,,,12.082,,,294,0.187,1787,,,,,Acq,,,,,,,,,,,,,,,30,,0225-DGJZT-GZ-YIN-DMRM-NEG.d,,Find by MRM,,
408,DGJZT_CGC_310_1,,,777.4,,,,,100,,,,12.15,,,221,0.337,1533,,,,,Acq,,,,,,,,,,,,,,,30,,0225-DGJZT-GZ-YIN-DMRM-NEG.d,,Find by MRM,,
409,DGJZT_DG_90_1,,,357.1,,,,,100,,,,12.11,,,235,0.268,1901,,,,,Acq,,,,,,,,,,,,,,,30,,0225-DGJZT-GZ-YIN-DMRM-NEG.d,,Find by MRM,,
410,DGJZT_GZ_31_3,,,325.1,,,,,100,,,,12.144,,,11,0.141,27,,,,,Acq,,,,,,,,,,,,,,,30,,0225-DGJZT-GZ-YIN-DMRM-NEG.d,,Find by MRM,,
411,DGJZT_DG_88_3,,,383.2,,,,,100,,,,12.142,,,200,0.434,2930,,,,,Acq,,,,,,,,,,,,,,,30,,0225-DGJZT-GZ-YIN-DMRM-NEG.d,,Find by MRM,,
412,DGJZT_GZ_32_2,,,313.2,,,,,100,,,,12.304,,,20,0.142,66,,,,,Acq,,,,,,,,,,,,,,,30,,0225-DGJZT-GZ-YIN-DMRM-NEG.d,,Find by MRM,,
413,DGJZT_DG_89_1,,,313.1,,,,,100,,,,12.112,,,1380,0.394,10610,,,,,Acq,,,,,,,,,,,,,,,30,,0225-DGJZT-GZ-YIN-DMRM-NEG.d,,Find by MRM,,
414,DGJZT_DG_89_2,,,313.1,,,,,100,,,,12.112,,,188,0.319,1497,,,,,Acq,,,,,,,,,,,,,,,30,,0225-DGJZT-GZ-YIN-DMRM-NEG.d,,Find by MRM,,
415,DGJZT_CGC_313_1,,,369.1,,,,,100,,,,12.185,,,275,0.35,2032,,,,,Acq,,,,,,,,,,,,,,,30,,0225-DGJZT-GZ-YIN-DMRM-NEG.d,,Find by MRM,,
416,DGJZT_DG_90_2,,,357.1,,,,,100,,,,12.16,,,35,0.084,69,,,,,Acq,,,,,,,,,,,,,,,30,,0225-DGJZT-GZ-YIN-DMRM-NEG.d,,Find by MRM,,
417,DGJZT_GZ_32_1,,,313.2,,,,,100,,,,12.397,,,7,0.073,14,,,,,Acq,,,,,,,,,,,,,,,30,,0225-DGJZT-GZ-YIN-DMRM-NEG.d,,Find by MRM,,
418,DGJZT_DG_91_2,,,205.1,,,,,100,,,,12.274,,,51,0.092,151,,,,,Acq,,,,,,,,,,,,,,,30,,0225-DGJZT-GZ-YIN-DMRM-NEG.d,,Find by MRM,,
419,DGJZT_DG_91_1,,,205.1,,,,,100,,,,12.224,,,110,0.287,755,,,,,Acq,,,,,,,,,,,,,,,30,,0225-DGJZT-GZ-YIN-DMRM-NEG.d,,Find by MRM,,
420,DGJZT_CGC_314_1,,,805.4,,,,,100,,,,12.276,,,1110,0.183,7139,,,,,Acq,,,,,,,,,,,,,,,30,,0225-DGJZT-GZ-YIN-DMRM-NEG.d,,Find by MRM,,
421,DGJZT_CGC_314_3,,,805.4,,,,,100,,,,12.293,,,160,0.206,1069,,,,,Acq,,,,,,,,,,,,,,,30,,0225-DGJZT-GZ-YIN-DMRM-NEG.d,,Find by MRM,,
422,DGJZT_SJ_13_1,,,355.2,,,,,100,,,,12.303,,,41,0.368,376,,,,,Acq,,,,,,,,,,,,,,,30,,0225-DGJZT-GZ-YIN-DMRM-NEG.d,,Find by MRM,,
423,DGJZT_GZ_33_2,,,265.1,,,,,100,,,,12.54,,,2,0.091,4,,,,,Acq,,,,,,,,,,,,,,,30,,0225-DGJZT-GZ-YIN-DMRM-NEG.d,,Find by MRM,,
424,DGJZT_GZ_33_3,,,265.1,,,,,100,,,,12.308,,,4,0.126,16,,,,,Acq,,,,,,,,,,,,,,,30,,0225-DGJZT-GZ-YIN-DMRM-NEG.d,,Find by MRM,,
425,DGJZT_DG_92_1,,,203.1,,,,,100,,,,12.584,,,1597,0.167,32457,,,,,Acq,,,,,,,,,,,,,,,30,,0225-DGJZT-GZ-YIN-DMRM-NEG.d,,Find by MRM,,
426,DGJZT_DG_92_2,,,203.1,,,,,100,,,,12.585,,,4046,0.176,79767,,,,,Acq,,,,,,,,,,,,,,,30,,0225-DGJZT-GZ-YIN-DMRM-NEG.d,,Find by MRM,,
427,DGJZT_DG_92_3,,,203.1,,,,,100,,,,12.585,,,1084,0.167,20359,,,,,Acq,,,,,,,,,,,,,,,30,,0225-DGJZT-GZ-YIN-DMRM-NEG.d,,Find by MRM,,
428,DGJZT_GZ_33_1,,,265.1,,,,,100,,,,12.324,,,0,0.131,1,,,,,Acq,,,,,,,,,,,,,,,30,,0225-DGJZT-GZ-YIN-DMRM-NEG.d,,Find by MRM,,
429,DGJZT_CGC_324_1,,,805.4,,,,,100,,,,12.268,,,1892,0.143,11454,,,,,Acq,,,,,,,,,,,,,,,30,,0225-DGJZT-GZ-YIN-DMRM-NEG.d,,Find by MRM,,
430,DGJZT_CGC_325_1,,,353.1,,,,,100,,,,12.531,,,2814,0.451,22004,,,,,Acq,,,,,,,,,,,,,,,30,,0225-DGJZT-GZ-YIN-DMRM-NEG.d,,Find by MRM,,
431,DGJZT_DZ_45_1,,,517.3,,,,,100,,,,12.713,,,205,0.353,1777,,,,,Acq,,,,,,,,,,,,,,,30,,0225-DGJZT-GZ-YIN-DMRM-NEG.d,,Find by MRM,,
432,DGJZT_CGC_336_1,,,367.1,,,,,100,,,,12.788,,,51789,0.357,389808,,,,,Acq,,,,,,,,,,,,,,,30,,0225-DGJZT-GZ-YIN-DMRM-NEG.d,,Find by MRM,,
433,DGJZT_CGC_336_2,,,367.1,,,,,100,,,,12.781,,,15005,0.369,114520,,,,,Acq,,,,,,,,,,,,,,,30,,0225-DGJZT-GZ-YIN-DMRM-NEG.d,,Find by MRM,,
434,DGJZT_CGC_336_3,,,367.1,,,,,100,,,,12.781,,,1920,0.325,14119,,,,,Acq,,,,,,,,,,,,,,,30,,0225-DGJZT-GZ-YIN-DMRM-NEG.d,,Find by MRM,,
435,DGJZT_DZ_46_2,,,287.2,,,,,100,,,,12.752,,,41,0.255,304,,,,,Acq,,,,,,,,,,,,,,,30,,0225-DGJZT-GZ-YIN-DMRM-NEG.d,,Find by MRM,,
436,DGJZT_CGC_337_1,,,323.1,,,,,100,,,,12.811,,,249,0.398,1833,,,,,Acq,,,,,,,,,,,,,,,30,,0225-DGJZT-GZ-YIN-DMRM-NEG.d,,Find by MRM,,
437,DGJZT_CGC_338_2,,,355.1,,,,,100,,,,12.858,,,5161,0.366,37660,,,,,Acq,,,,,,,,,,,,,,,30,,0225-DGJZT-GZ-YIN-DMRM-NEG.d,,Find by MRM,,
438,DGJZT_CGC_338_3,,,355.1,,,,,100,,,,12.858,,,2315,0.363,17187,,,,,Acq,,,,,,,,,,,,,,,30,,0225-DGJZT-GZ-YIN-DMRM-NEG.d,,Find by MRM,,
439,DGJZT_CGC_338_1,,,355.1,,,,,100,,,,12.859,,,13039,0.389,97378,,,,,Acq,,,,,,,,,,,,,,,30,,0225-DGJZT-GZ-YIN-DMRM-NEG.d,,Find by MRM,,
440,DGJZT_CGC_344_1,,,805.4,,,,,100,,,,12.921,,,396,0.294,3736,,,,,Acq,,,,,,,,,,,,,,,30,,0225-DGJZT-GZ-YIN-DMRM-NEG.d,,Find by MRM,,
441,DGJZT_CGC_341_1,,,711.3,,,,,100,,,,12.905,,,5793,0.334,31098,,,,,Acq,,,,,,,,,,,,,,,30,,0225-DGJZT-GZ-YIN-DMRM-NEG.d,,Find by MRM,,
442,DGJZT_CGC_346_1,,,369.1,,,,,100,,,,12.989,,,905,0.381,6456,,,,,Acq,,,,,,,,,,,,,,,30,,0225-DGJZT-GZ-YIN-DMRM-NEG.d,,Find by MRM,,
443,DGJZT_CGC_347_2,,,351.1,,,,,100,,,,13.034,,,1020,0.264,6640,,,,,Acq,,,,,,,,,,,,,,,30,,0225-DGJZT-GZ-YIN-DMRM-NEG.d,,Find by MRM,,
444,DGJZT_CGC_347_3,,,351.1,,,,,100,,,,13.034,,,1962,0.353,14581,,,,,Acq,,,,,,,,,,,,,,,30,,0225-DGJZT-GZ-YIN-DMRM-NEG.d,,Find by MRM,,
445,DGJZT_CGC_347_1,,,351.1,,,,,100,,,,13.026,,,2113,0.329,15648,,,,,Acq,,,,,,,,,,,,,,,30,,0225-DGJZT-GZ-YIN-DMRM-NEG.d,,Find by MRM,,
446,DGJZT_CGC_345_1,,,337.1,,,,,100,,,,12.994,,,95,0.409,851,,,,,Acq,,,,,,,,,,,,,,,30,,0225-DGJZT-GZ-YIN-DMRM-NEG.d,,Find by MRM,,
447,DGJZT_CGC_354_1,,,823.4,,,,,100,,,,13.105,,,105,0.195,620,,,,,Acq,,,,,,,,,,,,,,,30,,0225-DGJZT-GZ-YIN-DMRM-NEG.d,,Find by MRM,,
448,DGJZT_CGC_353_1,,,807.4,,,,,100,,,,13.113,,,210,0.302,1641,,,,,Acq,,,,,,,,,,,,,,,30,,0225-DGJZT-GZ-YIN-DMRM-NEG.d,,Find by MRM,,
449,DGJZT_CGC_355_1,,,339.1,,,,,100,,,,13.16,,,3300,0.389,23795,,,,,Acq,,,,,,,,,,,,,,,30,,0225-DGJZT-GZ-YIN-DMRM-NEG.d,,Find by MRM,,
450,DGJZT_CGC_355_2,,,339.1,,,,,100,,,,13.16,,,2029,0.375,14558,,,,,Acq,,,,,,,,,,,,,,,30,,0225-DGJZT-GZ-YIN-DMRM-NEG.d,,Find by MRM,,
451,DGJZT_CGC_355_3,,,339.1,,,,,100,,,,13.144,,,900,0.401,6845,,,,,Acq,,,,,,,,,,,,,,,30,,0225-DGJZT-GZ-YIN-DMRM-NEG.d,,Find by MRM,,
452,DGJZT_CGC_351_1,,,313.1,,,,,100,,,,13.171,,,1254,0.354,8994,,,,,Acq,,,,,,,,,,,,,,,30,,0225-DGJZT-GZ-YIN-DMRM-NEG.d,,Find by MRM,,
453,DGJZT_CGC_351_2,,,313.1,,,,,100,,,,13.163,,,597,0.357,4172,,,,,Acq,,,,,,,,,,,,,,,30,,0225-DGJZT-GZ-YIN-DMRM-NEG.d,,Find by MRM,,
454,DGJZT_CGC_357_2,,,353.1,,,,,100,,,,13.257,,,4874,0.346,33973,,,,,Acq,,,,,,,,,,,,,,,30,,0225-DGJZT-GZ-YIN-DMRM-NEG.d,,Find by MRM,,
455,DGJZT_DZ_48_1,,,487.3,,,,,100,,,,13.365,,,331,0.359,2323,,,,,Acq,,,,,,,,,,,,,,,30,,0225-DGJZT-GZ-YIN-DMRM-NEG.d,,Find by MRM,,
456,DGJZT_CGC_357_3,,,353.1,,,,,100,,,,13.308,,,2155,0.331,16840,,,,,Acq,,,,,,,,,,,,,,,30,,0225-DGJZT-GZ-YIN-DMRM-NEG.d,,Find by MRM,,
457,DGJZT_CGC_357_1,,,353.1,,,,,100,,,,13.318,,,42520,0.402,336255,,,,,Acq,,,,,,,,,,,,,,,30,,0225-DGJZT-GZ-YIN-DMRM-NEG.d,,Find by MRM,,
458,DGJZT_CGC_359_2,,,337.1,,,,,100,,,,13.337,,,552,0.393,4188,,,,,Acq,,,,,,,,,,,,,,,30,,0225-DGJZT-GZ-YIN-DMRM-NEG.d,,Find by MRM,,
459,DGJZT_CGC_364_1,,,365.1,,,,,100,,,,13.528,,,8357,0.39,62166,,,,,Acq,,,,,,,,,,,,,,,30,,0225-DGJZT-GZ-YIN-DMRM-NEG.d,,Find by MRM,,
460,DGJZT_CGC_364_2,,,365.1,,,,,100,,,,13.528,,,3247,0.407,25484,,,,,Acq,,,,,,,,,,,,,,,30,,0225-DGJZT-GZ-YIN-DMRM-NEG.d,,Find by MRM,,
461,DGJZT_DZ_49_3,,,501.3,,,,,100,,,,13.674,,,172,0.196,1319,,,,,Acq,,,,,,,,,,,,,,,30,,0225-DGJZT-GZ-YIN-DMRM-NEG.d,,Find by MRM,,
462,DGJZT_CGC_368_1,,,337.1,,,,,100,,,,13.64,,,68,0.343,515,,,,,Acq,,,,,,,,,,,,,,,30,,0225-DGJZT-GZ-YIN-DMRM-NEG.d,,Find by MRM,,
463,DGJZT_DZ_49_2,,,501.3,,,,,100,,,,13.674,,,861,0.312,6176,,,,,Acq,,,,,,,,,,,,,,,30,,0225-DGJZT-GZ-YIN-DMRM-NEG.d,,Find by MRM,,
464,DGJZT_DZ_50_1,,,450.3,,,,,100,,,,13.684,,,191,0.328,2398,,,,,Acq,,,,,,,,,,,,,,,30,,0225-DGJZT-GZ-YIN-DMRM-NEG.d,,Find by MRM,,
465,DGJZT_DZ_49_1,,,501.3,,,,,100,,,,13.675,,,148,0.295,1303,,,,,Acq,,,,,,,,,,,,,,,30,,0225-DGJZT-GZ-YIN-DMRM-NEG.d,,Find by MRM,,
466,DGJZT_DZ_50_2,,,450.3,,,,,100,,,,13.634,,,150,0.367,1923,,,,,Acq,,,,,,,,,,,,,,,30,,0225-DGJZT-GZ-YIN-DMRM-NEG.d,,Find by MRM,,
467,DGJZT_DG_96_2,,,409.2,,,,,100,,,,13.719,,,79,0.109,336,,,,,Acq,,,,,,,,,,,,,,,30,,0225-DGJZT-GZ-YIN-DMRM-NEG.d,,Find by MRM,,
468,DGJZT_DG_96_3,,,409.2,,,,,100,,,,13.702,,,64,0.263,302,,,,,Acq,,,,,,,,,,,,,,,30,,0225-DGJZT-GZ-YIN-DMRM-NEG.d,,Find by MRM,,
469,DGJZT_CGC_374_1,,,369.1,,,,,100,,,,13.73,,,2173,0.353,15780,,,,,Acq,,,,,,,,,,,,,,,30,,0225-DGJZT-GZ-YIN-DMRM-NEG.d,,Find by MRM,,
470,DGJZT_CGC_373_1,,,339.1,,,,,100,,,,13.707,,,292,0.299,1846,,,,,Acq,,,,,,,,,,,,,,,30,,0225-DGJZT-GZ-YIN-DMRM-NEG.d,,Find by MRM,,
471,DGJZT_DG_96_1,,,409.2,,,,,100,,,,13.685,,,1085,0.286,7390,,,,,Acq,,,,,,,,,,,,,,,30,,0225-DGJZT-GZ-YIN-DMRM-NEG.d,,Find by MRM,,
472,DGJZT_CGC_374_3,,,369.1,,,,,100,,,,13.73,,,597,0.304,4410,,,,,Acq,,,,,,,,,,,,,,,30,,0225-DGJZT-GZ-YIN-DMRM-NEG.d,,Find by MRM,,
473,DGJZT_CGC_374_2,,,369.1,,,,,100,,,,13.73,,,166,0.26,1020,,,,,Acq,,,,,,,,,,,,,,,30,,0225-DGJZT-GZ-YIN-DMRM-NEG.d,,Find by MRM,,
474,DGJZT_BS_177_1,,,723.4,,,,,100,,,,13.784,,,193,0.206,1109,,,,,Acq,,,,,,,,,,,,,,,30,,0225-DGJZT-GZ-YIN-DMRM-NEG.d,,Find by MRM,,
475,DGJZT_DG_97_2,,,397.2,,,,,100,,,,13.753,,,99,0.328,684,,,,,Acq,,,,,,,,,,,,,,,30,,0225-DGJZT-GZ-YIN-DMRM-NEG.d,,Find by MRM,,
476,DGJZT_CGC_375_2,,,371.1,,,,,100,,,,13.797,,,1822,0.384,12861,,,,,Acq,,,,,,,,,,,,,,,30,,0225-DGJZT-GZ-YIN-DMRM-NEG.d,,Find by MRM,,
477,DGJZT_CGC_375_1,,,371.1,,,,,100,,,,13.78,,,4540,0.379,32128,,,,,Acq,,,,,,,,,,,,,,,30,,0225-DGJZT-GZ-YIN-DMRM-NEG.d,,Find by MRM,,
478,DGJZT_DG_98_2,,,395.2,,,,,100,,,,13.88,,,43,0.185,184,,,,,Acq,,,,,,,,,,,,,,,30,,0225-DGJZT-GZ-YIN-DMRM-NEG.d,,Find by MRM,,
479,DGJZT_DG_98_1,,,395.2,,,,,100,,,,13.889,,,413,0.342,3009,,,,,Acq,,,,,,,,,,,,,,,30,,0225-DGJZT-GZ-YIN-DMRM-NEG.d,,Find by MRM,,
480,DGJZT_DG_98_3,,,395.2,,,,,100,,,,13.889,,,120,0.284,913,,,,,Acq,,,,,,,,,,,,,,,30,,0225-DGJZT-GZ-YIN-DMRM-NEG.d,,Find by MRM,,
481,DGJZT_DG_104_3,,,817.4,,,,,100,,,,13.934,,,2348,0.319,11801,,,,,Acq,,,,,,,,,,,,,,,30,,0225-DGJZT-GZ-YIN-DMRM-NEG.d,,Find by MRM,,
482,DGJZT_DG_104_1,,,817.4,,,,,100,,,,13.934,,,314,0.332,1588,,,,,Acq,,,,,,,,,,,,,,,30,,0225-DGJZT-GZ-YIN-DMRM-NEG.d,,Find by MRM,,
483,DGJZT_DG_104_2,,,817.4,,,,,100,,,,13.935,,,63,0.235,305,,,,,Acq,,,,,,,,,,,,,,,30,,0225-DGJZT-GZ-YIN-DMRM-NEG.d,,Find by MRM,,
484,DGJZT_DG_103_3,,,795.4,,,,,100,,,,13.935,,,5929,0.335,31095,,,,,Acq,,,,,,,,,,,,,,,30,,0225-DGJZT-GZ-YIN-DMRM-NEG.d,,Find by MRM,,
485,DGJZT_DG_103_1,,,795.4,,,,,100,,,,13.927,,,741,0.327,3514,,,,,Acq,,,,,,,,,,,,,,,30,,0225-DGJZT-GZ-YIN-DMRM-NEG.d,,Find by MRM,,
486,DGJZT_DG_97_1,,,397.2,,,,,100,,,,13.939,,,5939,0.396,46064,,,,,Acq,,,,,,,,,,,,,,,30,,0225-DGJZT-GZ-YIN-DMRM-NEG.d,,Find by MRM,,
487,DGJZT_DG_97_3,,,397.2,,,,,100,,,,13.93,,,1616,0.363,11446,,,,,Acq,,,,,,,,,,,,,,,30,,0225-DGJZT-GZ-YIN-DMRM-NEG.d,,Find by MRM,,
488,DGJZT_DG_101_2,,,397.2,,,,,100,,,,13.939,,,10295,0.418,77607,,,,,Acq,,,,,,,,,,,,,,,30,,0225-DGJZT-GZ-YIN-DMRM-NEG.d,,Find by MRM,,
489,DGJZT_DG_101_3,,,397.2,,,,,100,,,,13.939,,,6278,0.41,45850,,,,,Acq,,,,,,,,,,,,,,,30,,0225-DGJZT-GZ-YIN-DMRM-NEG.d,,Find by MRM,,
490,DGJZT_DG_103_2,,,795.4,,,,,100,,,,13.944,,,114,0.236,509,,,,,Acq,,,,,,,,,,,,,,,30,,0225-DGJZT-GZ-YIN-DMRM-NEG.d,,Find by MRM,,
491,DGJZT_DG_102_2,,,497.1,,,,,100,,,,13.936,,,177,0.32,1164,,,,,Acq,,,,,,,,,,,,,,,30,,0225-DGJZT-GZ-YIN-DMRM-NEG.d,,Find by MRM,,
492,DGJZT_DG_102_1,,,497.1,,,,,100,,,,13.928,,,708,0.372,5375,,,,,Acq,,,,,,,,,,,,,,,30,,0225-DGJZT-GZ-YIN-DMRM-NEG.d,,Find by MRM,,
493,DGJZT_DG_101_1,,,397.2,,,,,100,,,,13.939,,,23753,0.481,184525,,,,,Acq,,,,,,,,,,,,,,,30,,0225-DGJZT-GZ-YIN-DMRM-NEG.d,,Find by MRM,,
494,DGJZT_DG_100_2,,,353.2,,,,,100,,,,13.95,,,335,0.376,2341,,,,,Acq,,,,,,,,,,,,,,,30,,0225-DGJZT-GZ-YIN-DMRM-NEG.d,,Find by MRM,,
495,DGJZT_DG_100_1,,,353.2,,,,,100,,,,13.942,,,315,0.218,2038,,,,,Acq,,,,,,,,,,,,,,,30,,0225-DGJZT-GZ-YIN-DMRM-NEG.d,,Find by MRM,,
496,DGJZT_DG_100_3,,,353.2,,,,,100,,,,13.916,,,94,0.286,605,,,,,Acq,,,,,,,,,,,,,,,30,,0225-DGJZT-GZ-YIN-DMRM-NEG.d,,Find by MRM,,
497,DGJZT_CGC_379_2,,,351.1,,,,,100,,,,13.975,,,37358,0.369,255461,,,,,Acq,,,,,,,,,,,,,,,30,,0225-DGJZT-GZ-YIN-DMRM-NEG.d,,Find by MRM,,
498,DGJZT_CGC_379_3,,,351.1,,,,,100,,,,13.976,,,12247,0.377,84157,,,,,Acq,,,,,,,,,,,,,,,30,,0225-DGJZT-GZ-YIN-DMRM-NEG.d,,Find by MRM,,
499,DGJZT_CGC_379_1,,,351.1,,,,,100,,,,13.976,,,10857,0.366,73993,,,,,Acq,,,,,,,,,,,,,,,30,,0225-DGJZT-GZ-YIN-DMRM-NEG.d,,Find by MRM,,
500,DGJZT_DG_105_3,,,411.2,,,,,100,,,,14.098,,,256,0.292,1924,,,,,Acq,,,,,,,,,,,,,,,30,,0225-DGJZT-GZ-YIN-DMRM-NEG.d,,Find by MRM,,
501,DGJZT_DG_105_1,,,411.2,,,,,100,,,,14.089,,,592,0.392,4087,,,,,Acq,,,,,,,,,,,,,,,30,,0225-DGJZT-GZ-YIN-DMRM-NEG.d,,Find by MRM,,
502,DGJZT_DG_105_2,,,411.2,,,,,100,,,,14.09,,,181,0.406,1352,,,,,Acq,,,,,,,,,,,,,,,30,,0225-DGJZT-GZ-YIN-DMRM-NEG.d,,Find by MRM,,
503,DGJZT_CGC_386_1,,,391.2,,,,,100,,,,14.075,,,3057,0.367,20431,,,,,Acq,,,,,,,,,,,,,,,30,,0225-DGJZT-GZ-YIN-DMRM-NEG.d,,Find by MRM,,
504,DGJZT_CGC_386_2,,,391.2,,,,,100,,,,14.075,,,672,0.287,4656,,,,,Acq,,,,,,,,,,,,,,,30,,0225-DGJZT-GZ-YIN-DMRM-NEG.d,,Find by MRM,,
505,DGJZT_DG_107_3,,,649.3,,,,,100,,,,14.164,,,133,0.159,675,,,,,Acq,,,,,,,,,,,,,,,30,,0225-DGJZT-GZ-YIN-DMRM-NEG.d,,Find by MRM,,
506,DGJZT_DG_106_3,,,721.3,,,,,100,,,,14.287,,,184,0.201,1251,,,,,Acq,,,,,,,,,,,,,,,30,,0225-DGJZT-GZ-YIN-DMRM-NEG.d,,Find by MRM,,
507,DGJZT_DG_107_2,,,649.3,,,,,100,,,,14.138,,,472,0.242,3293,,,,,Acq,,,,,,,,,,,,,,,30,,0225-DGJZT-GZ-YIN-DMRM-NEG.d,,Find by MRM,,
508,DGJZT_DG_108_1,,,399.2,,,,,100,,,,14.207,,,364,0.378,2409,,,,,Acq,,,,,,,,,,,,,,,30,,0225-DGJZT-GZ-YIN-DMRM-NEG.d,,Find by MRM,,
509,DGJZT_DG_107_1,,,649.3,,,,,100,,,,14.155,,,1212,0.185,7594,,,,,Acq,,,,,,,,,,,,,,,30,,0225-DGJZT-GZ-YIN-DMRM-NEG.d,,Find by MRM,,
510,DGJZT_DZ_53_1,,,485.3,,,,,100,,,,14.298,,,591,0.31,3916,,,,,Acq,,,,,,,,,,,,,,,30,,0225-DGJZT-GZ-YIN-DMRM-NEG.d,,Find by MRM,,
511,DGJZT_DZ_53_3,,,485.3,,,,,100,,,,14.298,,,59,0.244,520,,,,,Acq,,,,,,,,,,,,,,,30,,0225-DGJZT-GZ-YIN-DMRM-NEG.d,,Find by MRM,,
512,DGJZT_DG_106_1,,,721.3,,,,,100,,,,14.163,,,209,0.161,1337,,,,,Acq,,,,,,,,,,,,,,,30,,0225-DGJZT-GZ-YIN-DMRM-NEG.d,,Find by MRM,,
513,DGJZT_CGC_391_1,,,367.2,,,,,100,,,,14.336,,,2893,0.377,19044,,,,,Acq,,,,,,,,,,,,,,,30,,0225-DGJZT-GZ-YIN-DMRM-NEG.d,,Find by MRM,,
514,DGJZT_CGC_391_2,,,367.2,,,,,100,,,,14.345,,,798,0.377,5255,,,,,Acq,,,,,,,,,,,,,,,30,,0225-DGJZT-GZ-YIN-DMRM-NEG.d,,Find by MRM,,
515,DGJZT_CGC_393_2,,,423.2,,,,,100,,,,14.239,,,7627,0.147,34422,,,,,Acq,,,,,,,,,,,,,,,30,,0225-DGJZT-GZ-YIN-DMRM-NEG.d,,Find by MRM,,
516,DGJZT_CGC_393_1,,,423.2,,,,,100,,,,14.24,,,14421,0.152,65747,,,,,Acq,,,,,,,,,,,,,,,30,,0225-DGJZT-GZ-YIN-DMRM-NEG.d,,Find by MRM,,
517,DGJZT_CGC_393_3,,,423.2,,,,,100,,,,14.24,,,1693,0.141,7610,,,,,Acq,,,,,,,,,,,,,,,30,,0225-DGJZT-GZ-YIN-DMRM-NEG.d,,Find by MRM,,
518,DGJZT_DG_111_2,,,625.3,,,,,100,,,,14.538,,,71,0.216,533,,,,,Acq,,,,,,,,,,,,,,,30,,0225-DGJZT-GZ-YIN-DMRM-NEG.d,,Find by MRM,,
519,DGJZT_DG_111_1,,,625.3,,,,,100,,,,14.69,,,99,0.191,625,,,,,Acq,,,,,,,,,,,,,,,30,,0225-DGJZT-GZ-YIN-DMRM-NEG.d,,Find by MRM,,
520,DGJZT_CGC_395_2,,,421.2,,,,,100,,,,14.751,,,1019,0.295,6501,,,,,Acq,,,,,,,,,,,,,,,30,,0225-DGJZT-GZ-YIN-DMRM-NEG.d,,Find by MRM,,
521,DGJZT_CGC_395_1,,,421.2,,,,,100,,,,14.744,,,10168,0.357,65223,,,,,Acq,,,,,,,,,,,,,,,30,,0225-DGJZT-GZ-YIN-DMRM-NEG.d,,Find by MRM,,
522,DGJZT_CGC_395_3,,,421.2,,,,,100,,,,14.737,,,957,0.346,6074,,,,,Acq,,,,,,,,,,,,,,,30,,0225-DGJZT-GZ-YIN-DMRM-NEG.d,,Find by MRM,,
523,DGJZT_CGC_398_1,,,421.2,,,,,100,,,,14.741,,,10174,0.34,65427,,,,,Acq,,,,,,,,,,,,,,,30,,0225-DGJZT-GZ-YIN-DMRM-NEG.d,,Find by MRM,,
524,DGJZT_DG_113_2,,,216.9,,,,,100,,,,15.184,,,66,0.399,901,,,,,Acq,,,,,,,,,,,,,,,30,,0225-DGJZT-GZ-YIN-DMRM-NEG.d,,Find by MRM,,
525,DGJZT_DG_113_1,,,216.9,,,,,100,,,,15.178,,,46,0.457,674,,,,,Acq,,,,,,,,,,,,,,,30,,0225-DGJZT-GZ-YIN-DMRM-NEG.d,,Find by MRM,,
526,DGJZT_DG_113_3,,,216.9,,,,,100,,,,15.181,,,51,0.466,721,,,,,Acq,,,,,,,,,,,,,,,30,,0225-DGJZT-GZ-YIN-DMRM-NEG.d,,Find by MRM,,

