﻿#化合物列表: 239 found
#
Cpd,Name,Formula,Purity Result,Precursor,Mass,Diff (ppm),Score (Tgt),Flags (Tgt),Score,Std Dev,Relative Mass Difference (MFG),Base Peak,RT,RT Diff,Target Retention Time Difference,Height,Width,Area,Volume,Vol %,Ions,Saturated,ID Source,Score (MFG),Score (DB),Hit Count,Tgt MFG Hit,FV,Purity Value,Purity Comments,ADC% Area,EIC/TIC% Area,TIC% Area,UVA% Area,Score (Lib),CAS ID,Relative Reference Mass difference,CE,MS/MS Count,File,Notes,Algorithm,Lib/DB
1,DGJZT_CGC_3_1,,,427.2,,,,,100,,,,0.855,,,13,0.148,63,,,,,Acq,,,,,,,,,,,,,,,30,,0225-DGJZT-CGC-YIN-DMRM-POS.d,,Find by MRM,,
2,DGJZT_CGC_2_2,,,265.2,,,,,100,,,,0.872,,,5,0.232,33,,,,,Acq,,,,,,,,,,,,,,,30,,0225-DGJZT-CGC-YIN-DMRM-POS.d,,Find by MRM,,
3,DGJZT_CGC_2_1,,,265.2,,,,,100,,,,0.849,,,283,0.184,1254,,,,,Acq,,,,,,,,,,,,,,,30,,0225-DGJZT-CGC-YIN-DMRM-POS.d,,Find by MRM,,
4,DGJZT_DZ_4_3,,,437.2,,,,,100,,,,0.868,,,1453,0.331,9881,,,,,Acq,,,,,,,,,,,,,,,30,,0225-DGJZT-CGC-YIN-DMRM-POS.d,,Find by MRM,,
5,DGJZT_DZ_4_1,,,437.2,,,,,100,,,,0.869,,,386,0.18,1932,,,,,Acq,,,,,,,,,,,,,,,30,,0225-DGJZT-CGC-YIN-DMRM-POS.d,,Find by MRM,,
6,DGJZT_DZ_4_2,,,437.2,,,,,100,,,,0.861,,,727,0.176,4212,,,,,Acq,,,,,,,,,,,,,,,30,,0225-DGJZT-CGC-YIN-DMRM-POS.d,,Find by MRM,,
7,DGJZT_CGC_3_2,,,427.2,,,,,100,,,,0.845,,,203,0.215,1087,,,,,Acq,,,,,,,,,,,,,,,30,,0225-DGJZT-CGC-YIN-DMRM-POS.d,,Find by MRM,,
8,DGJZT_CGC_3_3,,,427.2,,,,,100,,,,0.862,,,28,0.149,106,,,,,Acq,,,,,,,,,,,,,,,30,,0225-DGJZT-CGC-YIN-DMRM-POS.d,,Find by MRM,,
9,DGJZT_CGC_6_2,,,138.1,,,,,100,,,,0.824,,,21,0.122,93,,,,,Acq,,,,,,,,,,,,,,,30,,0225-DGJZT-CGC-YIN-DMRM-POS.d,,Find by MRM,,
10,DGJZT_CGC_6_1,,,138.1,,,,,100,,,,1.142,,,17,0.221,166,,,,,Acq,,,,,,,,,,,,,,,30,,0225-DGJZT-CGC-YIN-DMRM-POS.d,,Find by MRM,,
11,DGJZT_CGC_6_3,,,138.1,,,,,100,,,,1.143,,,15,0.216,134,,,,,Acq,,,,,,,,,,,,,,,30,,0225-DGJZT-CGC-YIN-DMRM-POS.d,,Find by MRM,,
12,DGJZT_DZ_17_2,,,360.2,,,,,100,,,,1.106,,,1370,0.313,10998,,,,,Acq,,,,,,,,,,,,,,,30,,0225-DGJZT-CGC-YIN-DMRM-POS.d,,Find by MRM,,
13,DGJZT_DZ_17_1,,,360.2,,,,,100,,,,1.09,,,825,0.333,8113,,,,,Acq,,,,,,,,,,,,,,,30,,0225-DGJZT-CGC-YIN-DMRM-POS.d,,Find by MRM,,
14,DGJZT_DZ_17_3,,,360.2,,,,,100,,,,1.081,,,396,0.343,3394,,,,,Acq,,,,,,,,,,,,,,,30,,0225-DGJZT-CGC-YIN-DMRM-POS.d,,Find by MRM,,
15,DGJZT_DZ_14_3,,,232.1,,,,,100,,,,1.131,,,160,0.383,1816,,,,,Acq,,,,,,,,,,,,,,,30,,0225-DGJZT-CGC-YIN-DMRM-POS.d,,Find by MRM,,
16,DGJZT_DZ_14_1,,,232.1,,,,,100,,,,1.123,,,437,0.379,4934,,,,,Acq,,,,,,,,,,,,,,,30,,0225-DGJZT-CGC-YIN-DMRM-POS.d,,Find by MRM,,
17,DGJZT_DZ_14_2,,,232.1,,,,,100,,,,1.108,,,434,0.416,4913,,,,,Acq,,,,,,,,,,,,,,,30,,0225-DGJZT-CGC-YIN-DMRM-POS.d,,Find by MRM,,
18,DGJZT_BS_5_2,,,331.1,,,,,100,,,,1.595,,,820,0.348,5443,,,,,Acq,,,,,,,,,,,,,,,30,,0225-DGJZT-CGC-YIN-DMRM-POS.d,,Find by MRM,,
19,DGJZT_BS_5_3,,,331.1,,,,,100,,,,1.596,,,654,0.33,4526,,,,,Acq,,,,,,,,,,,,,,,30,,0225-DGJZT-CGC-YIN-DMRM-POS.d,,Find by MRM,,
20,DGJZT_BS_5_1,,,331.1,,,,,100,,,,1.597,,,1096,0.338,7472,,,,,Acq,,,,,,,,,,,,,,,30,,0225-DGJZT-CGC-YIN-DMRM-POS.d,,Find by MRM,,
21,DGJZT_CGC_10_1,,,163.1,,,,,100,,,,1.535,,,14,0.211,119,,,,,Acq,,,,,,,,,,,,,,,30,,0225-DGJZT-CGC-YIN-DMRM-POS.d,,Find by MRM,,
22,DGJZT_CGC_10_2,,,163.1,,,,,100,,,,1.653,,,6,0.109,22,,,,,Acq,,,,,,,,,,,,,,,30,,0225-DGJZT-CGC-YIN-DMRM-POS.d,,Find by MRM,,
23,DGJZT_DZ_25_1,,,330.2,,,,,100,,,,1.607,,,1938,0.391,13535,,,,,Acq,,,,,,,,,,,,,,,30,,0225-DGJZT-CGC-YIN-DMRM-POS.d,,Find by MRM,,
24,DGJZT_DZ_25_2,,,330.2,,,,,100,,,,1.608,,,1150,0.385,8155,,,,,Acq,,,,,,,,,,,,,,,30,,0225-DGJZT-CGC-YIN-DMRM-POS.d,,Find by MRM,,
25,DGJZT_DZ_25_3,,,330.2,,,,,100,,,,1.617,,,248,0.566,2484,,,,,Acq,,,,,,,,,,,,,,,30,,0225-DGJZT-CGC-YIN-DMRM-POS.d,,Find by MRM,,
26,DGJZT_DZ_27_3,,,180.1,,,,,100,,,,2.238,,,7977,0.716,76462,,,,,Acq,,,,,,,,,,,,,,,30,,0225-DGJZT-CGC-YIN-DMRM-POS.d,,Find by MRM,,
27,DGJZT_DZ_27_1,,,180.1,,,,,100,,,,2.241,,,5752,0.462,53917,,,,,Acq,,,,,,,,,,,,,,,30,,0225-DGJZT-CGC-YIN-DMRM-POS.d,,Find by MRM,,
28,DGJZT_DZ_27_2,,,180.1,,,,,100,,,,2.243,,,498,0.439,4826,,,,,Acq,,,,,,,,,,,,,,,30,,0225-DGJZT-CGC-YIN-DMRM-POS.d,,Find by MRM,,
29,DGJZT_BS_6_2,,,482.2,,,,,100,,,,2.622,,,896,0.277,6208,,,,,Acq,,,,,,,,,,,,,,,30,,0225-DGJZT-CGC-YIN-DMRM-POS.d,,Find by MRM,,
30,DGJZT_BS_6_1,,,482.2,,,,,100,,,,2.632,,,8099,0.358,60100,,,,,Acq,,,,,,,,,,,,,,,30,,0225-DGJZT-CGC-YIN-DMRM-POS.d,,Find by MRM,,
31,DGJZT_BS_6_3,,,482.2,,,,,100,,,,2.626,,,291,0.395,2225,,,,,Acq,,,,,,,,,,,,,,,30,,0225-DGJZT-CGC-YIN-DMRM-POS.d,,Find by MRM,,
32,DGJZT_DG_19_2,,,367.1,,,,,100,,,,3.281,,,20602,0.456,248468,,,,,Acq,,,,,,,,,,,,,,,30,,0225-DGJZT-CGC-YIN-DMRM-POS.d,,Find by MRM,,
33,DGJZT_DG_19_3,,,367.1,,,,,100,,,,3.274,,,11106,0.567,159985,,,,,Acq,,,,,,,,,,,,,,,30,,0225-DGJZT-CGC-YIN-DMRM-POS.d,,Find by MRM,,
34,DGJZT_DG_19_1,,,367.1,,,,,100,,,,3.291,,,738,0.578,9206,,,,,Acq,,,,,,,,,,,,,,,30,,0225-DGJZT-CGC-YIN-DMRM-POS.d,,Find by MRM,,
35,DGJZT_CGC_15_3,,,262.2,,,,,100,,,,3.351,,,26,0.367,236,,,,,Acq,,,,,,,,,,,,,,,30,,0225-DGJZT-CGC-YIN-DMRM-POS.d,,Find by MRM,,
36,DGJZT_CGC_15_1,,,262.2,,,,,100,,,,3.327,,,9,0.149,73,,,,,Acq,,,,,,,,,,,,,,,30,,0225-DGJZT-CGC-YIN-DMRM-POS.d,,Find by MRM,,
37,DGJZT_CGC_15_2,,,262.2,,,,,100,,,,3.353,,,33,0.164,170,,,,,Acq,,,,,,,,,,,,,,,30,,0225-DGJZT-CGC-YIN-DMRM-POS.d,,Find by MRM,,
38,DGJZT_DZ_33_1,,,239.1,,,,,100,,,,3.522,,,50531,0.444,382731,,,,,Acq,,,,,,,,,,,,,,,30,,0225-DGJZT-CGC-YIN-DMRM-POS.d,,Find by MRM,,
39,DGJZT_DZ_33_2,,,239.1,,,,,100,,,,3.531,,,362,0.376,2921,,,,,Acq,,,,,,,,,,,,,,,30,,0225-DGJZT-CGC-YIN-DMRM-POS.d,,Find by MRM,,
40,DGJZT_BS_8_2,,,637.3,,,,,100,,,,3.749,,,272,0.359,1907,,,,,Acq,,,,,,,,,,,,,,,30,,0225-DGJZT-CGC-YIN-DMRM-POS.d,,Find by MRM,,
41,DGJZT_BS_8_3,,,637.3,,,,,100,,,,3.75,,,244,0.305,1791,,,,,Acq,,,,,,,,,,,,,,,30,,0225-DGJZT-CGC-YIN-DMRM-POS.d,,Find by MRM,,
42,DGJZT_BS_8_1,,,637.3,,,,,100,,,,3.743,,,519,0.325,3724,,,,,Acq,,,,,,,,,,,,,,,30,,0225-DGJZT-CGC-YIN-DMRM-POS.d,,Find by MRM,,
43,DGJZT_CGC_16_1,,,250.1,,,,,100,,,,3.787,,,5,0.066,13,,,,,Acq,,,,,,,,,,,,,,,30,,0225-DGJZT-CGC-YIN-DMRM-POS.d,,Find by MRM,,
44,DGJZT_CGC_17_1,,,433.1,,,,,100,,,,3.919,,,31,0.146,133,,,,,Acq,,,,,,,,,,,,,,,30,,0225-DGJZT-CGC-YIN-DMRM-POS.d,,Find by MRM,,
45,DGJZT_CGC_17_2,,,433.1,,,,,100,,,,3.944,,,5,0.105,15,,,,,Acq,,,,,,,,,,,,,,,30,,0225-DGJZT-CGC-YIN-DMRM-POS.d,,Find by MRM,,
46,DGJZT_CGC_18_3,,,257.1,,,,,100,,,,4.288,,,12,0.148,44,,,,,Acq,,,,,,,,,,,,,,,30,,0225-DGJZT-CGC-YIN-DMRM-POS.d,,Find by MRM,,
47,DGJZT_CGC_18_1,,,257.1,,,,,100,,,,4.073,,,71,0.301,516,,,,,Acq,,,,,,,,,,,,,,,30,,0225-DGJZT-CGC-YIN-DMRM-POS.d,,Find by MRM,,
48,DGJZT_CGC_18_2,,,257.1,,,,,100,,,,4.214,,,15,0.166,71,,,,,Acq,,,,,,,,,,,,,,,30,,0225-DGJZT-CGC-YIN-DMRM-POS.d,,Find by MRM,,
49,DGJZT_DZ_36_2,,,314.2,,,,,100,,,,4.227,,,1385,0.357,11155,,,,,Acq,,,,,,,,,,,,,,,30,,0225-DGJZT-CGC-YIN-DMRM-POS.d,,Find by MRM,,
50,DGJZT_DZ_36_1,,,314.2,,,,,100,,,,4.219,,,9522,0.4,77158,,,,,Acq,,,,,,,,,,,,,,,30,,0225-DGJZT-CGC-YIN-DMRM-POS.d,,Find by MRM,,
51,DGJZT_DG_23_2,,,305.1,,,,,100,,,,4.238,,,629,0.353,4854,,,,,Acq,,,,,,,,,,,,,,,30,,0225-DGJZT-CGC-YIN-DMRM-POS.d,,Find by MRM,,
52,DGJZT_DZ_36_3,,,314.2,,,,,100,,,,4.226,,,979,0.3,7626,,,,,Acq,,,,,,,,,,,,,,,30,,0225-DGJZT-CGC-YIN-DMRM-POS.d,,Find by MRM,,
53,DGJZT_DG_23_3,,,305.1,,,,,100,,,,4.253,,,2347,0.405,19629,,,,,Acq,,,,,,,,,,,,,,,30,,0225-DGJZT-CGC-YIN-DMRM-POS.d,,Find by MRM,,
54,DGJZT_DG_23_1,,,305.1,,,,,100,,,,4.254,,,1193,0.366,9267,,,,,Acq,,,,,,,,,,,,,,,30,,0225-DGJZT-CGC-YIN-DMRM-POS.d,,Find by MRM,,
55,DGJZT_DG_25_3,,,144.1,,,,,100,,,,4.44,,,7345,0.38,60548,,,,,Acq,,,,,,,,,,,,,,,30,,0225-DGJZT-CGC-YIN-DMRM-POS.d,,Find by MRM,,
56,DGJZT_DG_25_2,,,144.1,,,,,100,,,,4.441,,,1008,0.544,8876,,,,,Acq,,,,,,,,,,,,,,,30,,0225-DGJZT-CGC-YIN-DMRM-POS.d,,Find by MRM,,
57,DGJZT_DG_25_1,,,144.1,,,,,100,,,,4.433,,,10250,0.397,84807,,,,,Acq,,,,,,,,,,,,,,,30,,0225-DGJZT-CGC-YIN-DMRM-POS.d,,Find by MRM,,
58,DGJZT_GZ_5_3,,,328.2,,,,,100,,,,4.896,,,159,0.307,1333,,,,,Acq,,,,,,,,,,,,,,,30,,0225-DGJZT-CGC-YIN-DMRM-POS.d,,Find by MRM,,
59,DGJZT_GZ_5_1,,,328.2,,,,,100,,,,4.871,,,2207,0.384,17498,,,,,Acq,,,,,,,,,,,,,,,30,,0225-DGJZT-CGC-YIN-DMRM-POS.d,,Find by MRM,,
60,DGJZT_GZ_5_2,,,328.2,,,,,100,,,,4.864,,,202,0.354,1750,,,,,Acq,,,,,,,,,,,,,,,30,,0225-DGJZT-CGC-YIN-DMRM-POS.d,,Find by MRM,,
61,DGJZT_BS_12_3,,,481.2,,,,,100,,,,5.104,,,23527,0.39,227346,,,,,Acq,,,,,,,,,,,,,,,30,,0225-DGJZT-CGC-YIN-DMRM-POS.d,,Find by MRM,,
62,DGJZT_BS_12_1,,,481.2,,,,,100,,,,5.105,,,384061,0.428,3767366,,,,,Acq,,,,,,,,,,,,,,,30,,0225-DGJZT-CGC-YIN-DMRM-POS.d,,Find by MRM,,
63,DGJZT_BS_10_3,,,319.1,,,,,100,,,,5.098,,,3610,0.411,34919,,,,,Acq,,,,,,,,,,,,,,,30,,0225-DGJZT-CGC-YIN-DMRM-POS.d,,Find by MRM,,
64,DGJZT_BS_10_2,,,319.1,,,,,100,,,,5.099,,,59790,0.435,578037,,,,,Acq,,,,,,,,,,,,,,,30,,0225-DGJZT-CGC-YIN-DMRM-POS.d,,Find by MRM,,
65,DGJZT_BS_10_1,,,319.1,,,,,100,,,,5.108,,,52404,0.437,513212,,,,,Acq,,,,,,,,,,,,,,,30,,0225-DGJZT-CGC-YIN-DMRM-POS.d,,Find by MRM,,
66,DGJZT_BS_12_2,,,481.2,,,,,100,,,,5.104,,,129497,0.639,1306155,,,,,Acq,,,,,,,,,,,,,,,30,,0225-DGJZT-CGC-YIN-DMRM-POS.d,,Find by MRM,,
67,DGJZT_BS_11_2,,,197.1,,,,,100,,,,5.109,,,8219,0.439,80281,,,,,Acq,,,,,,,,,,,,,,,30,,0225-DGJZT-CGC-YIN-DMRM-POS.d,,Find by MRM,,
68,DGJZT_BS_11_1,,,197.1,,,,,100,,,,5.101,,,6895,0.366,62718,,,,,Acq,,,,,,,,,,,,,,,30,,0225-DGJZT-CGC-YIN-DMRM-POS.d,,Find by MRM,,
69,DGJZT_BS_21_1,,,503.2,,,,,100,,,,5.603,,,392,0.299,5156,,,,,Acq,,,,,,,,,,,,,,,30,,0225-DGJZT-CGC-YIN-DMRM-POS.d,,Find by MRM,,
70,DGJZT_BS_21_2,,,503.2,,,,,100,,,,5.12,,,257,0.184,1614,,,,,Acq,,,,,,,,,,,,,,,30,,0225-DGJZT-CGC-YIN-DMRM-POS.d,,Find by MRM,,
71,DGJZT_DZ_38_2,,,314.2,,,,,100,,,,5.837,,,3189,0.413,28162,,,,,Acq,,,,,,,,,,,,,,,30,,0225-DGJZT-CGC-YIN-DMRM-POS.d,,Find by MRM,,
72,DGJZT_DZ_38_3,,,314.2,,,,,100,,,,5.847,,,1511,0.398,13113,,,,,Acq,,,,,,,,,,,,,,,30,,0225-DGJZT-CGC-YIN-DMRM-POS.d,,Find by MRM,,
73,DGJZT_DZ_38_1,,,314.2,,,,,100,,,,5.84,,,15550,0.421,136175,,,,,Acq,,,,,,,,,,,,,,,30,,0225-DGJZT-CGC-YIN-DMRM-POS.d,,Find by MRM,,
74,DGJZT_DZ_40_1,,,162.1,,,,,100,,,,6.1,,,644,0.42,6741,,,,,Acq,,,,,,,,,,,,,,,30,,0225-DGJZT-CGC-YIN-DMRM-POS.d,,Find by MRM,,
75,DGJZT_DZ_40_3,,,162.1,,,,,100,,,,6.101,,,987,0.642,10914,,,,,Acq,,,,,,,,,,,,,,,30,,0225-DGJZT-CGC-YIN-DMRM-POS.d,,Find by MRM,,
76,DGJZT_DZ_40_2,,,162.1,,,,,100,,,,6.094,,,4136,0.765,46404,,,,,Acq,,,,,,,,,,,,,,,30,,0225-DGJZT-CGC-YIN-DMRM-POS.d,,Find by MRM,,
77,DGJZT_GZ_7_2,,,249.1,,,,,100,,,,6.538,,,2805,0.42,25588,,,,,Acq,,,,,,,,,,,,,,,30,,0225-DGJZT-CGC-YIN-DMRM-POS.d,,Find by MRM,,
78,DGJZT_GZ_7_1,,,249.1,,,,,100,,,,6.54,,,2202,0.579,22116,,,,,Acq,,,,,,,,,,,,,,,30,,0225-DGJZT-CGC-YIN-DMRM-POS.d,,Find by MRM,,
79,DGJZT_GZ_7_3,,,249.1,,,,,100,,,,6.541,,,1372,0.579,13939,,,,,Acq,,,,,,,,,,,,,,,30,,0225-DGJZT-CGC-YIN-DMRM-POS.d,,Find by MRM,,
80,DGJZT_BS_24_1,,,771.1,,,,,100,,,,6.957,,,96420,0.419,1002033,,,,,Acq,,,,,,,,,,,,,,,30,,0225-DGJZT-CGC-YIN-DMRM-POS.d,,Find by MRM,,
81,DGJZT_BS_24_2,,,771.1,,,,,100,,,,6.942,,,1057,0.415,10936,,,,,Acq,,,,,,,,,,,,,,,30,,0225-DGJZT-CGC-YIN-DMRM-POS.d,,Find by MRM,,
82,DGJZT_BS_24_3,,,771.1,,,,,100,,,,6.947,,,82,0.421,874,,,,,Acq,,,,,,,,,,,,,,,30,,0225-DGJZT-CGC-YIN-DMRM-POS.d,,Find by MRM,,
83,DGJZT_DZ_42_2,,,639.3,,,,,100,,,,7.195,,,89,0.363,866,,,,,Acq,,,,,,,,,,,,,,,30,,0225-DGJZT-CGC-YIN-DMRM-POS.d,,Find by MRM,,
84,DGJZT_DZ_42_1,,,639.3,,,,,100,,,,7.196,,,51,0.392,580,,,,,Acq,,,,,,,,,,,,,,,30,,0225-DGJZT-CGC-YIN-DMRM-POS.d,,Find by MRM,,
85,DGJZT_DZ_42_3,,,639.3,,,,,100,,,,7.185,,,168,0.413,1880,,,,,Acq,,,,,,,,,,,,,,,30,,0225-DGJZT-CGC-YIN-DMRM-POS.d,,Find by MRM,,
86,DGJZT_BS_25_2,,,633.2,,,,,100,,,,7.565,,,18104,0.398,158444,,,,,Acq,,,,,,,,,,,,,,,30,,0225-DGJZT-CGC-YIN-DMRM-POS.d,,Find by MRM,,
87,DGJZT_BS_25_3,,,633.2,,,,,100,,,,7.567,,,1378,0.373,11674,,,,,Acq,,,,,,,,,,,,,,,30,,0225-DGJZT-CGC-YIN-DMRM-POS.d,,Find by MRM,,
88,DGJZT_BS_25_1,,,633.2,,,,,100,,,,7.57,,,20466,0.396,177580,,,,,Acq,,,,,,,,,,,,,,,30,,0225-DGJZT-CGC-YIN-DMRM-POS.d,,Find by MRM,,
89,DGJZT_DZ_43_3,,,673.3,,,,,100,,,,8.016,,,63,0.287,613,,,,,Acq,,,,,,,,,,,,,,,30,,0225-DGJZT-CGC-YIN-DMRM-POS.d,,Find by MRM,,
90,DGJZT_DZ_43_1,,,673.3,,,,,100,,,,7.959,,,425,0.418,4850,,,,,Acq,,,,,,,,,,,,,,,30,,0225-DGJZT-CGC-YIN-DMRM-POS.d,,Find by MRM,,
91,DGJZT_DZ_43_2,,,673.3,,,,,100,,,,7.965,,,139,0.359,1089,,,,,Acq,,,,,,,,,,,,,,,30,,0225-DGJZT-CGC-YIN-DMRM-POS.d,,Find by MRM,,
92,DGJZT_CGC_30_2,,,273.1,,,,,100,,,,7.872,,,135,0.493,1300,,,,,Acq,,,,,,,,,,,,,,,30,,0225-DGJZT-CGC-YIN-DMRM-POS.d,,Find by MRM,,
93,DGJZT_CGC_30_1,,,273.1,,,,,100,,,,7.888,,,348,0.302,2984,,,,,Acq,,,,,,,,,,,,,,,30,,0225-DGJZT-CGC-YIN-DMRM-POS.d,,Find by MRM,,
94,DGJZT_CGC_30_3,,,273.1,,,,,100,,,,7.896,,,93,0.245,698,,,,,Acq,,,,,,,,,,,,,,,30,,0225-DGJZT-CGC-YIN-DMRM-POS.d,,Find by MRM,,
95,DGJZT_CGC_31_3,,,301.1,,,,,100,,,,8.21,,,30,0.191,161,,,,,Acq,,,,,,,,,,,,,,,30,,0225-DGJZT-CGC-YIN-DMRM-POS.d,,Find by MRM,,
96,DGJZT_CGC_31_2,,,301.1,,,,,100,,,,8.244,,,17,0.241,113,,,,,Acq,,,,,,,,,,,,,,,30,,0225-DGJZT-CGC-YIN-DMRM-POS.d,,Find by MRM,,
97,DGJZT_CGC_31_1,,,301.1,,,,,100,,,,8.17,,,9,0.191,38,,,,,Acq,,,,,,,,,,,,,,,30,,0225-DGJZT-CGC-YIN-DMRM-POS.d,,Find by MRM,,
98,DGJZT_DG_30_3,,,207.1,,,,,100,,,,8.097,,,824,0.39,7678,,,,,Acq,,,,,,,,,,,,,,,30,,0225-DGJZT-CGC-YIN-DMRM-POS.d,,Find by MRM,,
99,DGJZT_DG_30_1,,,207.1,,,,,100,,,,8.106,,,1377,0.449,13647,,,,,Acq,,,,,,,,,,,,,,,30,,0225-DGJZT-CGC-YIN-DMRM-POS.d,,Find by MRM,,
100,DGJZT_DG_30_2,,,207.1,,,,,100,,,,8.124,,,244,0.418,2338,,,,,Acq,,,,,,,,,,,,,,,30,,0225-DGJZT-CGC-YIN-DMRM-POS.d,,Find by MRM,,
101,DGJZT_CGC_35_3,,,257.1,,,,,100,,,,8.842,,,16,0.042,12,,,,,Acq,,,,,,,,,,,,,,,30,,0225-DGJZT-CGC-YIN-DMRM-POS.d,,Find by MRM,,
102,DGJZT_CGC_35_2,,,257.1,,,,,100,,,,8.851,,,20,0.143,29,,,,,Acq,,,,,,,,,,,,,,,30,,0225-DGJZT-CGC-YIN-DMRM-POS.d,,Find by MRM,,
103,DGJZT_CGC_34_2,,,551.2,,,,,100,,,,8.617,,,16,0.203,105,,,,,Acq,,,,,,,,,,,,,,,30,,0225-DGJZT-CGC-YIN-DMRM-POS.d,,Find by MRM,,
104,DGJZT_CGC_34_3,,,551.2,,,,,100,,,,8.626,,,14,0.292,144,,,,,Acq,,,,,,,,,,,,,,,30,,0225-DGJZT-CGC-YIN-DMRM-POS.d,,Find by MRM,,
105,DGJZT_CGC_33_3,,,419.1,,,,,100,,,,8.637,,,13,0.201,64,,,,,Acq,,,,,,,,,,,,,,,30,,0225-DGJZT-CGC-YIN-DMRM-POS.d,,Find by MRM,,
106,DGJZT_CGC_33_2,,,419.1,,,,,100,,,,8.679,,,12,0.435,134,,,,,Acq,,,,,,,,,,,,,,,30,,0225-DGJZT-CGC-YIN-DMRM-POS.d,,Find by MRM,,
107,DGJZT_CGC_33_1,,,419.1,,,,,100,,,,8.813,,,14,0.148,77,,,,,Acq,,,,,,,,,,,,,,,30,,0225-DGJZT-CGC-YIN-DMRM-POS.d,,Find by MRM,,
108,DGJZT_CGC_34_1,,,551.2,,,,,100,,,,8.869,,,21,0.038,26,,,,,Acq,,,,,,,,,,,,,,,30,,0225-DGJZT-CGC-YIN-DMRM-POS.d,,Find by MRM,,
109,DGJZT_CGC_35_1,,,257.1,,,,,100,,,,8.515,,,7,0.072,17,,,,,Acq,,,,,,,,,,,,,,,30,,0225-DGJZT-CGC-YIN-DMRM-POS.d,,Find by MRM,,
110,DGJZT_CGC_36_1,,,431.1,,,,,100,,,,9.052,,,41,0.142,178,,,,,Acq,,,,,,,,,,,,,,,30,,0225-DGJZT-CGC-YIN-DMRM-POS.d,,Find by MRM,,
111,DGJZT_CGC_36_3,,,431.1,,,,,100,,,,9.12,,,7,0.077,16,,,,,Acq,,,,,,,,,,,,,,,30,,0225-DGJZT-CGC-YIN-DMRM-POS.d,,Find by MRM,,
112,DGJZT_CGC_37_1,,,269.1,,,,,100,,,,8.856,,,11,0.113,30,,,,,Acq,,,,,,,,,,,,,,,30,,0225-DGJZT-CGC-YIN-DMRM-POS.d,,Find by MRM,,
113,DGJZT_CGC_37_2,,,269.1,,,,,100,,,,8.873,,,7,0.216,36,,,,,Acq,,,,,,,,,,,,,,,30,,0225-DGJZT-CGC-YIN-DMRM-POS.d,,Find by MRM,,
114,DGJZT_CGC_36_2,,,431.1,,,,,100,,,,9.27,,,10,0.208,54,,,,,Acq,,,,,,,,,,,,,,,30,,0225-DGJZT-CGC-YIN-DMRM-POS.d,,Find by MRM,,
115,DGJZT_CGC_37_3,,,269.1,,,,,100,,,,8.899,,,5,0.075,11,,,,,Acq,,,,,,,,,,,,,,,30,,0225-DGJZT-CGC-YIN-DMRM-POS.d,,Find by MRM,,
116,DGJZT_CGC_38_3,,,257.1,,,,,100,,,,9.233,,,12,0.072,26,,,,,Acq,,,,,,,,,,,,,,,30,,0225-DGJZT-CGC-YIN-DMRM-POS.d,,Find by MRM,,
117,DGJZT_CGC_38_2,,,257.1,,,,,100,,,,9.268,,,13,0.107,35,,,,,Acq,,,,,,,,,,,,,,,30,,0225-DGJZT-CGC-YIN-DMRM-POS.d,,Find by MRM,,
118,DGJZT_CGC_39_3,,,419.1,,,,,100,,,,9.122,,,33,0.143,191,,,,,Acq,,,,,,,,,,,,,,,30,,0225-DGJZT-CGC-YIN-DMRM-POS.d,,Find by MRM,,
119,DGJZT_CGC_39_2,,,419.1,,,,,100,,,,9.071,,,21,0.164,81,,,,,Acq,,,,,,,,,,,,,,,30,,0225-DGJZT-CGC-YIN-DMRM-POS.d,,Find by MRM,,
120,DGJZT_CGC_39_1,,,419.1,,,,,100,,,,9.072,,,36,0.118,169,,,,,Acq,,,,,,,,,,,,,,,30,,0225-DGJZT-CGC-YIN-DMRM-POS.d,,Find by MRM,,
121,DGJZT_CGC_38_1,,,257.1,,,,,100,,,,9.074,,,23,0.184,128,,,,,Acq,,,,,,,,,,,,,,,30,,0225-DGJZT-CGC-YIN-DMRM-POS.d,,Find by MRM,,
122,DGJZT_DG_32_3,,,207.1,,,,,100,,,,9.193,,,1722,0.45,17635,,,,,Acq,,,,,,,,,,,,,,,30,,0225-DGJZT-CGC-YIN-DMRM-POS.d,,Find by MRM,,
123,DGJZT_DG_32_1,,,207.1,,,,,100,,,,9.21,,,929,0.4,8799,,,,,Acq,,,,,,,,,,,,,,,30,,0225-DGJZT-CGC-YIN-DMRM-POS.d,,Find by MRM,,
124,DGJZT_DG_32_2,,,207.1,,,,,100,,,,9.202,,,2255,0.386,22376,,,,,Acq,,,,,,,,,,,,,,,30,,0225-DGJZT-CGC-YIN-DMRM-POS.d,,Find by MRM,,
125,DGJZT_CGC_40_3,,,419.1,,,,,100,,,,9.687,,,19,0.217,145,,,,,Acq,,,,,,,,,,,,,,,30,,0225-DGJZT-CGC-YIN-DMRM-POS.d,,Find by MRM,,
126,DGJZT_CGC_40_2,,,419.1,,,,,100,,,,9.605,,,17,0.343,175,,,,,Acq,,,,,,,,,,,,,,,30,,0225-DGJZT-CGC-YIN-DMRM-POS.d,,Find by MRM,,
127,DGJZT_CGC_40_1,,,419.1,,,,,100,,,,9.647,,,17,0.237,137,,,,,Acq,,,,,,,,,,,,,,,30,,0225-DGJZT-CGC-YIN-DMRM-POS.d,,Find by MRM,,
128,DGJZT_CGC_42_2,,,287.1,,,,,100,,,,9.971,,,4,0.175,21,,,,,Acq,,,,,,,,,,,,,,,30,,0225-DGJZT-CGC-YIN-DMRM-POS.d,,Find by MRM,,
129,DGJZT_CGC_42_1,,,287.1,,,,,100,,,,9.801,,,15,0.17,97,,,,,Acq,,,,,,,,,,,,,,,30,,0225-DGJZT-CGC-YIN-DMRM-POS.d,,Find by MRM,,
130,DGJZT_CGC_42_3,,,287.1,,,,,100,,,,9.832,,,8,0.124,33,,,,,Acq,,,,,,,,,,,,,,,30,,0225-DGJZT-CGC-YIN-DMRM-POS.d,,Find by MRM,,
131,DGJZT_CGC_43_3,,,257.1,,,,,100,,,,10.107,,,14,0.388,140,,,,,Acq,,,,,,,,,,,,,,,30,,0225-DGJZT-CGC-YIN-DMRM-POS.d,,Find by MRM,,
132,DGJZT_CGC_43_1,,,257.1,,,,,100,,,,10.075,,,59,0.356,534,,,,,Acq,,,,,,,,,,,,,,,30,,0225-DGJZT-CGC-YIN-DMRM-POS.d,,Find by MRM,,
133,DGJZT_CGC_43_2,,,257.1,,,,,100,,,,10.884,,,14,0.318,115,,,,,Acq,,,,,,,,,,,,,,,30,,0225-DGJZT-CGC-YIN-DMRM-POS.d,,Find by MRM,,
134,DGJZT_CGC_77_1,,,437.3,,,,,100,,,,12.668,,,21,0.129,55,,,,,Acq,,,,,,,,,,,,,,,30,,0225-DGJZT-CGC-YIN-DMRM-POS.d,,Find by MRM,,
135,DGJZT_CGC_77_3,,,437.3,,,,,100,,,,12.534,,,21,0.113,90,,,,,Acq,,,,,,,,,,,,,,,30,,0225-DGJZT-CGC-YIN-DMRM-POS.d,,Find by MRM,,
136,DGJZT_CGC_77_2,,,437.3,,,,,100,,,,12.476,,,17,0.18,113,,,,,Acq,,,,,,,,,,,,,,,30,,0225-DGJZT-CGC-YIN-DMRM-POS.d,,Find by MRM,,
137,DGJZT_CGC_79_1,,,823.4,,,,,100,,,,12.75,,,8,0.082,19,,,,,Acq,,,,,,,,,,,,,,,30,,0225-DGJZT-CGC-YIN-DMRM-POS.d,,Find by MRM,,
138,DGJZT_DG_34_3,,,205.1,,,,,100,,,,12.571,,,617,0.218,3594,,,,,Acq,,,,,,,,,,,,,,,30,,0225-DGJZT-CGC-YIN-DMRM-POS.d,,Find by MRM,,
139,DGJZT_DG_34_1,,,205.1,,,,,100,,,,12.823,,,384,0.092,7323,,,,,Acq,,,,,,,,,,,,,,,30,,0225-DGJZT-CGC-YIN-DMRM-POS.d,,Find by MRM,,
140,DGJZT_DG_34_2,,,205.1,,,,,100,,,,12.571,,,827,0.228,4890,,,,,Acq,,,,,,,,,,,,,,,30,,0225-DGJZT-CGC-YIN-DMRM-POS.d,,Find by MRM,,
141,DGJZT_SJ_11_2,,,457.3,,,,,100,,,,12.701,,,422,0.358,3778,,,,,Acq,,,,,,,,,,,,,,,30,,0225-DGJZT-CGC-YIN-DMRM-POS.d,,Find by MRM,,
142,DGJZT_SJ_10_2,,,277.2,,,,,100,,,,12.654,,,46405,0.419,367089,,,,,Acq,,,,,,,,,,,,,,,30,,0225-DGJZT-CGC-YIN-DMRM-POS.d,,Find by MRM,,
143,DGJZT_SJ_10_1,,,277.2,,,,,100,,,,12.654,,,34161,0.423,268455,,,,,Acq,,,,,,,,,,,,,,,30,,0225-DGJZT-CGC-YIN-DMRM-POS.d,,Find by MRM,,
144,DGJZT_SJ_10_3,,,277.2,,,,,100,,,,12.654,,,7394,0.403,59426,,,,,Acq,,,,,,,,,,,,,,,30,,0225-DGJZT-CGC-YIN-DMRM-POS.d,,Find by MRM,,
145,DGJZT_SJ_9_3,,,177.1,,,,,100,,,,12.656,,,12258,0.368,95401,,,,,Acq,,,,,,,,,,,,,,,30,,0225-DGJZT-CGC-YIN-DMRM-POS.d,,Find by MRM,,
146,DGJZT_SJ_9_2,,,177.1,,,,,100,,,,12.656,,,74204,0.417,583183,,,,,Acq,,,,,,,,,,,,,,,30,,0225-DGJZT-CGC-YIN-DMRM-POS.d,,Find by MRM,,
147,DGJZT_SJ_9_1,,,177.1,,,,,100,,,,12.657,,,92996,0.406,724290,,,,,Acq,,,,,,,,,,,,,,,30,,0225-DGJZT-CGC-YIN-DMRM-POS.d,,Find by MRM,,
148,DGJZT_SJ_8_3,,,145.1,,,,,100,,,,12.657,,,444,0.394,3594,,,,,Acq,,,,,,,,,,,,,,,30,,0225-DGJZT-CGC-YIN-DMRM-POS.d,,Find by MRM,,
149,DGJZT_SJ_8_1,,,145.1,,,,,100,,,,12.649,,,10931,0.435,86610,,,,,Acq,,,,,,,,,,,,,,,30,,0225-DGJZT-CGC-YIN-DMRM-POS.d,,Find by MRM,,
150,DGJZT_SJ_11_3,,,457.3,,,,,100,,,,12.692,,,181,0.375,1557,,,,,Acq,,,,,,,,,,,,,,,30,,0225-DGJZT-CGC-YIN-DMRM-POS.d,,Find by MRM,,
151,DGJZT_SJ_11_1,,,457.3,,,,,100,,,,12.676,,,1586,0.435,13726,,,,,Acq,,,,,,,,,,,,,,,30,,0225-DGJZT-CGC-YIN-DMRM-POS.d,,Find by MRM,,
152,DGJZT_CGC_83_1,,,369.1,,,,,100,,,,12.636,,,19,0.117,74,,,,,Acq,,,,,,,,,,,,,,,30,,0225-DGJZT-CGC-YIN-DMRM-POS.d,,Find by MRM,,
153,DGJZT_SJ_8_2,,,145.1,,,,,100,,,,12.657,,,572,0.4,4736,,,,,Acq,,,,,,,,,,,,,,,30,,0225-DGJZT-CGC-YIN-DMRM-POS.d,,Find by MRM,,
154,DGJZT_CGC_83_3,,,369.1,,,,,100,,,,12.594,,,5,0.073,13,,,,,Acq,,,,,,,,,,,,,,,30,,0225-DGJZT-CGC-YIN-DMRM-POS.d,,Find by MRM,,
155,DGJZT_CGC_83_2,,,369.1,,,,,100,,,,12.728,,,71,0.095,255,,,,,Acq,,,,,,,,,,,,,,,30,,0225-DGJZT-CGC-YIN-DMRM-POS.d,,Find by MRM,,
156,DGJZT_CGC_80_1,,,353.1,,,,,100,,,,12.578,,,8,0.079,18,,,,,Acq,,,,,,,,,,,,,,,30,,0225-DGJZT-CGC-YIN-DMRM-POS.d,,Find by MRM,,
157,DGJZT_CGC_87_1,,,299.1,,,,,100,,,,13.115,,,21,0.275,159,,,,,Acq,,,,,,,,,,,,,,,30,,0225-DGJZT-CGC-YIN-DMRM-POS.d,,Find by MRM,,
158,DGJZT_CGC_87_2,,,299.1,,,,,100,,,,13.057,,,4,0.198,31,,,,,Acq,,,,,,,,,,,,,,,30,,0225-DGJZT-CGC-YIN-DMRM-POS.d,,Find by MRM,,
159,DGJZT_CGC_86_3,,,353.1,,,,,100,,,,13.061,,,32,0.078,99,,,,,Acq,,,,,,,,,,,,,,,30,,0225-DGJZT-CGC-YIN-DMRM-POS.d,,Find by MRM,,
160,DGJZT_CGC_86_2,,,353.1,,,,,100,,,,13.189,,,24,0.059,65,,,,,Acq,,,,,,,,,,,,,,,30,,0225-DGJZT-CGC-YIN-DMRM-POS.d,,Find by MRM,,
161,DGJZT_CGC_86_1,,,353.1,,,,,100,,,,13.021,,,26,0.094,86,,,,,Acq,,,,,,,,,,,,,,,30,,0225-DGJZT-CGC-YIN-DMRM-POS.d,,Find by MRM,,
162,DGJZT_CGC_91_3,,,355.1,,,,,100,,,,13.262,,,78,0.176,375,,,,,Acq,,,,,,,,,,,,,,,30,,0225-DGJZT-CGC-YIN-DMRM-POS.d,,Find by MRM,,
163,DGJZT_CGC_87_3,,,299.1,,,,,100,,,,13.166,,,11,0.084,27,,,,,Acq,,,,,,,,,,,,,,,30,,0225-DGJZT-CGC-YIN-DMRM-POS.d,,Find by MRM,,
164,DGJZT_CGC_92_3,,,383.2,,,,,100,,,,13.295,,,12,0.174,59,,,,,Acq,,,,,,,,,,,,,,,30,,0225-DGJZT-CGC-YIN-DMRM-POS.d,,Find by MRM,,
165,DGJZT_DG_37_3,,,193.1,,,,,100,,,,13.292,,,171,0.249,1165,,,,,Acq,,,,,,,,,,,,,,,30,,0225-DGJZT-CGC-YIN-DMRM-POS.d,,Find by MRM,,
166,DGJZT_DG_37_2,,,193.1,,,,,100,,,,13.285,,,1274,0.322,9094,,,,,Acq,,,,,,,,,,,,,,,30,,0225-DGJZT-CGC-YIN-DMRM-POS.d,,Find by MRM,,
167,DGJZT_DG_37_1,,,193.1,,,,,100,,,,13.285,,,2132,0.354,15454,,,,,Acq,,,,,,,,,,,,,,,30,,0225-DGJZT-CGC-YIN-DMRM-POS.d,,Find by MRM,,
168,DGJZT_CGC_91_2,,,355.1,,,,,100,,,,13.314,,,28,0.343,234,,,,,Acq,,,,,,,,,,,,,,,30,,0225-DGJZT-CGC-YIN-DMRM-POS.d,,Find by MRM,,
169,DGJZT_CGC_91_1,,,355.1,,,,,100,,,,13.331,,,29,0.207,148,,,,,Acq,,,,,,,,,,,,,,,30,,0225-DGJZT-CGC-YIN-DMRM-POS.d,,Find by MRM,,
170,DGJZT_CGC_93_3,,,327.1,,,,,100,,,,13.499,,,3,0.067,7,,,,,Acq,,,,,,,,,,,,,,,30,,0225-DGJZT-CGC-YIN-DMRM-POS.d,,Find by MRM,,
171,DGJZT_CGC_92_2,,,383.2,,,,,100,,,,13.445,,,4,0.113,13,,,,,Acq,,,,,,,,,,,,,,,30,,0225-DGJZT-CGC-YIN-DMRM-POS.d,,Find by MRM,,
172,DGJZT_CGC_92_1,,,383.2,,,,,100,,,,13.37,,,5,0.107,14,,,,,Acq,,,,,,,,,,,,,,,30,,0225-DGJZT-CGC-YIN-DMRM-POS.d,,Find by MRM,,
173,DGJZT_CGC_93_2,,,327.1,,,,,100,,,,13.541,,,7,0.19,34,,,,,Acq,,,,,,,,,,,,,,,30,,0225-DGJZT-CGC-YIN-DMRM-POS.d,,Find by MRM,,
174,DGJZT_CGC_97_2,,,337.1,,,,,100,,,,13.789,,,11,0.143,52,,,,,Acq,,,,,,,,,,,,,,,30,,0225-DGJZT-CGC-YIN-DMRM-POS.d,,Find by MRM,,
175,DGJZT_CGC_97_1,,,337.1,,,,,100,,,,13.957,,,36,0.116,108,,,,,Acq,,,,,,,,,,,,,,,30,,0225-DGJZT-CGC-YIN-DMRM-POS.d,,Find by MRM,,
176,DGJZT_CGC_98_3,,,317.1,,,,,100,,,,13.983,,,12,0.06,27,,,,,Acq,,,,,,,,,,,,,,,30,,0225-DGJZT-CGC-YIN-DMRM-POS.d,,Find by MRM,,
177,DGJZT_CGC_98_1,,,317.1,,,,,100,,,,13.815,,,8,0.141,40,,,,,Acq,,,,,,,,,,,,,,,30,,0225-DGJZT-CGC-YIN-DMRM-POS.d,,Find by MRM,,
178,DGJZT_CGC_98_2,,,317.1,,,,,100,,,,13.732,,,69,0.41,631,,,,,Acq,,,,,,,,,,,,,,,30,,0225-DGJZT-CGC-YIN-DMRM-POS.d,,Find by MRM,,
179,DGJZT_CGC_97_3,,,337.1,,,,,100,,,,13.94,,,9,0.116,29,,,,,Acq,,,,,,,,,,,,,,,30,,0225-DGJZT-CGC-YIN-DMRM-POS.d,,Find by MRM,,
180,DGJZT_DG_41_1,,,189.1,,,,,100,,,,13.834,,,7663,0.179,40890,,,,,Acq,,,,,,,,,,,,,,,30,,0225-DGJZT-CGC-YIN-DMRM-POS.d,,Find by MRM,,
181,DGJZT_DG_41_2,,,189.1,,,,,100,,,,13.843,,,3026,0.187,17921,,,,,Acq,,,,,,,,,,,,,,,30,,0225-DGJZT-CGC-YIN-DMRM-POS.d,,Find by MRM,,
182,DGJZT_DG_41_3,,,189.1,,,,,100,,,,13.843,,,2152,0.204,12971,,,,,Acq,,,,,,,,,,,,,,,30,,0225-DGJZT-CGC-YIN-DMRM-POS.d,,Find by MRM,,
183,DGJZT_SJ_13_3,,,177.1,,,,,100,,,,13.902,,,729,0.375,5480,,,,,Acq,,,,,,,,,,,,,,,30,,0225-DGJZT-CGC-YIN-DMRM-POS.d,,Find by MRM,,
184,DGJZT_SJ_13_2,,,177.1,,,,,100,,,,13.911,,,5477,0.363,38043,,,,,Acq,,,,,,,,,,,,,,,30,,0225-DGJZT-CGC-YIN-DMRM-POS.d,,Find by MRM,,
185,DGJZT_SJ_13_1,,,177.1,,,,,100,,,,13.903,,,5185,0.4,42071,,,,,Acq,,,,,,,,,,,,,,,30,,0225-DGJZT-CGC-YIN-DMRM-POS.d,,Find by MRM,,
186,DGJZT_CGC_100_2,,,383.1,,,,,100,,,,14.074,,,15,0.194,102,,,,,Acq,,,,,,,,,,,,,,,30,,0225-DGJZT-CGC-YIN-DMRM-POS.d,,Find by MRM,,
187,DGJZT_CGC_100_1,,,383.1,,,,,100,,,,13.939,,,8,0.152,30,,,,,Acq,,,,,,,,,,,,,,,30,,0225-DGJZT-CGC-YIN-DMRM-POS.d,,Find by MRM,,
188,DGJZT_DG_47_3,,,191.1,,,,,100,,,,13.993,,,44472,0.301,322889,,,,,Acq,,,,,,,,,,,,,,,30,,0225-DGJZT-CGC-YIN-DMRM-POS.d,,Find by MRM,,
189,DGJZT_DG_47_1,,,191.1,,,,,100,,,,13.984,,,90184,0.371,669379,,,,,Acq,,,,,,,,,,,,,,,30,,0225-DGJZT-CGC-YIN-DMRM-POS.d,,Find by MRM,,
190,DGJZT_DG_47_2,,,191.1,,,,,100,,,,13.985,,,79468,0.361,586425,,,,,Acq,,,,,,,,,,,,,,,30,,0225-DGJZT-CGC-YIN-DMRM-POS.d,,Find by MRM,,
191,DGJZT_DG_45_3,,,145.1,,,,,100,,,,13.971,,,1321,0.286,9564,,,,,Acq,,,,,,,,,,,,,,,30,,0225-DGJZT-CGC-YIN-DMRM-POS.d,,Find by MRM,,
192,DGJZT_DG_45_1,,,145.1,,,,,100,,,,13.979,,,5313,0.415,42446,,,,,Acq,,,,,,,,,,,,,,,30,,0225-DGJZT-CGC-YIN-DMRM-POS.d,,Find by MRM,,
193,DGJZT_DG_45_2,,,145.1,,,,,100,,,,13.98,,,2592,0.302,19419,,,,,Acq,,,,,,,,,,,,,,,30,,0225-DGJZT-CGC-YIN-DMRM-POS.d,,Find by MRM,,
194,DGJZT_CGC_100_3,,,383.1,,,,,100,,,,14.015,,,5,0.055,8,,,,,Acq,,,,,,,,,,,,,,,30,,0225-DGJZT-CGC-YIN-DMRM-POS.d,,Find by MRM,,
195,DGJZT_CGC_101_2,,,371.2,,,,,100,,,,14.177,,,14,0.095,33,,,,,Acq,,,,,,,,,,,,,,,30,,0225-DGJZT-CGC-YIN-DMRM-POS.d,,Find by MRM,,
196,DGJZT_CGC_101_3,,,371.2,,,,,100,,,,14.101,,,21,0.11,101,,,,,Acq,,,,,,,,,,,,,,,30,,0225-DGJZT-CGC-YIN-DMRM-POS.d,,Find by MRM,,
197,DGJZT_CGC_103_1,,,425.2,,,,,100,,,,14.273,,,143,0.464,1390,,,,,Acq,,,,,,,,,,,,,,,30,,0225-DGJZT-CGC-YIN-DMRM-POS.d,,Find by MRM,,
198,DGJZT_CGC_103_2,,,425.2,,,,,100,,,,14.19,,,25,0.254,170,,,,,Acq,,,,,,,,,,,,,,,30,,0225-DGJZT-CGC-YIN-DMRM-POS.d,,Find by MRM,,
199,DGJZT_CGC_103_3,,,425.2,,,,,100,,,,14.275,,,155,0.417,1562,,,,,Acq,,,,,,,,,,,,,,,30,,0225-DGJZT-CGC-YIN-DMRM-POS.d,,Find by MRM,,
200,DGJZT_CGC_101_1,,,371.2,,,,,100,,,,14.101,,,18,0.142,56,,,,,Acq,,,,,,,,,,,,,,,30,,0225-DGJZT-CGC-YIN-DMRM-POS.d,,Find by MRM,,
201,DGJZT_SJ_14_1,,,404.2,,,,,100,,,,14.277,,,9109,0.291,61197,,,,,Acq,,,,,,,,,,,,,,,30,,0225-DGJZT-CGC-YIN-DMRM-POS.d,,Find by MRM,,
202,DGJZT_SJ_14_3,,,404.2,,,,,100,,,,14.294,,,106,0.192,668,,,,,Acq,,,,,,,,,,,,,,,30,,0225-DGJZT-CGC-YIN-DMRM-POS.d,,Find by MRM,,
203,DGJZT_SJ_14_2,,,404.2,,,,,100,,,,14.268,,,8013,0.283,53621,,,,,Acq,,,,,,,,,,,,,,,30,,0225-DGJZT-CGC-YIN-DMRM-POS.d,,Find by MRM,,
204,DGJZT_CGC_106_2,,,423.2,,,,,100,,,,14.484,,,72,0.307,472,,,,,Acq,,,,,,,,,,,,,,,30,,0225-DGJZT-CGC-YIN-DMRM-POS.d,,Find by MRM,,
205,DGJZT_CGC_106_1,,,423.2,,,,,100,,,,14.859,,,16,0.067,42,,,,,Acq,,,,,,,,,,,,,,,30,,0225-DGJZT-CGC-YIN-DMRM-POS.d,,Find by MRM,,
206,DGJZT_DG_49_3,,,191.1,,,,,100,,,,14.638,,,781,0.225,4562,,,,,Acq,,,,,,,,,,,,,,,30,,0225-DGJZT-CGC-YIN-DMRM-POS.d,,Find by MRM,,
207,DGJZT_DG_49_1,,,191.1,,,,,100,,,,14.638,,,1847,0.168,10477,,,,,Acq,,,,,,,,,,,,,,,30,,0225-DGJZT-CGC-YIN-DMRM-POS.d,,Find by MRM,,
208,DGJZT_DG_49_2,,,191.1,,,,,100,,,,14.631,,,1353,0.168,6783,,,,,Acq,,,,,,,,,,,,,,,30,,0225-DGJZT-CGC-YIN-DMRM-POS.d,,Find by MRM,,
209,DGJZT_GZ_24_1,,,279.1,,,,,100,,,,14.721,,,4233,0.419,30774,,,,,Acq,,,,,,,,,,,,,,,30,,0225-DGJZT-CGC-YIN-DMRM-POS.d,,Find by MRM,,
210,DGJZT_GZ_24_3,,,279.1,,,,,100,,,,14.713,,,1041,0.428,7663,,,,,Acq,,,,,,,,,,,,,,,30,,0225-DGJZT-CGC-YIN-DMRM-POS.d,,Find by MRM,,
211,DGJZT_CGC_106_3,,,423.2,,,,,100,,,,14.625,,,19,0.209,119,,,,,Acq,,,,,,,,,,,,,,,30,,0225-DGJZT-CGC-YIN-DMRM-POS.d,,Find by MRM,,
212,DGJZT_GZ_24_2,,,279.1,,,,,100,,,,14.721,,,9544,0.299,62541,,,,,Acq,,,,,,,,,,,,,,,30,,0225-DGJZT-CGC-YIN-DMRM-POS.d,,Find by MRM,,
213,DGJZT_GZ_25_2,,,309.2,,,,,100,,,,14.803,,,1048,0.398,7859,,,,,Acq,,,,,,,,,,,,,,,30,,0225-DGJZT-CGC-YIN-DMRM-POS.d,,Find by MRM,,
214,DGJZT_GZ_25_3,,,309.2,,,,,100,,,,14.803,,,106,0.252,763,,,,,Acq,,,,,,,,,,,,,,,30,,0225-DGJZT-CGC-YIN-DMRM-POS.d,,Find by MRM,,
215,DGJZT_GZ_25_1,,,309.2,,,,,100,,,,14.795,,,9011,0.378,62092,,,,,Acq,,,,,,,,,,,,,,,30,,0225-DGJZT-CGC-YIN-DMRM-POS.d,,Find by MRM,,
216,DGJZT_SJ_16_3,,,177.1,,,,,100,,,,14.807,,,191,0.264,1049,,,,,Acq,,,,,,,,,,,,,,,30,,0225-DGJZT-CGC-YIN-DMRM-POS.d,,Find by MRM,,
217,DGJZT_SJ_16_2,,,177.1,,,,,100,,,,14.807,,,1042,0.311,6778,,,,,Acq,,,,,,,,,,,,,,,30,,0225-DGJZT-CGC-YIN-DMRM-POS.d,,Find by MRM,,
218,DGJZT_SJ_16_1,,,177.1,,,,,100,,,,14.791,,,1290,0.247,8260,,,,,Acq,,,,,,,,,,,,,,,30,,0225-DGJZT-CGC-YIN-DMRM-POS.d,,Find by MRM,,
219,DGJZT_DG_50_2,,,412.3,,,,,100,,,,15.054,,,261,0.151,1561,,,,,Acq,,,,,,,,,,,,,,,30,,0225-DGJZT-CGC-YIN-DMRM-POS.d,,Find by MRM,,
220,DGJZT_DG_50_1,,,412.3,,,,,100,,,,15.07,,,17126,0.434,173511,,,,,Acq,,,,,,,,,,,,,,,30,,0225-DGJZT-CGC-YIN-DMRM-POS.d,,Find by MRM,,
221,DGJZT_DG_50_3,,,412.3,,,,,100,,,,15.037,,,898,0.481,10863,,,,,Acq,,,,,,,,,,,,,,,30,,0225-DGJZT-CGC-YIN-DMRM-POS.d,,Find by MRM,,
222,DGJZT_DG_52_3,,,381.2,,,,,100,,,,15.065,,,16469,0.475,195254,,,,,Acq,,,,,,,,,,,,,,,30,,0225-DGJZT-CGC-YIN-DMRM-POS.d,,Find by MRM,,
223,DGJZT_DG_58_1,,,412.2,,,,,100,,,,15.062,,,16975,0.455,171416,,,,,Acq,,,,,,,,,,,,,,,30,,0225-DGJZT-CGC-YIN-DMRM-POS.d,,Find by MRM,,
224,DGJZT_DG_58_3,,,412.2,,,,,100,,,,15.063,,,1416,0.472,14128,,,,,Acq,,,,,,,,,,,,,,,30,,0225-DGJZT-CGC-YIN-DMRM-POS.d,,Find by MRM,,
225,DGJZT_DG_55_2,,,363.2,,,,,100,,,,14.964,,,38,0.115,150,,,,,Acq,,,,,,,,,,,,,,,30,,0225-DGJZT-CGC-YIN-DMRM-POS.d,,Find by MRM,,
226,DGJZT_DG_59_3,,,191.1,,,,,100,,,,15.067,,,2281,0.5,23408,,,,,Acq,,,,,,,,,,,,,,,30,,0225-DGJZT-CGC-YIN-DMRM-POS.d,,Find by MRM,,
227,DGJZT_DG_59_1,,,191.1,,,,,100,,,,15.067,,,7536,0.51,77241,,,,,Acq,,,,,,,,,,,,,,,30,,0225-DGJZT-CGC-YIN-DMRM-POS.d,,Find by MRM,,
228,DGJZT_DG_59_2,,,191.1,,,,,100,,,,15.067,,,5756,0.508,68184,,,,,Acq,,,,,,,,,,,,,,,30,,0225-DGJZT-CGC-YIN-DMRM-POS.d,,Find by MRM,,
229,DGJZT_DG_58_2,,,412.2,,,,,100,,,,15.046,,,251,0.144,1380,,,,,Acq,,,,,,,,,,,,,,,30,,0225-DGJZT-CGC-YIN-DMRM-POS.d,,Find by MRM,,
230,DGJZT_DG_52_1,,,381.2,,,,,100,,,,15.124,,,121429,0.48,1291401,,,,,Acq,,,,,,,,,,,,,,,30,,0225-DGJZT-CGC-YIN-DMRM-POS.d,,Find by MRM,,
231,DGJZT_DG_52_2,,,381.2,,,,,100,,,,15.125,,,5744,0.384,63129,,,,,Acq,,,,,,,,,,,,,,,30,,0225-DGJZT-CGC-YIN-DMRM-POS.d,,Find by MRM,,
232,DGJZT_GZ_27_1,,,448.3,,,,,100,,,,15.127,,,218737,0.41,1513882,,,,,Acq,,,,,,,,,,,,,,,30,,0225-DGJZT-CGC-YIN-DMRM-POS.d,,Find by MRM,,
233,DGJZT_GZ_27_2,,,448.3,,,,,100,,,,15.127,,,10095,0.391,68609,,,,,Acq,,,,,,,,,,,,,,,30,,0225-DGJZT-CGC-YIN-DMRM-POS.d,,Find by MRM,,
234,DGJZT_DG_61_1,,,381.2,,,,,100,,,,15.123,,,112274,0.356,1102367,,,,,Acq,,,,,,,,,,,,,,,30,,0225-DGJZT-CGC-YIN-DMRM-POS.d,,Find by MRM,,
235,DGJZT_DG_61_3,,,381.2,,,,,100,,,,15.132,,,20402,0.429,177920,,,,,Acq,,,,,,,,,,,,,,,30,,0225-DGJZT-CGC-YIN-DMRM-POS.d,,Find by MRM,,
236,DGJZT_DG_61_2,,,381.2,,,,,100,,,,15.132,,,26265,0.379,188858,,,,,Acq,,,,,,,,,,,,,,,30,,0225-DGJZT-CGC-YIN-DMRM-POS.d,,Find by MRM,,
237,DGJZT_SJ_17_1,,,432.3,,,,,100,,,,15.212,,,2539,0.409,17951,,,,,Acq,,,,,,,,,,,,,,,30,,0225-DGJZT-CGC-YIN-DMRM-POS.d,,Find by MRM,,
238,DGJZT_SJ_17_3,,,432.3,,,,,100,,,,15.204,,,691,0.412,6439,,,,,Acq,,,,,,,,,,,,,,,30,,0225-DGJZT-CGC-YIN-DMRM-POS.d,,Find by MRM,,
239,DGJZT_SJ_17_2,,,432.3,,,,,100,,,,15.204,,,2806,0.396,20493,,,,,Acq,,,,,,,,,,,,,,,30,,0225-DGJZT-CGC-YIN-DMRM-POS.d,,Find by MRM,,

