﻿#化合物列表: 526 found
#
Cpd,Name,Formula,Purity Result,Precursor,Mass,Diff (ppm),Score (Tgt),Flags (Tgt),Score,Std Dev,Relative Mass Difference (MFG),Base Peak,RT,RT Diff,Target Retention Time Difference,Height,Width,Area,Volume,Vol %,Ions,Saturated,ID Source,Score (MFG),Score (DB),Hit Count,Tgt MFG Hit,FV,Purity Value,Purity Comments,ADC% Area,EIC/TIC% Area,TIC% Area,UVA% Area,Score (Lib),CAS ID,Relative Reference Mass difference,CE,MS/MS Count,File,Notes,Algorithm,Lib/DB
1,DGJZT_SJ_1_3,,,308.1,,,,,100,,,,1.024,,,40,0.319,278,,,,,Acq,,,,,,,,,,,,,,,30,,0225-DGJZT-GZ-DMRM-NEG.d,,Find by MRM,,
2,DGJZT_SJ_1_1,,,308.1,,,,,100,,,,1.034,,,28,0.277,177,,,,,Acq,,,,,,,,,,,,,,,30,,0225-DGJZT-GZ-DMRM-NEG.d,,Find by MRM,,
3,DGJZT_SJ_1_2,,,308.1,,,,,100,,,,1.009,,,26,0.251,179,,,,,Acq,,,,,,,,,,,,,,,30,,0225-DGJZT-GZ-DMRM-NEG.d,,Find by MRM,,
4,DGJZT_DZ_4_3,,,618.2,,,,,100,,,,1.17,,,2,0.092,4,,,,,Acq,,,,,,,,,,,,,,,30,,0225-DGJZT-GZ-DMRM-NEG.d,,Find by MRM,,
5,DGJZT_DZ_4_1,,,618.2,,,,,100,,,,0.91,,,1,0.093,3,,,,,Acq,,,,,,,,,,,,,,,30,,0225-DGJZT-GZ-DMRM-NEG.d,,Find by MRM,,
6,DGJZT_DZ_4_2,,,618.2,,,,,100,,,,1.096,,,1,0.091,2,,,,,Acq,,,,,,,,,,,,,,,30,,0225-DGJZT-GZ-DMRM-NEG.d,,Find by MRM,,
7,DGJZT_DZ_6_1,,,353.1,,,,,100,,,,1.124,,,25,0.084,90,,,,,Acq,,,,,,,,,,,,,,,30,,0225-DGJZT-GZ-DMRM-NEG.d,,Find by MRM,,
8,DGJZT_DZ_6_3,,,353.1,,,,,100,,,,1.091,,,23,0.31,183,,,,,Acq,,,,,,,,,,,,,,,30,,0225-DGJZT-GZ-DMRM-NEG.d,,Find by MRM,,
9,DGJZT_DG_6_1,,,470.2,,,,,100,,,,1.089,,,5,0.192,27,,,,,Acq,,,,,,,,,,,,,,,30,,0225-DGJZT-GZ-DMRM-NEG.d,,Find by MRM,,
10,DGJZT_DZ_9_1,,,618.2,,,,,100,,,,1.027,,,2,0.109,5,,,,,Acq,,,,,,,,,,,,,,,30,,0225-DGJZT-GZ-DMRM-NEG.d,,Find by MRM,,
11,DGJZT_DZ_9_2,,,618.2,,,,,100,,,,1.011,,,2,0.151,5,,,,,Acq,,,,,,,,,,,,,,,30,,0225-DGJZT-GZ-DMRM-NEG.d,,Find by MRM,,
12,DGJZT_DG_9_3,,,387.1,,,,,100,,,,1.081,,,7,0.091,18,,,,,Acq,,,,,,,,,,,,,,,30,,0225-DGJZT-GZ-DMRM-NEG.d,,Find by MRM,,
13,DGJZT_DZ_9_3,,,618.2,,,,,100,,,,1.11,,,0,0.106,0,,,,,Acq,,,,,,,,,,,,,,,30,,0225-DGJZT-GZ-DMRM-NEG.d,,Find by MRM,,
14,DGJZT_DG_10_1,,,527.1,,,,,100,,,,1.239,,,2,0.099,7,,,,,Acq,,,,,,,,,,,,,,,30,,0225-DGJZT-GZ-DMRM-NEG.d,,Find by MRM,,
15,DGJZT_DG_9_2,,,387.1,,,,,100,,,,1.407,,,9,0.091,38,,,,,Acq,,,,,,,,,,,,,,,30,,0225-DGJZT-GZ-DMRM-NEG.d,,Find by MRM,,
16,DGJZT_DG_9_1,,,387.1,,,,,100,,,,1.241,,,9,0.086,27,,,,,Acq,,,,,,,,,,,,,,,30,,0225-DGJZT-GZ-DMRM-NEG.d,,Find by MRM,,
17,DGJZT_DZ_10_2,,,353.1,,,,,100,,,,1.525,,,15,0.257,86,,,,,Acq,,,,,,,,,,,,,,,30,,0225-DGJZT-GZ-DMRM-NEG.d,,Find by MRM,,
18,DGJZT_DZ_10_1,,,353.1,,,,,100,,,,1.526,,,13,0.148,50,,,,,Acq,,,,,,,,,,,,,,,30,,0225-DGJZT-GZ-DMRM-NEG.d,,Find by MRM,,
19,DGJZT_DG_16_1,,,470.2,,,,,100,,,,1.572,,,3,0.086,7,,,,,Acq,,,,,,,,,,,,,,,30,,0225-DGJZT-GZ-DMRM-NEG.d,,Find by MRM,,
20,DGJZT_DG_17_2,,,372.1,,,,,100,,,,1.623,,,6,0.203,28,,,,,Acq,,,,,,,,,,,,,,,30,,0225-DGJZT-GZ-DMRM-NEG.d,,Find by MRM,,
21,DGJZT_DG_17_1,,,372.1,,,,,100,,,,1.616,,,4,0.151,12,,,,,Acq,,,,,,,,,,,,,,,30,,0225-DGJZT-GZ-DMRM-NEG.d,,Find by MRM,,
22,DGJZT_BS_3_1,,,343.1,,,,,100,,,,1.693,,,3,0.189,9,,,,,Acq,,,,,,,,,,,,,,,30,,0225-DGJZT-GZ-DMRM-NEG.d,,Find by MRM,,
23,DGJZT_BS_5_1,,,331.1,,,,,100,,,,1.919,,,3,0.109,8,,,,,Acq,,,,,,,,,,,,,,,30,,0225-DGJZT-GZ-DMRM-NEG.d,,Find by MRM,,
24,DGJZT_DG_25_1,,,527.1,,,,,100,,,,1.914,,,3,0.109,7,,,,,Acq,,,,,,,,,,,,,,,30,,0225-DGJZT-GZ-DMRM-NEG.d,,Find by MRM,,
25,DGJZT_BS_5_3,,,331.1,,,,,100,,,,1.918,,,3,0.048,5,,,,,Acq,,,,,,,,,,,,,,,30,,0225-DGJZT-GZ-DMRM-NEG.d,,Find by MRM,,
26,DGJZT_BS_5_2,,,331.1,,,,,100,,,,2.07,,,9,0.099,35,,,,,Acq,,,,,,,,,,,,,,,30,,0225-DGJZT-GZ-DMRM-NEG.d,,Find by MRM,,
27,DGJZT_DG_26_1,,,497.1,,,,,100,,,,1.856,,,4,0.158,13,,,,,Acq,,,,,,,,,,,,,,,30,,0225-DGJZT-GZ-DMRM-NEG.d,,Find by MRM,,
28,DGJZT_DG_26_3,,,497.1,,,,,100,,,,1.99,,,2,0.148,5,,,,,Acq,,,,,,,,,,,,,,,30,,0225-DGJZT-GZ-DMRM-NEG.d,,Find by MRM,,
29,DGJZT_BS_6_2,,,331.1,,,,,100,,,,2.003,,,6,0.077,16,,,,,Acq,,,,,,,,,,,,,,,30,,0225-DGJZT-GZ-DMRM-NEG.d,,Find by MRM,,
30,DGJZT_BS_6_1,,,331.1,,,,,100,,,,2.078,,,8,0.068,15,,,,,Acq,,,,,,,,,,,,,,,30,,0225-DGJZT-GZ-DMRM-NEG.d,,Find by MRM,,
31,DGJZT_BS_6_3,,,331.1,,,,,100,,,,2.128,,,4,0.215,25,,,,,Acq,,,,,,,,,,,,,,,30,,0225-DGJZT-GZ-DMRM-NEG.d,,Find by MRM,,
32,DGJZT_BS_8_2,,,567.2,,,,,100,,,,2.256,,,7,0.063,12,,,,,Acq,,,,,,,,,,,,,,,30,,0225-DGJZT-GZ-DMRM-NEG.d,,Find by MRM,,
33,DGJZT_BS_9_3,,,421.1,,,,,100,,,,2.109,,,2,0.091,3,,,,,Acq,,,,,,,,,,,,,,,30,,0225-DGJZT-GZ-DMRM-NEG.d,,Find by MRM,,
34,DGJZT_DG_29_3,,,341.1,,,,,100,,,,1.917,,,3,0.131,11,,,,,Acq,,,,,,,,,,,,,,,30,,0225-DGJZT-GZ-DMRM-NEG.d,,Find by MRM,,
35,DGJZT_DG_29_1,,,341.1,,,,,100,,,,2.185,,,3,0.104,7,,,,,Acq,,,,,,,,,,,,,,,30,,0225-DGJZT-GZ-DMRM-NEG.d,,Find by MRM,,
36,DGJZT_DG_29_2,,,341.1,,,,,100,,,,2.192,,,4,0.13,16,,,,,Acq,,,,,,,,,,,,,,,30,,0225-DGJZT-GZ-DMRM-NEG.d,,Find by MRM,,
37,DGJZT_BS_13_1,,,529.2,,,,,100,,,,2.265,,,3,0.158,7,,,,,Acq,,,,,,,,,,,,,,,30,,0225-DGJZT-GZ-DMRM-NEG.d,,Find by MRM,,
38,DGJZT_BS_16_1,,,493.1,,,,,100,,,,2.383,,,8,0.168,55,,,,,Acq,,,,,,,,,,,,,,,30,,0225-DGJZT-GZ-DMRM-NEG.d,,Find by MRM,,
39,DGJZT_BS_16_2,,,493.1,,,,,100,,,,2.249,,,2,0.1,3,,,,,Acq,,,,,,,,,,,,,,,30,,0225-DGJZT-GZ-DMRM-NEG.d,,Find by MRM,,
40,DGJZT_BS_16_3,,,493.1,,,,,100,,,,2.484,,,0,0.135,0,,,,,Acq,,,,,,,,,,,,,,,30,,0225-DGJZT-GZ-DMRM-NEG.d,,Find by MRM,,
41,DGJZT_BS_14_1,,,169,,,,,100,,,,2.33,,,52,0.3,472,,,,,Acq,,,,,,,,,,,,,,,30,,0225-DGJZT-GZ-DMRM-NEG.d,,Find by MRM,,
42,DGJZT_BS_14_2,,,169,,,,,100,,,,2.314,,,49,0.359,469,,,,,Acq,,,,,,,,,,,,,,,30,,0225-DGJZT-GZ-DMRM-NEG.d,,Find by MRM,,
43,DGJZT_BS_17_1,,,331.1,,,,,100,,,,2.394,,,55,0.268,439,,,,,Acq,,,,,,,,,,,,,,,30,,0225-DGJZT-GZ-DMRM-NEG.d,,Find by MRM,,
44,DGJZT_BS_17_2,,,331.1,,,,,100,,,,2.403,,,50,0.305,384,,,,,Acq,,,,,,,,,,,,,,,30,,0225-DGJZT-GZ-DMRM-NEG.d,,Find by MRM,,
45,DGJZT_BS_17_3,,,331.1,,,,,100,,,,2.371,,,13,0.326,120,,,,,Acq,,,,,,,,,,,,,,,30,,0225-DGJZT-GZ-DMRM-NEG.d,,Find by MRM,,
46,DGJZT_BS_18_1,,,526.2,,,,,100,,,,2.616,,,2,0.101,6,,,,,Acq,,,,,,,,,,,,,,,30,,0225-DGJZT-GZ-DMRM-NEG.d,,Find by MRM,,
47,DGJZT_DG_33_3,,,423.1,,,,,100,,,,2.617,,,2,0.099,5,,,,,Acq,,,,,,,,,,,,,,,30,,0225-DGJZT-GZ-DMRM-NEG.d,,Find by MRM,,
48,DGJZT_DG_33_2,,,423.1,,,,,100,,,,2.885,,,2,0.103,5,,,,,Acq,,,,,,,,,,,,,,,30,,0225-DGJZT-GZ-DMRM-NEG.d,,Find by MRM,,
49,DGJZT_DG_33_1,,,423.1,,,,,100,,,,2.671,,,3,0.093,7,,,,,Acq,,,,,,,,,,,,,,,30,,0225-DGJZT-GZ-DMRM-NEG.d,,Find by MRM,,
50,DGJZT_BS_20_1,,,403.1,,,,,100,,,,2.92,,,2,0.099,7,,,,,Acq,,,,,,,,,,,,,,,30,,0225-DGJZT-GZ-DMRM-NEG.d,,Find by MRM,,
51,DGJZT_BS_20_2,,,403.1,,,,,100,,,,2.73,,,2,0.114,7,,,,,Acq,,,,,,,,,,,,,,,30,,0225-DGJZT-GZ-DMRM-NEG.d,,Find by MRM,,
52,DGJZT_BS_22_1,,,527.1,,,,,100,,,,2.708,,,3,0.073,5,,,,,Acq,,,,,,,,,,,,,,,30,,0225-DGJZT-GZ-DMRM-NEG.d,,Find by MRM,,
53,DGJZT_DZ_18_2,,,240.1,,,,,100,,,,3.032,,,2,0.134,6,,,,,Acq,,,,,,,,,,,,,,,30,,0225-DGJZT-GZ-DMRM-NEG.d,,Find by MRM,,
54,DGJZT_BS_23_2,,,315.1,,,,,100,,,,2.962,,,57,0.223,429,,,,,Acq,,,,,,,,,,,,,,,30,,0225-DGJZT-GZ-DMRM-NEG.d,,Find by MRM,,
55,DGJZT_BS_23_1,,,315.1,,,,,100,,,,3.24,,,9,0.076,25,,,,,Acq,,,,,,,,,,,,,,,30,,0225-DGJZT-GZ-DMRM-NEG.d,,Find by MRM,,
56,DGJZT_DZ_19_2,,,297.1,,,,,100,,,,3.039,,,2,0.101,5,,,,,Acq,,,,,,,,,,,,,,,30,,0225-DGJZT-GZ-DMRM-NEG.d,,Find by MRM,,
57,DGJZT_DZ_19_1,,,297.1,,,,,100,,,,2.823,,,2,0.108,6,,,,,Acq,,,,,,,,,,,,,,,30,,0225-DGJZT-GZ-DMRM-NEG.d,,Find by MRM,,
58,DGJZT_DZ_21_1,,,221.1,,,,,100,,,,3.301,,,2,0.109,3,,,,,Acq,,,,,,,,,,,,,,,30,,0225-DGJZT-GZ-DMRM-NEG.d,,Find by MRM,,
59,DGJZT_BS_26_3,,,389.1,,,,,100,,,,3.262,,,3,0.186,15,,,,,Acq,,,,,,,,,,,,,,,30,,0225-DGJZT-GZ-DMRM-NEG.d,,Find by MRM,,
60,DGJZT_BS_25_2,,,527.1,,,,,100,,,,3.42,,,6,0.05,10,,,,,Acq,,,,,,,,,,,,,,,30,,0225-DGJZT-GZ-DMRM-NEG.d,,Find by MRM,,
61,DGJZT_BS_25_1,,,527.1,,,,,100,,,,3.101,,,2,0.069,4,,,,,Acq,,,,,,,,,,,,,,,30,,0225-DGJZT-GZ-DMRM-NEG.d,,Find by MRM,,
62,DGJZT_BS_26_2,,,389.1,,,,,100,,,,3.246,,,4,0.121,9,,,,,Acq,,,,,,,,,,,,,,,30,,0225-DGJZT-GZ-DMRM-NEG.d,,Find by MRM,,
63,DGJZT_BS_27_1,,,633.1,,,,,100,,,,3.42,,,3,0.142,8,,,,,Acq,,,,,,,,,,,,,,,30,,0225-DGJZT-GZ-DMRM-NEG.d,,Find by MRM,,
64,DGJZT_BS_26_1,,,389.1,,,,,100,,,,3.255,,,1,0.196,2,,,,,Acq,,,,,,,,,,,,,,,30,,0225-DGJZT-GZ-DMRM-NEG.d,,Find by MRM,,
65,DGJZT_DG_36_2,,,353.1,,,,,100,,,,3.323,,,50,0.284,419,,,,,Acq,,,,,,,,,,,,,,,30,,0225-DGJZT-GZ-DMRM-NEG.d,,Find by MRM,,
66,DGJZT_DG_36_1,,,353.1,,,,,100,,,,3.299,,,31,0.149,160,,,,,Acq,,,,,,,,,,,,,,,30,,0225-DGJZT-GZ-DMRM-NEG.d,,Find by MRM,,
67,DGJZT_DG_36_3,,,353.1,,,,,100,,,,3.298,,,29,0.185,161,,,,,Acq,,,,,,,,,,,,,,,30,,0225-DGJZT-GZ-DMRM-NEG.d,,Find by MRM,,
68,DGJZT_BS_28_3,,,287.1,,,,,100,,,,3.383,,,20,0.181,98,,,,,Acq,,,,,,,,,,,,,,,30,,0225-DGJZT-GZ-DMRM-NEG.d,,Find by MRM,,
69,DGJZT_BS_28_1,,,287.1,,,,,100,,,,3.451,,,13,0.103,43,,,,,Acq,,,,,,,,,,,,,,,30,,0225-DGJZT-GZ-DMRM-NEG.d,,Find by MRM,,
70,DGJZT_BS_28_2,,,287.1,,,,,100,,,,3.342,,,4,0.1,8,,,,,Acq,,,,,,,,,,,,,,,30,,0225-DGJZT-GZ-DMRM-NEG.d,,Find by MRM,,
71,DGJZT_DG_39_2,,,658.2,,,,,100,,,,3.293,,,0,0.159,1,,,,,Acq,,,,,,,,,,,,,,,30,,0225-DGJZT-GZ-DMRM-NEG.d,,Find by MRM,,
72,DGJZT_DG_39_1,,,658.2,,,,,100,,,,3.344,,,0,0.173,1,,,,,Acq,,,,,,,,,,,,,,,30,,0225-DGJZT-GZ-DMRM-NEG.d,,Find by MRM,,
73,DGJZT_BS_29_1,,,451.1,,,,,100,,,,3.74,,,55,0.049,49,,,,,Acq,,,,,,,,,,,,,,,30,,0225-DGJZT-GZ-DMRM-NEG.d,,Find by MRM,,
74,DGJZT_BS_37_1,,,483.1,,,,,100,,,,3.622,,,12,0.184,53,,,,,Acq,,,,,,,,,,,,,,,30,,0225-DGJZT-GZ-DMRM-NEG.d,,Find by MRM,,
75,DGJZT_BS_37_3,,,483.1,,,,,100,,,,3.656,,,3,0.132,9,,,,,Acq,,,,,,,,,,,,,,,30,,0225-DGJZT-GZ-DMRM-NEG.d,,Find by MRM,,
76,DGJZT_DG_41_2,,,355.1,,,,,100,,,,3.676,,,6,0.147,28,,,,,Acq,,,,,,,,,,,,,,,30,,0225-DGJZT-GZ-DMRM-NEG.d,,Find by MRM,,
77,DGJZT_DG_41_3,,,355.1,,,,,100,,,,3.726,,,8,0.109,36,,,,,Acq,,,,,,,,,,,,,,,30,,0225-DGJZT-GZ-DMRM-NEG.d,,Find by MRM,,
78,DGJZT_DG_41_1,,,355.1,,,,,100,,,,3.702,,,19,0.202,133,,,,,Acq,,,,,,,,,,,,,,,30,,0225-DGJZT-GZ-DMRM-NEG.d,,Find by MRM,,
79,DGJZT_DG_42_3,,,491.1,,,,,100,,,,3.629,,,3,0.165,11,,,,,Acq,,,,,,,,,,,,,,,30,,0225-DGJZT-GZ-DMRM-NEG.d,,Find by MRM,,
80,DGJZT_DG_42_1,,,491.1,,,,,100,,,,3.899,,,6,0.184,34,,,,,Acq,,,,,,,,,,,,,,,30,,0225-DGJZT-GZ-DMRM-NEG.d,,Find by MRM,,
81,DGJZT_BS_40_2,,,391.2,,,,,100,,,,3.859,,,3,0.161,10,,,,,Acq,,,,,,,,,,,,,,,30,,0225-DGJZT-GZ-DMRM-NEG.d,,Find by MRM,,
82,DGJZT_BS_40_3,,,391.2,,,,,100,,,,3.809,,,2,0.1,6,,,,,Acq,,,,,,,,,,,,,,,30,,0225-DGJZT-GZ-DMRM-NEG.d,,Find by MRM,,
83,DGJZT_GZ_4_1,,,349.1,,,,,100,,,,3.836,,,553,0.437,5621,,,,,Acq,,,,,,,,,,,,,,,30,,0225-DGJZT-GZ-DMRM-NEG.d,,Find by MRM,,
84,DGJZT_DG_43_1,,,293.1,,,,,100,,,,3.837,,,31,0.192,152,,,,,Acq,,,,,,,,,,,,,,,30,,0225-DGJZT-GZ-DMRM-NEG.d,,Find by MRM,,
85,DGJZT_CGC_7_1,,,631.1,,,,,100,,,,3.974,,,4,0.101,7,,,,,Acq,,,,,,,,,,,,,,,30,,0225-DGJZT-GZ-DMRM-NEG.d,,Find by MRM,,
86,DGJZT_DG_42_2,,,491.1,,,,,100,,,,4.059,,,4,0.075,8,,,,,Acq,,,,,,,,,,,,,,,30,,0225-DGJZT-GZ-DMRM-NEG.d,,Find by MRM,,
87,DGJZT_BS_45_1,,,635.1,,,,,100,,,,3.914,,,7,0.185,21,,,,,Acq,,,,,,,,,,,,,,,30,,0225-DGJZT-GZ-DMRM-NEG.d,,Find by MRM,,
88,DGJZT_DZ_23_1,,,477.2,,,,,100,,,,3.824,,,5,0.143,12,,,,,Acq,,,,,,,,,,,,,,,30,,0225-DGJZT-GZ-DMRM-NEG.d,,Find by MRM,,
89,DGJZT_DZ_24_2,,,431.2,,,,,100,,,,4.177,,,13,0.083,20,,,,,Acq,,,,,,,,,,,,,,,30,,0225-DGJZT-GZ-DMRM-NEG.d,,Find by MRM,,
90,DGJZT_DZ_24_1,,,431.2,,,,,100,,,,4.035,,,12,0.138,38,,,,,Acq,,,,,,,,,,,,,,,30,,0225-DGJZT-GZ-DMRM-NEG.d,,Find by MRM,,
91,DGJZT_DZ_25_2,,,639.2,,,,,100,,,,4.208,,,5,0.083,11,,,,,Acq,,,,,,,,,,,,,,,30,,0225-DGJZT-GZ-DMRM-NEG.d,,Find by MRM,,
92,DGJZT_DG_46_2,,,353.1,,,,,100,,,,4.029,,,89,0.359,912,,,,,Acq,,,,,,,,,,,,,,,30,,0225-DGJZT-GZ-DMRM-NEG.d,,Find by MRM,,
93,DGJZT_DG_46_1,,,353.1,,,,,100,,,,4.046,,,51,0.143,266,,,,,Acq,,,,,,,,,,,,,,,30,,0225-DGJZT-GZ-DMRM-NEG.d,,Find by MRM,,
94,DGJZT_DZ_25_3,,,639.2,,,,,100,,,,4.065,,,16,0.183,83,,,,,Acq,,,,,,,,,,,,,,,30,,0225-DGJZT-GZ-DMRM-NEG.d,,Find by MRM,,
95,DGJZT_DZ_25_1,,,639.2,,,,,100,,,,4.099,,,0,0.101,0,,,,,Acq,,,,,,,,,,,,,,,30,,0225-DGJZT-GZ-DMRM-NEG.d,,Find by MRM,,
96,DGJZT_BS_44_1,,,511.1,,,,,100,,,,4.169,,,3,0.112,6,,,,,Acq,,,,,,,,,,,,,,,30,,0225-DGJZT-GZ-DMRM-NEG.d,,Find by MRM,,
97,DGJZT_CGC_13_1,,,789.2,,,,,100,,,,3.98,,,5,0.126,11,,,,,Acq,,,,,,,,,,,,,,,30,,0225-DGJZT-GZ-DMRM-NEG.d,,Find by MRM,,
98,DGJZT_CGC_16_1,,,625.2,,,,,100,,,,4.168,,,4,0.168,17,,,,,Acq,,,,,,,,,,,,,,,30,,0225-DGJZT-GZ-DMRM-NEG.d,,Find by MRM,,
99,DGJZT_BS_46_3,,,525.2,,,,,100,,,,4.277,,,5,0.176,11,,,,,Acq,,,,,,,,,,,,,,,30,,0225-DGJZT-GZ-DMRM-NEG.d,,Find by MRM,,
100,DGJZT_CGC_14_1,,,417.1,,,,,100,,,,4.137,,,4,0.159,10,,,,,Acq,,,,,,,,,,,,,,,30,,0225-DGJZT-GZ-DMRM-NEG.d,,Find by MRM,,
101,DGJZT_CGC_18_1,,,711.2,,,,,100,,,,4.425,,,7,0.487,13,,,,,Acq,,,,,,,,,,,,,,,30,,0225-DGJZT-GZ-DMRM-NEG.d,,Find by MRM,,
102,DGJZT_CGC_14_3,,,417.1,,,,,100,,,,3.994,,,1,0.058,6,,,,,Acq,,,,,,,,,,,,,,,30,,0225-DGJZT-GZ-DMRM-NEG.d,,Find by MRM,,
103,DGJZT_CGC_14_2,,,417.1,,,,,100,,,,4.036,,,4,0.114,9,,,,,Acq,,,,,,,,,,,,,,,30,,0225-DGJZT-GZ-DMRM-NEG.d,,Find by MRM,,
104,DGJZT_CGC_18_3,,,711.2,,,,,100,,,,4.182,,,8,0.159,37,,,,,Acq,,,,,,,,,,,,,,,30,,0225-DGJZT-GZ-DMRM-NEG.d,,Find by MRM,,
105,DGJZT_CGC_17_1,,,549.2,,,,,100,,,,4.185,,,1,0.1,2,,,,,Acq,,,,,,,,,,,,,,,30,,0225-DGJZT-GZ-DMRM-NEG.d,,Find by MRM,,
106,DGJZT_BS_53_1,,,635.1,,,,,100,,,,4.393,,,8,0.208,45,,,,,Acq,,,,,,,,,,,,,,,30,,0225-DGJZT-GZ-DMRM-NEG.d,,Find by MRM,,
107,DGJZT_BS_51_2,,,183,,,,,100,,,,4.314,,,29,0.166,167,,,,,Acq,,,,,,,,,,,,,,,30,,0225-DGJZT-GZ-DMRM-NEG.d,,Find by MRM,,
108,DGJZT_BS_51_1,,,183,,,,,100,,,,4.323,,,41,0.296,327,,,,,Acq,,,,,,,,,,,,,,,30,,0225-DGJZT-GZ-DMRM-NEG.d,,Find by MRM,,
109,DGJZT_DZ_26_2,,,755.3,,,,,100,,,,4.299,,,4,0.134,9,,,,,Acq,,,,,,,,,,,,,,,30,,0225-DGJZT-GZ-DMRM-NEG.d,,Find by MRM,,
110,DGJZT_BS_56_1,,,687.2,,,,,100,,,,4.442,,,6,0.108,17,,,,,Acq,,,,,,,,,,,,,,,30,,0225-DGJZT-GZ-DMRM-NEG.d,,Find by MRM,,
111,DGJZT_BS_54_1,,,327.1,,,,,100,,,,4.238,,,4,0.083,7,,,,,Acq,,,,,,,,,,,,,,,30,,0225-DGJZT-GZ-DMRM-NEG.d,,Find by MRM,,
112,DGJZT_DG_49_1,,,215.1,,,,,100,,,,4.438,,,2,0.1,4,,,,,Acq,,,,,,,,,,,,,,,30,,0225-DGJZT-GZ-DMRM-NEG.d,,Find by MRM,,
113,DGJZT_DG_49_2,,,215.1,,,,,100,,,,4.214,,,2,0.109,5,,,,,Acq,,,,,,,,,,,,,,,30,,0225-DGJZT-GZ-DMRM-NEG.d,,Find by MRM,,
114,DGJZT_CGC_19_1,,,593.2,,,,,100,,,,4.678,,,8,0.191,41,,,,,Acq,,,,,,,,,,,,,,,30,,0225-DGJZT-GZ-DMRM-NEG.d,,Find by MRM,,
115,DGJZT_BS_60_1,,,631.2,,,,,100,,,,4.486,,,0,0.234,2,,,,,Acq,,,,,,,,,,,,,,,30,,0225-DGJZT-GZ-DMRM-NEG.d,,Find by MRM,,
116,DGJZT_BS_60_3,,,631.2,,,,,100,,,,4.777,,,5,0.151,14,,,,,Acq,,,,,,,,,,,,,,,30,,0225-DGJZT-GZ-DMRM-NEG.d,,Find by MRM,,
117,DGJZT_BS_61_1,,,491.1,,,,,100,,,,4.779,,,24,0.33,199,,,,,Acq,,,,,,,,,,,,,,,30,,0225-DGJZT-GZ-DMRM-NEG.d,,Find by MRM,,
118,DGJZT_GZ_6_2,,,415.1,,,,,100,,,,4.755,,,459,0.424,3596,,,,,Acq,,,,,,,,,,,,,,,30,,0225-DGJZT-GZ-DMRM-NEG.d,,Find by MRM,,
119,DGJZT_GZ_6_1,,,415.1,,,,,100,,,,4.764,,,617,0.365,4742,,,,,Acq,,,,,,,,,,,,,,,30,,0225-DGJZT-GZ-DMRM-NEG.d,,Find by MRM,,
120,DGJZT_BS_62_2,,,519.2,,,,,100,,,,4.862,,,5,0.126,14,,,,,Acq,,,,,,,,,,,,,,,30,,0225-DGJZT-GZ-DMRM-NEG.d,,Find by MRM,,
121,DGJZT_BS_62_1,,,519.2,,,,,100,,,,4.912,,,3,0.101,7,,,,,Acq,,,,,,,,,,,,,,,30,,0225-DGJZT-GZ-DMRM-NEG.d,,Find by MRM,,
122,DGJZT_BS_66_3,,,687.2,,,,,100,,,,4.834,,,9,0.067,24,,,,,Acq,,,,,,,,,,,,,,,30,,0225-DGJZT-GZ-DMRM-NEG.d,,Find by MRM,,
123,DGJZT_BS_66_1,,,687.2,,,,,100,,,,4.835,,,22,0.328,188,,,,,Acq,,,,,,,,,,,,,,,30,,0225-DGJZT-GZ-DMRM-NEG.d,,Find by MRM,,
124,DGJZT_BS_66_2,,,687.2,,,,,100,,,,5.062,,,0,0.101,3,,,,,Acq,,,,,,,,,,,,,,,30,,0225-DGJZT-GZ-DMRM-NEG.d,,Find by MRM,,
125,DGJZT_GZ_8_2,,,327.1,,,,,100,,,,4.95,,,675,0.373,5718,,,,,Acq,,,,,,,,,,,,,,,30,,0225-DGJZT-GZ-DMRM-NEG.d,,Find by MRM,,
126,DGJZT_GZ_8_1,,,327.1,,,,,100,,,,4.959,,,1762,0.496,15775,,,,,Acq,,,,,,,,,,,,,,,30,,0225-DGJZT-GZ-DMRM-NEG.d,,Find by MRM,,
127,DGJZT_GZ_8_3,,,327.1,,,,,100,,,,4.943,,,97,0.31,796,,,,,Acq,,,,,,,,,,,,,,,30,,0225-DGJZT-GZ-DMRM-NEG.d,,Find by MRM,,
128,DGJZT_GZ_9_3,,,363.1,,,,,100,,,,5.031,,,108,0.411,1110,,,,,Acq,,,,,,,,,,,,,,,30,,0225-DGJZT-GZ-DMRM-NEG.d,,Find by MRM,,
129,DGJZT_DZ_28_3,,,340.2,,,,,100,,,,5.091,,,41,0.202,230,,,,,Acq,,,,,,,,,,,,,,,30,,0225-DGJZT-GZ-DMRM-NEG.d,,Find by MRM,,
130,DGJZT_DZ_28_2,,,340.2,,,,,100,,,,5.099,,,195,0.445,2238,,,,,Acq,,,,,,,,,,,,,,,30,,0225-DGJZT-GZ-DMRM-NEG.d,,Find by MRM,,
131,DGJZT_DZ_28_1,,,340.2,,,,,100,,,,5.1,,,42,0.117,220,,,,,Acq,,,,,,,,,,,,,,,30,,0225-DGJZT-GZ-DMRM-NEG.d,,Find by MRM,,
132,DGJZT_BS_75_1,,,525.2,,,,,100,,,,5.098,,,229,0.323,1773,,,,,Acq,,,,,,,,,,,,,,,30,,0225-DGJZT-GZ-DMRM-NEG.d,,Find by MRM,,
133,DGJZT_DZ_30_1,,,579.3,,,,,100,,,,5.406,,,4,0.119,8,,,,,Acq,,,,,,,,,,,,,,,30,,0225-DGJZT-GZ-DMRM-NEG.d,,Find by MRM,,
134,DGJZT_BS_79_1,,,787.1,,,,,100,,,,5.136,,,5,0.109,14,,,,,Acq,,,,,,,,,,,,,,,30,,0225-DGJZT-GZ-DMRM-NEG.d,,Find by MRM,,
135,DGJZT_SJ_4_1,,,519.2,,,,,100,,,,5.325,,,1,0.32,3,,,,,Acq,,,,,,,,,,,,,,,30,,0225-DGJZT-GZ-DMRM-NEG.d,,Find by MRM,,
136,DGJZT_BS_80_2,,,631.2,,,,,100,,,,5.237,,,12,0.151,63,,,,,Acq,,,,,,,,,,,,,,,30,,0225-DGJZT-GZ-DMRM-NEG.d,,Find by MRM,,
137,DGJZT_BS_80_1,,,631.2,,,,,100,,,,5.447,,,4,0.1,8,,,,,Acq,,,,,,,,,,,,,,,30,,0225-DGJZT-GZ-DMRM-NEG.d,,Find by MRM,,
138,DGJZT_DZ_31_1,,,741.2,,,,,100,,,,5.48,,,2,0.125,5,,,,,Acq,,,,,,,,,,,,,,,30,,0225-DGJZT-GZ-DMRM-NEG.d,,Find by MRM,,
139,DGJZT_BS_81_2,,,541.2,,,,,100,,,,5.188,,,6,0.2,24,,,,,Acq,,,,,,,,,,,,,,,30,,0225-DGJZT-GZ-DMRM-NEG.d,,Find by MRM,,
140,DGJZT_BS_81_1,,,541.2,,,,,100,,,,5.315,,,7,0.172,29,,,,,Acq,,,,,,,,,,,,,,,30,,0225-DGJZT-GZ-DMRM-NEG.d,,Find by MRM,,
141,DGJZT_DG_58_2,,,367.1,,,,,100,,,,5.328,,,6,0.143,14,,,,,Acq,,,,,,,,,,,,,,,30,,0225-DGJZT-GZ-DMRM-NEG.d,,Find by MRM,,
142,DGJZT_DG_58_1,,,367.1,,,,,100,,,,5.403,,,8,0.203,39,,,,,Acq,,,,,,,,,,,,,,,30,,0225-DGJZT-GZ-DMRM-NEG.d,,Find by MRM,,
143,DGJZT_DG_58_3,,,367.1,,,,,100,,,,5.352,,,15,0.128,45,,,,,Acq,,,,,,,,,,,,,,,30,,0225-DGJZT-GZ-DMRM-NEG.d,,Find by MRM,,
144,DGJZT_BS_86_3,,,525.2,,,,,100,,,,5.492,,,367,0.342,3169,,,,,Acq,,,,,,,,,,,,,,,30,,0225-DGJZT-GZ-DMRM-NEG.d,,Find by MRM,,
145,DGJZT_BS_86_2,,,525.2,,,,,100,,,,5.5,,,12,0.166,41,,,,,Acq,,,,,,,,,,,,,,,30,,0225-DGJZT-GZ-DMRM-NEG.d,,Find by MRM,,
146,DGJZT_BS_86_1,,,525.2,,,,,100,,,,5.484,,,2026,0.375,17384,,,,,Acq,,,,,,,,,,,,,,,30,,0225-DGJZT-GZ-DMRM-NEG.d,,Find by MRM,,
147,DGJZT_BS_85_3,,,449.1,,,,,100,,,,5.444,,,7,0.076,18,,,,,Acq,,,,,,,,,,,,,,,30,,0225-DGJZT-GZ-DMRM-NEG.d,,Find by MRM,,
148,DGJZT_BS_85_2,,,449.1,,,,,100,,,,5.258,,,5,0.102,11,,,,,Acq,,,,,,,,,,,,,,,30,,0225-DGJZT-GZ-DMRM-NEG.d,,Find by MRM,,
149,DGJZT_BS_85_1,,,449.1,,,,,100,,,,5.461,,,79,0.21,445,,,,,Acq,,,,,,,,,,,,,,,30,,0225-DGJZT-GZ-DMRM-NEG.d,,Find by MRM,,
150,DGJZT_BS_82_3,,,327.1,,,,,100,,,,5.504,,,6,0.142,15,,,,,Acq,,,,,,,,,,,,,,,30,,0225-DGJZT-GZ-DMRM-NEG.d,,Find by MRM,,
151,DGJZT_BS_96_3,,,497.2,,,,,100,,,,5.435,,,3,0.067,6,,,,,Acq,,,,,,,,,,,,,,,30,,0225-DGJZT-GZ-DMRM-NEG.d,,Find by MRM,,
152,DGJZT_CGC_24_2,,,579.2,,,,,100,,,,5.852,,,3,0.045,5,,,,,Acq,,,,,,,,,,,,,,,30,,0225-DGJZT-GZ-DMRM-NEG.d,,Find by MRM,,
153,DGJZT_BS_96_2,,,497.2,,,,,100,,,,5.744,,,1,0.089,3,,,,,Acq,,,,,,,,,,,,,,,30,,0225-DGJZT-GZ-DMRM-NEG.d,,Find by MRM,,
154,DGJZT_GZ_11_3,,,581.2,,,,,100,,,,5.674,,,343,0.432,3498,,,,,Acq,,,,,,,,,,,,,,,30,,0225-DGJZT-GZ-DMRM-NEG.d,,Find by MRM,,
155,DGJZT_CGC_24_1,,,579.2,,,,,100,,,,5.878,,,1,0.084,3,,,,,Acq,,,,,,,,,,,,,,,30,,0225-DGJZT-GZ-DMRM-NEG.d,,Find by MRM,,
156,DGJZT_CGC_27_1,,,737.2,,,,,100,,,,5.942,,,3,0.16,11,,,,,Acq,,,,,,,,,,,,,,,30,,0225-DGJZT-GZ-DMRM-NEG.d,,Find by MRM,,
157,DGJZT_BS_97_1,,,495.2,,,,,100,,,,5.846,,,19,0.199,109,,,,,Acq,,,,,,,,,,,,,,,30,,0225-DGJZT-GZ-DMRM-NEG.d,,Find by MRM,,
158,DGJZT_CGC_26_1,,,737.2,,,,,100,,,,5.782,,,2,0.123,4,,,,,Acq,,,,,,,,,,,,,,,30,,0225-DGJZT-GZ-DMRM-NEG.d,,Find by MRM,,
159,DGJZT_CGC_28_1,,,625.2,,,,,100,,,,6.101,,,4,0.093,7,,,,,Acq,,,,,,,,,,,,,,,30,,0225-DGJZT-GZ-DMRM-NEG.d,,Find by MRM,,
160,DGJZT_BS_101_1,,,787.1,,,,,100,,,,5.907,,,6,0.089,16,,,,,Acq,,,,,,,,,,,,,,,30,,0225-DGJZT-GZ-DMRM-NEG.d,,Find by MRM,,
161,DGJZT_BS_102_2,,,519.2,,,,,100,,,,5.793,,,3,0.068,7,,,,,Acq,,,,,,,,,,,,,,,30,,0225-DGJZT-GZ-DMRM-NEG.d,,Find by MRM,,
162,DGJZT_BS_102_1,,,519.2,,,,,100,,,,5.794,,,3,0.144,7,,,,,Acq,,,,,,,,,,,,,,,30,,0225-DGJZT-GZ-DMRM-NEG.d,,Find by MRM,,
163,DGJZT_CGC_29_1,,,415.1,,,,,100,,,,5.948,,,0,0.117,0,,,,,Acq,,,,,,,,,,,,,,,30,,0225-DGJZT-GZ-DMRM-NEG.d,,Find by MRM,,
164,DGJZT_DZ_32_2,,,623.3,,,,,100,,,,6.036,,,6,0.158,20,,,,,Acq,,,,,,,,,,,,,,,30,,0225-DGJZT-GZ-DMRM-NEG.d,,Find by MRM,,
165,DGJZT_DZ_32_1,,,623.3,,,,,100,,,,5.876,,,0,0.144,3,,,,,Acq,,,,,,,,,,,,,,,30,,0225-DGJZT-GZ-DMRM-NEG.d,,Find by MRM,,
166,DGJZT_BS_103_2,,,787.1,,,,,100,,,,6.175,,,9,0.16,36,,,,,Acq,,,,,,,,,,,,,,,30,,0225-DGJZT-GZ-DMRM-NEG.d,,Find by MRM,,
167,DGJZT_BS_103_1,,,787.1,,,,,100,,,,6.091,,,5,0.125,17,,,,,Acq,,,,,,,,,,,,,,,30,,0225-DGJZT-GZ-DMRM-NEG.d,,Find by MRM,,
168,DGJZT_DG_61_2,,,527.2,,,,,100,,,,6.241,,,6,0.123,14,,,,,Acq,,,,,,,,,,,,,,,30,,0225-DGJZT-GZ-DMRM-NEG.d,,Find by MRM,,
169,DGJZT_BS_104_2,,,477.1,,,,,100,,,,6.266,,,2,0.108,4,,,,,Acq,,,,,,,,,,,,,,,30,,0225-DGJZT-GZ-DMRM-NEG.d,,Find by MRM,,
170,DGJZT_DZ_33_3,,,609.1,,,,,100,,,,6.269,,,5,0.084,11,,,,,Acq,,,,,,,,,,,,,,,30,,0225-DGJZT-GZ-DMRM-NEG.d,,Find by MRM,,
171,DGJZT_DZ_33_1,,,609.1,,,,,100,,,,6.111,,,8,0.088,18,,,,,Acq,,,,,,,,,,,,,,,30,,0225-DGJZT-GZ-DMRM-NEG.d,,Find by MRM,,
172,DGJZT_CGC_33_1,,,579.2,,,,,100,,,,6.52,,,5,0.099,10,,,,,Acq,,,,,,,,,,,,,,,30,,0225-DGJZT-GZ-DMRM-NEG.d,,Find by MRM,,
173,DGJZT_CGC_33_2,,,579.2,,,,,100,,,,6.245,,,4,0.092,8,,,,,Acq,,,,,,,,,,,,,,,30,,0225-DGJZT-GZ-DMRM-NEG.d,,Find by MRM,,
174,DGJZT_GZ_15_1,,,559.2,,,,,100,,,,6.305,,,4786,0.415,41291,,,,,Acq,,,,,,,,,,,,,,,30,,0225-DGJZT-GZ-DMRM-NEG.d,,Find by MRM,,
175,DGJZT_DZ_33_2,,,609.1,,,,,100,,,,6.362,,,5,0.08,8,,,,,Acq,,,,,,,,,,,,,,,30,,0225-DGJZT-GZ-DMRM-NEG.d,,Find by MRM,,
176,DGJZT_CGC_31_1,,,549.2,,,,,100,,,,6.43,,,44,0.441,443,,,,,Acq,,,,,,,,,,,,,,,30,,0225-DGJZT-GZ-DMRM-NEG.d,,Find by MRM,,
177,DGJZT_CGC_31_2,,,549.2,,,,,100,,,,6.405,,,14,0.1,38,,,,,Acq,,,,,,,,,,,,,,,30,,0225-DGJZT-GZ-DMRM-NEG.d,,Find by MRM,,
178,DGJZT_CGC_31_3,,,549.2,,,,,100,,,,6.414,,,7,0.149,16,,,,,Acq,,,,,,,,,,,,,,,30,,0225-DGJZT-GZ-DMRM-NEG.d,,Find by MRM,,
179,DGJZT_CGC_40_2,,,1099.3,,,,,100,,,,6.426,,,0,0.253,2,,,,,Acq,,,,,,,,,,,,,,,30,,0225-DGJZT-GZ-DMRM-NEG.d,,Find by MRM,,
180,DGJZT_CGC_36_1,,,549.2,,,,,100,,,,6.471,,,30,0.134,148,,,,,Acq,,,,,,,,,,,,,,,30,,0225-DGJZT-GZ-DMRM-NEG.d,,Find by MRM,,
181,DGJZT_CGC_36_2,,,549.2,,,,,100,,,,6.455,,,7,0.167,32,,,,,Acq,,,,,,,,,,,,,,,30,,0225-DGJZT-GZ-DMRM-NEG.d,,Find by MRM,,
182,DGJZT_CGC_36_3,,,549.2,,,,,100,,,,6.306,,,9,0.125,25,,,,,Acq,,,,,,,,,,,,,,,30,,0225-DGJZT-GZ-DMRM-NEG.d,,Find by MRM,,
183,DGJZT_CGC_43_3,,,707.2,,,,,100,,,,6.477,,,4,0.098,8,,,,,Acq,,,,,,,,,,,,,,,30,,0225-DGJZT-GZ-DMRM-NEG.d,,Find by MRM,,
184,DGJZT_CGC_43_1,,,707.2,,,,,100,,,,6.377,,,4,0.14,8,,,,,Acq,,,,,,,,,,,,,,,30,,0225-DGJZT-GZ-DMRM-NEG.d,,Find by MRM,,
185,DGJZT_BS_105_1,,,441.1,,,,,100,,,,6.623,,,8,0.091,23,,,,,Acq,,,,,,,,,,,,,,,30,,0225-DGJZT-GZ-DMRM-NEG.d,,Find by MRM,,
186,DGJZT_CGC_43_2,,,707.2,,,,,100,,,,6.444,,,0,0.055,0,,,,,Acq,,,,,,,,,,,,,,,30,,0225-DGJZT-GZ-DMRM-NEG.d,,Find by MRM,,
187,DGJZT_CGC_47_2,,,417.1,,,,,100,,,,6.599,,,25,0.141,109,,,,,Acq,,,,,,,,,,,,,,,30,,0225-DGJZT-GZ-DMRM-NEG.d,,Find by MRM,,
188,DGJZT_CGC_47_3,,,417.1,,,,,100,,,,6.566,,,34,0.191,130,,,,,Acq,,,,,,,,,,,,,,,30,,0225-DGJZT-GZ-DMRM-NEG.d,,Find by MRM,,
189,DGJZT_CGC_47_1,,,417.1,,,,,100,,,,6.641,,,17,0.209,89,,,,,Acq,,,,,,,,,,,,,,,30,,0225-DGJZT-GZ-DMRM-NEG.d,,Find by MRM,,
190,DGJZT_BS_106_2,,,301,,,,,100,,,,6.734,,,9,0.073,24,,,,,Acq,,,,,,,,,,,,,,,30,,0225-DGJZT-GZ-DMRM-NEG.d,,Find by MRM,,
191,DGJZT_CGC_54_1,,,565.2,,,,,100,,,,6.655,,,5,0.135,14,,,,,Acq,,,,,,,,,,,,,,,30,,0225-DGJZT-GZ-DMRM-NEG.d,,Find by MRM,,
192,DGJZT_GZ_16_1,,,475.2,,,,,100,,,,6.656,,,158,0.307,1206,,,,,Acq,,,,,,,,,,,,,,,30,,0225-DGJZT-GZ-DMRM-NEG.d,,Find by MRM,,
193,DGJZT_BS_107_2,,,309.1,,,,,100,,,,6.5,,,2,0.134,6,,,,,Acq,,,,,,,,,,,,,,,30,,0225-DGJZT-GZ-DMRM-NEG.d,,Find by MRM,,
194,DGJZT_BS_107_1,,,309.1,,,,,100,,,,6.509,,,4,0.109,10,,,,,Acq,,,,,,,,,,,,,,,30,,0225-DGJZT-GZ-DMRM-NEG.d,,Find by MRM,,
195,DGJZT_BS_106_3,,,301,,,,,100,,,,6.684,,,18,0.107,58,,,,,Acq,,,,,,,,,,,,,,,30,,0225-DGJZT-GZ-DMRM-NEG.d,,Find by MRM,,
196,DGJZT_BS_106_1,,,301,,,,,100,,,,6.726,,,8,0.184,52,,,,,Acq,,,,,,,,,,,,,,,30,,0225-DGJZT-GZ-DMRM-NEG.d,,Find by MRM,,
197,DGJZT_BS_108_2,,,631.2,,,,,100,,,,6.831,,,14,0.067,30,,,,,Acq,,,,,,,,,,,,,,,30,,0225-DGJZT-GZ-DMRM-NEG.d,,Find by MRM,,
198,DGJZT_SJ_5_3,,,475.2,,,,,100,,,,6.664,,,130,0.323,1138,,,,,Acq,,,,,,,,,,,,,,,30,,0225-DGJZT-GZ-DMRM-NEG.d,,Find by MRM,,
199,DGJZT_BS_108_3,,,631.2,,,,,100,,,,6.797,,,46,0.117,170,,,,,Acq,,,,,,,,,,,,,,,30,,0225-DGJZT-GZ-DMRM-NEG.d,,Find by MRM,,
200,DGJZT_BS_108_1,,,631.2,,,,,100,,,,6.797,,,16,0.202,115,,,,,Acq,,,,,,,,,,,,,,,30,,0225-DGJZT-GZ-DMRM-NEG.d,,Find by MRM,,
201,DGJZT_DG_65_1,,,193,,,,,100,,,,6.819,,,54,0.462,646,,,,,Acq,,,,,,,,,,,,,,,30,,0225-DGJZT-GZ-DMRM-NEG.d,,Find by MRM,,
202,DGJZT_DG_64_1,,,178,,,,,100,,,,6.803,,,25,0.189,142,,,,,Acq,,,,,,,,,,,,,,,30,,0225-DGJZT-GZ-DMRM-NEG.d,,Find by MRM,,
203,DGJZT_DG_64_2,,,178,,,,,100,,,,6.837,,,36,0.286,298,,,,,Acq,,,,,,,,,,,,,,,30,,0225-DGJZT-GZ-DMRM-NEG.d,,Find by MRM,,
204,DGJZT_DG_65_3,,,193,,,,,100,,,,6.828,,,30,0.292,259,,,,,Acq,,,,,,,,,,,,,,,30,,0225-DGJZT-GZ-DMRM-NEG.d,,Find by MRM,,
205,DGJZT_BS_118_1,,,939.1,,,,,100,,,,6.963,,,11,0.084,39,,,,,Acq,,,,,,,,,,,,,,,30,,0225-DGJZT-GZ-DMRM-NEG.d,,Find by MRM,,
206,DGJZT_BS_118_2,,,939.1,,,,,100,,,,7.123,,,3,0.07,5,,,,,Acq,,,,,,,,,,,,,,,30,,0225-DGJZT-GZ-DMRM-NEG.d,,Find by MRM,,
207,DGJZT_BS_115_1,,,769.1,,,,,100,,,,7.089,,,4,0.167,17,,,,,Acq,,,,,,,,,,,,,,,30,,0225-DGJZT-GZ-DMRM-NEG.d,,Find by MRM,,
208,DGJZT_BS_118_3,,,939.1,,,,,100,,,,6.963,,,4,0.187,13,,,,,Acq,,,,,,,,,,,,,,,30,,0225-DGJZT-GZ-DMRM-NEG.d,,Find by MRM,,
209,DGJZT_BS_120_2,,,509.2,,,,,100,,,,7.353,,,12,0.017,6,,,,,Acq,,,,,,,,,,,,,,,30,,0225-DGJZT-GZ-DMRM-NEG.d,,Find by MRM,,
210,DGJZT_DZ_34_2,,,204.1,,,,,100,,,,7.138,,,1,0.11,2,,,,,Acq,,,,,,,,,,,,,,,30,,0225-DGJZT-GZ-DMRM-NEG.d,,Find by MRM,,
211,DGJZT_DZ_36_2,,,637.3,,,,,100,,,,6.981,,,3,0.1,9,,,,,Acq,,,,,,,,,,,,,,,30,,0225-DGJZT-GZ-DMRM-NEG.d,,Find by MRM,,
212,DGJZT_DZ_36_1,,,637.3,,,,,100,,,,7.391,,,1,0.114,2,,,,,Acq,,,,,,,,,,,,,,,30,,0225-DGJZT-GZ-DMRM-NEG.d,,Find by MRM,,
213,DGJZT_DZ_34_1,,,204.1,,,,,100,,,,7.129,,,3,0.136,8,,,,,Acq,,,,,,,,,,,,,,,30,,0225-DGJZT-GZ-DMRM-NEG.d,,Find by MRM,,
214,DGJZT_DZ_34_3,,,204.1,,,,,100,,,,7.398,,,1,0.05,1,,,,,Acq,,,,,,,,,,,,,,,30,,0225-DGJZT-GZ-DMRM-NEG.d,,Find by MRM,,
215,DGJZT_DZ_36_3,,,637.3,,,,,100,,,,7.065,,,2,0.138,5,,,,,Acq,,,,,,,,,,,,,,,30,,0225-DGJZT-GZ-DMRM-NEG.d,,Find by MRM,,
216,DGJZT_SJ_6_2,,,375.1,,,,,100,,,,7.127,,,5,0.26,27,,,,,Acq,,,,,,,,,,,,,,,30,,0225-DGJZT-GZ-DMRM-NEG.d,,Find by MRM,,
217,DGJZT_SJ_6_1,,,375.1,,,,,100,,,,7.17,,,4,0.114,9,,,,,Acq,,,,,,,,,,,,,,,30,,0225-DGJZT-GZ-DMRM-NEG.d,,Find by MRM,,
218,DGJZT_DG_66_1,,,209.1,,,,,100,,,,7.229,,,13,0.1,34,,,,,Acq,,,,,,,,,,,,,,,30,,0225-DGJZT-GZ-DMRM-NEG.d,,Find by MRM,,
219,DGJZT_DG_66_3,,,209.1,,,,,100,,,,7.312,,,2,0.109,4,,,,,Acq,,,,,,,,,,,,,,,30,,0225-DGJZT-GZ-DMRM-NEG.d,,Find by MRM,,
220,DGJZT_GZ_18_3,,,557.2,,,,,100,,,,7.553,,,230,0.075,5113,,,,,Acq,,,,,,,,,,,,,,,30,,0225-DGJZT-GZ-DMRM-NEG.d,,Find by MRM,,
221,DGJZT_GZ_18_2,,,557.2,,,,,100,,,,7.587,,,692,0.119,16718,,,,,Acq,,,,,,,,,,,,,,,30,,0225-DGJZT-GZ-DMRM-NEG.d,,Find by MRM,,
222,DGJZT_GZ_18_1,,,557.2,,,,,100,,,,7.369,,,171,0.279,1489,,,,,Acq,,,,,,,,,,,,,,,30,,0225-DGJZT-GZ-DMRM-NEG.d,,Find by MRM,,
223,DGJZT_BS_123_1,,,507.2,,,,,100,,,,7.572,,,2,0.1,6,,,,,Acq,,,,,,,,,,,,,,,30,,0225-DGJZT-GZ-DMRM-NEG.d,,Find by MRM,,
224,DGJZT_BS_125_3,,,567.2,,,,,100,,,,7.637,,,2,0.104,6,,,,,Acq,,,,,,,,,,,,,,,30,,0225-DGJZT-GZ-DMRM-NEG.d,,Find by MRM,,
225,DGJZT_BS_125_1,,,567.2,,,,,100,,,,7.603,,,4,0.093,10,,,,,Acq,,,,,,,,,,,,,,,30,,0225-DGJZT-GZ-DMRM-NEG.d,,Find by MRM,,
226,DGJZT_BS_126_3,,,631.2,,,,,100,,,,7.525,,,9,0.167,38,,,,,Acq,,,,,,,,,,,,,,,30,,0225-DGJZT-GZ-DMRM-NEG.d,,Find by MRM,,
227,DGJZT_BS_126_2,,,631.2,,,,,100,,,,7.459,,,3,0.108,6,,,,,Acq,,,,,,,,,,,,,,,30,,0225-DGJZT-GZ-DMRM-NEG.d,,Find by MRM,,
228,DGJZT_BS_126_1,,,631.2,,,,,100,,,,7.684,,,8,0.119,34,,,,,Acq,,,,,,,,,,,,,,,30,,0225-DGJZT-GZ-DMRM-NEG.d,,Find by MRM,,
229,DGJZT_GZ_19_1,,,421.2,,,,,100,,,,7.64,,,176,0.345,1541,,,,,Acq,,,,,,,,,,,,,,,30,,0225-DGJZT-GZ-DMRM-NEG.d,,Find by MRM,,
230,DGJZT_CGC_65_1,,,635.2,,,,,100,,,,7.708,,,1,0.102,3,,,,,Acq,,,,,,,,,,,,,,,30,,0225-DGJZT-GZ-DMRM-NEG.d,,Find by MRM,,
231,DGJZT_CGC_64_1,,,591.2,,,,,100,,,,7.903,,,4,0.158,11,,,,,Acq,,,,,,,,,,,,,,,30,,0225-DGJZT-GZ-DMRM-NEG.d,,Find by MRM,,
232,DGJZT_CGC_64_2,,,591.2,,,,,100,,,,7.987,,,14,0.05,10,,,,,Acq,,,,,,,,,,,,,,,30,,0225-DGJZT-GZ-DMRM-NEG.d,,Find by MRM,,
233,DGJZT_BS_127_1,,,345.2,,,,,100,,,,7.515,,,6,0.143,22,,,,,Acq,,,,,,,,,,,,,,,30,,0225-DGJZT-GZ-DMRM-NEG.d,,Find by MRM,,
234,DGJZT_BS_128_2,,,503.2,,,,,100,,,,7.965,,,5,0.061,9,,,,,Acq,,,,,,,,,,,,,,,30,,0225-DGJZT-GZ-DMRM-NEG.d,,Find by MRM,,
235,DGJZT_BS_128_1,,,503.2,,,,,100,,,,7.798,,,2,0.1,4,,,,,Acq,,,,,,,,,,,,,,,30,,0225-DGJZT-GZ-DMRM-NEG.d,,Find by MRM,,
236,DGJZT_CGC_66_1,,,431.1,,,,,100,,,,7.841,,,18,0.244,126,,,,,Acq,,,,,,,,,,,,,,,30,,0225-DGJZT-GZ-DMRM-NEG.d,,Find by MRM,,
237,DGJZT_CGC_67_1,,,459.1,,,,,100,,,,7.806,,,5,0.163,12,,,,,Acq,,,,,,,,,,,,,,,30,,0225-DGJZT-GZ-DMRM-NEG.d,,Find by MRM,,
238,DGJZT_CGC_67_2,,,459.1,,,,,100,,,,7.815,,,4,0.134,14,,,,,Acq,,,,,,,,,,,,,,,30,,0225-DGJZT-GZ-DMRM-NEG.d,,Find by MRM,,
239,DGJZT_DZ_37_3,,,671.3,,,,,100,,,,8.035,,,14,0.217,83,,,,,Acq,,,,,,,,,,,,,,,30,,0225-DGJZT-GZ-DMRM-NEG.d,,Find by MRM,,
240,DGJZT_DZ_37_2,,,671.3,,,,,100,,,,7.809,,,10,0.122,27,,,,,Acq,,,,,,,,,,,,,,,30,,0225-DGJZT-GZ-DMRM-NEG.d,,Find by MRM,,
241,DGJZT_DZ_37_1,,,671.3,,,,,100,,,,8.119,,,0,0.067,0,,,,,Acq,,,,,,,,,,,,,,,30,,0225-DGJZT-GZ-DMRM-NEG.d,,Find by MRM,,
242,DGJZT_BS_130_1,,,645.2,,,,,100,,,,8.036,,,2,0.168,6,,,,,Acq,,,,,,,,,,,,,,,30,,0225-DGJZT-GZ-DMRM-NEG.d,,Find by MRM,,
243,DGJZT_CGC_69_1,,,433.1,,,,,100,,,,7.874,,,3,0.101,10,,,,,Acq,,,,,,,,,,,,,,,30,,0225-DGJZT-GZ-DMRM-NEG.d,,Find by MRM,,
244,DGJZT_DG_68_2,,,515.1,,,,,100,,,,8.046,,,6,0.125,27,,,,,Acq,,,,,,,,,,,,,,,30,,0225-DGJZT-GZ-DMRM-NEG.d,,Find by MRM,,
245,DGJZT_DG_68_1,,,515.1,,,,,100,,,,8.08,,,7,0.067,24,,,,,Acq,,,,,,,,,,,,,,,30,,0225-DGJZT-GZ-DMRM-NEG.d,,Find by MRM,,
246,DGJZT_DG_68_3,,,515.1,,,,,100,,,,8.048,,,3,0.216,9,,,,,Acq,,,,,,,,,,,,,,,30,,0225-DGJZT-GZ-DMRM-NEG.d,,Find by MRM,,
247,DGJZT_BS_132_1,,,525.2,,,,,100,,,,8.112,,,44,0.175,270,,,,,Acq,,,,,,,,,,,,,,,30,,0225-DGJZT-GZ-DMRM-NEG.d,,Find by MRM,,
248,DGJZT_BS_132_3,,,525.2,,,,,100,,,,8.121,,,38,0.242,298,,,,,Acq,,,,,,,,,,,,,,,30,,0225-DGJZT-GZ-DMRM-NEG.d,,Find by MRM,,
249,DGJZT_BS_134_1,,,509.2,,,,,100,,,,8.166,,,8,0.101,29,,,,,Acq,,,,,,,,,,,,,,,30,,0225-DGJZT-GZ-DMRM-NEG.d,,Find by MRM,,
250,DGJZT_CGC_71_1,,,301.1,,,,,100,,,,8.151,,,8,0.192,26,,,,,Acq,,,,,,,,,,,,,,,30,,0225-DGJZT-GZ-DMRM-NEG.d,,Find by MRM,,
251,DGJZT_CGC_76_1,,,561.2,,,,,100,,,,8.615,,,3,0.208,14,,,,,Acq,,,,,,,,,,,,,,,30,,0225-DGJZT-GZ-DMRM-NEG.d,,Find by MRM,,
252,DGJZT_CGC_76_2,,,561.2,,,,,100,,,,8.699,,,0,0.333,1,,,,,Acq,,,,,,,,,,,,,,,30,,0225-DGJZT-GZ-DMRM-NEG.d,,Find by MRM,,
253,DGJZT_GZ_20_2,,,361.2,,,,,100,,,,8.551,,,623,0.355,5373,,,,,Acq,,,,,,,,,,,,,,,30,,0225-DGJZT-GZ-DMRM-NEG.d,,Find by MRM,,
254,DGJZT_CGC_80_1,,,549.2,,,,,100,,,,8.532,,,8,0.068,17,,,,,Acq,,,,,,,,,,,,,,,30,,0225-DGJZT-GZ-DMRM-NEG.d,,Find by MRM,,
255,DGJZT_CGC_80_2,,,549.2,,,,,100,,,,8.658,,,3,0.273,13,,,,,Acq,,,,,,,,,,,,,,,30,,0225-DGJZT-GZ-DMRM-NEG.d,,Find by MRM,,
256,DGJZT_GZ_20_1,,,361.2,,,,,100,,,,8.569,,,257,0.419,2366,,,,,Acq,,,,,,,,,,,,,,,30,,0225-DGJZT-GZ-DMRM-NEG.d,,Find by MRM,,
257,DGJZT_CGC_83_1,,,591.2,,,,,100,,,,8.874,,,3,0.093,6,,,,,Acq,,,,,,,,,,,,,,,30,,0225-DGJZT-GZ-DMRM-NEG.d,,Find by MRM,,
258,DGJZT_CGC_83_2,,,591.2,,,,,100,,,,8.522,,,2,0.161,5,,,,,Acq,,,,,,,,,,,,,,,30,,0225-DGJZT-GZ-DMRM-NEG.d,,Find by MRM,,
259,DGJZT_BS_137_1,,,507.1,,,,,100,,,,8.692,,,5,0.494,47,,,,,Acq,,,,,,,,,,,,,,,30,,0225-DGJZT-GZ-DMRM-NEG.d,,Find by MRM,,
260,DGJZT_BS_138_3,,,783.2,,,,,100,,,,8.872,,,6,0.148,16,,,,,Acq,,,,,,,,,,,,,,,30,,0225-DGJZT-GZ-DMRM-NEG.d,,Find by MRM,,
261,DGJZT_BS_138_1,,,783.2,,,,,100,,,,8.629,,,1,0.1,2,,,,,Acq,,,,,,,,,,,,,,,30,,0225-DGJZT-GZ-DMRM-NEG.d,,Find by MRM,,
262,DGJZT_BS_139_1,,,631.2,,,,,100,,,,8.747,,,3,0.11,8,,,,,Acq,,,,,,,,,,,,,,,30,,0225-DGJZT-GZ-DMRM-NEG.d,,Find by MRM,,
263,DGJZT_BS_140_1,,,505.2,,,,,100,,,,8.701,,,5,0.175,37,,,,,Acq,,,,,,,,,,,,,,,30,,0225-DGJZT-GZ-DMRM-NEG.d,,Find by MRM,,
264,DGJZT_CGC_88_1,,,549.2,,,,,100,,,,8.757,,,7,0.19,38,,,,,Acq,,,,,,,,,,,,,,,30,,0225-DGJZT-GZ-DMRM-NEG.d,,Find by MRM,,
265,DGJZT_CGC_88_2,,,549.2,,,,,100,,,,8.817,,,0,0.265,2,,,,,Acq,,,,,,,,,,,,,,,30,,0225-DGJZT-GZ-DMRM-NEG.d,,Find by MRM,,
266,DGJZT_CGC_90_1,,,459.1,,,,,100,,,,8.911,,,2,0.1,5,,,,,Acq,,,,,,,,,,,,,,,30,,0225-DGJZT-GZ-DMRM-NEG.d,,Find by MRM,,
267,DGJZT_CGC_93_1,,,697.2,,,,,100,,,,9.007,,,2,0.082,3,,,,,Acq,,,,,,,,,,,,,,,30,,0225-DGJZT-GZ-DMRM-NEG.d,,Find by MRM,,
268,DGJZT_CGC_94_2,,,475.1,,,,,100,,,,9.109,,,4,0.15,15,,,,,Acq,,,,,,,,,,,,,,,30,,0225-DGJZT-GZ-DMRM-NEG.d,,Find by MRM,,
269,DGJZT_CGC_94_1,,,475.1,,,,,100,,,,9.235,,,2,0.062,4,,,,,Acq,,,,,,,,,,,,,,,30,,0225-DGJZT-GZ-DMRM-NEG.d,,Find by MRM,,
270,DGJZT_CGC_96_1,,,669.2,,,,,100,,,,9.115,,,3,0.109,5,,,,,Acq,,,,,,,,,,,,,,,30,,0225-DGJZT-GZ-DMRM-NEG.d,,Find by MRM,,
271,DGJZT_CGC_100_1,,,835.2,,,,,100,,,,9.223,,,2,0.117,4,,,,,Acq,,,,,,,,,,,,,,,30,,0225-DGJZT-GZ-DMRM-NEG.d,,Find by MRM,,
272,DGJZT_SJ_7_2,,,389.2,,,,,100,,,,8.845,,,5,0.143,15,,,,,Acq,,,,,,,,,,,,,,,30,,0225-DGJZT-GZ-DMRM-NEG.d,,Find by MRM,,
273,DGJZT_SJ_7_1,,,389.2,,,,,100,,,,8.996,,,2,0.059,4,,,,,Acq,,,,,,,,,,,,,,,30,,0225-DGJZT-GZ-DMRM-NEG.d,,Find by MRM,,
274,DGJZT_CGC_99_1,,,417.1,,,,,100,,,,9.044,,,7,0.132,24,,,,,Acq,,,,,,,,,,,,,,,30,,0225-DGJZT-GZ-DMRM-NEG.d,,Find by MRM,,
275,DGJZT_BS_143_1,,,615.2,,,,,100,,,,9.158,,,2,0.038,2,,,,,Acq,,,,,,,,,,,,,,,30,,0225-DGJZT-GZ-DMRM-NEG.d,,Find by MRM,,
276,DGJZT_DG_70_2,,,237.1,,,,,100,,,,9.229,,,6,0.142,15,,,,,Acq,,,,,,,,,,,,,,,30,,0225-DGJZT-GZ-DMRM-NEG.d,,Find by MRM,,
277,DGJZT_DG_69_1,,,193.1,,,,,100,,,,9.063,,,15,0.217,100,,,,,Acq,,,,,,,,,,,,,,,30,,0225-DGJZT-GZ-DMRM-NEG.d,,Find by MRM,,
278,DGJZT_DG_70_3,,,237.1,,,,,100,,,,9.22,,,5,0.081,14,,,,,Acq,,,,,,,,,,,,,,,30,,0225-DGJZT-GZ-DMRM-NEG.d,,Find by MRM,,
279,DGJZT_DG_69_2,,,193.1,,,,,100,,,,9.348,,,4,0.109,9,,,,,Acq,,,,,,,,,,,,,,,30,,0225-DGJZT-GZ-DMRM-NEG.d,,Find by MRM,,
280,DGJZT_DG_70_1,,,237.1,,,,,100,,,,9.271,,,11,0.123,47,,,,,Acq,,,,,,,,,,,,,,,30,,0225-DGJZT-GZ-DMRM-NEG.d,,Find by MRM,,
281,DGJZT_DG_69_3,,,193.1,,,,,100,,,,9.255,,,5,0.152,11,,,,,Acq,,,,,,,,,,,,,,,30,,0225-DGJZT-GZ-DMRM-NEG.d,,Find by MRM,,
282,DGJZT_CGC_106_1,,,695.2,,,,,100,,,,9.308,,,0,0.16,1,,,,,Acq,,,,,,,,,,,,,,,30,,0225-DGJZT-GZ-DMRM-NEG.d,,Find by MRM,,
283,DGJZT_CGC_106_2,,,695.2,,,,,100,,,,9.442,,,3,0.1,5,,,,,Acq,,,,,,,,,,,,,,,30,,0225-DGJZT-GZ-DMRM-NEG.d,,Find by MRM,,
284,DGJZT_BS_144_2,,,493.2,,,,,100,,,,9.342,,,5,0.117,17,,,,,Acq,,,,,,,,,,,,,,,30,,0225-DGJZT-GZ-DMRM-NEG.d,,Find by MRM,,
285,DGJZT_CGC_108_1,,,725.2,,,,,100,,,,9.667,,,16,0.042,7,,,,,Acq,,,,,,,,,,,,,,,30,,0225-DGJZT-GZ-DMRM-NEG.d,,Find by MRM,,
286,DGJZT_BS_144_1,,,493.2,,,,,100,,,,9.621,,,1,0.124,2,,,,,Acq,,,,,,,,,,,,,,,30,,0225-DGJZT-GZ-DMRM-NEG.d,,Find by MRM,,
287,DGJZT_BS_147_3,,,491.2,,,,,100,,,,9.588,,,5,0.102,16,,,,,Acq,,,,,,,,,,,,,,,30,,0225-DGJZT-GZ-DMRM-NEG.d,,Find by MRM,,
288,DGJZT_BS_147_1,,,491.2,,,,,100,,,,9.746,,,4,0.093,11,,,,,Acq,,,,,,,,,,,,,,,30,,0225-DGJZT-GZ-DMRM-NEG.d,,Find by MRM,,
289,DGJZT_DG_72_2,,,251.1,,,,,100,,,,9.546,,,7,0.078,27,,,,,Acq,,,,,,,,,,,,,,,30,,0225-DGJZT-GZ-DMRM-NEG.d,,Find by MRM,,
290,DGJZT_DG_72_1,,,251.1,,,,,100,,,,9.573,,,6,0.196,29,,,,,Acq,,,,,,,,,,,,,,,30,,0225-DGJZT-GZ-DMRM-NEG.d,,Find by MRM,,
291,DGJZT_DG_72_3,,,251.1,,,,,100,,,,9.598,,,4,0.085,10,,,,,Acq,,,,,,,,,,,,,,,30,,0225-DGJZT-GZ-DMRM-NEG.d,,Find by MRM,,
292,DGJZT_BS_147_2,,,491.2,,,,,100,,,,9.813,,,7,0.083,16,,,,,Acq,,,,,,,,,,,,,,,30,,0225-DGJZT-GZ-DMRM-NEG.d,,Find by MRM,,
293,DGJZT_BS_149_2,,,507.2,,,,,100,,,,9.946,,,35,0.05,21,,,,,Acq,,,,,,,,,,,,,,,30,,0225-DGJZT-GZ-DMRM-NEG.d,,Find by MRM,,
294,DGJZT_BS_149_1,,,507.2,,,,,100,,,,9.794,,,4,0.094,8,,,,,Acq,,,,,,,,,,,,,,,30,,0225-DGJZT-GZ-DMRM-NEG.d,,Find by MRM,,
295,DGJZT_CGC_113_2,,,591.2,,,,,100,,,,9.759,,,3,0.092,6,,,,,Acq,,,,,,,,,,,,,,,30,,0225-DGJZT-GZ-DMRM-NEG.d,,Find by MRM,,
296,DGJZT_BS_150_3,,,493.2,,,,,100,,,,9.922,,,17,0.117,37,,,,,Acq,,,,,,,,,,,,,,,30,,0225-DGJZT-GZ-DMRM-NEG.d,,Find by MRM,,
297,DGJZT_BS_150_1,,,493.2,,,,,100,,,,9.661,,,2,0.069,3,,,,,Acq,,,,,,,,,,,,,,,30,,0225-DGJZT-GZ-DMRM-NEG.d,,Find by MRM,,
298,DGJZT_GZ_24_1,,,263.1,,,,,100,,,,9.858,,,276,0.361,2482,,,,,Acq,,,,,,,,,,,,,,,30,,0225-DGJZT-GZ-DMRM-NEG.d,,Find by MRM,,
299,DGJZT_BS_154_2,,,491.2,,,,,100,,,,10.049,,,8,0.109,23,,,,,Acq,,,,,,,,,,,,,,,30,,0225-DGJZT-GZ-DMRM-NEG.d,,Find by MRM,,
300,DGJZT_BS_153_1,,,445.2,,,,,100,,,,9.974,,,2,0.084,4,,,,,Acq,,,,,,,,,,,,,,,30,,0225-DGJZT-GZ-DMRM-NEG.d,,Find by MRM,,
301,DGJZT_GZ_24_2,,,263.1,,,,,100,,,,9.85,,,565,0.443,5539,,,,,Acq,,,,,,,,,,,,,,,30,,0225-DGJZT-GZ-DMRM-NEG.d,,Find by MRM,,
302,DGJZT_BS_155_2,,,507.2,,,,,100,,,,10.148,,,8,0.077,17,,,,,Acq,,,,,,,,,,,,,,,30,,0225-DGJZT-GZ-DMRM-NEG.d,,Find by MRM,,
303,DGJZT_BS_154_3,,,491.2,,,,,100,,,,9.99,,,5,0.093,10,,,,,Acq,,,,,,,,,,,,,,,30,,0225-DGJZT-GZ-DMRM-NEG.d,,Find by MRM,,
304,DGJZT_BS_154_1,,,491.2,,,,,100,,,,9.966,,,6,0.151,18,,,,,Acq,,,,,,,,,,,,,,,30,,0225-DGJZT-GZ-DMRM-NEG.d,,Find by MRM,,
305,DGJZT_BS_153_2,,,445.2,,,,,100,,,,10.135,,,6,0.089,11,,,,,Acq,,,,,,,,,,,,,,,30,,0225-DGJZT-GZ-DMRM-NEG.d,,Find by MRM,,
306,DGJZT_BS_156_1,,,569.2,,,,,100,,,,9.953,,,9,0.287,75,,,,,Acq,,,,,,,,,,,,,,,30,,0225-DGJZT-GZ-DMRM-NEG.d,,Find by MRM,,
307,DGJZT_BS_156_2,,,569.2,,,,,100,,,,10.004,,,11,0.194,56,,,,,Acq,,,,,,,,,,,,,,,30,,0225-DGJZT-GZ-DMRM-NEG.d,,Find by MRM,,
308,DGJZT_BS_150_2,,,493.2,,,,,100,,,,9.812,,,4,0.111,9,,,,,Acq,,,,,,,,,,,,,,,30,,0225-DGJZT-GZ-DMRM-NEG.d,,Find by MRM,,
309,DGJZT_DG_73_2,,,429.1,,,,,100,,,,10.245,,,13,0.058,8,,,,,Acq,,,,,,,,,,,,,,,30,,0225-DGJZT-GZ-DMRM-NEG.d,,Find by MRM,,
310,DGJZT_BS_155_3,,,507.2,,,,,100,,,,10.055,,,0,0.149,1,,,,,Acq,,,,,,,,,,,,,,,30,,0225-DGJZT-GZ-DMRM-NEG.d,,Find by MRM,,
311,DGJZT_CGC_129_1,,,999.4,,,,,100,,,,10.011,,,0,0.172,1,,,,,Acq,,,,,,,,,,,,,,,30,,0225-DGJZT-GZ-DMRM-NEG.d,,Find by MRM,,
312,DGJZT_GZ_25_1,,,593.1,,,,,100,,,,10.079,,,682,0.307,5388,,,,,Acq,,,,,,,,,,,,,,,30,,0225-DGJZT-GZ-DMRM-NEG.d,,Find by MRM,,
313,DGJZT_BS_157_1,,,567.2,,,,,100,,,,10.097,,,4,0.118,17,,,,,Acq,,,,,,,,,,,,,,,30,,0225-DGJZT-GZ-DMRM-NEG.d,,Find by MRM,,
314,DGJZT_BS_152_1,,,521.3,,,,,100,,,,9.971,,,3,0.143,7,,,,,Acq,,,,,,,,,,,,,,,30,,0225-DGJZT-GZ-DMRM-NEG.d,,Find by MRM,,
315,DGJZT_CGC_132_1,,,837.4,,,,,100,,,,10.129,,,8,0.169,26,,,,,Acq,,,,,,,,,,,,,,,30,,0225-DGJZT-GZ-DMRM-NEG.d,,Find by MRM,,
316,DGJZT_CGC_125_1,,,692.2,,,,,100,,,,10.3,,,5,0.101,12,,,,,Acq,,,,,,,,,,,,,,,30,,0225-DGJZT-GZ-DMRM-NEG.d,,Find by MRM,,
317,DGJZT_CGC_122_1,,,459.1,,,,,100,,,,10.395,,,3,0.075,5,,,,,Acq,,,,,,,,,,,,,,,30,,0225-DGJZT-GZ-DMRM-NEG.d,,Find by MRM,,
318,DGJZT_GZ_26_3,,,421.1,,,,,100,,,,10.11,,,281,0.419,2668,,,,,Acq,,,,,,,,,,,,,,,30,,0225-DGJZT-GZ-DMRM-NEG.d,,Find by MRM,,
319,DGJZT_BS_160_1,,,507.2,,,,,100,,,,10.124,,,6,0.131,12,,,,,Acq,,,,,,,,,,,,,,,30,,0225-DGJZT-GZ-DMRM-NEG.d,,Find by MRM,,
320,DGJZT_CGC_148_1,,,835.4,,,,,100,,,,10.095,,,0,0.16,1,,,,,Acq,,,,,,,,,,,,,,,30,,0225-DGJZT-GZ-DMRM-NEG.d,,Find by MRM,,
321,DGJZT_BS_160_3,,,507.2,,,,,100,,,,10.132,,,6,0.136,16,,,,,Acq,,,,,,,,,,,,,,,30,,0225-DGJZT-GZ-DMRM-NEG.d,,Find by MRM,,
322,DGJZT_BS_160_2,,,507.2,,,,,100,,,,10.294,,,4,0.144,14,,,,,Acq,,,,,,,,,,,,,,,30,,0225-DGJZT-GZ-DMRM-NEG.d,,Find by MRM,,
323,DGJZT_CGC_150_1,,,695.2,,,,,100,,,,10.383,,,7,0.217,50,,,,,Acq,,,,,,,,,,,,,,,30,,0225-DGJZT-GZ-DMRM-NEG.d,,Find by MRM,,
324,DGJZT_CGC_152_1,,,953.5,,,,,100,,,,10.356,,,5,0.176,12,,,,,Acq,,,,,,,,,,,,,,,30,,0225-DGJZT-GZ-DMRM-NEG.d,,Find by MRM,,
325,DGJZT_CGC_151_1,,,725.2,,,,,100,,,,10.256,,,5,0.109,14,,,,,Acq,,,,,,,,,,,,,,,30,,0225-DGJZT-GZ-DMRM-NEG.d,,Find by MRM,,
326,DGJZT_CGC_156_1,,,895.4,,,,,100,,,,10.364,,,5,0.112,11,,,,,Acq,,,,,,,,,,,,,,,30,,0225-DGJZT-GZ-DMRM-NEG.d,,Find by MRM,,
327,DGJZT_CGC_161_1,,,853.4,,,,,100,,,,10.465,,,2,0.126,4,,,,,Acq,,,,,,,,,,,,,,,30,,0225-DGJZT-GZ-DMRM-NEG.d,,Find by MRM,,
328,DGJZT_CGC_163_1,,,983.5,,,,,100,,,,10.556,,,4,0.143,13,,,,,Acq,,,,,,,,,,,,,,,30,,0225-DGJZT-GZ-DMRM-NEG.d,,Find by MRM,,
329,DGJZT_CGC_163_2,,,983.5,,,,,100,,,,10.514,,,3,0.1,6,,,,,Acq,,,,,,,,,,,,,,,30,,0225-DGJZT-GZ-DMRM-NEG.d,,Find by MRM,,
330,DGJZT_BS_159_1,,,597.2,,,,,100,,,,10.529,,,6,0.144,19,,,,,Acq,,,,,,,,,,,,,,,30,,0225-DGJZT-GZ-DMRM-NEG.d,,Find by MRM,,
331,DGJZT_CGC_175_1,,,669.2,,,,,100,,,,10.652,,,6,0.113,13,,,,,Acq,,,,,,,,,,,,,,,30,,0225-DGJZT-GZ-DMRM-NEG.d,,Find by MRM,,
332,DGJZT_BS_164_3,,,661.3,,,,,100,,,,10.577,,,1,0.092,2,,,,,Acq,,,,,,,,,,,,,,,30,,0225-DGJZT-GZ-DMRM-NEG.d,,Find by MRM,,
333,DGJZT_BS_164_1,,,661.3,,,,,100,,,,10.645,,,5,0.15,16,,,,,Acq,,,,,,,,,,,,,,,30,,0225-DGJZT-GZ-DMRM-NEG.d,,Find by MRM,,
334,DGJZT_BS_164_2,,,661.3,,,,,100,,,,10.711,,,1,0.125,4,,,,,Acq,,,,,,,,,,,,,,,30,,0225-DGJZT-GZ-DMRM-NEG.d,,Find by MRM,,
335,DGJZT_BS_162_3,,,629.2,,,,,100,,,,10.712,,,13,0.075,37,,,,,Acq,,,,,,,,,,,,,,,30,,0225-DGJZT-GZ-DMRM-NEG.d,,Find by MRM,,
336,DGJZT_BS_162_1,,,629.2,,,,,100,,,,10.737,,,144,0.334,1110,,,,,Acq,,,,,,,,,,,,,,,30,,0225-DGJZT-GZ-DMRM-NEG.d,,Find by MRM,,
337,DGJZT_BS_167_3,,,629.2,,,,,100,,,,10.755,,,10,0.11,35,,,,,Acq,,,,,,,,,,,,,,,30,,0225-DGJZT-GZ-DMRM-NEG.d,,Find by MRM,,
338,DGJZT_BS_167_1,,,629.2,,,,,100,,,,10.738,,,122,0.234,927,,,,,Acq,,,,,,,,,,,,,,,30,,0225-DGJZT-GZ-DMRM-NEG.d,,Find by MRM,,
339,DGJZT_BS_166_1,,,553.2,,,,,100,,,,10.58,,,2,0.11,5,,,,,Acq,,,,,,,,,,,,,,,30,,0225-DGJZT-GZ-DMRM-NEG.d,,Find by MRM,,
340,DGJZT_CGC_190_1,,,879.4,,,,,100,,,,10.874,,,4,0.109,10,,,,,Acq,,,,,,,,,,,,,,,30,,0225-DGJZT-GZ-DMRM-NEG.d,,Find by MRM,,
341,DGJZT_CGC_190_3,,,879.4,,,,,100,,,,10.849,,,2,0.156,4,,,,,Acq,,,,,,,,,,,,,,,30,,0225-DGJZT-GZ-DMRM-NEG.d,,Find by MRM,,
342,DGJZT_CGC_200_1,,,837.4,,,,,100,,,,10.842,,,10,0.118,35,,,,,Acq,,,,,,,,,,,,,,,30,,0225-DGJZT-GZ-DMRM-NEG.d,,Find by MRM,,
343,DGJZT_CGC_200_3,,,837.4,,,,,100,,,,10.842,,,4,0.099,11,,,,,Acq,,,,,,,,,,,,,,,30,,0225-DGJZT-GZ-DMRM-NEG.d,,Find by MRM,,
344,DGJZT_CGC_200_2,,,837.4,,,,,100,,,,10.751,,,0,0.081,0,,,,,Acq,,,,,,,,,,,,,,,30,,0225-DGJZT-GZ-DMRM-NEG.d,,Find by MRM,,
345,DGJZT_CGC_207_1,,,1027.5,,,,,100,,,,11.008,,,1,0.081,2,,,,,Acq,,,,,,,,,,,,,,,30,,0225-DGJZT-GZ-DMRM-NEG.d,,Find by MRM,,
346,DGJZT_CGC_209_1,,,835.4,,,,,100,,,,10.894,,,4,0.101,9,,,,,Acq,,,,,,,,,,,,,,,30,,0225-DGJZT-GZ-DMRM-NEG.d,,Find by MRM,,
347,DGJZT_CGC_218_1,,,865.4,,,,,100,,,,11.21,,,6,0.064,11,,,,,Acq,,,,,,,,,,,,,,,30,,0225-DGJZT-GZ-DMRM-NEG.d,,Find by MRM,,
348,DGJZT_SJ_9_2,,,433.2,,,,,100,,,,11.197,,,3,0.095,7,,,,,Acq,,,,,,,,,,,,,,,30,,0225-DGJZT-GZ-DMRM-NEG.d,,Find by MRM,,
349,DGJZT_CGC_213_1,,,807.4,,,,,100,,,,10.886,,,2,0.091,5,,,,,Acq,,,,,,,,,,,,,,,30,,0225-DGJZT-GZ-DMRM-NEG.d,,Find by MRM,,
350,DGJZT_CGC_217_1,,,297,,,,,100,,,,10.923,,,5,0.107,14,,,,,Acq,,,,,,,,,,,,,,,30,,0225-DGJZT-GZ-DMRM-NEG.d,,Find by MRM,,
351,DGJZT_CGC_224_1,,,881.4,,,,,100,,,,11.109,,,7,0.151,19,,,,,Acq,,,,,,,,,,,,,,,30,,0225-DGJZT-GZ-DMRM-NEG.d,,Find by MRM,,
352,DGJZT_DG_79_2,,,571.1,,,,,100,,,,11.323,,,11,0.13,35,,,,,Acq,,,,,,,,,,,,,,,30,,0225-DGJZT-GZ-DMRM-NEG.d,,Find by MRM,,
353,DGJZT_DG_77_2,,,355.1,,,,,100,,,,10.915,,,3,0.091,6,,,,,Acq,,,,,,,,,,,,,,,30,,0225-DGJZT-GZ-DMRM-NEG.d,,Find by MRM,,
354,DGJZT_DG_77_3,,,355.1,,,,,100,,,,11.207,,,3,0.126,10,,,,,Acq,,,,,,,,,,,,,,,30,,0225-DGJZT-GZ-DMRM-NEG.d,,Find by MRM,,
355,DGJZT_DG_77_1,,,355.1,,,,,100,,,,10.973,,,3,0.1,7,,,,,Acq,,,,,,,,,,,,,,,30,,0225-DGJZT-GZ-DMRM-NEG.d,,Find by MRM,,
356,DGJZT_CGC_229_1,,,837.4,,,,,100,,,,11.211,,,17,0.075,46,,,,,Acq,,,,,,,,,,,,,,,30,,0225-DGJZT-GZ-DMRM-NEG.d,,Find by MRM,,
357,DGJZT_CGC_229_3,,,837.4,,,,,100,,,,11.379,,,5,0.106,11,,,,,Acq,,,,,,,,,,,,,,,30,,0225-DGJZT-GZ-DMRM-NEG.d,,Find by MRM,,
358,DGJZT_DG_79_1,,,571.1,,,,,100,,,,11.18,,,9,0.151,26,,,,,Acq,,,,,,,,,,,,,,,30,,0225-DGJZT-GZ-DMRM-NEG.d,,Find by MRM,,
359,DGJZT_CGC_229_2,,,837.4,,,,,100,,,,11.245,,,4,0.091,7,,,,,Acq,,,,,,,,,,,,,,,30,,0225-DGJZT-GZ-DMRM-NEG.d,,Find by MRM,,
360,DGJZT_CGC_238_1,,,819.4,,,,,100,,,,11.263,,,4,0.101,9,,,,,Acq,,,,,,,,,,,,,,,30,,0225-DGJZT-GZ-DMRM-NEG.d,,Find by MRM,,
361,DGJZT_CGC_238_3,,,819.4,,,,,100,,,,11.364,,,11,0.114,28,,,,,Acq,,,,,,,,,,,,,,,30,,0225-DGJZT-GZ-DMRM-NEG.d,,Find by MRM,,
362,DGJZT_CGC_238_2,,,819.4,,,,,100,,,,11.288,,,4,0.126,8,,,,,Acq,,,,,,,,,,,,,,,30,,0225-DGJZT-GZ-DMRM-NEG.d,,Find by MRM,,
363,DGJZT_GZ_28_2,,,311.1,,,,,100,,,,11.275,,,97,0.285,688,,,,,Acq,,,,,,,,,,,,,,,30,,0225-DGJZT-GZ-DMRM-NEG.d,,Find by MRM,,
364,DGJZT_GZ_28_1,,,311.1,,,,,100,,,,11.258,,,428,0.403,3115,,,,,Acq,,,,,,,,,,,,,,,30,,0225-DGJZT-GZ-DMRM-NEG.d,,Find by MRM,,
365,DGJZT_CGC_240_1,,,967.5,,,,,100,,,,11.394,,,0,0.155,1,,,,,Acq,,,,,,,,,,,,,,,30,,0225-DGJZT-GZ-DMRM-NEG.d,,Find by MRM,,
366,DGJZT_CGC_244_1,,,791.4,,,,,100,,,,11.28,,,0,0.092,0,,,,,Acq,,,,,,,,,,,,,,,30,,0225-DGJZT-GZ-DMRM-NEG.d,,Find by MRM,,
367,DGJZT_BS_174_1,,,665.4,,,,,100,,,,11.272,,,10,0.066,18,,,,,Acq,,,,,,,,,,,,,,,30,,0225-DGJZT-GZ-DMRM-NEG.d,,Find by MRM,,
368,DGJZT_SJ_10_3,,,431.2,,,,,100,,,,11.417,,,7,0.101,13,,,,,Acq,,,,,,,,,,,,,,,30,,0225-DGJZT-GZ-DMRM-NEG.d,,Find by MRM,,
369,DGJZT_CGC_254_1,,,985.5,,,,,100,,,,11.301,,,2,0.108,4,,,,,Acq,,,,,,,,,,,,,,,30,,0225-DGJZT-GZ-DMRM-NEG.d,,Find by MRM,,
370,DGJZT_CGC_254_3,,,985.5,,,,,100,,,,11.176,,,6,0.109,13,,,,,Acq,,,,,,,,,,,,,,,30,,0225-DGJZT-GZ-DMRM-NEG.d,,Find by MRM,,
371,DGJZT_CGC_251_1,,,911.4,,,,,100,,,,11.529,,,0,0.114,0,,,,,Acq,,,,,,,,,,,,,,,30,,0225-DGJZT-GZ-DMRM-NEG.d,,Find by MRM,,
372,DGJZT_CGC_248_1,,,863.4,,,,,100,,,,11.479,,,5,0.126,15,,,,,Acq,,,,,,,,,,,,,,,30,,0225-DGJZT-GZ-DMRM-NEG.d,,Find by MRM,,
373,DGJZT_CGC_250_1,,,837.4,,,,,100,,,,11.278,,,12,0.074,35,,,,,Acq,,,,,,,,,,,,,,,30,,0225-DGJZT-GZ-DMRM-NEG.d,,Find by MRM,,
374,DGJZT_CGC_250_3,,,837.4,,,,,100,,,,11.186,,,6,0.084,16,,,,,Acq,,,,,,,,,,,,,,,30,,0225-DGJZT-GZ-DMRM-NEG.d,,Find by MRM,,
375,DGJZT_SJ_10_1,,,431.2,,,,,100,,,,11.5,,,4,0.099,9,,,,,Acq,,,,,,,,,,,,,,,30,,0225-DGJZT-GZ-DMRM-NEG.d,,Find by MRM,,
376,DGJZT_SJ_10_2,,,431.2,,,,,100,,,,11.29,,,8,0.109,21,,,,,Acq,,,,,,,,,,,,,,,30,,0225-DGJZT-GZ-DMRM-NEG.d,,Find by MRM,,
377,DGJZT_CGC_250_2,,,837.4,,,,,100,,,,11.681,,,4,0.106,9,,,,,Acq,,,,,,,,,,,,,,,30,,0225-DGJZT-GZ-DMRM-NEG.d,,Find by MRM,,
378,DGJZT_CGC_259_1,,,299.1,,,,,100,,,,11.586,,,9,0.067,20,,,,,Acq,,,,,,,,,,,,,,,30,,0225-DGJZT-GZ-DMRM-NEG.d,,Find by MRM,,
379,DGJZT_CGC_264_3,,,821.4,,,,,100,,,,11.531,,,20,0.101,76,,,,,Acq,,,,,,,,,,,,,,,30,,0225-DGJZT-GZ-DMRM-NEG.d,,Find by MRM,,
380,DGJZT_BS_175_1,,,735.2,,,,,100,,,,11.617,,,3,0.134,8,,,,,Acq,,,,,,,,,,,,,,,30,,0225-DGJZT-GZ-DMRM-NEG.d,,Find by MRM,,
381,DGJZT_CGC_264_1,,,821.4,,,,,100,,,,11.522,,,89,0.267,606,,,,,Acq,,,,,,,,,,,,,,,30,,0225-DGJZT-GZ-DMRM-NEG.d,,Find by MRM,,
382,DGJZT_CGC_285_1,,,969.5,,,,,100,,,,11.746,,,1,0.109,2,,,,,Acq,,,,,,,,,,,,,,,30,,0225-DGJZT-GZ-DMRM-NEG.d,,Find by MRM,,
383,DGJZT_CGC_282_1,,,955.5,,,,,100,,,,11.897,,,0,0.238,1,,,,,Acq,,,,,,,,,,,,,,,30,,0225-DGJZT-GZ-DMRM-NEG.d,,Find by MRM,,
384,DGJZT_CGC_289_2,,,807.4,,,,,100,,,,11.732,,,2,0.092,5,,,,,Acq,,,,,,,,,,,,,,,30,,0225-DGJZT-GZ-DMRM-NEG.d,,Find by MRM,,
385,DGJZT_DG_80_3,,,399.1,,,,,100,,,,11.825,,,9,0.125,34,,,,,Acq,,,,,,,,,,,,,,,30,,0225-DGJZT-GZ-DMRM-NEG.d,,Find by MRM,,
386,DGJZT_DG_80_2,,,399.1,,,,,100,,,,11.767,,,4,0.16,15,,,,,Acq,,,,,,,,,,,,,,,30,,0225-DGJZT-GZ-DMRM-NEG.d,,Find by MRM,,
387,DGJZT_CGC_278_1,,,255.1,,,,,100,,,,11.863,,,29,0.168,137,,,,,Acq,,,,,,,,,,,,,,,30,,0225-DGJZT-GZ-DMRM-NEG.d,,Find by MRM,,
388,DGJZT_CGC_289_3,,,807.4,,,,,100,,,,11.815,,,7,0.127,17,,,,,Acq,,,,,,,,,,,,,,,30,,0225-DGJZT-GZ-DMRM-NEG.d,,Find by MRM,,
389,DGJZT_DG_80_1,,,399.1,,,,,100,,,,11.808,,,3,0.158,9,,,,,Acq,,,,,,,,,,,,,,,30,,0225-DGJZT-GZ-DMRM-NEG.d,,Find by MRM,,
390,DGJZT_CGC_293_1,,,821.4,,,,,100,,,,11.873,,,12,0.091,34,,,,,Acq,,,,,,,,,,,,,,,30,,0225-DGJZT-GZ-DMRM-NEG.d,,Find by MRM,,
391,DGJZT_CGC_293_3,,,821.4,,,,,100,,,,11.999,,,9,0.108,27,,,,,Acq,,,,,,,,,,,,,,,30,,0225-DGJZT-GZ-DMRM-NEG.d,,Find by MRM,,
392,DGJZT_CGC_293_2,,,821.4,,,,,100,,,,11.974,,,6,0.07,11,,,,,Acq,,,,,,,,,,,,,,,30,,0225-DGJZT-GZ-DMRM-NEG.d,,Find by MRM,,
393,DGJZT_DG_81_2,,,357.1,,,,,100,,,,11.96,,,0,0.075,0,,,,,Acq,,,,,,,,,,,,,,,30,,0225-DGJZT-GZ-DMRM-NEG.d,,Find by MRM,,
394,DGJZT_CGC_291_1,,,267.1,,,,,100,,,,12.056,,,6,0.125,22,,,,,Acq,,,,,,,,,,,,,,,30,,0225-DGJZT-GZ-DMRM-NEG.d,,Find by MRM,,
395,DGJZT_CGC_291_2,,,267.1,,,,,100,,,,11.921,,,10,0.083,25,,,,,Acq,,,,,,,,,,,,,,,30,,0225-DGJZT-GZ-DMRM-NEG.d,,Find by MRM,,
396,DGJZT_CGC_291_3,,,267.1,,,,,100,,,,11.888,,,8,0.182,37,,,,,Acq,,,,,,,,,,,,,,,30,,0225-DGJZT-GZ-DMRM-NEG.d,,Find by MRM,,
397,DGJZT_DG_81_1,,,357.1,,,,,100,,,,11.868,,,5,0.174,22,,,,,Acq,,,,,,,,,,,,,,,30,,0225-DGJZT-GZ-DMRM-NEG.d,,Find by MRM,,
398,DGJZT_CGC_301_1,,,939.5,,,,,100,,,,12.267,,,0,0.093,5,,,,,Acq,,,,,,,,,,,,,,,30,,0225-DGJZT-GZ-DMRM-NEG.d,,Find by MRM,,
399,DGJZT_CGC_305_1,,,823.4,,,,,100,,,,12.049,,,6,0.092,12,,,,,Acq,,,,,,,,,,,,,,,30,,0225-DGJZT-GZ-DMRM-NEG.d,,Find by MRM,,
400,DGJZT_DG_87_3,,,517.2,,,,,100,,,,12.034,,,3,0.133,8,,,,,Acq,,,,,,,,,,,,,,,30,,0225-DGJZT-GZ-DMRM-NEG.d,,Find by MRM,,
401,DGJZT_SJ_12_1,,,475.2,,,,,100,,,,11.992,,,7,0.093,15,,,,,Acq,,,,,,,,,,,,,,,30,,0225-DGJZT-GZ-DMRM-NEG.d,,Find by MRM,,
402,DGJZT_GZ_31_1,,,325.1,,,,,100,,,,12.044,,,50,0.359,582,,,,,Acq,,,,,,,,,,,,,,,30,,0225-DGJZT-GZ-DMRM-NEG.d,,Find by MRM,,
403,DGJZT_GZ_31_2,,,325.1,,,,,100,,,,12.087,,,302,0.319,2478,,,,,Acq,,,,,,,,,,,,,,,30,,0225-DGJZT-GZ-DMRM-NEG.d,,Find by MRM,,
404,DGJZT_DG_89_3,,,313.1,,,,,100,,,,12.038,,,4,0.1,8,,,,,Acq,,,,,,,,,,,,,,,30,,0225-DGJZT-GZ-DMRM-NEG.d,,Find by MRM,,
405,DGJZT_GZ_29_1,,,295.1,,,,,100,,,,12.08,,,681,0.226,4625,,,,,Acq,,,,,,,,,,,,,,,30,,0225-DGJZT-GZ-DMRM-NEG.d,,Find by MRM,,
406,DGJZT_GZ_29_2,,,295.1,,,,,100,,,,12.089,,,1698,0.314,11725,,,,,Acq,,,,,,,,,,,,,,,30,,0225-DGJZT-GZ-DMRM-NEG.d,,Find by MRM,,
407,DGJZT_CGC_305_3,,,823.4,,,,,100,,,,11.965,,,0,0.038,0,,,,,Acq,,,,,,,,,,,,,,,30,,0225-DGJZT-GZ-DMRM-NEG.d,,Find by MRM,,
408,DGJZT_CGC_310_1,,,777.4,,,,,100,,,,12.125,,,0,0.17,2,,,,,Acq,,,,,,,,,,,,,,,30,,0225-DGJZT-GZ-DMRM-NEG.d,,Find by MRM,,
409,DGJZT_DG_90_1,,,357.1,,,,,100,,,,12.077,,,6,0.1,13,,,,,Acq,,,,,,,,,,,,,,,30,,0225-DGJZT-GZ-DMRM-NEG.d,,Find by MRM,,
410,DGJZT_GZ_31_3,,,325.1,,,,,100,,,,12.094,,,199,0.458,2115,,,,,Acq,,,,,,,,,,,,,,,30,,0225-DGJZT-GZ-DMRM-NEG.d,,Find by MRM,,
411,DGJZT_DG_88_3,,,383.2,,,,,100,,,,12.319,,,0,0.086,0,,,,,Acq,,,,,,,,,,,,,,,30,,0225-DGJZT-GZ-DMRM-NEG.d,,Find by MRM,,
412,DGJZT_GZ_32_2,,,313.2,,,,,100,,,,12.162,,,330,0.322,2099,,,,,Acq,,,,,,,,,,,,,,,30,,0225-DGJZT-GZ-DMRM-NEG.d,,Find by MRM,,
413,DGJZT_DG_89_1,,,313.1,,,,,100,,,,12.112,,,16,0.134,56,,,,,Acq,,,,,,,,,,,,,,,30,,0225-DGJZT-GZ-DMRM-NEG.d,,Find by MRM,,
414,DGJZT_DG_89_2,,,313.1,,,,,100,,,,11.962,,,7,0.084,16,,,,,Acq,,,,,,,,,,,,,,,30,,0225-DGJZT-GZ-DMRM-NEG.d,,Find by MRM,,
415,DGJZT_CGC_313_1,,,369.1,,,,,100,,,,12.151,,,0,0.079,1,,,,,Acq,,,,,,,,,,,,,,,30,,0225-DGJZT-GZ-DMRM-NEG.d,,Find by MRM,,
416,DGJZT_DG_90_2,,,357.1,,,,,100,,,,12.076,,,6,0.179,19,,,,,Acq,,,,,,,,,,,,,,,30,,0225-DGJZT-GZ-DMRM-NEG.d,,Find by MRM,,
417,DGJZT_GZ_32_1,,,313.2,,,,,100,,,,12.145,,,130,0.268,896,,,,,Acq,,,,,,,,,,,,,,,30,,0225-DGJZT-GZ-DMRM-NEG.d,,Find by MRM,,
418,DGJZT_DG_91_2,,,205.1,,,,,100,,,,12.215,,,3,0.076,7,,,,,Acq,,,,,,,,,,,,,,,30,,0225-DGJZT-GZ-DMRM-NEG.d,,Find by MRM,,
419,DGJZT_DG_91_1,,,205.1,,,,,100,,,,12.333,,,13,0.165,34,,,,,Acq,,,,,,,,,,,,,,,30,,0225-DGJZT-GZ-DMRM-NEG.d,,Find by MRM,,
420,DGJZT_CGC_314_1,,,805.4,,,,,100,,,,12.108,,,8,0.109,18,,,,,Acq,,,,,,,,,,,,,,,30,,0225-DGJZT-GZ-DMRM-NEG.d,,Find by MRM,,
421,DGJZT_CGC_314_3,,,805.4,,,,,100,,,,12.302,,,6,0.101,12,,,,,Acq,,,,,,,,,,,,,,,30,,0225-DGJZT-GZ-DMRM-NEG.d,,Find by MRM,,
422,DGJZT_SJ_13_1,,,355.2,,,,,100,,,,12.412,,,2,0.056,4,,,,,Acq,,,,,,,,,,,,,,,30,,0225-DGJZT-GZ-DMRM-NEG.d,,Find by MRM,,
423,DGJZT_GZ_33_2,,,265.1,,,,,100,,,,12.356,,,981,0.315,6410,,,,,Acq,,,,,,,,,,,,,,,30,,0225-DGJZT-GZ-DMRM-NEG.d,,Find by MRM,,
424,DGJZT_GZ_33_3,,,265.1,,,,,100,,,,12.349,,,380,0.379,2896,,,,,Acq,,,,,,,,,,,,,,,30,,0225-DGJZT-GZ-DMRM-NEG.d,,Find by MRM,,
425,DGJZT_DG_92_1,,,203.1,,,,,100,,,,12.609,,,229,0.119,786,,,,,Acq,,,,,,,,,,,,,,,30,,0225-DGJZT-GZ-DMRM-NEG.d,,Find by MRM,,
426,DGJZT_DG_92_2,,,203.1,,,,,100,,,,12.585,,,329,0.103,1230,,,,,Acq,,,,,,,,,,,,,,,30,,0225-DGJZT-GZ-DMRM-NEG.d,,Find by MRM,,
427,DGJZT_DG_92_3,,,203.1,,,,,100,,,,12.577,,,142,0.115,552,,,,,Acq,,,,,,,,,,,,,,,30,,0225-DGJZT-GZ-DMRM-NEG.d,,Find by MRM,,
428,DGJZT_GZ_33_1,,,265.1,,,,,100,,,,12.365,,,753,0.393,5850,,,,,Acq,,,,,,,,,,,,,,,30,,0225-DGJZT-GZ-DMRM-NEG.d,,Find by MRM,,
429,DGJZT_CGC_324_1,,,805.4,,,,,100,,,,12.318,,,11,0.058,22,,,,,Acq,,,,,,,,,,,,,,,30,,0225-DGJZT-GZ-DMRM-NEG.d,,Find by MRM,,
430,DGJZT_CGC_325_1,,,353.1,,,,,100,,,,12.555,,,15,0.145,66,,,,,Acq,,,,,,,,,,,,,,,30,,0225-DGJZT-GZ-DMRM-NEG.d,,Find by MRM,,
431,DGJZT_DZ_45_1,,,517.3,,,,,100,,,,12.763,,,4,0.209,16,,,,,Acq,,,,,,,,,,,,,,,30,,0225-DGJZT-GZ-DMRM-NEG.d,,Find by MRM,,
432,DGJZT_CGC_336_1,,,367.1,,,,,100,,,,12.764,,,32,0.277,254,,,,,Acq,,,,,,,,,,,,,,,30,,0225-DGJZT-GZ-DMRM-NEG.d,,Find by MRM,,
433,DGJZT_CGC_336_2,,,367.1,,,,,100,,,,12.797,,,14,0.242,102,,,,,Acq,,,,,,,,,,,,,,,30,,0225-DGJZT-GZ-DMRM-NEG.d,,Find by MRM,,
434,DGJZT_CGC_336_3,,,367.1,,,,,100,,,,12.781,,,3,0.108,9,,,,,Acq,,,,,,,,,,,,,,,30,,0225-DGJZT-GZ-DMRM-NEG.d,,Find by MRM,,
435,DGJZT_DZ_46_2,,,287.2,,,,,100,,,,12.92,,,13,0.184,58,,,,,Acq,,,,,,,,,,,,,,,30,,0225-DGJZT-GZ-DMRM-NEG.d,,Find by MRM,,
436,DGJZT_CGC_337_1,,,323.1,,,,,100,,,,12.952,,,5,0.064,10,,,,,Acq,,,,,,,,,,,,,,,30,,0225-DGJZT-GZ-DMRM-NEG.d,,Find by MRM,,
437,DGJZT_CGC_338_2,,,355.1,,,,,100,,,,12.848,,,7,0.15,26,,,,,Acq,,,,,,,,,,,,,,,30,,0225-DGJZT-GZ-DMRM-NEG.d,,Find by MRM,,
438,DGJZT_CGC_338_3,,,355.1,,,,,100,,,,12.892,,,8,0.182,25,,,,,Acq,,,,,,,,,,,,,,,30,,0225-DGJZT-GZ-DMRM-NEG.d,,Find by MRM,,
439,DGJZT_CGC_338_1,,,355.1,,,,,100,,,,12.917,,,11,0.159,71,,,,,Acq,,,,,,,,,,,,,,,30,,0225-DGJZT-GZ-DMRM-NEG.d,,Find by MRM,,
440,DGJZT_CGC_344_1,,,805.4,,,,,100,,,,12.77,,,4,0.1,8,,,,,Acq,,,,,,,,,,,,,,,30,,0225-DGJZT-GZ-DMRM-NEG.d,,Find by MRM,,
441,DGJZT_CGC_341_1,,,711.3,,,,,100,,,,12.913,,,0,0.151,1,,,,,Acq,,,,,,,,,,,,,,,30,,0225-DGJZT-GZ-DMRM-NEG.d,,Find by MRM,,
442,DGJZT_CGC_346_1,,,369.1,,,,,100,,,,12.989,,,22,0.312,132,,,,,Acq,,,,,,,,,,,,,,,30,,0225-DGJZT-GZ-DMRM-NEG.d,,Find by MRM,,
443,DGJZT_CGC_347_2,,,351.1,,,,,100,,,,13.109,,,7,0.142,24,,,,,Acq,,,,,,,,,,,,,,,30,,0225-DGJZT-GZ-DMRM-NEG.d,,Find by MRM,,
444,DGJZT_CGC_347_3,,,351.1,,,,,100,,,,13.059,,,4,0.108,14,,,,,Acq,,,,,,,,,,,,,,,30,,0225-DGJZT-GZ-DMRM-NEG.d,,Find by MRM,,
445,DGJZT_CGC_347_1,,,351.1,,,,,100,,,,13.059,,,6,0.071,11,,,,,Acq,,,,,,,,,,,,,,,30,,0225-DGJZT-GZ-DMRM-NEG.d,,Find by MRM,,
446,DGJZT_CGC_345_1,,,337.1,,,,,100,,,,13.145,,,6,0.167,18,,,,,Acq,,,,,,,,,,,,,,,30,,0225-DGJZT-GZ-DMRM-NEG.d,,Find by MRM,,
447,DGJZT_CGC_354_1,,,823.4,,,,,100,,,,13.297,,,3,0.075,7,,,,,Acq,,,,,,,,,,,,,,,30,,0225-DGJZT-GZ-DMRM-NEG.d,,Find by MRM,,
448,DGJZT_CGC_353_1,,,807.4,,,,,100,,,,13.055,,,3,0.1,11,,,,,Acq,,,,,,,,,,,,,,,30,,0225-DGJZT-GZ-DMRM-NEG.d,,Find by MRM,,
449,DGJZT_CGC_355_1,,,339.1,,,,,100,,,,13.168,,,8,0.165,32,,,,,Acq,,,,,,,,,,,,,,,30,,0225-DGJZT-GZ-DMRM-NEG.d,,Find by MRM,,
450,DGJZT_CGC_355_2,,,339.1,,,,,100,,,,13.144,,,7,0.125,24,,,,,Acq,,,,,,,,,,,,,,,30,,0225-DGJZT-GZ-DMRM-NEG.d,,Find by MRM,,
451,DGJZT_CGC_355_3,,,339.1,,,,,100,,,,13.144,,,6,0.091,18,,,,,Acq,,,,,,,,,,,,,,,30,,0225-DGJZT-GZ-DMRM-NEG.d,,Find by MRM,,
452,DGJZT_CGC_351_1,,,313.1,,,,,100,,,,13.187,,,28,0.273,213,,,,,Acq,,,,,,,,,,,,,,,30,,0225-DGJZT-GZ-DMRM-NEG.d,,Find by MRM,,
453,DGJZT_CGC_351_2,,,313.1,,,,,100,,,,13.129,,,16,0.342,143,,,,,Acq,,,,,,,,,,,,,,,30,,0225-DGJZT-GZ-DMRM-NEG.d,,Find by MRM,,
454,DGJZT_CGC_357_2,,,353.1,,,,,100,,,,13.257,,,17,0.173,76,,,,,Acq,,,,,,,,,,,,,,,30,,0225-DGJZT-GZ-DMRM-NEG.d,,Find by MRM,,
455,DGJZT_DZ_48_1,,,487.3,,,,,100,,,,13.642,,,4,0.05,9,,,,,Acq,,,,,,,,,,,,,,,30,,0225-DGJZT-GZ-DMRM-NEG.d,,Find by MRM,,
456,DGJZT_CGC_357_3,,,353.1,,,,,100,,,,13.334,,,9,0.186,46,,,,,Acq,,,,,,,,,,,,,,,30,,0225-DGJZT-GZ-DMRM-NEG.d,,Find by MRM,,
457,DGJZT_CGC_357_1,,,353.1,,,,,100,,,,13.327,,,61,0.305,405,,,,,Acq,,,,,,,,,,,,,,,30,,0225-DGJZT-GZ-DMRM-NEG.d,,Find by MRM,,
458,DGJZT_CGC_359_2,,,337.1,,,,,100,,,,13.403,,,6,0.177,18,,,,,Acq,,,,,,,,,,,,,,,30,,0225-DGJZT-GZ-DMRM-NEG.d,,Find by MRM,,
459,DGJZT_CGC_364_1,,,365.1,,,,,100,,,,13.536,,,24,0.189,136,,,,,Acq,,,,,,,,,,,,,,,30,,0225-DGJZT-GZ-DMRM-NEG.d,,Find by MRM,,
460,DGJZT_CGC_364_2,,,365.1,,,,,100,,,,13.563,,,22,0.127,103,,,,,Acq,,,,,,,,,,,,,,,30,,0225-DGJZT-GZ-DMRM-NEG.d,,Find by MRM,,
461,DGJZT_DZ_49_3,,,501.3,,,,,100,,,,13.776,,,9,0.072,23,,,,,Acq,,,,,,,,,,,,,,,30,,0225-DGJZT-GZ-DMRM-NEG.d,,Find by MRM,,
462,DGJZT_CGC_368_1,,,337.1,,,,,100,,,,13.783,,,5,0.122,11,,,,,Acq,,,,,,,,,,,,,,,30,,0225-DGJZT-GZ-DMRM-NEG.d,,Find by MRM,,
463,DGJZT_DZ_49_2,,,501.3,,,,,100,,,,13.827,,,6,0.092,12,,,,,Acq,,,,,,,,,,,,,,,30,,0225-DGJZT-GZ-DMRM-NEG.d,,Find by MRM,,
464,DGJZT_DZ_50_1,,,450.3,,,,,100,,,,13.592,,,10,0.075,23,,,,,Acq,,,,,,,,,,,,,,,30,,0225-DGJZT-GZ-DMRM-NEG.d,,Find by MRM,,
465,DGJZT_DZ_49_1,,,501.3,,,,,100,,,,13.541,,,2,0.142,4,,,,,Acq,,,,,,,,,,,,,,,30,,0225-DGJZT-GZ-DMRM-NEG.d,,Find by MRM,,
466,DGJZT_DZ_50_2,,,450.3,,,,,100,,,,13.609,,,8,0.168,33,,,,,Acq,,,,,,,,,,,,,,,30,,0225-DGJZT-GZ-DMRM-NEG.d,,Find by MRM,,
467,DGJZT_DG_96_2,,,409.2,,,,,100,,,,13.887,,,0,0.063,0,,,,,Acq,,,,,,,,,,,,,,,30,,0225-DGJZT-GZ-DMRM-NEG.d,,Find by MRM,,
468,DGJZT_DG_96_3,,,409.2,,,,,100,,,,13.786,,,4,0.125,9,,,,,Acq,,,,,,,,,,,,,,,30,,0225-DGJZT-GZ-DMRM-NEG.d,,Find by MRM,,
469,DGJZT_CGC_374_1,,,369.1,,,,,100,,,,13.89,,,14,0.169,69,,,,,Acq,,,,,,,,,,,,,,,30,,0225-DGJZT-GZ-DMRM-NEG.d,,Find by MRM,,
470,DGJZT_CGC_373_1,,,339.1,,,,,100,,,,13.766,,,8,0.048,11,,,,,Acq,,,,,,,,,,,,,,,30,,0225-DGJZT-GZ-DMRM-NEG.d,,Find by MRM,,
471,DGJZT_DG_96_1,,,409.2,,,,,100,,,,13.685,,,7,0.162,26,,,,,Acq,,,,,,,,,,,,,,,30,,0225-DGJZT-GZ-DMRM-NEG.d,,Find by MRM,,
472,DGJZT_CGC_374_3,,,369.1,,,,,100,,,,13.933,,,11,0.092,25,,,,,Acq,,,,,,,,,,,,,,,30,,0225-DGJZT-GZ-DMRM-NEG.d,,Find by MRM,,
473,DGJZT_CGC_374_2,,,369.1,,,,,100,,,,13.605,,,4,0.102,9,,,,,Acq,,,,,,,,,,,,,,,30,,0225-DGJZT-GZ-DMRM-NEG.d,,Find by MRM,,
474,DGJZT_BS_177_1,,,723.4,,,,,100,,,,13.784,,,56,0.159,297,,,,,Acq,,,,,,,,,,,,,,,30,,0225-DGJZT-GZ-DMRM-NEG.d,,Find by MRM,,
475,DGJZT_DG_97_2,,,397.2,,,,,100,,,,13.677,,,8,0.085,15,,,,,Acq,,,,,,,,,,,,,,,30,,0225-DGJZT-GZ-DMRM-NEG.d,,Find by MRM,,
476,DGJZT_CGC_375_2,,,371.1,,,,,100,,,,13.755,,,7,0.151,21,,,,,Acq,,,,,,,,,,,,,,,30,,0225-DGJZT-GZ-DMRM-NEG.d,,Find by MRM,,
477,DGJZT_CGC_375_1,,,371.1,,,,,100,,,,13.89,,,3,0.1,6,,,,,Acq,,,,,,,,,,,,,,,30,,0225-DGJZT-GZ-DMRM-NEG.d,,Find by MRM,,
478,DGJZT_DG_98_2,,,395.2,,,,,100,,,,13.99,,,7,0.125,20,,,,,Acq,,,,,,,,,,,,,,,30,,0225-DGJZT-GZ-DMRM-NEG.d,,Find by MRM,,
479,DGJZT_DG_98_1,,,395.2,,,,,100,,,,13.847,,,8,0.148,27,,,,,Acq,,,,,,,,,,,,,,,30,,0225-DGJZT-GZ-DMRM-NEG.d,,Find by MRM,,
480,DGJZT_DG_98_3,,,395.2,,,,,100,,,,13.881,,,0,0.065,0,,,,,Acq,,,,,,,,,,,,,,,30,,0225-DGJZT-GZ-DMRM-NEG.d,,Find by MRM,,
481,DGJZT_DG_104_3,,,817.4,,,,,100,,,,13.867,,,0,0.184,2,,,,,Acq,,,,,,,,,,,,,,,30,,0225-DGJZT-GZ-DMRM-NEG.d,,Find by MRM,,
482,DGJZT_DG_104_1,,,817.4,,,,,100,,,,13.943,,,0,0.108,1,,,,,Acq,,,,,,,,,,,,,,,30,,0225-DGJZT-GZ-DMRM-NEG.d,,Find by MRM,,
483,DGJZT_DG_104_2,,,817.4,,,,,100,,,,13.809,,,0,0.092,1,,,,,Acq,,,,,,,,,,,,,,,30,,0225-DGJZT-GZ-DMRM-NEG.d,,Find by MRM,,
484,DGJZT_DG_103_3,,,795.4,,,,,100,,,,13.826,,,0,0.151,1,,,,,Acq,,,,,,,,,,,,,,,30,,0225-DGJZT-GZ-DMRM-NEG.d,,Find by MRM,,
485,DGJZT_DG_103_1,,,795.4,,,,,100,,,,13.969,,,0,0.191,1,,,,,Acq,,,,,,,,,,,,,,,30,,0225-DGJZT-GZ-DMRM-NEG.d,,Find by MRM,,
486,DGJZT_DG_97_1,,,397.2,,,,,100,,,,13.955,,,10,0.088,27,,,,,Acq,,,,,,,,,,,,,,,30,,0225-DGJZT-GZ-DMRM-NEG.d,,Find by MRM,,
487,DGJZT_DG_97_3,,,397.2,,,,,100,,,,13.989,,,6,0.05,13,,,,,Acq,,,,,,,,,,,,,,,30,,0225-DGJZT-GZ-DMRM-NEG.d,,Find by MRM,,
488,DGJZT_DG_101_2,,,397.2,,,,,100,,,,13.931,,,16,0.084,43,,,,,Acq,,,,,,,,,,,,,,,30,,0225-DGJZT-GZ-DMRM-NEG.d,,Find by MRM,,
489,DGJZT_DG_101_3,,,397.2,,,,,100,,,,13.922,,,15,0.169,51,,,,,Acq,,,,,,,,,,,,,,,30,,0225-DGJZT-GZ-DMRM-NEG.d,,Find by MRM,,
490,DGJZT_DG_103_2,,,795.4,,,,,100,,,,13.91,,,0,0.064,0,,,,,Acq,,,,,,,,,,,,,,,30,,0225-DGJZT-GZ-DMRM-NEG.d,,Find by MRM,,
491,DGJZT_DG_102_2,,,497.1,,,,,100,,,,14.181,,,3,0.055,4,,,,,Acq,,,,,,,,,,,,,,,30,,0225-DGJZT-GZ-DMRM-NEG.d,,Find by MRM,,
492,DGJZT_DG_102_1,,,497.1,,,,,100,,,,13.979,,,7,0.11,15,,,,,Acq,,,,,,,,,,,,,,,30,,0225-DGJZT-GZ-DMRM-NEG.d,,Find by MRM,,
493,DGJZT_DG_101_1,,,397.2,,,,,100,,,,13.939,,,46,0.177,222,,,,,Acq,,,,,,,,,,,,,,,30,,0225-DGJZT-GZ-DMRM-NEG.d,,Find by MRM,,
494,DGJZT_DG_100_2,,,353.2,,,,,100,,,,13.95,,,0,0.215,3,,,,,Acq,,,,,,,,,,,,,,,30,,0225-DGJZT-GZ-DMRM-NEG.d,,Find by MRM,,
495,DGJZT_DG_100_1,,,353.2,,,,,100,,,,13.832,,,3,0.118,6,,,,,Acq,,,,,,,,,,,,,,,30,,0225-DGJZT-GZ-DMRM-NEG.d,,Find by MRM,,
496,DGJZT_DG_100_3,,,353.2,,,,,100,,,,14.127,,,8,0.208,21,,,,,Acq,,,,,,,,,,,,,,,30,,0225-DGJZT-GZ-DMRM-NEG.d,,Find by MRM,,
497,DGJZT_CGC_379_2,,,351.1,,,,,100,,,,13.984,,,82,0.281,606,,,,,Acq,,,,,,,,,,,,,,,30,,0225-DGJZT-GZ-DMRM-NEG.d,,Find by MRM,,
498,DGJZT_CGC_379_3,,,351.1,,,,,100,,,,13.984,,,42,0.177,187,,,,,Acq,,,,,,,,,,,,,,,30,,0225-DGJZT-GZ-DMRM-NEG.d,,Find by MRM,,
499,DGJZT_CGC_379_1,,,351.1,,,,,100,,,,14.035,,,28,0.084,84,,,,,Acq,,,,,,,,,,,,,,,30,,0225-DGJZT-GZ-DMRM-NEG.d,,Find by MRM,,
500,DGJZT_DG_105_3,,,411.2,,,,,100,,,,13.895,,,0,0.059,1,,,,,Acq,,,,,,,,,,,,,,,30,,0225-DGJZT-GZ-DMRM-NEG.d,,Find by MRM,,
501,DGJZT_DG_105_1,,,411.2,,,,,100,,,,13.929,,,8,0.143,18,,,,,Acq,,,,,,,,,,,,,,,30,,0225-DGJZT-GZ-DMRM-NEG.d,,Find by MRM,,
502,DGJZT_DG_105_2,,,411.2,,,,,100,,,,13.963,,,6,0.127,18,,,,,Acq,,,,,,,,,,,,,,,30,,0225-DGJZT-GZ-DMRM-NEG.d,,Find by MRM,,
503,DGJZT_CGC_386_1,,,391.2,,,,,100,,,,14.108,,,12,0.201,52,,,,,Acq,,,,,,,,,,,,,,,30,,0225-DGJZT-GZ-DMRM-NEG.d,,Find by MRM,,
504,DGJZT_CGC_386_2,,,391.2,,,,,100,,,,14.067,,,10,0.178,34,,,,,Acq,,,,,,,,,,,,,,,30,,0225-DGJZT-GZ-DMRM-NEG.d,,Find by MRM,,
505,DGJZT_DG_107_3,,,649.3,,,,,100,,,,14.113,,,5,0.215,17,,,,,Acq,,,,,,,,,,,,,,,30,,0225-DGJZT-GZ-DMRM-NEG.d,,Find by MRM,,
506,DGJZT_DG_106_3,,,721.3,,,,,100,,,,14.329,,,5,0.151,20,,,,,Acq,,,,,,,,,,,,,,,30,,0225-DGJZT-GZ-DMRM-NEG.d,,Find by MRM,,
507,DGJZT_DG_107_2,,,649.3,,,,,100,,,,14.346,,,1,0.092,1,,,,,Acq,,,,,,,,,,,,,,,30,,0225-DGJZT-GZ-DMRM-NEG.d,,Find by MRM,,
508,DGJZT_DG_108_1,,,399.2,,,,,100,,,,14.225,,,4,0.152,12,,,,,Acq,,,,,,,,,,,,,,,30,,0225-DGJZT-GZ-DMRM-NEG.d,,Find by MRM,,
509,DGJZT_DG_107_1,,,649.3,,,,,100,,,,14.147,,,9,0.125,24,,,,,Acq,,,,,,,,,,,,,,,30,,0225-DGJZT-GZ-DMRM-NEG.d,,Find by MRM,,
510,DGJZT_DZ_53_1,,,485.3,,,,,100,,,,14.498,,,7,0.066,17,,,,,Acq,,,,,,,,,,,,,,,30,,0225-DGJZT-GZ-DMRM-NEG.d,,Find by MRM,,
511,DGJZT_DZ_53_3,,,485.3,,,,,100,,,,14.064,,,10,0.105,29,,,,,Acq,,,,,,,,,,,,,,,30,,0225-DGJZT-GZ-DMRM-NEG.d,,Find by MRM,,
512,DGJZT_DG_106_1,,,721.3,,,,,100,,,,14.446,,,3,0.201,20,,,,,Acq,,,,,,,,,,,,,,,30,,0225-DGJZT-GZ-DMRM-NEG.d,,Find by MRM,,
513,DGJZT_CGC_391_1,,,367.2,,,,,100,,,,14.369,,,9,0.252,56,,,,,Acq,,,,,,,,,,,,,,,30,,0225-DGJZT-GZ-DMRM-NEG.d,,Find by MRM,,
514,DGJZT_CGC_391_2,,,367.2,,,,,100,,,,14.353,,,2,0.231,7,,,,,Acq,,,,,,,,,,,,,,,30,,0225-DGJZT-GZ-DMRM-NEG.d,,Find by MRM,,
515,DGJZT_CGC_393_2,,,423.2,,,,,100,,,,14.214,,,33,0.143,176,,,,,Acq,,,,,,,,,,,,,,,30,,0225-DGJZT-GZ-DMRM-NEG.d,,Find by MRM,,
516,DGJZT_CGC_393_1,,,423.2,,,,,100,,,,14.248,,,53,0.16,276,,,,,Acq,,,,,,,,,,,,,,,30,,0225-DGJZT-GZ-DMRM-NEG.d,,Find by MRM,,
517,DGJZT_CGC_393_3,,,423.2,,,,,100,,,,14.274,,,5,0.128,21,,,,,Acq,,,,,,,,,,,,,,,30,,0225-DGJZT-GZ-DMRM-NEG.d,,Find by MRM,,
518,DGJZT_DG_111_2,,,625.3,,,,,100,,,,14.489,,,4,0.172,12,,,,,Acq,,,,,,,,,,,,,,,30,,0225-DGJZT-GZ-DMRM-NEG.d,,Find by MRM,,
519,DGJZT_DG_111_1,,,625.3,,,,,100,,,,14.782,,,3,0.099,9,,,,,Acq,,,,,,,,,,,,,,,30,,0225-DGJZT-GZ-DMRM-NEG.d,,Find by MRM,,
520,DGJZT_CGC_395_2,,,421.2,,,,,100,,,,14.743,,,4,0.124,13,,,,,Acq,,,,,,,,,,,,,,,30,,0225-DGJZT-GZ-DMRM-NEG.d,,Find by MRM,,
521,DGJZT_CGC_395_1,,,421.2,,,,,100,,,,14.744,,,27,0.246,165,,,,,Acq,,,,,,,,,,,,,,,30,,0225-DGJZT-GZ-DMRM-NEG.d,,Find by MRM,,
522,DGJZT_CGC_395_3,,,421.2,,,,,100,,,,14.737,,,5,0.113,18,,,,,Acq,,,,,,,,,,,,,,,30,,0225-DGJZT-GZ-DMRM-NEG.d,,Find by MRM,,
523,DGJZT_CGC_398_1,,,421.2,,,,,100,,,,14.741,,,32,0.249,171,,,,,Acq,,,,,,,,,,,,,,,30,,0225-DGJZT-GZ-DMRM-NEG.d,,Find by MRM,,
524,DGJZT_DG_113_2,,,216.9,,,,,100,,,,15.175,,,64,0.444,984,,,,,Acq,,,,,,,,,,,,,,,30,,0225-DGJZT-GZ-DMRM-NEG.d,,Find by MRM,,
525,DGJZT_DG_113_1,,,216.9,,,,,100,,,,15.161,,,48,0.389,581,,,,,Acq,,,,,,,,,,,,,,,30,,0225-DGJZT-GZ-DMRM-NEG.d,,Find by MRM,,
526,DGJZT_DG_113_3,,,216.9,,,,,100,,,,15.164,,,47,0.351,643,,,,,Acq,,,,,,,,,,,,,,,30,,0225-DGJZT-GZ-DMRM-NEG.d,,Find by MRM,,

