﻿#化合物列表: 239 found
#
Cpd,Name,Formula,Purity Result,Precursor,Mass,Diff (ppm),Score (Tgt),Flags (Tgt),Score,Std Dev,Relative Mass Difference (MFG),Base Peak,RT,RT Diff,Target Retention Time Difference,Height,Width,Area,Volume,Vol %,Ions,Saturated,ID Source,Score (MFG),Score (DB),Hit Count,Tgt MFG Hit,FV,Purity Value,Purity Comments,ADC% Area,EIC/TIC% Area,TIC% Area,UVA% Area,Score (Lib),CAS ID,Relative Reference Mass difference,CE,MS/MS Count,File,Notes,Algorithm,Lib/DB
1,DGJZT_CGC_3_1,,,427.2,,,,,100,,,,0.855,,,85,0.218,387,,,,,Acq,,,,,,,,,,,,,,,30,,0225-DGJZT-DZ-YIN-DMRM-POS.d,,Find by MRM,,
2,DGJZT_CGC_2_2,,,265.2,,,,,100,,,,0.856,,,69,0.236,367,,,,,Acq,,,,,,,,,,,,,,,30,,0225-DGJZT-DZ-YIN-DMRM-POS.d,,Find by MRM,,
3,DGJZT_CGC_2_1,,,265.2,,,,,100,,,,0.849,,,473,0.21,2253,,,,,Acq,,,,,,,,,,,,,,,30,,0225-DGJZT-DZ-YIN-DMRM-POS.d,,Find by MRM,,
4,DGJZT_DZ_4_3,,,437.2,,,,,100,,,,0.843,,,12,0.223,44,,,,,Acq,,,,,,,,,,,,,,,30,,0225-DGJZT-DZ-YIN-DMRM-POS.d,,Find by MRM,,
5,DGJZT_DZ_4_1,,,437.2,,,,,100,,,,0.869,,,6,0.134,18,,,,,Acq,,,,,,,,,,,,,,,30,,0225-DGJZT-DZ-YIN-DMRM-POS.d,,Find by MRM,,
6,DGJZT_DZ_4_2,,,437.2,,,,,100,,,,1.112,,,21,0.225,156,,,,,Acq,,,,,,,,,,,,,,,30,,0225-DGJZT-DZ-YIN-DMRM-POS.d,,Find by MRM,,
7,DGJZT_CGC_3_2,,,427.2,,,,,100,,,,0.853,,,1193,0.218,5850,,,,,Acq,,,,,,,,,,,,,,,30,,0225-DGJZT-DZ-YIN-DMRM-POS.d,,Find by MRM,,
8,DGJZT_CGC_3_3,,,427.2,,,,,100,,,,0.846,,,153,0.213,827,,,,,Acq,,,,,,,,,,,,,,,30,,0225-DGJZT-DZ-YIN-DMRM-POS.d,,Find by MRM,,
9,DGJZT_CGC_6_2,,,138.1,,,,,100,,,,1.059,,,70,0.305,580,,,,,Acq,,,,,,,,,,,,,,,30,,0225-DGJZT-DZ-YIN-DMRM-POS.d,,Find by MRM,,
10,DGJZT_CGC_6_1,,,138.1,,,,,100,,,,1.076,,,68,0.182,468,,,,,Acq,,,,,,,,,,,,,,,30,,0225-DGJZT-DZ-YIN-DMRM-POS.d,,Find by MRM,,
11,DGJZT_CGC_6_3,,,138.1,,,,,100,,,,1.085,,,59,0.147,345,,,,,Acq,,,,,,,,,,,,,,,30,,0225-DGJZT-DZ-YIN-DMRM-POS.d,,Find by MRM,,
12,DGJZT_DZ_17_2,,,360.2,,,,,100,,,,1.063,,,15,0.104,48,,,,,Acq,,,,,,,,,,,,,,,30,,0225-DGJZT-DZ-YIN-DMRM-POS.d,,Find by MRM,,
13,DGJZT_DZ_17_1,,,360.2,,,,,100,,,,1.081,,,15,0.088,51,,,,,Acq,,,,,,,,,,,,,,,30,,0225-DGJZT-DZ-YIN-DMRM-POS.d,,Find by MRM,,
14,DGJZT_DZ_17_3,,,360.2,,,,,100,,,,1.13,,,10,0.088,29,,,,,Acq,,,,,,,,,,,,,,,30,,0225-DGJZT-DZ-YIN-DMRM-POS.d,,Find by MRM,,
15,DGJZT_DZ_14_3,,,232.1,,,,,100,,,,1.107,,,24,0.391,288,,,,,Acq,,,,,,,,,,,,,,,30,,0225-DGJZT-DZ-YIN-DMRM-POS.d,,Find by MRM,,
16,DGJZT_DZ_14_1,,,232.1,,,,,100,,,,1.091,,,107,0.357,1228,,,,,Acq,,,,,,,,,,,,,,,30,,0225-DGJZT-DZ-YIN-DMRM-POS.d,,Find by MRM,,
17,DGJZT_DZ_14_2,,,232.1,,,,,100,,,,1.124,,,41,0.332,380,,,,,Acq,,,,,,,,,,,,,,,30,,0225-DGJZT-DZ-YIN-DMRM-POS.d,,Find by MRM,,
18,DGJZT_BS_5_2,,,331.1,,,,,100,,,,1.595,,,1045,0.326,6662,,,,,Acq,,,,,,,,,,,,,,,30,,0225-DGJZT-DZ-YIN-DMRM-POS.d,,Find by MRM,,
19,DGJZT_BS_5_3,,,331.1,,,,,100,,,,1.605,,,833,0.344,5634,,,,,Acq,,,,,,,,,,,,,,,30,,0225-DGJZT-DZ-YIN-DMRM-POS.d,,Find by MRM,,
20,DGJZT_BS_5_1,,,331.1,,,,,100,,,,1.597,,,1354,0.326,8894,,,,,Acq,,,,,,,,,,,,,,,30,,0225-DGJZT-DZ-YIN-DMRM-POS.d,,Find by MRM,,
21,DGJZT_CGC_10_1,,,163.1,,,,,100,,,,1.601,,,296,0.365,2058,,,,,Acq,,,,,,,,,,,,,,,30,,0225-DGJZT-DZ-YIN-DMRM-POS.d,,Find by MRM,,
22,DGJZT_CGC_10_2,,,163.1,,,,,100,,,,1.586,,,237,0.351,1762,,,,,Acq,,,,,,,,,,,,,,,30,,0225-DGJZT-DZ-YIN-DMRM-POS.d,,Find by MRM,,
23,DGJZT_DZ_25_1,,,330.2,,,,,100,,,,1.615,,,35,0.26,219,,,,,Acq,,,,,,,,,,,,,,,30,,0225-DGJZT-DZ-YIN-DMRM-POS.d,,Find by MRM,,
24,DGJZT_DZ_25_2,,,330.2,,,,,100,,,,1.599,,,19,0.125,92,,,,,Acq,,,,,,,,,,,,,,,30,,0225-DGJZT-DZ-YIN-DMRM-POS.d,,Find by MRM,,
25,DGJZT_DZ_25_3,,,330.2,,,,,100,,,,1.509,,,120,0.3,798,,,,,Acq,,,,,,,,,,,,,,,30,,0225-DGJZT-DZ-YIN-DMRM-POS.d,,Find by MRM,,
26,DGJZT_DZ_27_3,,,180.1,,,,,100,,,,2.246,,,497,0.563,4956,,,,,Acq,,,,,,,,,,,,,,,30,,0225-DGJZT-DZ-YIN-DMRM-POS.d,,Find by MRM,,
27,DGJZT_DZ_27_1,,,180.1,,,,,100,,,,2.257,,,386,0.469,3635,,,,,Acq,,,,,,,,,,,,,,,30,,0225-DGJZT-DZ-YIN-DMRM-POS.d,,Find by MRM,,
28,DGJZT_DZ_27_2,,,180.1,,,,,100,,,,2.235,,,40,0.25,265,,,,,Acq,,,,,,,,,,,,,,,30,,0225-DGJZT-DZ-YIN-DMRM-POS.d,,Find by MRM,,
29,DGJZT_BS_6_2,,,482.2,,,,,100,,,,2.63,,,1661,0.3,12264,,,,,Acq,,,,,,,,,,,,,,,30,,0225-DGJZT-DZ-YIN-DMRM-POS.d,,Find by MRM,,
30,DGJZT_BS_6_1,,,482.2,,,,,100,,,,2.624,,,16073,0.41,128528,,,,,Acq,,,,,,,,,,,,,,,30,,0225-DGJZT-DZ-YIN-DMRM-POS.d,,Find by MRM,,
31,DGJZT_BS_6_3,,,482.2,,,,,100,,,,2.634,,,535,0.43,4394,,,,,Acq,,,,,,,,,,,,,,,30,,0225-DGJZT-DZ-YIN-DMRM-POS.d,,Find by MRM,,
32,DGJZT_DG_19_2,,,367.1,,,,,100,,,,3.256,,,11814,0.436,139715,,,,,Acq,,,,,,,,,,,,,,,30,,0225-DGJZT-DZ-YIN-DMRM-POS.d,,Find by MRM,,
33,DGJZT_DG_19_3,,,367.1,,,,,100,,,,3.249,,,6411,0.598,94192,,,,,Acq,,,,,,,,,,,,,,,30,,0225-DGJZT-DZ-YIN-DMRM-POS.d,,Find by MRM,,
34,DGJZT_DG_19_1,,,367.1,,,,,100,,,,3.275,,,437,0.513,5154,,,,,Acq,,,,,,,,,,,,,,,30,,0225-DGJZT-DZ-YIN-DMRM-POS.d,,Find by MRM,,
35,DGJZT_CGC_15_3,,,262.2,,,,,100,,,,3.468,,,3329,0.542,33257,,,,,Acq,,,,,,,,,,,,,,,30,,0225-DGJZT-DZ-YIN-DMRM-POS.d,,Find by MRM,,
36,DGJZT_CGC_15_1,,,262.2,,,,,100,,,,3.469,,,10068,0.525,100688,,,,,Acq,,,,,,,,,,,,,,,30,,0225-DGJZT-DZ-YIN-DMRM-POS.d,,Find by MRM,,
37,DGJZT_CGC_15_2,,,262.2,,,,,100,,,,3.47,,,13245,0.465,128103,,,,,Acq,,,,,,,,,,,,,,,30,,0225-DGJZT-DZ-YIN-DMRM-POS.d,,Find by MRM,,
38,DGJZT_DZ_33_1,,,239.1,,,,,100,,,,3.513,,,3619,0.462,29532,,,,,Acq,,,,,,,,,,,,,,,30,,0225-DGJZT-DZ-YIN-DMRM-POS.d,,Find by MRM,,
39,DGJZT_DZ_33_2,,,239.1,,,,,100,,,,3.514,,,59,0.283,342,,,,,Acq,,,,,,,,,,,,,,,30,,0225-DGJZT-DZ-YIN-DMRM-POS.d,,Find by MRM,,
40,DGJZT_BS_8_2,,,637.3,,,,,100,,,,3.74,,,910,0.409,7076,,,,,Acq,,,,,,,,,,,,,,,30,,0225-DGJZT-DZ-YIN-DMRM-POS.d,,Find by MRM,,
41,DGJZT_BS_8_3,,,637.3,,,,,100,,,,3.724,,,880,0.307,6117,,,,,Acq,,,,,,,,,,,,,,,30,,0225-DGJZT-DZ-YIN-DMRM-POS.d,,Find by MRM,,
42,DGJZT_BS_8_1,,,637.3,,,,,100,,,,3.734,,,1539,0.372,11601,,,,,Acq,,,,,,,,,,,,,,,30,,0225-DGJZT-DZ-YIN-DMRM-POS.d,,Find by MRM,,
43,DGJZT_CGC_16_1,,,250.1,,,,,100,,,,3.68,,,1061,0.461,10211,,,,,Acq,,,,,,,,,,,,,,,30,,0225-DGJZT-DZ-YIN-DMRM-POS.d,,Find by MRM,,
44,DGJZT_CGC_17_1,,,433.1,,,,,100,,,,4.083,,,62572,0.413,477444,,,,,Acq,,,,,,,,,,,,,,,30,,0225-DGJZT-DZ-YIN-DMRM-POS.d,,Find by MRM,,
45,DGJZT_CGC_17_2,,,433.1,,,,,100,,,,4.084,,,3490,0.334,26314,,,,,Acq,,,,,,,,,,,,,,,30,,0225-DGJZT-DZ-YIN-DMRM-POS.d,,Find by MRM,,
46,DGJZT_CGC_18_3,,,257.1,,,,,100,,,,4.139,,,3045,0.485,30284,,,,,Acq,,,,,,,,,,,,,,,30,,0225-DGJZT-DZ-YIN-DMRM-POS.d,,Find by MRM,,
47,DGJZT_CGC_18_1,,,257.1,,,,,100,,,,4.14,,,17452,0.501,173852,,,,,Acq,,,,,,,,,,,,,,,30,,0225-DGJZT-DZ-YIN-DMRM-POS.d,,Find by MRM,,
48,DGJZT_CGC_18_2,,,257.1,,,,,100,,,,4.141,,,3629,0.425,34996,,,,,Acq,,,,,,,,,,,,,,,30,,0225-DGJZT-DZ-YIN-DMRM-POS.d,,Find by MRM,,
49,DGJZT_DZ_36_2,,,314.2,,,,,100,,,,4.186,,,309,0.456,3388,,,,,Acq,,,,,,,,,,,,,,,30,,0225-DGJZT-DZ-YIN-DMRM-POS.d,,Find by MRM,,
50,DGJZT_DZ_36_1,,,314.2,,,,,100,,,,4.194,,,2192,0.488,21884,,,,,Acq,,,,,,,,,,,,,,,30,,0225-DGJZT-DZ-YIN-DMRM-POS.d,,Find by MRM,,
51,DGJZT_DG_23_2,,,305.1,,,,,100,,,,4.229,,,1172,0.398,10721,,,,,Acq,,,,,,,,,,,,,,,30,,0225-DGJZT-DZ-YIN-DMRM-POS.d,,Find by MRM,,
52,DGJZT_DZ_36_3,,,314.2,,,,,100,,,,4.493,,,1106,0.158,30995,,,,,Acq,,,,,,,,,,,,,,,30,,0225-DGJZT-DZ-YIN-DMRM-POS.d,,Find by MRM,,
53,DGJZT_DG_23_3,,,305.1,,,,,100,,,,4.228,,,5104,0.491,46030,,,,,Acq,,,,,,,,,,,,,,,30,,0225-DGJZT-DZ-YIN-DMRM-POS.d,,Find by MRM,,
54,DGJZT_DG_23_1,,,305.1,,,,,100,,,,4.229,,,2323,0.418,20771,,,,,Acq,,,,,,,,,,,,,,,30,,0225-DGJZT-DZ-YIN-DMRM-POS.d,,Find by MRM,,
55,DGJZT_DG_25_3,,,144.1,,,,,100,,,,4.423,,,13369,0.429,115517,,,,,Acq,,,,,,,,,,,,,,,30,,0225-DGJZT-DZ-YIN-DMRM-POS.d,,Find by MRM,,
56,DGJZT_DG_25_2,,,144.1,,,,,100,,,,4.424,,,1830,0.561,16439,,,,,Acq,,,,,,,,,,,,,,,30,,0225-DGJZT-DZ-YIN-DMRM-POS.d,,Find by MRM,,
57,DGJZT_DG_25_1,,,144.1,,,,,100,,,,4.417,,,18600,0.42,157940,,,,,Acq,,,,,,,,,,,,,,,30,,0225-DGJZT-DZ-YIN-DMRM-POS.d,,Find by MRM,,
58,DGJZT_GZ_5_3,,,328.2,,,,,100,,,,4.862,,,215,0.392,1976,,,,,Acq,,,,,,,,,,,,,,,30,,0225-DGJZT-DZ-YIN-DMRM-POS.d,,Find by MRM,,
59,DGJZT_GZ_5_1,,,328.2,,,,,100,,,,4.863,,,4246,0.395,36932,,,,,Acq,,,,,,,,,,,,,,,30,,0225-DGJZT-DZ-YIN-DMRM-POS.d,,Find by MRM,,
60,DGJZT_GZ_5_2,,,328.2,,,,,100,,,,4.847,,,403,0.38,3367,,,,,Acq,,,,,,,,,,,,,,,30,,0225-DGJZT-DZ-YIN-DMRM-POS.d,,Find by MRM,,
61,DGJZT_BS_12_3,,,481.2,,,,,100,,,,5.078,,,40742,0.399,419310,,,,,Acq,,,,,,,,,,,,,,,30,,0225-DGJZT-DZ-YIN-DMRM-POS.d,,Find by MRM,,
62,DGJZT_BS_12_1,,,481.2,,,,,100,,,,5.079,,,663645,0.437,6995337,,,,,Acq,,,,,,,,,,,,,,,30,,0225-DGJZT-DZ-YIN-DMRM-POS.d,,Find by MRM,,
63,DGJZT_BS_10_3,,,319.1,,,,,100,,,,5.082,,,6152,0.46,66269,,,,,Acq,,,,,,,,,,,,,,,30,,0225-DGJZT-DZ-YIN-DMRM-POS.d,,Find by MRM,,
64,DGJZT_BS_10_2,,,319.1,,,,,100,,,,5.082,,,103044,0.445,1070599,,,,,Acq,,,,,,,,,,,,,,,30,,0225-DGJZT-DZ-YIN-DMRM-POS.d,,Find by MRM,,
65,DGJZT_BS_10_1,,,319.1,,,,,100,,,,5.083,,,90961,0.424,925560,,,,,Acq,,,,,,,,,,,,,,,30,,0225-DGJZT-DZ-YIN-DMRM-POS.d,,Find by MRM,,
66,DGJZT_BS_12_2,,,481.2,,,,,100,,,,5.085,,,217879,0.685,2476662,,,,,Acq,,,,,,,,,,,,,,,30,,0225-DGJZT-DZ-YIN-DMRM-POS.d,,Find by MRM,,
67,DGJZT_BS_11_2,,,197.1,,,,,100,,,,5.092,,,14358,0.465,150287,,,,,Acq,,,,,,,,,,,,,,,30,,0225-DGJZT-DZ-YIN-DMRM-POS.d,,Find by MRM,,
68,DGJZT_BS_11_1,,,197.1,,,,,100,,,,5.085,,,12563,0.449,130130,,,,,Acq,,,,,,,,,,,,,,,30,,0225-DGJZT-DZ-YIN-DMRM-POS.d,,Find by MRM,,
69,DGJZT_BS_21_1,,,503.2,,,,,100,,,,5.62,,,77,0.334,1634,,,,,Acq,,,,,,,,,,,,,,,30,,0225-DGJZT-DZ-YIN-DMRM-POS.d,,Find by MRM,,
70,DGJZT_BS_21_2,,,503.2,,,,,100,,,,5.136,,,339,0.276,2328,,,,,Acq,,,,,,,,,,,,,,,30,,0225-DGJZT-DZ-YIN-DMRM-POS.d,,Find by MRM,,
71,DGJZT_DZ_38_2,,,314.2,,,,,100,,,,5.828,,,114,0.322,805,,,,,Acq,,,,,,,,,,,,,,,30,,0225-DGJZT-DZ-YIN-DMRM-POS.d,,Find by MRM,,
72,DGJZT_DZ_38_3,,,314.2,,,,,100,,,,6.039,,,92,0.159,585,,,,,Acq,,,,,,,,,,,,,,,30,,0225-DGJZT-DZ-YIN-DMRM-POS.d,,Find by MRM,,
73,DGJZT_DZ_38_1,,,314.2,,,,,100,,,,5.834,,,514,0.44,4737,,,,,Acq,,,,,,,,,,,,,,,30,,0225-DGJZT-DZ-YIN-DMRM-POS.d,,Find by MRM,,
74,DGJZT_DZ_40_1,,,162.1,,,,,100,,,,6.083,,,95,0.296,790,,,,,Acq,,,,,,,,,,,,,,,30,,0225-DGJZT-DZ-YIN-DMRM-POS.d,,Find by MRM,,
75,DGJZT_DZ_40_3,,,162.1,,,,,100,,,,6.076,,,135,0.465,1480,,,,,Acq,,,,,,,,,,,,,,,30,,0225-DGJZT-DZ-YIN-DMRM-POS.d,,Find by MRM,,
76,DGJZT_DZ_40_2,,,162.1,,,,,100,,,,6.086,,,568,0.7,6040,,,,,Acq,,,,,,,,,,,,,,,30,,0225-DGJZT-DZ-YIN-DMRM-POS.d,,Find by MRM,,
77,DGJZT_GZ_7_2,,,249.1,,,,,100,,,,6.53,,,4847,0.368,41947,,,,,Acq,,,,,,,,,,,,,,,30,,0225-DGJZT-DZ-YIN-DMRM-POS.d,,Find by MRM,,
78,DGJZT_GZ_7_1,,,249.1,,,,,100,,,,6.531,,,3969,0.596,40183,,,,,Acq,,,,,,,,,,,,,,,30,,0225-DGJZT-DZ-YIN-DMRM-POS.d,,Find by MRM,,
79,DGJZT_GZ_7_3,,,249.1,,,,,100,,,,6.525,,,2525,0.588,25552,,,,,Acq,,,,,,,,,,,,,,,30,,0225-DGJZT-DZ-YIN-DMRM-POS.d,,Find by MRM,,
80,DGJZT_BS_24_1,,,771.1,,,,,100,,,,6.957,,,143344,0.421,1605916,,,,,Acq,,,,,,,,,,,,,,,30,,0225-DGJZT-DZ-YIN-DMRM-POS.d,,Find by MRM,,
81,DGJZT_BS_24_2,,,771.1,,,,,100,,,,6.95,,,1533,0.403,16673,,,,,Acq,,,,,,,,,,,,,,,30,,0225-DGJZT-DZ-YIN-DMRM-POS.d,,Find by MRM,,
82,DGJZT_BS_24_3,,,771.1,,,,,100,,,,6.955,,,132,0.5,1449,,,,,Acq,,,,,,,,,,,,,,,30,,0225-DGJZT-DZ-YIN-DMRM-POS.d,,Find by MRM,,
83,DGJZT_DZ_42_2,,,639.3,,,,,100,,,,7.252,,,0,0.176,10,,,,,Acq,,,,,,,,,,,,,,,30,,0225-DGJZT-DZ-YIN-DMRM-POS.d,,Find by MRM,,
84,DGJZT_DZ_42_1,,,639.3,,,,,100,,,,7.35,,,2,0.055,4,,,,,Acq,,,,,,,,,,,,,,,30,,0225-DGJZT-DZ-YIN-DMRM-POS.d,,Find by MRM,,
85,DGJZT_DZ_42_3,,,639.3,,,,,100,,,,7.266,,,2,0.053,3,,,,,Acq,,,,,,,,,,,,,,,30,,0225-DGJZT-DZ-YIN-DMRM-POS.d,,Find by MRM,,
86,DGJZT_BS_25_2,,,633.2,,,,,100,,,,7.565,,,35913,0.367,304912,,,,,Acq,,,,,,,,,,,,,,,30,,0225-DGJZT-DZ-YIN-DMRM-POS.d,,Find by MRM,,
87,DGJZT_BS_25_3,,,633.2,,,,,100,,,,7.567,,,2666,0.439,23467,,,,,Acq,,,,,,,,,,,,,,,30,,0225-DGJZT-DZ-YIN-DMRM-POS.d,,Find by MRM,,
88,DGJZT_BS_25_1,,,633.2,,,,,100,,,,7.57,,,40884,0.39,351227,,,,,Acq,,,,,,,,,,,,,,,30,,0225-DGJZT-DZ-YIN-DMRM-POS.d,,Find by MRM,,
89,DGJZT_DZ_43_3,,,673.3,,,,,100,,,,8.117,,,3,0.067,5,,,,,Acq,,,,,,,,,,,,,,,30,,0225-DGJZT-DZ-YIN-DMRM-POS.d,,Find by MRM,,
90,DGJZT_DZ_43_1,,,673.3,,,,,100,,,,7.984,,,9,0.075,22,,,,,Acq,,,,,,,,,,,,,,,30,,0225-DGJZT-DZ-YIN-DMRM-POS.d,,Find by MRM,,
91,DGJZT_DZ_43_2,,,673.3,,,,,100,,,,8.057,,,2,0.157,12,,,,,Acq,,,,,,,,,,,,,,,30,,0225-DGJZT-DZ-YIN-DMRM-POS.d,,Find by MRM,,
92,DGJZT_CGC_30_2,,,273.1,,,,,100,,,,8.02,,,6602,0.398,55627,,,,,Acq,,,,,,,,,,,,,,,30,,0225-DGJZT-DZ-YIN-DMRM-POS.d,,Find by MRM,,
93,DGJZT_CGC_30_1,,,273.1,,,,,100,,,,8.02,,,22709,0.375,184380,,,,,Acq,,,,,,,,,,,,,,,30,,0225-DGJZT-DZ-YIN-DMRM-POS.d,,Find by MRM,,
94,DGJZT_CGC_30_3,,,273.1,,,,,100,,,,8.013,,,5425,0.363,44504,,,,,Acq,,,,,,,,,,,,,,,30,,0225-DGJZT-DZ-YIN-DMRM-POS.d,,Find by MRM,,
95,DGJZT_CGC_31_3,,,301.1,,,,,100,,,,8.068,,,5717,0.432,56270,,,,,Acq,,,,,,,,,,,,,,,30,,0225-DGJZT-DZ-YIN-DMRM-POS.d,,Find by MRM,,
96,DGJZT_CGC_31_2,,,301.1,,,,,100,,,,8.069,,,4132,0.401,37482,,,,,Acq,,,,,,,,,,,,,,,30,,0225-DGJZT-DZ-YIN-DMRM-POS.d,,Find by MRM,,
97,DGJZT_CGC_31_1,,,301.1,,,,,100,,,,8.061,,,5114,0.395,47894,,,,,Acq,,,,,,,,,,,,,,,30,,0225-DGJZT-DZ-YIN-DMRM-POS.d,,Find by MRM,,
98,DGJZT_DG_30_3,,,207.1,,,,,100,,,,8.105,,,1561,0.483,16578,,,,,Acq,,,,,,,,,,,,,,,30,,0225-DGJZT-DZ-YIN-DMRM-POS.d,,Find by MRM,,
99,DGJZT_DG_30_1,,,207.1,,,,,100,,,,8.098,,,2644,0.449,27426,,,,,Acq,,,,,,,,,,,,,,,30,,0225-DGJZT-DZ-YIN-DMRM-POS.d,,Find by MRM,,
100,DGJZT_DG_30_2,,,207.1,,,,,100,,,,8.09,,,469,0.472,4958,,,,,Acq,,,,,,,,,,,,,,,30,,0225-DGJZT-DZ-YIN-DMRM-POS.d,,Find by MRM,,
101,DGJZT_CGC_35_3,,,257.1,,,,,100,,,,8.648,,,2327,0.258,19794,,,,,Acq,,,,,,,,,,,,,,,30,,0225-DGJZT-DZ-YIN-DMRM-POS.d,,Find by MRM,,
102,DGJZT_CGC_35_2,,,257.1,,,,,100,,,,8.65,,,2887,0.317,26121,,,,,Acq,,,,,,,,,,,,,,,30,,0225-DGJZT-DZ-YIN-DMRM-POS.d,,Find by MRM,,
103,DGJZT_CGC_34_2,,,551.2,,,,,100,,,,8.634,,,101922,0.296,821935,,,,,Acq,,,,,,,,,,,,,,,30,,0225-DGJZT-DZ-YIN-DMRM-POS.d,,Find by MRM,,
104,DGJZT_CGC_34_3,,,551.2,,,,,100,,,,8.635,,,7888,0.338,64501,,,,,Acq,,,,,,,,,,,,,,,30,,0225-DGJZT-DZ-YIN-DMRM-POS.d,,Find by MRM,,
105,DGJZT_CGC_33_3,,,419.1,,,,,100,,,,8.628,,,10250,0.309,85766,,,,,Acq,,,,,,,,,,,,,,,30,,0225-DGJZT-DZ-YIN-DMRM-POS.d,,Find by MRM,,
106,DGJZT_CGC_33_2,,,419.1,,,,,100,,,,8.621,,,3586,0.28,28486,,,,,Acq,,,,,,,,,,,,,,,30,,0225-DGJZT-DZ-YIN-DMRM-POS.d,,Find by MRM,,
107,DGJZT_CGC_33_1,,,419.1,,,,,100,,,,8.622,,,6495,0.299,52823,,,,,Acq,,,,,,,,,,,,,,,30,,0225-DGJZT-DZ-YIN-DMRM-POS.d,,Find by MRM,,
108,DGJZT_CGC_34_1,,,551.2,,,,,100,,,,8.627,,,11627,0.302,91879,,,,,Acq,,,,,,,,,,,,,,,30,,0225-DGJZT-DZ-YIN-DMRM-POS.d,,Find by MRM,,
109,DGJZT_CGC_35_1,,,257.1,,,,,100,,,,8.649,,,11963,0.247,98320,,,,,Acq,,,,,,,,,,,,,,,30,,0225-DGJZT-DZ-YIN-DMRM-POS.d,,Find by MRM,,
110,DGJZT_CGC_36_1,,,431.1,,,,,100,,,,9.01,,,190978,0.404,1852199,,,,,Acq,,,,,,,,,,,,,,,30,,0225-DGJZT-DZ-YIN-DMRM-POS.d,,Find by MRM,,
111,DGJZT_CGC_36_3,,,431.1,,,,,100,,,,9.003,,,334,0.404,3022,,,,,Acq,,,,,,,,,,,,,,,30,,0225-DGJZT-DZ-YIN-DMRM-POS.d,,Find by MRM,,
112,DGJZT_CGC_37_1,,,269.1,,,,,100,,,,9.022,,,1002,0.382,9169,,,,,Acq,,,,,,,,,,,,,,,30,,0225-DGJZT-DZ-YIN-DMRM-POS.d,,Find by MRM,,
113,DGJZT_CGC_37_2,,,269.1,,,,,100,,,,9.014,,,2162,0.423,19969,,,,,Acq,,,,,,,,,,,,,,,30,,0225-DGJZT-DZ-YIN-DMRM-POS.d,,Find by MRM,,
114,DGJZT_CGC_36_2,,,431.1,,,,,100,,,,9.011,,,1217,0.438,11648,,,,,Acq,,,,,,,,,,,,,,,30,,0225-DGJZT-DZ-YIN-DMRM-POS.d,,Find by MRM,,
115,DGJZT_CGC_37_3,,,269.1,,,,,100,,,,9.023,,,270,0.418,2443,,,,,Acq,,,,,,,,,,,,,,,30,,0225-DGJZT-DZ-YIN-DMRM-POS.d,,Find by MRM,,
116,DGJZT_CGC_38_3,,,257.1,,,,,100,,,,9.09,,,3403,0.429,36234,,,,,Acq,,,,,,,,,,,,,,,30,,0225-DGJZT-DZ-YIN-DMRM-POS.d,,Find by MRM,,
117,DGJZT_CGC_38_2,,,257.1,,,,,100,,,,9.1,,,3992,0.428,42949,,,,,Acq,,,,,,,,,,,,,,,30,,0225-DGJZT-DZ-YIN-DMRM-POS.d,,Find by MRM,,
118,DGJZT_CGC_39_3,,,419.1,,,,,100,,,,9.095,,,94614,0.31,815762,,,,,Acq,,,,,,,,,,,,,,,30,,0225-DGJZT-DZ-YIN-DMRM-POS.d,,Find by MRM,,
119,DGJZT_CGC_39_2,,,419.1,,,,,100,,,,9.096,,,35879,0.324,313121,,,,,Acq,,,,,,,,,,,,,,,30,,0225-DGJZT-DZ-YIN-DMRM-POS.d,,Find by MRM,,
120,DGJZT_CGC_39_1,,,419.1,,,,,100,,,,9.097,,,64120,0.336,579510,,,,,Acq,,,,,,,,,,,,,,,30,,0225-DGJZT-DZ-YIN-DMRM-POS.d,,Find by MRM,,
121,DGJZT_CGC_38_1,,,257.1,,,,,100,,,,9.091,,,16762,0.399,175817,,,,,Acq,,,,,,,,,,,,,,,30,,0225-DGJZT-DZ-YIN-DMRM-POS.d,,Find by MRM,,
122,DGJZT_DG_32_3,,,207.1,,,,,100,,,,9.21,,,3211,0.428,31054,,,,,Acq,,,,,,,,,,,,,,,30,,0225-DGJZT-DZ-YIN-DMRM-POS.d,,Find by MRM,,
123,DGJZT_DG_32_1,,,207.1,,,,,100,,,,9.227,,,1475,0.39,14689,,,,,Acq,,,,,,,,,,,,,,,30,,0225-DGJZT-DZ-YIN-DMRM-POS.d,,Find by MRM,,
124,DGJZT_DG_32_2,,,207.1,,,,,100,,,,9.21,,,4420,0.419,42341,,,,,Acq,,,,,,,,,,,,,,,30,,0225-DGJZT-DZ-YIN-DMRM-POS.d,,Find by MRM,,
125,DGJZT_CGC_40_3,,,419.1,,,,,100,,,,9.362,,,24136,0.534,258490,,,,,Acq,,,,,,,,,,,,,,,30,,0225-DGJZT-DZ-YIN-DMRM-POS.d,,Find by MRM,,
126,DGJZT_CGC_40_2,,,419.1,,,,,100,,,,9.363,,,7878,0.338,73576,,,,,Acq,,,,,,,,,,,,,,,30,,0225-DGJZT-DZ-YIN-DMRM-POS.d,,Find by MRM,,
127,DGJZT_CGC_40_1,,,419.1,,,,,100,,,,9.364,,,15224,0.504,156091,,,,,Acq,,,,,,,,,,,,,,,30,,0225-DGJZT-DZ-YIN-DMRM-POS.d,,Find by MRM,,
128,DGJZT_CGC_42_2,,,287.1,,,,,100,,,,9.782,,,3024,0.405,27734,,,,,Acq,,,,,,,,,,,,,,,30,,0225-DGJZT-DZ-YIN-DMRM-POS.d,,Find by MRM,,
129,DGJZT_CGC_42_1,,,287.1,,,,,100,,,,9.784,,,44573,0.405,411092,,,,,Acq,,,,,,,,,,,,,,,30,,0225-DGJZT-DZ-YIN-DMRM-POS.d,,Find by MRM,,
130,DGJZT_CGC_42_3,,,287.1,,,,,100,,,,9.786,,,5547,0.686,54266,,,,,Acq,,,,,,,,,,,,,,,30,,0225-DGJZT-DZ-YIN-DMRM-POS.d,,Find by MRM,,
131,DGJZT_CGC_43_3,,,257.1,,,,,100,,,,10.09,,,24418,0.385,216176,,,,,Acq,,,,,,,,,,,,,,,30,,0225-DGJZT-DZ-YIN-DMRM-POS.d,,Find by MRM,,
132,DGJZT_CGC_43_1,,,257.1,,,,,100,,,,10.084,,,129241,0.587,1255142,,,,,Acq,,,,,,,,,,,,,,,30,,0225-DGJZT-DZ-YIN-DMRM-POS.d,,Find by MRM,,
133,DGJZT_CGC_43_2,,,257.1,,,,,100,,,,10.086,,,29896,0.572,284106,,,,,Acq,,,,,,,,,,,,,,,30,,0225-DGJZT-DZ-YIN-DMRM-POS.d,,Find by MRM,,
134,DGJZT_CGC_77_1,,,437.3,,,,,100,,,,12.468,,,283,0.261,2153,,,,,Acq,,,,,,,,,,,,,,,30,,0225-DGJZT-DZ-YIN-DMRM-POS.d,,Find by MRM,,
135,DGJZT_CGC_77_3,,,437.3,,,,,100,,,,12.5,,,632,0.329,5528,,,,,Acq,,,,,,,,,,,,,,,30,,0225-DGJZT-DZ-YIN-DMRM-POS.d,,Find by MRM,,
136,DGJZT_CGC_77_2,,,437.3,,,,,100,,,,12.485,,,535,0.285,4211,,,,,Acq,,,,,,,,,,,,,,,30,,0225-DGJZT-DZ-YIN-DMRM-POS.d,,Find by MRM,,
137,DGJZT_CGC_79_1,,,823.4,,,,,100,,,,12.608,,,1133,0.337,10245,,,,,Acq,,,,,,,,,,,,,,,30,,0225-DGJZT-DZ-YIN-DMRM-POS.d,,Find by MRM,,
138,DGJZT_DG_34_3,,,205.1,,,,,100,,,,12.58,,,1939,0.147,9045,,,,,Acq,,,,,,,,,,,,,,,30,,0225-DGJZT-DZ-YIN-DMRM-POS.d,,Find by MRM,,
139,DGJZT_DG_34_1,,,205.1,,,,,100,,,,12.588,,,2414,0.228,13752,,,,,Acq,,,,,,,,,,,,,,,30,,0225-DGJZT-DZ-YIN-DMRM-POS.d,,Find by MRM,,
140,DGJZT_DG_34_2,,,205.1,,,,,100,,,,12.579,,,3091,0.236,17599,,,,,Acq,,,,,,,,,,,,,,,30,,0225-DGJZT-DZ-YIN-DMRM-POS.d,,Find by MRM,,
141,DGJZT_SJ_11_2,,,457.3,,,,,100,,,,12.675,,,1020,0.415,9368,,,,,Acq,,,,,,,,,,,,,,,30,,0225-DGJZT-DZ-YIN-DMRM-POS.d,,Find by MRM,,
142,DGJZT_SJ_10_2,,,277.2,,,,,100,,,,12.662,,,79796,0.408,592612,,,,,Acq,,,,,,,,,,,,,,,30,,0225-DGJZT-DZ-YIN-DMRM-POS.d,,Find by MRM,,
143,DGJZT_SJ_10_1,,,277.2,,,,,100,,,,12.662,,,57125,0.409,424835,,,,,Acq,,,,,,,,,,,,,,,30,,0225-DGJZT-DZ-YIN-DMRM-POS.d,,Find by MRM,,
144,DGJZT_SJ_10_3,,,277.2,,,,,100,,,,12.663,,,12606,0.386,92210,,,,,Acq,,,,,,,,,,,,,,,30,,0225-DGJZT-DZ-YIN-DMRM-POS.d,,Find by MRM,,
145,DGJZT_SJ_9_3,,,177.1,,,,,100,,,,12.664,,,21221,0.366,157562,,,,,Acq,,,,,,,,,,,,,,,30,,0225-DGJZT-DZ-YIN-DMRM-POS.d,,Find by MRM,,
146,DGJZT_SJ_9_2,,,177.1,,,,,100,,,,12.665,,,126352,0.415,944592,,,,,Acq,,,,,,,,,,,,,,,30,,0225-DGJZT-DZ-YIN-DMRM-POS.d,,Find by MRM,,
147,DGJZT_SJ_9_1,,,177.1,,,,,100,,,,12.657,,,159451,0.402,1184787,,,,,Acq,,,,,,,,,,,,,,,30,,0225-DGJZT-DZ-YIN-DMRM-POS.d,,Find by MRM,,
148,DGJZT_SJ_8_3,,,145.1,,,,,100,,,,12.657,,,779,0.28,5321,,,,,Acq,,,,,,,,,,,,,,,30,,0225-DGJZT-DZ-YIN-DMRM-POS.d,,Find by MRM,,
149,DGJZT_SJ_8_1,,,145.1,,,,,100,,,,12.658,,,19115,0.427,143418,,,,,Acq,,,,,,,,,,,,,,,30,,0225-DGJZT-DZ-YIN-DMRM-POS.d,,Find by MRM,,
150,DGJZT_SJ_11_3,,,457.3,,,,,100,,,,12.692,,,441,0.347,3399,,,,,Acq,,,,,,,,,,,,,,,30,,0225-DGJZT-DZ-YIN-DMRM-POS.d,,Find by MRM,,
151,DGJZT_SJ_11_1,,,457.3,,,,,100,,,,12.693,,,3941,0.395,31516,,,,,Acq,,,,,,,,,,,,,,,30,,0225-DGJZT-DZ-YIN-DMRM-POS.d,,Find by MRM,,
152,DGJZT_CGC_83_1,,,369.1,,,,,100,,,,12.736,,,2562,0.316,24421,,,,,Acq,,,,,,,,,,,,,,,30,,0225-DGJZT-DZ-YIN-DMRM-POS.d,,Find by MRM,,
153,DGJZT_SJ_8_2,,,145.1,,,,,100,,,,12.649,,,1011,0.4,7775,,,,,Acq,,,,,,,,,,,,,,,30,,0225-DGJZT-DZ-YIN-DMRM-POS.d,,Find by MRM,,
154,DGJZT_CGC_83_3,,,369.1,,,,,100,,,,12.752,,,3049,0.349,27481,,,,,Acq,,,,,,,,,,,,,,,30,,0225-DGJZT-DZ-YIN-DMRM-POS.d,,Find by MRM,,
155,DGJZT_CGC_83_2,,,369.1,,,,,100,,,,12.786,,,2770,0.386,25222,,,,,Acq,,,,,,,,,,,,,,,30,,0225-DGJZT-DZ-YIN-DMRM-POS.d,,Find by MRM,,
156,DGJZT_CGC_80_1,,,353.1,,,,,100,,,,12.72,,,11251,0.318,82150,,,,,Acq,,,,,,,,,,,,,,,30,,0225-DGJZT-DZ-YIN-DMRM-POS.d,,Find by MRM,,
157,DGJZT_CGC_87_1,,,299.1,,,,,100,,,,12.974,,,1182,0.235,7637,,,,,Acq,,,,,,,,,,,,,,,30,,0225-DGJZT-DZ-YIN-DMRM-POS.d,,Find by MRM,,
158,DGJZT_CGC_87_2,,,299.1,,,,,100,,,,13.009,,,202,0.315,1390,,,,,Acq,,,,,,,,,,,,,,,30,,0225-DGJZT-DZ-YIN-DMRM-POS.d,,Find by MRM,,
159,DGJZT_CGC_86_3,,,353.1,,,,,100,,,,13.045,,,37281,0.338,262946,,,,,Acq,,,,,,,,,,,,,,,30,,0225-DGJZT-DZ-YIN-DMRM-POS.d,,Find by MRM,,
160,DGJZT_CGC_86_2,,,353.1,,,,,100,,,,13.022,,,54,0.106,208,,,,,Acq,,,,,,,,,,,,,,,30,,0225-DGJZT-DZ-YIN-DMRM-POS.d,,Find by MRM,,
161,DGJZT_CGC_86_1,,,353.1,,,,,100,,,,13.037,,,33767,0.323,234591,,,,,Acq,,,,,,,,,,,,,,,30,,0225-DGJZT-DZ-YIN-DMRM-POS.d,,Find by MRM,,
162,DGJZT_CGC_91_3,,,355.1,,,,,100,,,,13.279,,,82594,0.288,551831,,,,,Acq,,,,,,,,,,,,,,,30,,0225-DGJZT-DZ-YIN-DMRM-POS.d,,Find by MRM,,
163,DGJZT_CGC_87_3,,,299.1,,,,,100,,,,13.275,,,1619,0.292,11196,,,,,Acq,,,,,,,,,,,,,,,30,,0225-DGJZT-DZ-YIN-DMRM-POS.d,,Find by MRM,,
164,DGJZT_CGC_92_3,,,383.2,,,,,100,,,,13.346,,,1149,0.316,8049,,,,,Acq,,,,,,,,,,,,,,,30,,0225-DGJZT-DZ-YIN-DMRM-POS.d,,Find by MRM,,
165,DGJZT_DG_37_3,,,193.1,,,,,100,,,,13.284,,,335,0.321,2530,,,,,Acq,,,,,,,,,,,,,,,30,,0225-DGJZT-DZ-YIN-DMRM-POS.d,,Find by MRM,,
166,DGJZT_DG_37_2,,,193.1,,,,,100,,,,13.293,,,2199,0.405,16721,,,,,Acq,,,,,,,,,,,,,,,30,,0225-DGJZT-DZ-YIN-DMRM-POS.d,,Find by MRM,,
167,DGJZT_DG_37_1,,,193.1,,,,,100,,,,13.293,,,3631,0.369,26641,,,,,Acq,,,,,,,,,,,,,,,30,,0225-DGJZT-DZ-YIN-DMRM-POS.d,,Find by MRM,,
168,DGJZT_CGC_91_2,,,355.1,,,,,100,,,,13.33,,,21105,0.408,156000,,,,,Acq,,,,,,,,,,,,,,,30,,0225-DGJZT-DZ-YIN-DMRM-POS.d,,Find by MRM,,
169,DGJZT_CGC_91_1,,,355.1,,,,,100,,,,13.348,,,28531,0.364,212502,,,,,Acq,,,,,,,,,,,,,,,30,,0225-DGJZT-DZ-YIN-DMRM-POS.d,,Find by MRM,,
170,DGJZT_CGC_93_3,,,327.1,,,,,100,,,,13.348,,,355,0.355,2631,,,,,Acq,,,,,,,,,,,,,,,30,,0225-DGJZT-DZ-YIN-DMRM-POS.d,,Find by MRM,,
171,DGJZT_CGC_92_2,,,383.2,,,,,100,,,,13.344,,,1247,0.343,8873,,,,,Acq,,,,,,,,,,,,,,,30,,0225-DGJZT-DZ-YIN-DMRM-POS.d,,Find by MRM,,
172,DGJZT_CGC_92_1,,,383.2,,,,,100,,,,13.353,,,1294,0.335,9518,,,,,Acq,,,,,,,,,,,,,,,30,,0225-DGJZT-DZ-YIN-DMRM-POS.d,,Find by MRM,,
173,DGJZT_CGC_93_2,,,327.1,,,,,100,,,,13.349,,,173,0.417,1304,,,,,Acq,,,,,,,,,,,,,,,30,,0225-DGJZT-DZ-YIN-DMRM-POS.d,,Find by MRM,,
174,DGJZT_CGC_97_2,,,337.1,,,,,100,,,,13.78,,,7462,0.375,49460,,,,,Acq,,,,,,,,,,,,,,,30,,0225-DGJZT-DZ-YIN-DMRM-POS.d,,Find by MRM,,
175,DGJZT_CGC_97_1,,,337.1,,,,,100,,,,13.773,,,6393,0.361,43845,,,,,Acq,,,,,,,,,,,,,,,30,,0225-DGJZT-DZ-YIN-DMRM-POS.d,,Find by MRM,,
176,DGJZT_CGC_98_3,,,317.1,,,,,100,,,,13.79,,,2379,0.362,16347,,,,,Acq,,,,,,,,,,,,,,,30,,0225-DGJZT-DZ-YIN-DMRM-POS.d,,Find by MRM,,
177,DGJZT_CGC_98_1,,,317.1,,,,,100,,,,13.782,,,3075,0.369,20916,,,,,Acq,,,,,,,,,,,,,,,30,,0225-DGJZT-DZ-YIN-DMRM-POS.d,,Find by MRM,,
178,DGJZT_CGC_98_2,,,317.1,,,,,100,,,,13.791,,,671,0.39,4593,,,,,Acq,,,,,,,,,,,,,,,30,,0225-DGJZT-DZ-YIN-DMRM-POS.d,,Find by MRM,,
179,DGJZT_CGC_97_3,,,337.1,,,,,100,,,,13.772,,,400,0.316,2529,,,,,Acq,,,,,,,,,,,,,,,30,,0225-DGJZT-DZ-YIN-DMRM-POS.d,,Find by MRM,,
180,DGJZT_DG_41_1,,,189.1,,,,,100,,,,14.036,,,21049,0.16,407282,,,,,Acq,,,,,,,,,,,,,,,30,,0225-DGJZT-DZ-YIN-DMRM-POS.d,,Find by MRM,,
181,DGJZT_DG_41_2,,,189.1,,,,,100,,,,13.851,,,5814,0.169,29406,,,,,Acq,,,,,,,,,,,,,,,30,,0225-DGJZT-DZ-YIN-DMRM-POS.d,,Find by MRM,,
182,DGJZT_DG_41_3,,,189.1,,,,,100,,,,14.028,,,4522,0.217,31293,,,,,Acq,,,,,,,,,,,,,,,30,,0225-DGJZT-DZ-YIN-DMRM-POS.d,,Find by MRM,,
183,DGJZT_SJ_13_3,,,177.1,,,,,100,,,,13.902,,,1324,0.365,9165,,,,,Acq,,,,,,,,,,,,,,,30,,0225-DGJZT-DZ-YIN-DMRM-POS.d,,Find by MRM,,
184,DGJZT_SJ_13_2,,,177.1,,,,,100,,,,13.911,,,9765,0.345,65228,,,,,Acq,,,,,,,,,,,,,,,30,,0225-DGJZT-DZ-YIN-DMRM-POS.d,,Find by MRM,,
185,DGJZT_SJ_13_1,,,177.1,,,,,100,,,,13.911,,,8853,0.421,68512,,,,,Acq,,,,,,,,,,,,,,,30,,0225-DGJZT-DZ-YIN-DMRM-POS.d,,Find by MRM,,
186,DGJZT_CGC_100_2,,,383.1,,,,,100,,,,13.989,,,6361,0.388,41747,,,,,Acq,,,,,,,,,,,,,,,30,,0225-DGJZT-DZ-YIN-DMRM-POS.d,,Find by MRM,,
187,DGJZT_CGC_100_1,,,383.1,,,,,100,,,,13.998,,,513,0.317,3353,,,,,Acq,,,,,,,,,,,,,,,30,,0225-DGJZT-DZ-YIN-DMRM-POS.d,,Find by MRM,,
188,DGJZT_DG_47_3,,,191.1,,,,,100,,,,14.001,,,58570,0.355,434793,,,,,Acq,,,,,,,,,,,,,,,30,,0225-DGJZT-DZ-YIN-DMRM-POS.d,,Find by MRM,,
189,DGJZT_DG_47_1,,,191.1,,,,,100,,,,14.002,,,110175,0.263,775603,,,,,Acq,,,,,,,,,,,,,,,30,,0225-DGJZT-DZ-YIN-DMRM-POS.d,,Find by MRM,,
190,DGJZT_DG_47_2,,,191.1,,,,,100,,,,14.002,,,101735,0.344,749901,,,,,Acq,,,,,,,,,,,,,,,30,,0225-DGJZT-DZ-YIN-DMRM-POS.d,,Find by MRM,,
191,DGJZT_DG_45_3,,,145.1,,,,,100,,,,13.996,,,1854,0.255,12427,,,,,Acq,,,,,,,,,,,,,,,30,,0225-DGJZT-DZ-YIN-DMRM-POS.d,,Find by MRM,,
192,DGJZT_DG_45_1,,,145.1,,,,,100,,,,13.996,,,6748,0.343,53679,,,,,Acq,,,,,,,,,,,,,,,30,,0225-DGJZT-DZ-YIN-DMRM-POS.d,,Find by MRM,,
193,DGJZT_DG_45_2,,,145.1,,,,,100,,,,13.996,,,3591,0.309,28468,,,,,Acq,,,,,,,,,,,,,,,30,,0225-DGJZT-DZ-YIN-DMRM-POS.d,,Find by MRM,,
194,DGJZT_CGC_100_3,,,383.1,,,,,100,,,,13.981,,,998,0.321,6327,,,,,Acq,,,,,,,,,,,,,,,30,,0225-DGJZT-DZ-YIN-DMRM-POS.d,,Find by MRM,,
195,DGJZT_CGC_101_2,,,371.2,,,,,100,,,,14.219,,,9563,0.39,63790,,,,,Acq,,,,,,,,,,,,,,,30,,0225-DGJZT-DZ-YIN-DMRM-POS.d,,Find by MRM,,
196,DGJZT_CGC_101_3,,,371.2,,,,,100,,,,14.211,,,270,0.226,1658,,,,,Acq,,,,,,,,,,,,,,,30,,0225-DGJZT-DZ-YIN-DMRM-POS.d,,Find by MRM,,
197,DGJZT_CGC_103_1,,,425.2,,,,,100,,,,14.256,,,2499,0.384,17525,,,,,Acq,,,,,,,,,,,,,,,30,,0225-DGJZT-DZ-YIN-DMRM-POS.d,,Find by MRM,,
198,DGJZT_CGC_103_2,,,425.2,,,,,100,,,,14.249,,,6621,0.393,43747,,,,,Acq,,,,,,,,,,,,,,,30,,0225-DGJZT-DZ-YIN-DMRM-POS.d,,Find by MRM,,
199,DGJZT_CGC_103_3,,,425.2,,,,,100,,,,14.258,,,2777,0.227,17636,,,,,Acq,,,,,,,,,,,,,,,30,,0225-DGJZT-DZ-YIN-DMRM-POS.d,,Find by MRM,,
200,DGJZT_CGC_101_1,,,371.2,,,,,100,,,,14.219,,,8146,0.462,67137,,,,,Acq,,,,,,,,,,,,,,,30,,0225-DGJZT-DZ-YIN-DMRM-POS.d,,Find by MRM,,
201,DGJZT_SJ_14_1,,,404.2,,,,,100,,,,14.285,,,20371,0.285,133249,,,,,Acq,,,,,,,,,,,,,,,30,,0225-DGJZT-DZ-YIN-DMRM-POS.d,,Find by MRM,,
202,DGJZT_SJ_14_3,,,404.2,,,,,100,,,,14.535,,,256,0.106,3571,,,,,Acq,,,,,,,,,,,,,,,30,,0225-DGJZT-DZ-YIN-DMRM-POS.d,,Find by MRM,,
203,DGJZT_SJ_14_2,,,404.2,,,,,100,,,,14.287,,,17906,0.269,115410,,,,,Acq,,,,,,,,,,,,,,,30,,0225-DGJZT-DZ-YIN-DMRM-POS.d,,Find by MRM,,
204,DGJZT_CGC_106_2,,,423.2,,,,,100,,,,14.492,,,12567,0.355,97893,,,,,Acq,,,,,,,,,,,,,,,30,,0225-DGJZT-DZ-YIN-DMRM-POS.d,,Find by MRM,,
205,DGJZT_CGC_106_1,,,423.2,,,,,100,,,,14.617,,,51,0.101,176,,,,,Acq,,,,,,,,,,,,,,,30,,0225-DGJZT-DZ-YIN-DMRM-POS.d,,Find by MRM,,
206,DGJZT_DG_49_3,,,191.1,,,,,100,,,,14.654,,,1001,0.189,5593,,,,,Acq,,,,,,,,,,,,,,,30,,0225-DGJZT-DZ-YIN-DMRM-POS.d,,Find by MRM,,
207,DGJZT_DG_49_1,,,191.1,,,,,100,,,,14.647,,,1867,0.225,10859,,,,,Acq,,,,,,,,,,,,,,,30,,0225-DGJZT-DZ-YIN-DMRM-POS.d,,Find by MRM,,
208,DGJZT_DG_49_2,,,191.1,,,,,100,,,,14.647,,,1667,0.244,9145,,,,,Acq,,,,,,,,,,,,,,,30,,0225-DGJZT-DZ-YIN-DMRM-POS.d,,Find by MRM,,
209,DGJZT_GZ_24_1,,,279.1,,,,,100,,,,14.729,,,6123,0.387,43681,,,,,Acq,,,,,,,,,,,,,,,30,,0225-DGJZT-DZ-YIN-DMRM-POS.d,,Find by MRM,,
210,DGJZT_GZ_24_3,,,279.1,,,,,100,,,,14.73,,,1421,0.389,9988,,,,,Acq,,,,,,,,,,,,,,,30,,0225-DGJZT-DZ-YIN-DMRM-POS.d,,Find by MRM,,
211,DGJZT_CGC_106_3,,,423.2,,,,,100,,,,14.75,,,588,0.22,3540,,,,,Acq,,,,,,,,,,,,,,,30,,0225-DGJZT-DZ-YIN-DMRM-POS.d,,Find by MRM,,
212,DGJZT_GZ_24_2,,,279.1,,,,,100,,,,14.729,,,13623,0.345,92179,,,,,Acq,,,,,,,,,,,,,,,30,,0225-DGJZT-DZ-YIN-DMRM-POS.d,,Find by MRM,,
213,DGJZT_GZ_25_2,,,309.2,,,,,100,,,,14.803,,,1420,0.325,8982,,,,,Acq,,,,,,,,,,,,,,,30,,0225-DGJZT-DZ-YIN-DMRM-POS.d,,Find by MRM,,
214,DGJZT_GZ_25_3,,,309.2,,,,,100,,,,14.811,,,124,0.243,795,,,,,Acq,,,,,,,,,,,,,,,30,,0225-DGJZT-DZ-YIN-DMRM-POS.d,,Find by MRM,,
215,DGJZT_GZ_25_1,,,309.2,,,,,100,,,,14.804,,,11631,0.358,78037,,,,,Acq,,,,,,,,,,,,,,,30,,0225-DGJZT-DZ-YIN-DMRM-POS.d,,Find by MRM,,
216,DGJZT_SJ_16_3,,,177.1,,,,,100,,,,14.824,,,279,0.281,2049,,,,,Acq,,,,,,,,,,,,,,,30,,0225-DGJZT-DZ-YIN-DMRM-POS.d,,Find by MRM,,
217,DGJZT_SJ_16_2,,,177.1,,,,,100,,,,14.799,,,1847,0.361,11658,,,,,Acq,,,,,,,,,,,,,,,30,,0225-DGJZT-DZ-YIN-DMRM-POS.d,,Find by MRM,,
218,DGJZT_SJ_16_1,,,177.1,,,,,100,,,,14.8,,,2165,0.382,14448,,,,,Acq,,,,,,,,,,,,,,,30,,0225-DGJZT-DZ-YIN-DMRM-POS.d,,Find by MRM,,
219,DGJZT_DG_50_2,,,412.3,,,,,100,,,,15.08,,,227,0.301,2253,,,,,Acq,,,,,,,,,,,,,,,30,,0225-DGJZT-DZ-YIN-DMRM-POS.d,,Find by MRM,,
220,DGJZT_DG_50_1,,,412.3,,,,,100,,,,15.07,,,14806,0.433,157353,,,,,Acq,,,,,,,,,,,,,,,30,,0225-DGJZT-DZ-YIN-DMRM-POS.d,,Find by MRM,,
221,DGJZT_DG_50_3,,,412.3,,,,,100,,,,15.053,,,807,0.46,10097,,,,,Acq,,,,,,,,,,,,,,,30,,0225-DGJZT-DZ-YIN-DMRM-POS.d,,Find by MRM,,
222,DGJZT_DG_52_3,,,381.2,,,,,100,,,,15.065,,,15389,0.457,186177,,,,,Acq,,,,,,,,,,,,,,,30,,0225-DGJZT-DZ-YIN-DMRM-POS.d,,Find by MRM,,
223,DGJZT_DG_58_1,,,412.2,,,,,100,,,,15.08,,,15382,0.469,166160,,,,,Acq,,,,,,,,,,,,,,,30,,0225-DGJZT-DZ-YIN-DMRM-POS.d,,Find by MRM,,
224,DGJZT_DG_58_3,,,412.2,,,,,100,,,,15.054,,,1095,0.418,11732,,,,,Acq,,,,,,,,,,,,,,,30,,0225-DGJZT-DZ-YIN-DMRM-POS.d,,Find by MRM,,
225,DGJZT_DG_55_2,,,363.2,,,,,100,,,,14.964,,,95,0.093,349,,,,,Acq,,,,,,,,,,,,,,,30,,0225-DGJZT-DZ-YIN-DMRM-POS.d,,Find by MRM,,
226,DGJZT_DG_59_3,,,191.1,,,,,100,,,,15.067,,,2274,0.502,24763,,,,,Acq,,,,,,,,,,,,,,,30,,0225-DGJZT-DZ-YIN-DMRM-POS.d,,Find by MRM,,
227,DGJZT_DG_59_1,,,191.1,,,,,100,,,,15.067,,,7271,0.503,79671,,,,,Acq,,,,,,,,,,,,,,,30,,0225-DGJZT-DZ-YIN-DMRM-POS.d,,Find by MRM,,
228,DGJZT_DG_59_2,,,191.1,,,,,100,,,,15.085,,,6027,0.487,73351,,,,,Acq,,,,,,,,,,,,,,,30,,0225-DGJZT-DZ-YIN-DMRM-POS.d,,Find by MRM,,
229,DGJZT_DG_58_2,,,412.2,,,,,100,,,,15.063,,,383,0.318,3471,,,,,Acq,,,,,,,,,,,,,,,30,,0225-DGJZT-DZ-YIN-DMRM-POS.d,,Find by MRM,,
230,DGJZT_DG_52_1,,,381.2,,,,,100,,,,15.133,,,114652,0.478,1299462,,,,,Acq,,,,,,,,,,,,,,,30,,0225-DGJZT-DZ-YIN-DMRM-POS.d,,Find by MRM,,
231,DGJZT_DG_52_2,,,381.2,,,,,100,,,,15.133,,,5562,0.425,66461,,,,,Acq,,,,,,,,,,,,,,,30,,0225-DGJZT-DZ-YIN-DMRM-POS.d,,Find by MRM,,
232,DGJZT_GZ_27_1,,,448.3,,,,,100,,,,15.135,,,249049,0.402,1697063,,,,,Acq,,,,,,,,,,,,,,,30,,0225-DGJZT-DZ-YIN-DMRM-POS.d,,Find by MRM,,
233,DGJZT_GZ_27_2,,,448.3,,,,,100,,,,15.144,,,10926,0.411,76222,,,,,Acq,,,,,,,,,,,,,,,30,,0225-DGJZT-DZ-YIN-DMRM-POS.d,,Find by MRM,,
234,DGJZT_DG_61_1,,,381.2,,,,,100,,,,15.131,,,111932,0.385,1177530,,,,,Acq,,,,,,,,,,,,,,,30,,0225-DGJZT-DZ-YIN-DMRM-POS.d,,Find by MRM,,
235,DGJZT_DG_61_3,,,381.2,,,,,100,,,,15.14,,,19207,0.317,136199,,,,,Acq,,,,,,,,,,,,,,,30,,0225-DGJZT-DZ-YIN-DMRM-POS.d,,Find by MRM,,
236,DGJZT_DG_61_2,,,381.2,,,,,100,,,,15.141,,,24216,0.388,168576,,,,,Acq,,,,,,,,,,,,,,,30,,0225-DGJZT-DZ-YIN-DMRM-POS.d,,Find by MRM,,
237,DGJZT_SJ_17_1,,,432.3,,,,,100,,,,15.22,,,4374,0.381,30859,,,,,Acq,,,,,,,,,,,,,,,30,,0225-DGJZT-DZ-YIN-DMRM-POS.d,,Find by MRM,,
238,DGJZT_SJ_17_3,,,432.3,,,,,100,,,,15.22,,,1181,0.355,11159,,,,,Acq,,,,,,,,,,,,,,,30,,0225-DGJZT-DZ-YIN-DMRM-POS.d,,Find by MRM,,
239,DGJZT_SJ_17_2,,,432.3,,,,,100,,,,15.221,,,4752,0.371,34047,,,,,Acq,,,,,,,,,,,,,,,30,,0225-DGJZT-DZ-YIN-DMRM-POS.d,,Find by MRM,,

