﻿#化合物列表: 239 found
#
Cpd,Name,Formula,Purity Result,Precursor,Mass,Diff (ppm),Score (Tgt),Flags (Tgt),Score,Std Dev,Relative Mass Difference (MFG),Base Peak,RT,RT Diff,Target Retention Time Difference,Height,Width,Area,Volume,Vol %,Ions,Saturated,ID Source,Score (MFG),Score (DB),Hit Count,Tgt MFG Hit,FV,Purity Value,Purity Comments,ADC% Area,EIC/TIC% Area,TIC% Area,UVA% Area,Score (Lib),CAS ID,Relative Reference Mass difference,CE,MS/MS Count,File,Notes,Algorithm,Lib/DB
1,DGJZT_CGC_3_1,,,427.2,,,,,100,,,,0.855,,,772,0.213,4038,,,,,Acq,,,,,,,,,,,,,,,30,,0225-DGJZT-DG-YIN-DMRM-POS.d,,Find by MRM,,
2,DGJZT_CGC_2_2,,,265.2,,,,,100,,,,0.831,,,23,0.147,100,,,,,Acq,,,,,,,,,,,,,,,30,,0225-DGJZT-DG-YIN-DMRM-POS.d,,Find by MRM,,
3,DGJZT_CGC_2_1,,,265.2,,,,,100,,,,0.857,,,358,0.213,1821,,,,,Acq,,,,,,,,,,,,,,,30,,0225-DGJZT-DG-YIN-DMRM-POS.d,,Find by MRM,,
4,DGJZT_DZ_4_3,,,437.2,,,,,100,,,,0.868,,,1613,0.22,10059,,,,,Acq,,,,,,,,,,,,,,,30,,0225-DGJZT-DG-YIN-DMRM-POS.d,,Find by MRM,,
5,DGJZT_DZ_4_1,,,437.2,,,,,100,,,,0.869,,,443,0.192,2567,,,,,Acq,,,,,,,,,,,,,,,30,,0225-DGJZT-DG-YIN-DMRM-POS.d,,Find by MRM,,
6,DGJZT_DZ_4_2,,,437.2,,,,,100,,,,0.869,,,768,0.158,4288,,,,,Acq,,,,,,,,,,,,,,,30,,0225-DGJZT-DG-YIN-DMRM-POS.d,,Find by MRM,,
7,DGJZT_CGC_3_2,,,427.2,,,,,100,,,,0.853,,,14363,0.205,75396,,,,,Acq,,,,,,,,,,,,,,,30,,0225-DGJZT-DG-YIN-DMRM-POS.d,,Find by MRM,,
8,DGJZT_CGC_3_3,,,427.2,,,,,100,,,,0.854,,,1505,0.207,7543,,,,,Acq,,,,,,,,,,,,,,,30,,0225-DGJZT-DG-YIN-DMRM-POS.d,,Find by MRM,,
9,DGJZT_CGC_6_2,,,138.1,,,,,100,,,,1.059,,,78,0.277,519,,,,,Acq,,,,,,,,,,,,,,,30,,0225-DGJZT-DG-YIN-DMRM-POS.d,,Find by MRM,,
10,DGJZT_CGC_6_1,,,138.1,,,,,100,,,,1.068,,,112,0.343,978,,,,,Acq,,,,,,,,,,,,,,,30,,0225-DGJZT-DG-YIN-DMRM-POS.d,,Find by MRM,,
11,DGJZT_CGC_6_3,,,138.1,,,,,100,,,,1.077,,,79,0.141,476,,,,,Acq,,,,,,,,,,,,,,,30,,0225-DGJZT-DG-YIN-DMRM-POS.d,,Find by MRM,,
12,DGJZT_DZ_17_2,,,360.2,,,,,100,,,,1.072,,,2367,0.34,25673,,,,,Acq,,,,,,,,,,,,,,,30,,0225-DGJZT-DG-YIN-DMRM-POS.d,,Find by MRM,,
13,DGJZT_DZ_17_1,,,360.2,,,,,100,,,,1.064,,,1213,0.349,13377,,,,,Acq,,,,,,,,,,,,,,,30,,0225-DGJZT-DG-YIN-DMRM-POS.d,,Find by MRM,,
14,DGJZT_DZ_17_3,,,360.2,,,,,100,,,,1.081,,,727,0.405,7949,,,,,Acq,,,,,,,,,,,,,,,30,,0225-DGJZT-DG-YIN-DMRM-POS.d,,Find by MRM,,
15,DGJZT_DZ_14_3,,,232.1,,,,,100,,,,1.116,,,261,0.406,3629,,,,,Acq,,,,,,,,,,,,,,,30,,0225-DGJZT-DG-YIN-DMRM-POS.d,,Find by MRM,,
16,DGJZT_DZ_14_1,,,232.1,,,,,100,,,,1.116,,,597,0.353,6458,,,,,Acq,,,,,,,,,,,,,,,30,,0225-DGJZT-DG-YIN-DMRM-POS.d,,Find by MRM,,
17,DGJZT_DZ_14_2,,,232.1,,,,,100,,,,1.124,,,448,0.374,5027,,,,,Acq,,,,,,,,,,,,,,,30,,0225-DGJZT-DG-YIN-DMRM-POS.d,,Find by MRM,,
18,DGJZT_BS_5_2,,,331.1,,,,,100,,,,1.595,,,857,0.354,6111,,,,,Acq,,,,,,,,,,,,,,,30,,0225-DGJZT-DG-YIN-DMRM-POS.d,,Find by MRM,,
19,DGJZT_BS_5_3,,,331.1,,,,,100,,,,1.596,,,748,0.311,4887,,,,,Acq,,,,,,,,,,,,,,,30,,0225-DGJZT-DG-YIN-DMRM-POS.d,,Find by MRM,,
20,DGJZT_BS_5_1,,,331.1,,,,,100,,,,1.597,,,1257,0.329,8364,,,,,Acq,,,,,,,,,,,,,,,30,,0225-DGJZT-DG-YIN-DMRM-POS.d,,Find by MRM,,
21,DGJZT_CGC_10_1,,,163.1,,,,,100,,,,1.601,,,335,0.417,2697,,,,,Acq,,,,,,,,,,,,,,,30,,0225-DGJZT-DG-YIN-DMRM-POS.d,,Find by MRM,,
22,DGJZT_CGC_10_2,,,163.1,,,,,100,,,,1.594,,,269,0.358,1990,,,,,Acq,,,,,,,,,,,,,,,30,,0225-DGJZT-DG-YIN-DMRM-POS.d,,Find by MRM,,
23,DGJZT_DZ_25_1,,,330.2,,,,,100,,,,1.615,,,3824,0.39,26206,,,,,Acq,,,,,,,,,,,,,,,30,,0225-DGJZT-DG-YIN-DMRM-POS.d,,Find by MRM,,
24,DGJZT_DZ_25_2,,,330.2,,,,,100,,,,1.616,,,2284,0.428,16429,,,,,Acq,,,,,,,,,,,,,,,30,,0225-DGJZT-DG-YIN-DMRM-POS.d,,Find by MRM,,
25,DGJZT_DZ_25_3,,,330.2,,,,,100,,,,1.617,,,486,0.443,3651,,,,,Acq,,,,,,,,,,,,,,,30,,0225-DGJZT-DG-YIN-DMRM-POS.d,,Find by MRM,,
26,DGJZT_DZ_27_3,,,180.1,,,,,100,,,,2.246,,,13267,0.732,138213,,,,,Acq,,,,,,,,,,,,,,,30,,0225-DGJZT-DG-YIN-DMRM-POS.d,,Find by MRM,,
27,DGJZT_DZ_27_1,,,180.1,,,,,100,,,,2.249,,,9576,0.483,94678,,,,,Acq,,,,,,,,,,,,,,,30,,0225-DGJZT-DG-YIN-DMRM-POS.d,,Find by MRM,,
28,DGJZT_DZ_27_2,,,180.1,,,,,100,,,,2.26,,,811,0.506,8647,,,,,Acq,,,,,,,,,,,,,,,30,,0225-DGJZT-DG-YIN-DMRM-POS.d,,Find by MRM,,
29,DGJZT_BS_6_2,,,482.2,,,,,100,,,,2.63,,,1461,0.327,10835,,,,,Acq,,,,,,,,,,,,,,,30,,0225-DGJZT-DG-YIN-DMRM-POS.d,,Find by MRM,,
30,DGJZT_BS_6_1,,,482.2,,,,,100,,,,2.632,,,13331,0.417,105528,,,,,Acq,,,,,,,,,,,,,,,30,,0225-DGJZT-DG-YIN-DMRM-POS.d,,Find by MRM,,
31,DGJZT_BS_6_3,,,482.2,,,,,100,,,,2.626,,,423,0.423,3512,,,,,Acq,,,,,,,,,,,,,,,30,,0225-DGJZT-DG-YIN-DMRM-POS.d,,Find by MRM,,
32,DGJZT_DG_19_2,,,367.1,,,,,100,,,,3.264,,,5610,0.448,68912,,,,,Acq,,,,,,,,,,,,,,,30,,0225-DGJZT-DG-YIN-DMRM-POS.d,,Find by MRM,,
33,DGJZT_DG_19_3,,,367.1,,,,,100,,,,3.266,,,3076,0.535,44603,,,,,Acq,,,,,,,,,,,,,,,30,,0225-DGJZT-DG-YIN-DMRM-POS.d,,Find by MRM,,
34,DGJZT_DG_19_1,,,367.1,,,,,100,,,,3.259,,,206,0.539,2528,,,,,Acq,,,,,,,,,,,,,,,30,,0225-DGJZT-DG-YIN-DMRM-POS.d,,Find by MRM,,
35,DGJZT_CGC_15_3,,,262.2,,,,,100,,,,3.486,,,3969,0.5,38497,,,,,Acq,,,,,,,,,,,,,,,30,,0225-DGJZT-DG-YIN-DMRM-POS.d,,Find by MRM,,
36,DGJZT_CGC_15_1,,,262.2,,,,,100,,,,3.486,,,12464,0.517,118326,,,,,Acq,,,,,,,,,,,,,,,30,,0225-DGJZT-DG-YIN-DMRM-POS.d,,Find by MRM,,
37,DGJZT_CGC_15_2,,,262.2,,,,,100,,,,3.487,,,16022,0.464,150954,,,,,Acq,,,,,,,,,,,,,,,30,,0225-DGJZT-DG-YIN-DMRM-POS.d,,Find by MRM,,
38,DGJZT_DZ_33_1,,,239.1,,,,,100,,,,3.522,,,73029,0.468,600235,,,,,Acq,,,,,,,,,,,,,,,30,,0225-DGJZT-DG-YIN-DMRM-POS.d,,Find by MRM,,
39,DGJZT_DZ_33_2,,,239.1,,,,,100,,,,3.514,,,553,0.405,4344,,,,,Acq,,,,,,,,,,,,,,,30,,0225-DGJZT-DG-YIN-DMRM-POS.d,,Find by MRM,,
40,DGJZT_BS_8_2,,,637.3,,,,,100,,,,3.732,,,175,0.371,1437,,,,,Acq,,,,,,,,,,,,,,,30,,0225-DGJZT-DG-YIN-DMRM-POS.d,,Find by MRM,,
41,DGJZT_BS_8_3,,,637.3,,,,,100,,,,3.741,,,164,0.358,1307,,,,,Acq,,,,,,,,,,,,,,,30,,0225-DGJZT-DG-YIN-DMRM-POS.d,,Find by MRM,,
42,DGJZT_BS_8_1,,,637.3,,,,,100,,,,3.751,,,300,0.401,2525,,,,,Acq,,,,,,,,,,,,,,,30,,0225-DGJZT-DG-YIN-DMRM-POS.d,,Find by MRM,,
43,DGJZT_CGC_16_1,,,250.1,,,,,100,,,,3.688,,,1116,0.417,10427,,,,,Acq,,,,,,,,,,,,,,,30,,0225-DGJZT-DG-YIN-DMRM-POS.d,,Find by MRM,,
44,DGJZT_CGC_17_1,,,433.1,,,,,100,,,,4.091,,,63816,0.413,490501,,,,,Acq,,,,,,,,,,,,,,,30,,0225-DGJZT-DG-YIN-DMRM-POS.d,,Find by MRM,,
45,DGJZT_CGC_17_2,,,433.1,,,,,100,,,,4.092,,,3385,0.349,25685,,,,,Acq,,,,,,,,,,,,,,,30,,0225-DGJZT-DG-YIN-DMRM-POS.d,,Find by MRM,,
46,DGJZT_CGC_18_3,,,257.1,,,,,100,,,,4.139,,,3785,0.443,35426,,,,,Acq,,,,,,,,,,,,,,,30,,0225-DGJZT-DG-YIN-DMRM-POS.d,,Find by MRM,,
47,DGJZT_CGC_18_1,,,257.1,,,,,100,,,,4.148,,,21370,0.464,206276,,,,,Acq,,,,,,,,,,,,,,,30,,0225-DGJZT-DG-YIN-DMRM-POS.d,,Find by MRM,,
48,DGJZT_CGC_18_2,,,257.1,,,,,100,,,,4.141,,,4497,0.399,42426,,,,,Acq,,,,,,,,,,,,,,,30,,0225-DGJZT-DG-YIN-DMRM-POS.d,,Find by MRM,,
49,DGJZT_DZ_36_2,,,314.2,,,,,100,,,,4.219,,,1515,0.481,15002,,,,,Acq,,,,,,,,,,,,,,,30,,0225-DGJZT-DG-YIN-DMRM-POS.d,,Find by MRM,,
50,DGJZT_DZ_36_1,,,314.2,,,,,100,,,,4.211,,,10327,0.477,101455,,,,,Acq,,,,,,,,,,,,,,,30,,0225-DGJZT-DG-YIN-DMRM-POS.d,,Find by MRM,,
51,DGJZT_DG_23_2,,,305.1,,,,,100,,,,4.097,,,14,0.1,48,,,,,Acq,,,,,,,,,,,,,,,30,,0225-DGJZT-DG-YIN-DMRM-POS.d,,Find by MRM,,
52,DGJZT_DZ_36_3,,,314.2,,,,,100,,,,4.21,,,1129,0.367,11146,,,,,Acq,,,,,,,,,,,,,,,30,,0225-DGJZT-DG-YIN-DMRM-POS.d,,Find by MRM,,
53,DGJZT_DG_23_3,,,305.1,,,,,100,,,,4.253,,,21,0.297,190,,,,,Acq,,,,,,,,,,,,,,,30,,0225-DGJZT-DG-YIN-DMRM-POS.d,,Find by MRM,,
54,DGJZT_DG_23_1,,,305.1,,,,,100,,,,4.046,,,63,0.126,232,,,,,Acq,,,,,,,,,,,,,,,30,,0225-DGJZT-DG-YIN-DMRM-POS.d,,Find by MRM,,
55,DGJZT_DG_25_3,,,144.1,,,,,100,,,,4.423,,,384,0.363,3339,,,,,Acq,,,,,,,,,,,,,,,30,,0225-DGJZT-DG-YIN-DMRM-POS.d,,Find by MRM,,
56,DGJZT_DG_25_2,,,144.1,,,,,100,,,,4.416,,,73,0.464,560,,,,,Acq,,,,,,,,,,,,,,,30,,0225-DGJZT-DG-YIN-DMRM-POS.d,,Find by MRM,,
57,DGJZT_DG_25_1,,,144.1,,,,,100,,,,4.417,,,462,0.334,4057,,,,,Acq,,,,,,,,,,,,,,,30,,0225-DGJZT-DG-YIN-DMRM-POS.d,,Find by MRM,,
58,DGJZT_GZ_5_3,,,328.2,,,,,100,,,,4.896,,,269,0.365,2290,,,,,Acq,,,,,,,,,,,,,,,30,,0225-DGJZT-DG-YIN-DMRM-POS.d,,Find by MRM,,
59,DGJZT_GZ_5_1,,,328.2,,,,,100,,,,4.863,,,2296,0.435,20058,,,,,Acq,,,,,,,,,,,,,,,30,,0225-DGJZT-DG-YIN-DMRM-POS.d,,Find by MRM,,
60,DGJZT_GZ_5_2,,,328.2,,,,,100,,,,4.864,,,233,0.379,2178,,,,,Acq,,,,,,,,,,,,,,,30,,0225-DGJZT-DG-YIN-DMRM-POS.d,,Find by MRM,,
61,DGJZT_BS_12_3,,,481.2,,,,,100,,,,5.095,,,33099,0.409,341211,,,,,Acq,,,,,,,,,,,,,,,30,,0225-DGJZT-DG-YIN-DMRM-POS.d,,Find by MRM,,
62,DGJZT_BS_12_1,,,481.2,,,,,100,,,,5.087,,,536067,0.43,5541870,,,,,Acq,,,,,,,,,,,,,,,30,,0225-DGJZT-DG-YIN-DMRM-POS.d,,Find by MRM,,
63,DGJZT_BS_10_3,,,319.1,,,,,100,,,,5.09,,,4998,0.422,50971,,,,,Acq,,,,,,,,,,,,,,,30,,0225-DGJZT-DG-YIN-DMRM-POS.d,,Find by MRM,,
64,DGJZT_BS_10_2,,,319.1,,,,,100,,,,5.091,,,83397,0.455,872923,,,,,Acq,,,,,,,,,,,,,,,30,,0225-DGJZT-DG-YIN-DMRM-POS.d,,Find by MRM,,
65,DGJZT_BS_10_1,,,319.1,,,,,100,,,,5.092,,,74249,0.434,761761,,,,,Acq,,,,,,,,,,,,,,,30,,0225-DGJZT-DG-YIN-DMRM-POS.d,,Find by MRM,,
66,DGJZT_BS_12_2,,,481.2,,,,,100,,,,5.094,,,178473,0.68,1967733,,,,,Acq,,,,,,,,,,,,,,,30,,0225-DGJZT-DG-YIN-DMRM-POS.d,,Find by MRM,,
67,DGJZT_BS_11_2,,,197.1,,,,,100,,,,5.084,,,11466,0.45,114574,,,,,Acq,,,,,,,,,,,,,,,30,,0225-DGJZT-DG-YIN-DMRM-POS.d,,Find by MRM,,
68,DGJZT_BS_11_1,,,197.1,,,,,100,,,,5.093,,,10203,0.441,103082,,,,,Acq,,,,,,,,,,,,,,,30,,0225-DGJZT-DG-YIN-DMRM-POS.d,,Find by MRM,,
69,DGJZT_BS_21_1,,,503.2,,,,,100,,,,5.111,,,219,0.111,933,,,,,Acq,,,,,,,,,,,,,,,30,,0225-DGJZT-DG-YIN-DMRM-POS.d,,Find by MRM,,
70,DGJZT_BS_21_2,,,503.2,,,,,100,,,,5.153,,,205,0.172,1000,,,,,Acq,,,,,,,,,,,,,,,30,,0225-DGJZT-DG-YIN-DMRM-POS.d,,Find by MRM,,
71,DGJZT_DZ_38_2,,,314.2,,,,,100,,,,5.828,,,3344,0.412,29566,,,,,Acq,,,,,,,,,,,,,,,30,,0225-DGJZT-DG-YIN-DMRM-POS.d,,Find by MRM,,
72,DGJZT_DZ_38_3,,,314.2,,,,,100,,,,5.831,,,1557,0.404,13705,,,,,Acq,,,,,,,,,,,,,,,30,,0225-DGJZT-DG-YIN-DMRM-POS.d,,Find by MRM,,
73,DGJZT_DZ_38_1,,,314.2,,,,,100,,,,5.834,,,16235,0.437,145422,,,,,Acq,,,,,,,,,,,,,,,30,,0225-DGJZT-DG-YIN-DMRM-POS.d,,Find by MRM,,
74,DGJZT_DZ_40_1,,,162.1,,,,,100,,,,6.1,,,1404,0.439,15988,,,,,Acq,,,,,,,,,,,,,,,30,,0225-DGJZT-DG-YIN-DMRM-POS.d,,Find by MRM,,
75,DGJZT_DZ_40_3,,,162.1,,,,,100,,,,6.101,,,2212,0.729,26366,,,,,Acq,,,,,,,,,,,,,,,30,,0225-DGJZT-DG-YIN-DMRM-POS.d,,Find by MRM,,
76,DGJZT_DZ_40_2,,,162.1,,,,,100,,,,6.086,,,9663,0.742,112392,,,,,Acq,,,,,,,,,,,,,,,30,,0225-DGJZT-DG-YIN-DMRM-POS.d,,Find by MRM,,
77,DGJZT_GZ_7_2,,,249.1,,,,,100,,,,6.53,,,4682,0.403,41287,,,,,Acq,,,,,,,,,,,,,,,30,,0225-DGJZT-DG-YIN-DMRM-POS.d,,Find by MRM,,
78,DGJZT_GZ_7_1,,,249.1,,,,,100,,,,6.523,,,3615,0.546,35575,,,,,Acq,,,,,,,,,,,,,,,30,,0225-DGJZT-DG-YIN-DMRM-POS.d,,Find by MRM,,
79,DGJZT_GZ_7_3,,,249.1,,,,,100,,,,6.516,,,2297,0.55,22682,,,,,Acq,,,,,,,,,,,,,,,30,,0225-DGJZT-DG-YIN-DMRM-POS.d,,Find by MRM,,
80,DGJZT_BS_24_1,,,771.1,,,,,100,,,,6.949,,,151932,0.448,1693017,,,,,Acq,,,,,,,,,,,,,,,30,,0225-DGJZT-DG-YIN-DMRM-POS.d,,Find by MRM,,
81,DGJZT_BS_24_2,,,771.1,,,,,100,,,,6.95,,,1577,0.416,17472,,,,,Acq,,,,,,,,,,,,,,,30,,0225-DGJZT-DG-YIN-DMRM-POS.d,,Find by MRM,,
82,DGJZT_BS_24_3,,,771.1,,,,,100,,,,6.947,,,117,0.509,1366,,,,,Acq,,,,,,,,,,,,,,,30,,0225-DGJZT-DG-YIN-DMRM-POS.d,,Find by MRM,,
83,DGJZT_DZ_42_2,,,639.3,,,,,100,,,,7.161,,,141,0.326,1137,,,,,Acq,,,,,,,,,,,,,,,30,,0225-DGJZT-DG-YIN-DMRM-POS.d,,Find by MRM,,
84,DGJZT_DZ_42_1,,,639.3,,,,,100,,,,7.188,,,98,0.423,1022,,,,,Acq,,,,,,,,,,,,,,,30,,0225-DGJZT-DG-YIN-DMRM-POS.d,,Find by MRM,,
85,DGJZT_DZ_42_3,,,639.3,,,,,100,,,,7.168,,,284,0.236,2194,,,,,Acq,,,,,,,,,,,,,,,30,,0225-DGJZT-DG-YIN-DMRM-POS.d,,Find by MRM,,
86,DGJZT_BS_25_2,,,633.2,,,,,100,,,,7.565,,,27586,0.41,238308,,,,,Acq,,,,,,,,,,,,,,,30,,0225-DGJZT-DG-YIN-DMRM-POS.d,,Find by MRM,,
87,DGJZT_BS_25_3,,,633.2,,,,,100,,,,7.567,,,2053,0.439,18041,,,,,Acq,,,,,,,,,,,,,,,30,,0225-DGJZT-DG-YIN-DMRM-POS.d,,Find by MRM,,
88,DGJZT_BS_25_1,,,633.2,,,,,100,,,,7.562,,,30919,0.395,265033,,,,,Acq,,,,,,,,,,,,,,,30,,0225-DGJZT-DG-YIN-DMRM-POS.d,,Find by MRM,,
89,DGJZT_DZ_43_3,,,673.3,,,,,100,,,,7.958,,,158,0.403,1356,,,,,Acq,,,,,,,,,,,,,,,30,,0225-DGJZT-DG-YIN-DMRM-POS.d,,Find by MRM,,
90,DGJZT_DZ_43_1,,,673.3,,,,,100,,,,7.959,,,898,0.407,8787,,,,,Acq,,,,,,,,,,,,,,,30,,0225-DGJZT-DG-YIN-DMRM-POS.d,,Find by MRM,,
91,DGJZT_DZ_43_2,,,673.3,,,,,100,,,,7.94,,,240,0.442,2461,,,,,Acq,,,,,,,,,,,,,,,30,,0225-DGJZT-DG-YIN-DMRM-POS.d,,Find by MRM,,
92,DGJZT_CGC_30_2,,,273.1,,,,,100,,,,8.012,,,5441,0.439,47431,,,,,Acq,,,,,,,,,,,,,,,30,,0225-DGJZT-DG-YIN-DMRM-POS.d,,Find by MRM,,
93,DGJZT_CGC_30_1,,,273.1,,,,,100,,,,8.02,,,18794,0.469,168768,,,,,Acq,,,,,,,,,,,,,,,30,,0225-DGJZT-DG-YIN-DMRM-POS.d,,Find by MRM,,
94,DGJZT_CGC_30_3,,,273.1,,,,,100,,,,8.013,,,4521,0.458,40619,,,,,Acq,,,,,,,,,,,,,,,30,,0225-DGJZT-DG-YIN-DMRM-POS.d,,Find by MRM,,
95,DGJZT_CGC_31_3,,,301.1,,,,,100,,,,8.076,,,4079,0.429,38798,,,,,Acq,,,,,,,,,,,,,,,30,,0225-DGJZT-DG-YIN-DMRM-POS.d,,Find by MRM,,
96,DGJZT_CGC_31_2,,,301.1,,,,,100,,,,8.06,,,2985,0.4,27834,,,,,Acq,,,,,,,,,,,,,,,30,,0225-DGJZT-DG-YIN-DMRM-POS.d,,Find by MRM,,
97,DGJZT_CGC_31_1,,,301.1,,,,,100,,,,8.069,,,3858,0.414,36628,,,,,Acq,,,,,,,,,,,,,,,30,,0225-DGJZT-DG-YIN-DMRM-POS.d,,Find by MRM,,
98,DGJZT_DG_30_3,,,207.1,,,,,100,,,,7.963,,,12,0.073,34,,,,,Acq,,,,,,,,,,,,,,,30,,0225-DGJZT-DG-YIN-DMRM-POS.d,,Find by MRM,,
99,DGJZT_DG_30_1,,,207.1,,,,,100,,,,8.081,,,58,0.117,261,,,,,Acq,,,,,,,,,,,,,,,30,,0225-DGJZT-DG-YIN-DMRM-POS.d,,Find by MRM,,
100,DGJZT_DG_30_2,,,207.1,,,,,100,,,,7.998,,,25,0.217,241,,,,,Acq,,,,,,,,,,,,,,,30,,0225-DGJZT-DG-YIN-DMRM-POS.d,,Find by MRM,,
101,DGJZT_CGC_35_3,,,257.1,,,,,100,,,,8.639,,,1379,0.221,10692,,,,,Acq,,,,,,,,,,,,,,,30,,0225-DGJZT-DG-YIN-DMRM-POS.d,,Find by MRM,,
102,DGJZT_CGC_35_2,,,257.1,,,,,100,,,,8.625,,,1972,0.294,16458,,,,,Acq,,,,,,,,,,,,,,,30,,0225-DGJZT-DG-YIN-DMRM-POS.d,,Find by MRM,,
103,DGJZT_CGC_34_2,,,551.2,,,,,100,,,,8.617,,,69531,0.293,552355,,,,,Acq,,,,,,,,,,,,,,,30,,0225-DGJZT-DG-YIN-DMRM-POS.d,,Find by MRM,,
104,DGJZT_CGC_34_3,,,551.2,,,,,100,,,,8.618,,,5376,0.305,43003,,,,,Acq,,,,,,,,,,,,,,,30,,0225-DGJZT-DG-YIN-DMRM-POS.d,,Find by MRM,,
105,DGJZT_CGC_33_3,,,419.1,,,,,100,,,,8.62,,,7530,0.294,59850,,,,,Acq,,,,,,,,,,,,,,,30,,0225-DGJZT-DG-YIN-DMRM-POS.d,,Find by MRM,,
106,DGJZT_CGC_33_2,,,419.1,,,,,100,,,,8.621,,,2928,0.356,24554,,,,,Acq,,,,,,,,,,,,,,,30,,0225-DGJZT-DG-YIN-DMRM-POS.d,,Find by MRM,,
107,DGJZT_CGC_33_1,,,419.1,,,,,100,,,,8.622,,,5193,0.305,43688,,,,,Acq,,,,,,,,,,,,,,,30,,0225-DGJZT-DG-YIN-DMRM-POS.d,,Find by MRM,,
108,DGJZT_CGC_34_1,,,551.2,,,,,100,,,,8.619,,,7460,0.254,55732,,,,,Acq,,,,,,,,,,,,,,,30,,0225-DGJZT-DG-YIN-DMRM-POS.d,,Find by MRM,,
109,DGJZT_CGC_35_1,,,257.1,,,,,100,,,,8.632,,,10094,0.326,100006,,,,,Acq,,,,,,,,,,,,,,,30,,0225-DGJZT-DG-YIN-DMRM-POS.d,,Find by MRM,,
110,DGJZT_CGC_36_1,,,431.1,,,,,100,,,,9.002,,,198062,0.442,1942542,,,,,Acq,,,,,,,,,,,,,,,30,,0225-DGJZT-DG-YIN-DMRM-POS.d,,Find by MRM,,
111,DGJZT_CGC_36_3,,,431.1,,,,,100,,,,8.995,,,339,0.337,2918,,,,,Acq,,,,,,,,,,,,,,,30,,0225-DGJZT-DG-YIN-DMRM-POS.d,,Find by MRM,,
112,DGJZT_CGC_37_1,,,269.1,,,,,100,,,,9.005,,,1140,0.451,10815,,,,,Acq,,,,,,,,,,,,,,,30,,0225-DGJZT-DG-YIN-DMRM-POS.d,,Find by MRM,,
113,DGJZT_CGC_37_2,,,269.1,,,,,100,,,,9.006,,,2141,0.434,20339,,,,,Acq,,,,,,,,,,,,,,,30,,0225-DGJZT-DG-YIN-DMRM-POS.d,,Find by MRM,,
114,DGJZT_CGC_36_2,,,431.1,,,,,100,,,,8.994,,,1311,0.469,13465,,,,,Acq,,,,,,,,,,,,,,,30,,0225-DGJZT-DG-YIN-DMRM-POS.d,,Find by MRM,,
115,DGJZT_CGC_37_3,,,269.1,,,,,100,,,,8.99,,,327,0.487,3217,,,,,Acq,,,,,,,,,,,,,,,30,,0225-DGJZT-DG-YIN-DMRM-POS.d,,Find by MRM,,
116,DGJZT_CGC_38_3,,,257.1,,,,,100,,,,9.082,,,3205,0.426,31769,,,,,Acq,,,,,,,,,,,,,,,30,,0225-DGJZT-DG-YIN-DMRM-POS.d,,Find by MRM,,
117,DGJZT_CGC_38_2,,,257.1,,,,,100,,,,9.083,,,3457,0.399,35239,,,,,Acq,,,,,,,,,,,,,,,30,,0225-DGJZT-DG-YIN-DMRM-POS.d,,Find by MRM,,
118,DGJZT_CGC_39_3,,,419.1,,,,,100,,,,9.087,,,86729,0.271,701316,,,,,Acq,,,,,,,,,,,,,,,30,,0225-DGJZT-DG-YIN-DMRM-POS.d,,Find by MRM,,
119,DGJZT_CGC_39_2,,,419.1,,,,,100,,,,9.088,,,33514,0.321,293687,,,,,Acq,,,,,,,,,,,,,,,30,,0225-DGJZT-DG-YIN-DMRM-POS.d,,Find by MRM,,
120,DGJZT_CGC_39_1,,,419.1,,,,,100,,,,9.08,,,60879,0.32,528334,,,,,Acq,,,,,,,,,,,,,,,30,,0225-DGJZT-DG-YIN-DMRM-POS.d,,Find by MRM,,
121,DGJZT_CGC_38_1,,,257.1,,,,,100,,,,9.074,,,16264,0.413,163296,,,,,Acq,,,,,,,,,,,,,,,30,,0225-DGJZT-DG-YIN-DMRM-POS.d,,Find by MRM,,
122,DGJZT_DG_32_3,,,207.1,,,,,100,,,,9.21,,,14,0.128,60,,,,,Acq,,,,,,,,,,,,,,,30,,0225-DGJZT-DG-YIN-DMRM-POS.d,,Find by MRM,,
123,DGJZT_DG_32_1,,,207.1,,,,,100,,,,9.335,,,25,0.115,131,,,,,Acq,,,,,,,,,,,,,,,30,,0225-DGJZT-DG-YIN-DMRM-POS.d,,Find by MRM,,
124,DGJZT_DG_32_2,,,207.1,,,,,100,,,,9.286,,,15,0.095,45,,,,,Acq,,,,,,,,,,,,,,,30,,0225-DGJZT-DG-YIN-DMRM-POS.d,,Find by MRM,,
125,DGJZT_CGC_40_3,,,419.1,,,,,100,,,,9.353,,,28250,0.515,286823,,,,,Acq,,,,,,,,,,,,,,,30,,0225-DGJZT-DG-YIN-DMRM-POS.d,,Find by MRM,,
126,DGJZT_CGC_40_2,,,419.1,,,,,100,,,,9.354,,,9236,0.347,87242,,,,,Acq,,,,,,,,,,,,,,,30,,0225-DGJZT-DG-YIN-DMRM-POS.d,,Find by MRM,,
127,DGJZT_CGC_40_1,,,419.1,,,,,100,,,,9.355,,,17727,0.521,183337,,,,,Acq,,,,,,,,,,,,,,,30,,0225-DGJZT-DG-YIN-DMRM-POS.d,,Find by MRM,,
128,DGJZT_CGC_42_2,,,287.1,,,,,100,,,,9.774,,,1480,0.435,13869,,,,,Acq,,,,,,,,,,,,,,,30,,0225-DGJZT-DG-YIN-DMRM-POS.d,,Find by MRM,,
129,DGJZT_CGC_42_1,,,287.1,,,,,100,,,,9.767,,,21426,0.428,197050,,,,,Acq,,,,,,,,,,,,,,,30,,0225-DGJZT-DG-YIN-DMRM-POS.d,,Find by MRM,,
130,DGJZT_CGC_42_3,,,287.1,,,,,100,,,,9.769,,,2657,0.676,26316,,,,,Acq,,,,,,,,,,,,,,,30,,0225-DGJZT-DG-YIN-DMRM-POS.d,,Find by MRM,,
131,DGJZT_CGC_43_3,,,257.1,,,,,100,,,,10.073,,,17060,0.404,149573,,,,,Acq,,,,,,,,,,,,,,,30,,0225-DGJZT-DG-YIN-DMRM-POS.d,,Find by MRM,,
132,DGJZT_CGC_43_1,,,257.1,,,,,100,,,,10.075,,,91246,0.595,870905,,,,,Acq,,,,,,,,,,,,,,,30,,0225-DGJZT-DG-YIN-DMRM-POS.d,,Find by MRM,,
133,DGJZT_CGC_43_2,,,257.1,,,,,100,,,,10.069,,,20613,0.567,193302,,,,,Acq,,,,,,,,,,,,,,,30,,0225-DGJZT-DG-YIN-DMRM-POS.d,,Find by MRM,,
134,DGJZT_CGC_77_1,,,437.3,,,,,100,,,,12.276,,,352,0.206,2312,,,,,Acq,,,,,,,,,,,,,,,30,,0225-DGJZT-DG-YIN-DMRM-POS.d,,Find by MRM,,
135,DGJZT_CGC_77_3,,,437.3,,,,,100,,,,12.467,,,500,0.276,3968,,,,,Acq,,,,,,,,,,,,,,,30,,0225-DGJZT-DG-YIN-DMRM-POS.d,,Find by MRM,,
136,DGJZT_CGC_77_2,,,437.3,,,,,100,,,,12.451,,,457,0.223,3165,,,,,Acq,,,,,,,,,,,,,,,30,,0225-DGJZT-DG-YIN-DMRM-POS.d,,Find by MRM,,
137,DGJZT_CGC_79_1,,,823.4,,,,,100,,,,12.591,,,1118,0.32,10488,,,,,Acq,,,,,,,,,,,,,,,30,,0225-DGJZT-DG-YIN-DMRM-POS.d,,Find by MRM,,
138,DGJZT_DG_34_3,,,205.1,,,,,100,,,,12.555,,,14,0.165,84,,,,,Acq,,,,,,,,,,,,,,,30,,0225-DGJZT-DG-YIN-DMRM-POS.d,,Find by MRM,,
139,DGJZT_DG_34_1,,,205.1,,,,,100,,,,12.58,,,25,0.067,50,,,,,Acq,,,,,,,,,,,,,,,30,,0225-DGJZT-DG-YIN-DMRM-POS.d,,Find by MRM,,
140,DGJZT_DG_34_2,,,205.1,,,,,100,,,,12.89,,,5,0.437,15,,,,,Acq,,,,,,,,,,,,,,,30,,0225-DGJZT-DG-YIN-DMRM-POS.d,,Find by MRM,,
141,DGJZT_SJ_11_2,,,457.3,,,,,100,,,,12.659,,,209,0.393,1907,,,,,Acq,,,,,,,,,,,,,,,30,,0225-DGJZT-DG-YIN-DMRM-POS.d,,Find by MRM,,
142,DGJZT_SJ_10_2,,,277.2,,,,,100,,,,12.645,,,106617,0.405,826264,,,,,Acq,,,,,,,,,,,,,,,30,,0225-DGJZT-DG-YIN-DMRM-POS.d,,Find by MRM,,
143,DGJZT_SJ_10_1,,,277.2,,,,,100,,,,12.646,,,75291,0.391,575677,,,,,Acq,,,,,,,,,,,,,,,30,,0225-DGJZT-DG-YIN-DMRM-POS.d,,Find by MRM,,
144,DGJZT_SJ_10_3,,,277.2,,,,,100,,,,12.646,,,17579,0.433,133932,,,,,Acq,,,,,,,,,,,,,,,30,,0225-DGJZT-DG-YIN-DMRM-POS.d,,Find by MRM,,
145,DGJZT_SJ_9_3,,,177.1,,,,,100,,,,12.647,,,29341,0.386,223359,,,,,Acq,,,,,,,,,,,,,,,30,,0225-DGJZT-DG-YIN-DMRM-POS.d,,Find by MRM,,
146,DGJZT_SJ_9_2,,,177.1,,,,,100,,,,12.648,,,170399,0.423,1312499,,,,,Acq,,,,,,,,,,,,,,,30,,0225-DGJZT-DG-YIN-DMRM-POS.d,,Find by MRM,,
147,DGJZT_SJ_9_1,,,177.1,,,,,100,,,,12.648,,,213366,0.424,1654424,,,,,Acq,,,,,,,,,,,,,,,30,,0225-DGJZT-DG-YIN-DMRM-POS.d,,Find by MRM,,
148,DGJZT_SJ_8_3,,,145.1,,,,,100,,,,12.641,,,919,0.444,7769,,,,,Acq,,,,,,,,,,,,,,,30,,0225-DGJZT-DG-YIN-DMRM-POS.d,,Find by MRM,,
149,DGJZT_SJ_8_1,,,145.1,,,,,100,,,,12.641,,,26231,0.413,196901,,,,,Acq,,,,,,,,,,,,,,,30,,0225-DGJZT-DG-YIN-DMRM-POS.d,,Find by MRM,,
150,DGJZT_SJ_11_3,,,457.3,,,,,100,,,,12.675,,,115,0.408,1051,,,,,Acq,,,,,,,,,,,,,,,30,,0225-DGJZT-DG-YIN-DMRM-POS.d,,Find by MRM,,
151,DGJZT_SJ_11_1,,,457.3,,,,,100,,,,12.676,,,720,0.322,6010,,,,,Acq,,,,,,,,,,,,,,,30,,0225-DGJZT-DG-YIN-DMRM-POS.d,,Find by MRM,,
152,DGJZT_CGC_83_1,,,369.1,,,,,100,,,,12.719,,,3043,0.358,28680,,,,,Acq,,,,,,,,,,,,,,,30,,0225-DGJZT-DG-YIN-DMRM-POS.d,,Find by MRM,,
153,DGJZT_SJ_8_2,,,145.1,,,,,100,,,,12.649,,,1331,0.442,10557,,,,,Acq,,,,,,,,,,,,,,,30,,0225-DGJZT-DG-YIN-DMRM-POS.d,,Find by MRM,,
154,DGJZT_CGC_83_3,,,369.1,,,,,100,,,,12.727,,,3506,0.395,32028,,,,,Acq,,,,,,,,,,,,,,,30,,0225-DGJZT-DG-YIN-DMRM-POS.d,,Find by MRM,,
155,DGJZT_CGC_83_2,,,369.1,,,,,100,,,,12.769,,,2519,0.381,24807,,,,,Acq,,,,,,,,,,,,,,,30,,0225-DGJZT-DG-YIN-DMRM-POS.d,,Find by MRM,,
156,DGJZT_CGC_80_1,,,353.1,,,,,100,,,,12.712,,,11125,0.335,81605,,,,,Acq,,,,,,,,,,,,,,,30,,0225-DGJZT-DG-YIN-DMRM-POS.d,,Find by MRM,,
157,DGJZT_CGC_87_1,,,299.1,,,,,100,,,,12.966,,,1112,0.307,8313,,,,,Acq,,,,,,,,,,,,,,,30,,0225-DGJZT-DG-YIN-DMRM-POS.d,,Find by MRM,,
158,DGJZT_CGC_87_2,,,299.1,,,,,100,,,,13,,,247,0.345,1727,,,,,Acq,,,,,,,,,,,,,,,30,,0225-DGJZT-DG-YIN-DMRM-POS.d,,Find by MRM,,
159,DGJZT_CGC_86_3,,,353.1,,,,,100,,,,13.028,,,32195,0.279,213716,,,,,Acq,,,,,,,,,,,,,,,30,,0225-DGJZT-DG-YIN-DMRM-POS.d,,Find by MRM,,
160,DGJZT_CGC_86_2,,,353.1,,,,,100,,,,13.038,,,71,0.1,238,,,,,Acq,,,,,,,,,,,,,,,30,,0225-DGJZT-DG-YIN-DMRM-POS.d,,Find by MRM,,
161,DGJZT_CGC_86_1,,,353.1,,,,,100,,,,13.03,,,30711,0.35,213996,,,,,Acq,,,,,,,,,,,,,,,30,,0225-DGJZT-DG-YIN-DMRM-POS.d,,Find by MRM,,
162,DGJZT_CGC_91_3,,,355.1,,,,,100,,,,13.262,,,79231,0.294,538469,,,,,Acq,,,,,,,,,,,,,,,30,,0225-DGJZT-DG-YIN-DMRM-POS.d,,Find by MRM,,
163,DGJZT_CGC_87_3,,,299.1,,,,,100,,,,13.267,,,1481,0.292,10153,,,,,Acq,,,,,,,,,,,,,,,30,,0225-DGJZT-DG-YIN-DMRM-POS.d,,Find by MRM,,
164,DGJZT_CGC_92_3,,,383.2,,,,,100,,,,13.329,,,1046,0.346,7834,,,,,Acq,,,,,,,,,,,,,,,30,,0225-DGJZT-DG-YIN-DMRM-POS.d,,Find by MRM,,
165,DGJZT_DG_37_3,,,193.1,,,,,100,,,,13.392,,,25,0.234,159,,,,,Acq,,,,,,,,,,,,,,,30,,0225-DGJZT-DG-YIN-DMRM-POS.d,,Find by MRM,,
166,DGJZT_DG_37_2,,,193.1,,,,,100,,,,13.426,,,24,0.235,212,,,,,Acq,,,,,,,,,,,,,,,30,,0225-DGJZT-DG-YIN-DMRM-POS.d,,Find by MRM,,
167,DGJZT_DG_37_1,,,193.1,,,,,100,,,,13.419,,,61,0.184,366,,,,,Acq,,,,,,,,,,,,,,,30,,0225-DGJZT-DG-YIN-DMRM-POS.d,,Find by MRM,,
168,DGJZT_CGC_91_2,,,355.1,,,,,100,,,,13.322,,,27196,0.4,197824,,,,,Acq,,,,,,,,,,,,,,,30,,0225-DGJZT-DG-YIN-DMRM-POS.d,,Find by MRM,,
169,DGJZT_CGC_91_1,,,355.1,,,,,100,,,,13.331,,,30113,0.353,217500,,,,,Acq,,,,,,,,,,,,,,,30,,0225-DGJZT-DG-YIN-DMRM-POS.d,,Find by MRM,,
170,DGJZT_CGC_93_3,,,327.1,,,,,100,,,,13.332,,,299,0.359,2201,,,,,Acq,,,,,,,,,,,,,,,30,,0225-DGJZT-DG-YIN-DMRM-POS.d,,Find by MRM,,
171,DGJZT_CGC_92_2,,,383.2,,,,,100,,,,13.336,,,1084,0.368,8009,,,,,Acq,,,,,,,,,,,,,,,30,,0225-DGJZT-DG-YIN-DMRM-POS.d,,Find by MRM,,
172,DGJZT_CGC_92_1,,,383.2,,,,,100,,,,13.337,,,1175,0.383,8196,,,,,Acq,,,,,,,,,,,,,,,30,,0225-DGJZT-DG-YIN-DMRM-POS.d,,Find by MRM,,
173,DGJZT_CGC_93_2,,,327.1,,,,,100,,,,13.349,,,134,0.384,1051,,,,,Acq,,,,,,,,,,,,,,,30,,0225-DGJZT-DG-YIN-DMRM-POS.d,,Find by MRM,,
174,DGJZT_CGC_97_2,,,337.1,,,,,100,,,,13.763,,,2684,0.365,18525,,,,,Acq,,,,,,,,,,,,,,,30,,0225-DGJZT-DG-YIN-DMRM-POS.d,,Find by MRM,,
175,DGJZT_CGC_97_1,,,337.1,,,,,100,,,,13.764,,,2309,0.394,15839,,,,,Acq,,,,,,,,,,,,,,,30,,0225-DGJZT-DG-YIN-DMRM-POS.d,,Find by MRM,,
176,DGJZT_CGC_98_3,,,317.1,,,,,100,,,,13.773,,,3201,0.381,22140,,,,,Acq,,,,,,,,,,,,,,,30,,0225-DGJZT-DG-YIN-DMRM-POS.d,,Find by MRM,,
177,DGJZT_CGC_98_1,,,317.1,,,,,100,,,,13.774,,,4353,0.373,29208,,,,,Acq,,,,,,,,,,,,,,,30,,0225-DGJZT-DG-YIN-DMRM-POS.d,,Find by MRM,,
178,DGJZT_CGC_98_2,,,317.1,,,,,100,,,,13.765,,,814,0.336,5169,,,,,Acq,,,,,,,,,,,,,,,30,,0225-DGJZT-DG-YIN-DMRM-POS.d,,Find by MRM,,
179,DGJZT_CGC_97_3,,,337.1,,,,,100,,,,13.797,,,141,0.331,985,,,,,Acq,,,,,,,,,,,,,,,30,,0225-DGJZT-DG-YIN-DMRM-POS.d,,Find by MRM,,
180,DGJZT_DG_41_1,,,189.1,,,,,100,,,,14.002,,,441,0.151,2194,,,,,Acq,,,,,,,,,,,,,,,30,,0225-DGJZT-DG-YIN-DMRM-POS.d,,Find by MRM,,
181,DGJZT_DG_41_2,,,189.1,,,,,100,,,,14.003,,,143,0.157,767,,,,,Acq,,,,,,,,,,,,,,,30,,0225-DGJZT-DG-YIN-DMRM-POS.d,,Find by MRM,,
182,DGJZT_DG_41_3,,,189.1,,,,,100,,,,14.003,,,130,0.235,874,,,,,Acq,,,,,,,,,,,,,,,30,,0225-DGJZT-DG-YIN-DMRM-POS.d,,Find by MRM,,
183,DGJZT_SJ_13_3,,,177.1,,,,,100,,,,13.894,,,2632,0.33,17439,,,,,Acq,,,,,,,,,,,,,,,30,,0225-DGJZT-DG-YIN-DMRM-POS.d,,Find by MRM,,
184,DGJZT_SJ_13_2,,,177.1,,,,,100,,,,13.894,,,20758,0.385,135478,,,,,Acq,,,,,,,,,,,,,,,30,,0225-DGJZT-DG-YIN-DMRM-POS.d,,Find by MRM,,
185,DGJZT_SJ_13_1,,,177.1,,,,,100,,,,13.895,,,19322,0.428,127279,,,,,Acq,,,,,,,,,,,,,,,30,,0225-DGJZT-DG-YIN-DMRM-POS.d,,Find by MRM,,
186,DGJZT_CGC_100_2,,,383.1,,,,,100,,,,13.972,,,5176,0.356,36252,,,,,Acq,,,,,,,,,,,,,,,30,,0225-DGJZT-DG-YIN-DMRM-POS.d,,Find by MRM,,
187,DGJZT_CGC_100_1,,,383.1,,,,,100,,,,13.972,,,524,0.308,3395,,,,,Acq,,,,,,,,,,,,,,,30,,0225-DGJZT-DG-YIN-DMRM-POS.d,,Find by MRM,,
188,DGJZT_DG_47_3,,,191.1,,,,,100,,,,13.993,,,524,0.232,3122,,,,,Acq,,,,,,,,,,,,,,,30,,0225-DGJZT-DG-YIN-DMRM-POS.d,,Find by MRM,,
189,DGJZT_DG_47_1,,,191.1,,,,,100,,,,13.976,,,959,0.277,6697,,,,,Acq,,,,,,,,,,,,,,,30,,0225-DGJZT-DG-YIN-DMRM-POS.d,,Find by MRM,,
190,DGJZT_DG_47_2,,,191.1,,,,,100,,,,13.976,,,950,0.281,6118,,,,,Acq,,,,,,,,,,,,,,,30,,0225-DGJZT-DG-YIN-DMRM-POS.d,,Find by MRM,,
191,DGJZT_DG_45_3,,,145.1,,,,,100,,,,13.878,,,24,0.157,104,,,,,Acq,,,,,,,,,,,,,,,30,,0225-DGJZT-DG-YIN-DMRM-POS.d,,Find by MRM,,
192,DGJZT_DG_45_1,,,145.1,,,,,100,,,,13.895,,,2519,0.299,15717,,,,,Acq,,,,,,,,,,,,,,,30,,0225-DGJZT-DG-YIN-DMRM-POS.d,,Find by MRM,,
193,DGJZT_DG_45_2,,,145.1,,,,,100,,,,13.954,,,71,0.2,508,,,,,Acq,,,,,,,,,,,,,,,30,,0225-DGJZT-DG-YIN-DMRM-POS.d,,Find by MRM,,
194,DGJZT_CGC_100_3,,,383.1,,,,,100,,,,13.972,,,824,0.349,6108,,,,,Acq,,,,,,,,,,,,,,,30,,0225-DGJZT-DG-YIN-DMRM-POS.d,,Find by MRM,,
195,DGJZT_CGC_101_2,,,371.2,,,,,100,,,,14.21,,,13471,0.375,89623,,,,,Acq,,,,,,,,,,,,,,,30,,0225-DGJZT-DG-YIN-DMRM-POS.d,,Find by MRM,,
196,DGJZT_CGC_101_3,,,371.2,,,,,100,,,,14.219,,,437,0.24,2634,,,,,Acq,,,,,,,,,,,,,,,30,,0225-DGJZT-DG-YIN-DMRM-POS.d,,Find by MRM,,
197,DGJZT_CGC_103_1,,,425.2,,,,,100,,,,14.24,,,4303,0.385,28734,,,,,Acq,,,,,,,,,,,,,,,30,,0225-DGJZT-DG-YIN-DMRM-POS.d,,Find by MRM,,
198,DGJZT_CGC_103_2,,,425.2,,,,,100,,,,14.232,,,10724,0.402,74438,,,,,Acq,,,,,,,,,,,,,,,30,,0225-DGJZT-DG-YIN-DMRM-POS.d,,Find by MRM,,
199,DGJZT_CGC_103_3,,,425.2,,,,,100,,,,14.241,,,5507,0.217,34052,,,,,Acq,,,,,,,,,,,,,,,30,,0225-DGJZT-DG-YIN-DMRM-POS.d,,Find by MRM,,
200,DGJZT_CGC_101_1,,,371.2,,,,,100,,,,14.203,,,12115,0.465,93675,,,,,Acq,,,,,,,,,,,,,,,30,,0225-DGJZT-DG-YIN-DMRM-POS.d,,Find by MRM,,
201,DGJZT_SJ_14_1,,,404.2,,,,,100,,,,14.267,,,32717,0.303,214763,,,,,Acq,,,,,,,,,,,,,,,30,,0225-DGJZT-DG-YIN-DMRM-POS.d,,Find by MRM,,
202,DGJZT_SJ_14_3,,,404.2,,,,,100,,,,14.268,,,396,0.238,2470,,,,,Acq,,,,,,,,,,,,,,,30,,0225-DGJZT-DG-YIN-DMRM-POS.d,,Find by MRM,,
203,DGJZT_SJ_14_2,,,404.2,,,,,100,,,,14.268,,,28089,0.276,182479,,,,,Acq,,,,,,,,,,,,,,,30,,0225-DGJZT-DG-YIN-DMRM-POS.d,,Find by MRM,,
204,DGJZT_CGC_106_2,,,423.2,,,,,100,,,,14.484,,,16710,0.245,113440,,,,,Acq,,,,,,,,,,,,,,,30,,0225-DGJZT-DG-YIN-DMRM-POS.d,,Find by MRM,,
205,DGJZT_CGC_106_1,,,423.2,,,,,100,,,,14.609,,,114,0.109,463,,,,,Acq,,,,,,,,,,,,,,,30,,0225-DGJZT-DG-YIN-DMRM-POS.d,,Find by MRM,,
206,DGJZT_DG_49_3,,,191.1,,,,,100,,,,14.472,,,15,0.143,86,,,,,Acq,,,,,,,,,,,,,,,30,,0225-DGJZT-DG-YIN-DMRM-POS.d,,Find by MRM,,
207,DGJZT_DG_49_1,,,191.1,,,,,100,,,,14.439,,,36,0.134,221,,,,,Acq,,,,,,,,,,,,,,,30,,0225-DGJZT-DG-YIN-DMRM-POS.d,,Find by MRM,,
208,DGJZT_DG_49_2,,,191.1,,,,,100,,,,14.465,,,11,0.071,26,,,,,Acq,,,,,,,,,,,,,,,30,,0225-DGJZT-DG-YIN-DMRM-POS.d,,Find by MRM,,
209,DGJZT_GZ_24_1,,,279.1,,,,,100,,,,14.712,,,2463,0.372,18022,,,,,Acq,,,,,,,,,,,,,,,30,,0225-DGJZT-DG-YIN-DMRM-POS.d,,Find by MRM,,
210,DGJZT_GZ_24_3,,,279.1,,,,,100,,,,14.696,,,586,0.386,4203,,,,,Acq,,,,,,,,,,,,,,,30,,0225-DGJZT-DG-YIN-DMRM-POS.d,,Find by MRM,,
211,DGJZT_CGC_106_3,,,423.2,,,,,100,,,,14.734,,,1443,0.243,8765,,,,,Acq,,,,,,,,,,,,,,,30,,0225-DGJZT-DG-YIN-DMRM-POS.d,,Find by MRM,,
212,DGJZT_GZ_24_2,,,279.1,,,,,100,,,,14.721,,,5333,0.308,37782,,,,,Acq,,,,,,,,,,,,,,,30,,0225-DGJZT-DG-YIN-DMRM-POS.d,,Find by MRM,,
213,DGJZT_GZ_25_2,,,309.2,,,,,100,,,,14.786,,,717,0.297,5111,,,,,Acq,,,,,,,,,,,,,,,30,,0225-DGJZT-DG-YIN-DMRM-POS.d,,Find by MRM,,
214,DGJZT_GZ_25_3,,,309.2,,,,,100,,,,14.795,,,74,0.149,350,,,,,Acq,,,,,,,,,,,,,,,30,,0225-DGJZT-DG-YIN-DMRM-POS.d,,Find by MRM,,
215,DGJZT_GZ_25_1,,,309.2,,,,,100,,,,14.778,,,5724,0.386,44191,,,,,Acq,,,,,,,,,,,,,,,30,,0225-DGJZT-DG-YIN-DMRM-POS.d,,Find by MRM,,
216,DGJZT_SJ_16_3,,,177.1,,,,,100,,,,14.782,,,742,0.314,4546,,,,,Acq,,,,,,,,,,,,,,,30,,0225-DGJZT-DG-YIN-DMRM-POS.d,,Find by MRM,,
217,DGJZT_SJ_16_2,,,177.1,,,,,100,,,,14.791,,,4057,0.344,25006,,,,,Acq,,,,,,,,,,,,,,,30,,0225-DGJZT-DG-YIN-DMRM-POS.d,,Find by MRM,,
218,DGJZT_SJ_16_1,,,177.1,,,,,100,,,,14.791,,,4941,0.359,31085,,,,,Acq,,,,,,,,,,,,,,,30,,0225-DGJZT-DG-YIN-DMRM-POS.d,,Find by MRM,,
219,DGJZT_DG_50_2,,,412.3,,,,,100,,,,15.13,,,27,0.176,152,,,,,Acq,,,,,,,,,,,,,,,30,,0225-DGJZT-DG-YIN-DMRM-POS.d,,Find by MRM,,
220,DGJZT_DG_50_1,,,412.3,,,,,100,,,,15.053,,,93,0.173,598,,,,,Acq,,,,,,,,,,,,,,,30,,0225-DGJZT-DG-YIN-DMRM-POS.d,,Find by MRM,,
221,DGJZT_DG_50_3,,,412.3,,,,,100,,,,14.986,,,22,0.143,87,,,,,Acq,,,,,,,,,,,,,,,30,,0225-DGJZT-DG-YIN-DMRM-POS.d,,Find by MRM,,
222,DGJZT_DG_52_3,,,381.2,,,,,100,,,,15.083,,,104,0.327,731,,,,,Acq,,,,,,,,,,,,,,,30,,0225-DGJZT-DG-YIN-DMRM-POS.d,,Find by MRM,,
223,DGJZT_DG_58_1,,,412.2,,,,,100,,,,15.08,,,142,0.193,965,,,,,Acq,,,,,,,,,,,,,,,30,,0225-DGJZT-DG-YIN-DMRM-POS.d,,Find by MRM,,
224,DGJZT_DG_58_3,,,412.2,,,,,100,,,,15.122,,,21,0.109,68,,,,,Acq,,,,,,,,,,,,,,,30,,0225-DGJZT-DG-YIN-DMRM-POS.d,,Find by MRM,,
225,DGJZT_DG_55_2,,,363.2,,,,,100,,,,15.057,,,10,0.069,19,,,,,Acq,,,,,,,,,,,,,,,30,,0225-DGJZT-DG-YIN-DMRM-POS.d,,Find by MRM,,
226,DGJZT_DG_59_3,,,191.1,,,,,100,,,,15.067,,,20,0.093,58,,,,,Acq,,,,,,,,,,,,,,,30,,0225-DGJZT-DG-YIN-DMRM-POS.d,,Find by MRM,,
227,DGJZT_DG_59_1,,,191.1,,,,,100,,,,15.05,,,32,0.16,150,,,,,Acq,,,,,,,,,,,,,,,30,,0225-DGJZT-DG-YIN-DMRM-POS.d,,Find by MRM,,
228,DGJZT_DG_59_2,,,191.1,,,,,100,,,,15.067,,,31,0.166,162,,,,,Acq,,,,,,,,,,,,,,,30,,0225-DGJZT-DG-YIN-DMRM-POS.d,,Find by MRM,,
229,DGJZT_DG_58_2,,,412.2,,,,,100,,,,15.323,,,14,0.108,63,,,,,Acq,,,,,,,,,,,,,,,30,,0225-DGJZT-DG-YIN-DMRM-POS.d,,Find by MRM,,
230,DGJZT_DG_52_1,,,381.2,,,,,100,,,,15.091,,,389,0.454,3867,,,,,Acq,,,,,,,,,,,,,,,30,,0225-DGJZT-DG-YIN-DMRM-POS.d,,Find by MRM,,
231,DGJZT_DG_52_2,,,381.2,,,,,100,,,,15.092,,,47,0.182,198,,,,,Acq,,,,,,,,,,,,,,,30,,0225-DGJZT-DG-YIN-DMRM-POS.d,,Find by MRM,,
232,DGJZT_GZ_27_1,,,448.3,,,,,100,,,,15.127,,,14126,0.419,93746,,,,,Acq,,,,,,,,,,,,,,,30,,0225-DGJZT-DG-YIN-DMRM-POS.d,,Find by MRM,,
233,DGJZT_GZ_27_2,,,448.3,,,,,100,,,,15.119,,,605,0.402,4405,,,,,Acq,,,,,,,,,,,,,,,30,,0225-DGJZT-DG-YIN-DMRM-POS.d,,Find by MRM,,
234,DGJZT_DG_61_1,,,381.2,,,,,100,,,,15.106,,,317,0.338,2937,,,,,Acq,,,,,,,,,,,,,,,30,,0225-DGJZT-DG-YIN-DMRM-POS.d,,Find by MRM,,
235,DGJZT_DG_61_3,,,381.2,,,,,100,,,,15.123,,,51,0.292,365,,,,,Acq,,,,,,,,,,,,,,,30,,0225-DGJZT-DG-YIN-DMRM-POS.d,,Find by MRM,,
236,DGJZT_DG_61_2,,,381.2,,,,,100,,,,15.124,,,78,0.281,510,,,,,Acq,,,,,,,,,,,,,,,30,,0225-DGJZT-DG-YIN-DMRM-POS.d,,Find by MRM,,
237,DGJZT_SJ_17_1,,,432.3,,,,,100,,,,15.203,,,10672,0.386,75055,,,,,Acq,,,,,,,,,,,,,,,30,,0225-DGJZT-DG-YIN-DMRM-POS.d,,Find by MRM,,
238,DGJZT_SJ_17_3,,,432.3,,,,,100,,,,15.204,,,3030,0.403,26130,,,,,Acq,,,,,,,,,,,,,,,30,,0225-DGJZT-DG-YIN-DMRM-POS.d,,Find by MRM,,
239,DGJZT_SJ_17_2,,,432.3,,,,,100,,,,15.204,,,12084,0.398,84645,,,,,Acq,,,,,,,,,,,,,,,30,,0225-DGJZT-DG-YIN-DMRM-POS.d,,Find by MRM,,

