﻿#化合物列表: 239 found
#
Cpd,Name,Formula,Purity Result,Precursor,Mass,Diff (ppm),Score (Tgt),Flags (Tgt),Score,Std Dev,Relative Mass Difference (MFG),Base Peak,RT,RT Diff,Target Retention Time Difference,Height,Width,Area,Volume,Vol %,Ions,Saturated,ID Source,Score (MFG),Score (DB),Hit Count,Tgt MFG Hit,FV,Purity Value,Purity Comments,ADC% Area,EIC/TIC% Area,TIC% Area,UVA% Area,Score (Lib),CAS ID,Relative Reference Mass difference,CE,MS/MS Count,File,Notes,Algorithm,Lib/DB
1,DGJZT_CGC_3_1,,,427.2,,,,,100,,,,0.846,,,304,0.188,1467,,,,,Acq,,,,,,,,,,,,,,,30,,0225-DGJZT-CGC-DMRM-POS.d,,Find by MRM,,
2,DGJZT_CGC_2_2,,,265.2,,,,,100,,,,0.831,,,127,0.242,727,,,,,Acq,,,,,,,,,,,,,,,30,,0225-DGJZT-CGC-DMRM-POS.d,,Find by MRM,,
3,DGJZT_CGC_2_1,,,265.2,,,,,100,,,,0.857,,,282,0.206,1363,,,,,Acq,,,,,,,,,,,,,,,30,,0225-DGJZT-CGC-DMRM-POS.d,,Find by MRM,,
4,DGJZT_DZ_4_3,,,437.2,,,,,100,,,,1.019,,,8,0.077,16,,,,,Acq,,,,,,,,,,,,,,,30,,0225-DGJZT-CGC-DMRM-POS.d,,Find by MRM,,
5,DGJZT_DZ_4_1,,,437.2,,,,,100,,,,1.044,,,3,0.074,7,,,,,Acq,,,,,,,,,,,,,,,30,,0225-DGJZT-CGC-DMRM-POS.d,,Find by MRM,,
6,DGJZT_DZ_4_2,,,437.2,,,,,100,,,,1.119,,,16,0.183,81,,,,,Acq,,,,,,,,,,,,,,,30,,0225-DGJZT-CGC-DMRM-POS.d,,Find by MRM,,
7,DGJZT_CGC_3_2,,,427.2,,,,,100,,,,0.853,,,3930,0.19,20995,,,,,Acq,,,,,,,,,,,,,,,30,,0225-DGJZT-CGC-DMRM-POS.d,,Find by MRM,,
8,DGJZT_CGC_3_3,,,427.2,,,,,100,,,,0.854,,,639,0.2,3571,,,,,Acq,,,,,,,,,,,,,,,30,,0225-DGJZT-CGC-DMRM-POS.d,,Find by MRM,,
9,DGJZT_CGC_6_2,,,138.1,,,,,100,,,,1.059,,,195,0.259,1458,,,,,Acq,,,,,,,,,,,,,,,30,,0225-DGJZT-CGC-DMRM-POS.d,,Find by MRM,,
10,DGJZT_CGC_6_1,,,138.1,,,,,100,,,,1.043,,,137,0.302,1047,,,,,Acq,,,,,,,,,,,,,,,30,,0225-DGJZT-CGC-DMRM-POS.d,,Find by MRM,,
11,DGJZT_CGC_6_3,,,138.1,,,,,100,,,,1.06,,,215,0.377,2090,,,,,Acq,,,,,,,,,,,,,,,30,,0225-DGJZT-CGC-DMRM-POS.d,,Find by MRM,,
12,DGJZT_DZ_17_2,,,360.2,,,,,100,,,,1.114,,,36,0.221,184,,,,,Acq,,,,,,,,,,,,,,,30,,0225-DGJZT-CGC-DMRM-POS.d,,Find by MRM,,
13,DGJZT_DZ_17_1,,,360.2,,,,,100,,,,1.09,,,22,0.208,164,,,,,Acq,,,,,,,,,,,,,,,30,,0225-DGJZT-CGC-DMRM-POS.d,,Find by MRM,,
14,DGJZT_DZ_17_3,,,360.2,,,,,100,,,,1.155,,,11,0.136,51,,,,,Acq,,,,,,,,,,,,,,,30,,0225-DGJZT-CGC-DMRM-POS.d,,Find by MRM,,
15,DGJZT_DZ_14_3,,,232.1,,,,,100,,,,1.083,,,19,0.14,105,,,,,Acq,,,,,,,,,,,,,,,30,,0225-DGJZT-CGC-DMRM-POS.d,,Find by MRM,,
16,DGJZT_DZ_14_1,,,232.1,,,,,100,,,,1.075,,,139,0.406,1165,,,,,Acq,,,,,,,,,,,,,,,30,,0225-DGJZT-CGC-DMRM-POS.d,,Find by MRM,,
17,DGJZT_DZ_14_2,,,232.1,,,,,100,,,,1.084,,,53,0.262,370,,,,,Acq,,,,,,,,,,,,,,,30,,0225-DGJZT-CGC-DMRM-POS.d,,Find by MRM,,
18,DGJZT_BS_5_2,,,331.1,,,,,100,,,,1.629,,,12,0.253,62,,,,,Acq,,,,,,,,,,,,,,,30,,0225-DGJZT-CGC-DMRM-POS.d,,Find by MRM,,
19,DGJZT_BS_5_3,,,331.1,,,,,100,,,,1.588,,,7,0.188,33,,,,,Acq,,,,,,,,,,,,,,,30,,0225-DGJZT-CGC-DMRM-POS.d,,Find by MRM,,
20,DGJZT_BS_5_1,,,331.1,,,,,100,,,,1.614,,,18,0.286,140,,,,,Acq,,,,,,,,,,,,,,,30,,0225-DGJZT-CGC-DMRM-POS.d,,Find by MRM,,
21,DGJZT_CGC_10_1,,,163.1,,,,,100,,,,1.593,,,612,0.379,4343,,,,,Acq,,,,,,,,,,,,,,,30,,0225-DGJZT-CGC-DMRM-POS.d,,Find by MRM,,
22,DGJZT_CGC_10_2,,,163.1,,,,,100,,,,1.586,,,452,0.295,3073,,,,,Acq,,,,,,,,,,,,,,,30,,0225-DGJZT-CGC-DMRM-POS.d,,Find by MRM,,
23,DGJZT_DZ_25_1,,,330.2,,,,,100,,,,1.607,,,65,0.416,584,,,,,Acq,,,,,,,,,,,,,,,30,,0225-DGJZT-CGC-DMRM-POS.d,,Find by MRM,,
24,DGJZT_DZ_25_2,,,330.2,,,,,100,,,,1.616,,,38,0.269,234,,,,,Acq,,,,,,,,,,,,,,,30,,0225-DGJZT-CGC-DMRM-POS.d,,Find by MRM,,
25,DGJZT_DZ_25_3,,,330.2,,,,,100,,,,1.5,,,22,0.111,91,,,,,Acq,,,,,,,,,,,,,,,30,,0225-DGJZT-CGC-DMRM-POS.d,,Find by MRM,,
26,DGJZT_DZ_27_3,,,180.1,,,,,100,,,,2.246,,,147,0.404,1209,,,,,Acq,,,,,,,,,,,,,,,30,,0225-DGJZT-CGC-DMRM-POS.d,,Find by MRM,,
27,DGJZT_DZ_27_1,,,180.1,,,,,100,,,,2.241,,,111,0.434,1014,,,,,Acq,,,,,,,,,,,,,,,30,,0225-DGJZT-CGC-DMRM-POS.d,,Find by MRM,,
28,DGJZT_DZ_27_2,,,180.1,,,,,100,,,,2.227,,,10,0.174,55,,,,,Acq,,,,,,,,,,,,,,,30,,0225-DGJZT-CGC-DMRM-POS.d,,Find by MRM,,
29,DGJZT_BS_6_2,,,482.2,,,,,100,,,,2.855,,,3,0.1,8,,,,,Acq,,,,,,,,,,,,,,,30,,0225-DGJZT-CGC-DMRM-POS.d,,Find by MRM,,
30,DGJZT_BS_6_1,,,482.2,,,,,100,,,,2.582,,,4,0.133,18,,,,,Acq,,,,,,,,,,,,,,,30,,0225-DGJZT-CGC-DMRM-POS.d,,Find by MRM,,
31,DGJZT_BS_6_3,,,482.2,,,,,100,,,,2.449,,,2,0.096,5,,,,,Acq,,,,,,,,,,,,,,,30,,0225-DGJZT-CGC-DMRM-POS.d,,Find by MRM,,
32,DGJZT_DG_19_2,,,367.1,,,,,100,,,,3.264,,,952,0.396,10081,,,,,Acq,,,,,,,,,,,,,,,30,,0225-DGJZT-CGC-DMRM-POS.d,,Find by MRM,,
33,DGJZT_DG_19_3,,,367.1,,,,,100,,,,3.257,,,504,0.623,7171,,,,,Acq,,,,,,,,,,,,,,,30,,0225-DGJZT-CGC-DMRM-POS.d,,Find by MRM,,
34,DGJZT_DG_19_1,,,367.1,,,,,100,,,,3.375,,,35,0.258,228,,,,,Acq,,,,,,,,,,,,,,,30,,0225-DGJZT-CGC-DMRM-POS.d,,Find by MRM,,
35,DGJZT_CGC_15_3,,,262.2,,,,,100,,,,3.486,,,4594,0.458,40720,,,,,Acq,,,,,,,,,,,,,,,30,,0225-DGJZT-CGC-DMRM-POS.d,,Find by MRM,,
36,DGJZT_CGC_15_1,,,262.2,,,,,100,,,,3.486,,,13548,0.421,119634,,,,,Acq,,,,,,,,,,,,,,,30,,0225-DGJZT-CGC-DMRM-POS.d,,Find by MRM,,
37,DGJZT_CGC_15_2,,,262.2,,,,,100,,,,3.487,,,17667,0.368,151305,,,,,Acq,,,,,,,,,,,,,,,30,,0225-DGJZT-CGC-DMRM-POS.d,,Find by MRM,,
38,DGJZT_DZ_33_1,,,239.1,,,,,100,,,,3.53,,,175,0.264,1135,,,,,Acq,,,,,,,,,,,,,,,30,,0225-DGJZT-CGC-DMRM-POS.d,,Find by MRM,,
39,DGJZT_DZ_33_2,,,239.1,,,,,100,,,,3.43,,,8,0.092,28,,,,,Acq,,,,,,,,,,,,,,,30,,0225-DGJZT-CGC-DMRM-POS.d,,Find by MRM,,
40,DGJZT_BS_8_2,,,637.3,,,,,100,,,,3.557,,,1,0.125,2,,,,,Acq,,,,,,,,,,,,,,,30,,0225-DGJZT-CGC-DMRM-POS.d,,Find by MRM,,
41,DGJZT_BS_8_3,,,637.3,,,,,100,,,,3.983,,,3,0.088,7,,,,,Acq,,,,,,,,,,,,,,,30,,0225-DGJZT-CGC-DMRM-POS.d,,Find by MRM,,
42,DGJZT_BS_8_1,,,637.3,,,,,100,,,,3.751,,,2,0.127,3,,,,,Acq,,,,,,,,,,,,,,,30,,0225-DGJZT-CGC-DMRM-POS.d,,Find by MRM,,
43,DGJZT_CGC_16_1,,,250.1,,,,,100,,,,3.696,,,979,0.441,8786,,,,,Acq,,,,,,,,,,,,,,,30,,0225-DGJZT-CGC-DMRM-POS.d,,Find by MRM,,
44,DGJZT_CGC_17_1,,,433.1,,,,,100,,,,4.091,,,65693,0.376,457717,,,,,Acq,,,,,,,,,,,,,,,30,,0225-DGJZT-CGC-DMRM-POS.d,,Find by MRM,,
45,DGJZT_CGC_17_2,,,433.1,,,,,100,,,,4.092,,,3496,0.305,23568,,,,,Acq,,,,,,,,,,,,,,,30,,0225-DGJZT-CGC-DMRM-POS.d,,Find by MRM,,
46,DGJZT_CGC_18_3,,,257.1,,,,,100,,,,4.164,,,5598,0.375,47006,,,,,Acq,,,,,,,,,,,,,,,30,,0225-DGJZT-CGC-DMRM-POS.d,,Find by MRM,,
47,DGJZT_CGC_18_1,,,257.1,,,,,100,,,,4.157,,,31567,0.467,283437,,,,,Acq,,,,,,,,,,,,,,,30,,0225-DGJZT-CGC-DMRM-POS.d,,Find by MRM,,
48,DGJZT_CGC_18_2,,,257.1,,,,,100,,,,4.157,,,6436,0.37,55630,,,,,Acq,,,,,,,,,,,,,,,30,,0225-DGJZT-CGC-DMRM-POS.d,,Find by MRM,,
49,DGJZT_DZ_36_2,,,314.2,,,,,100,,,,4.052,,,4,0.081,6,,,,,Acq,,,,,,,,,,,,,,,30,,0225-DGJZT-CGC-DMRM-POS.d,,Find by MRM,,
50,DGJZT_DZ_36_1,,,314.2,,,,,100,,,,4.253,,,13,0.15,43,,,,,Acq,,,,,,,,,,,,,,,30,,0225-DGJZT-CGC-DMRM-POS.d,,Find by MRM,,
51,DGJZT_DG_23_2,,,305.1,,,,,100,,,,4.172,,,4,0.074,11,,,,,Acq,,,,,,,,,,,,,,,30,,0225-DGJZT-CGC-DMRM-POS.d,,Find by MRM,,
52,DGJZT_DZ_36_3,,,314.2,,,,,100,,,,4.218,,,5,0.159,17,,,,,Acq,,,,,,,,,,,,,,,30,,0225-DGJZT-CGC-DMRM-POS.d,,Find by MRM,,
53,DGJZT_DG_23_3,,,305.1,,,,,100,,,,4.37,,,7,0.108,25,,,,,Acq,,,,,,,,,,,,,,,30,,0225-DGJZT-CGC-DMRM-POS.d,,Find by MRM,,
54,DGJZT_DG_23_1,,,305.1,,,,,100,,,,4.088,,,5,0.059,9,,,,,Acq,,,,,,,,,,,,,,,30,,0225-DGJZT-CGC-DMRM-POS.d,,Find by MRM,,
55,DGJZT_DG_25_3,,,144.1,,,,,100,,,,4.449,,,132,0.328,1077,,,,,Acq,,,,,,,,,,,,,,,30,,0225-DGJZT-CGC-DMRM-POS.d,,Find by MRM,,
56,DGJZT_DG_25_2,,,144.1,,,,,100,,,,4.457,,,21,0.415,175,,,,,Acq,,,,,,,,,,,,,,,30,,0225-DGJZT-CGC-DMRM-POS.d,,Find by MRM,,
57,DGJZT_DG_25_1,,,144.1,,,,,100,,,,4.433,,,183,0.282,1305,,,,,Acq,,,,,,,,,,,,,,,30,,0225-DGJZT-CGC-DMRM-POS.d,,Find by MRM,,
58,DGJZT_GZ_5_3,,,328.2,,,,,100,,,,4.818,,,2,0.1,4,,,,,Acq,,,,,,,,,,,,,,,30,,0225-DGJZT-CGC-DMRM-POS.d,,Find by MRM,,
59,DGJZT_GZ_5_1,,,328.2,,,,,100,,,,4.905,,,10,0.201,50,,,,,Acq,,,,,,,,,,,,,,,30,,0225-DGJZT-CGC-DMRM-POS.d,,Find by MRM,,
60,DGJZT_GZ_5_2,,,328.2,,,,,100,,,,5.006,,,3,0.096,9,,,,,Acq,,,,,,,,,,,,,,,30,,0225-DGJZT-CGC-DMRM-POS.d,,Find by MRM,,
61,DGJZT_BS_12_3,,,481.2,,,,,100,,,,5.078,,,30,0.308,214,,,,,Acq,,,,,,,,,,,,,,,30,,0225-DGJZT-CGC-DMRM-POS.d,,Find by MRM,,
62,DGJZT_BS_12_1,,,481.2,,,,,100,,,,5.095,,,340,0.378,2884,,,,,Acq,,,,,,,,,,,,,,,30,,0225-DGJZT-CGC-DMRM-POS.d,,Find by MRM,,
63,DGJZT_BS_10_3,,,319.1,,,,,100,,,,5.148,,,4,0.125,21,,,,,Acq,,,,,,,,,,,,,,,30,,0225-DGJZT-CGC-DMRM-POS.d,,Find by MRM,,
64,DGJZT_BS_10_2,,,319.1,,,,,100,,,,5.091,,,68,0.392,589,,,,,Acq,,,,,,,,,,,,,,,30,,0225-DGJZT-CGC-DMRM-POS.d,,Find by MRM,,
65,DGJZT_BS_10_1,,,319.1,,,,,100,,,,5.1,,,52,0.267,366,,,,,Acq,,,,,,,,,,,,,,,30,,0225-DGJZT-CGC-DMRM-POS.d,,Find by MRM,,
66,DGJZT_BS_12_2,,,481.2,,,,,100,,,,5.094,,,120,0.369,1006,,,,,Acq,,,,,,,,,,,,,,,30,,0225-DGJZT-CGC-DMRM-POS.d,,Find by MRM,,
67,DGJZT_BS_11_2,,,197.1,,,,,100,,,,5.067,,,7,0.084,21,,,,,Acq,,,,,,,,,,,,,,,30,,0225-DGJZT-CGC-DMRM-POS.d,,Find by MRM,,
68,DGJZT_BS_11_1,,,197.1,,,,,100,,,,4.918,,,109,0.126,403,,,,,Acq,,,,,,,,,,,,,,,30,,0225-DGJZT-CGC-DMRM-POS.d,,Find by MRM,,
69,DGJZT_BS_21_1,,,503.2,,,,,100,,,,5.495,,,16,0.239,117,,,,,Acq,,,,,,,,,,,,,,,30,,0225-DGJZT-CGC-DMRM-POS.d,,Find by MRM,,
70,DGJZT_BS_21_2,,,503.2,,,,,100,,,,5.531,,,18,0.243,126,,,,,Acq,,,,,,,,,,,,,,,30,,0225-DGJZT-CGC-DMRM-POS.d,,Find by MRM,,
71,DGJZT_DZ_38_2,,,314.2,,,,,100,,,,5.92,,,3,0.096,7,,,,,Acq,,,,,,,,,,,,,,,30,,0225-DGJZT-CGC-DMRM-POS.d,,Find by MRM,,
72,DGJZT_DZ_38_3,,,314.2,,,,,100,,,,6.014,,,4,0.101,13,,,,,Acq,,,,,,,,,,,,,,,30,,0225-DGJZT-CGC-DMRM-POS.d,,Find by MRM,,
73,DGJZT_DZ_38_1,,,314.2,,,,,100,,,,5.84,,,5,0.081,12,,,,,Acq,,,,,,,,,,,,,,,30,,0225-DGJZT-CGC-DMRM-POS.d,,Find by MRM,,
74,DGJZT_DZ_40_1,,,162.1,,,,,100,,,,6.075,,,49,0.329,413,,,,,Acq,,,,,,,,,,,,,,,30,,0225-DGJZT-CGC-DMRM-POS.d,,Find by MRM,,
75,DGJZT_DZ_40_3,,,162.1,,,,,100,,,,6.059,,,72,0.399,735,,,,,Acq,,,,,,,,,,,,,,,30,,0225-DGJZT-CGC-DMRM-POS.d,,Find by MRM,,
76,DGJZT_DZ_40_2,,,162.1,,,,,100,,,,6.094,,,330,0.407,3238,,,,,Acq,,,,,,,,,,,,,,,30,,0225-DGJZT-CGC-DMRM-POS.d,,Find by MRM,,
77,DGJZT_GZ_7_2,,,249.1,,,,,100,,,,6.563,,,48,0.326,573,,,,,Acq,,,,,,,,,,,,,,,30,,0225-DGJZT-CGC-DMRM-POS.d,,Find by MRM,,
78,DGJZT_GZ_7_1,,,249.1,,,,,100,,,,6.406,,,26,0.368,288,,,,,Acq,,,,,,,,,,,,,,,30,,0225-DGJZT-CGC-DMRM-POS.d,,Find by MRM,,
79,DGJZT_GZ_7_3,,,249.1,,,,,100,,,,6.55,,,21,0.337,329,,,,,Acq,,,,,,,,,,,,,,,30,,0225-DGJZT-CGC-DMRM-POS.d,,Find by MRM,,
80,DGJZT_BS_24_1,,,771.1,,,,,100,,,,6.957,,,1237,0.467,14693,,,,,Acq,,,,,,,,,,,,,,,30,,0225-DGJZT-CGC-DMRM-POS.d,,Find by MRM,,
81,DGJZT_BS_24_2,,,771.1,,,,,100,,,,6.975,,,17,0.356,165,,,,,Acq,,,,,,,,,,,,,,,30,,0225-DGJZT-CGC-DMRM-POS.d,,Find by MRM,,
82,DGJZT_BS_24_3,,,771.1,,,,,100,,,,6.905,,,1,0.086,4,,,,,Acq,,,,,,,,,,,,,,,30,,0225-DGJZT-CGC-DMRM-POS.d,,Find by MRM,,
83,DGJZT_DZ_42_2,,,639.3,,,,,100,,,,7.145,,,2,0.141,3,,,,,Acq,,,,,,,,,,,,,,,30,,0225-DGJZT-CGC-DMRM-POS.d,,Find by MRM,,
84,DGJZT_DZ_42_1,,,639.3,,,,,100,,,,7.295,,,0,0.088,1,,,,,Acq,,,,,,,,,,,,,,,30,,0225-DGJZT-CGC-DMRM-POS.d,,Find by MRM,,
85,DGJZT_DZ_42_3,,,639.3,,,,,100,,,,7.085,,,2,0.19,5,,,,,Acq,,,,,,,,,,,,,,,30,,0225-DGJZT-CGC-DMRM-POS.d,,Find by MRM,,
86,DGJZT_BS_25_2,,,633.2,,,,,100,,,,7.548,,,13,0.27,95,,,,,Acq,,,,,,,,,,,,,,,30,,0225-DGJZT-CGC-DMRM-POS.d,,Find by MRM,,
87,DGJZT_BS_25_3,,,633.2,,,,,100,,,,7.517,,,5,0.215,28,,,,,Acq,,,,,,,,,,,,,,,30,,0225-DGJZT-CGC-DMRM-POS.d,,Find by MRM,,
88,DGJZT_BS_25_1,,,633.2,,,,,100,,,,7.57,,,18,0.43,172,,,,,Acq,,,,,,,,,,,,,,,30,,0225-DGJZT-CGC-DMRM-POS.d,,Find by MRM,,
89,DGJZT_DZ_43_3,,,673.3,,,,,100,,,,8.158,,,2,0.1,5,,,,,Acq,,,,,,,,,,,,,,,30,,0225-DGJZT-CGC-DMRM-POS.d,,Find by MRM,,
90,DGJZT_DZ_43_1,,,673.3,,,,,100,,,,7.85,,,3,0.208,16,,,,,Acq,,,,,,,,,,,,,,,30,,0225-DGJZT-CGC-DMRM-POS.d,,Find by MRM,,
91,DGJZT_DZ_43_2,,,673.3,,,,,100,,,,8.074,,,0,0.159,1,,,,,Acq,,,,,,,,,,,,,,,30,,0225-DGJZT-CGC-DMRM-POS.d,,Find by MRM,,
92,DGJZT_CGC_30_2,,,273.1,,,,,100,,,,8.012,,,7510,0.398,67172,,,,,Acq,,,,,,,,,,,,,,,30,,0225-DGJZT-CGC-DMRM-POS.d,,Find by MRM,,
93,DGJZT_CGC_30_1,,,273.1,,,,,100,,,,8.011,,,25030,0.393,226237,,,,,Acq,,,,,,,,,,,,,,,30,,0225-DGJZT-CGC-DMRM-POS.d,,Find by MRM,,
94,DGJZT_CGC_30_3,,,273.1,,,,,100,,,,8.013,,,6079,0.436,56121,,,,,Acq,,,,,,,,,,,,,,,30,,0225-DGJZT-CGC-DMRM-POS.d,,Find by MRM,,
95,DGJZT_CGC_31_3,,,301.1,,,,,100,,,,8.076,,,5711,0.442,57336,,,,,Acq,,,,,,,,,,,,,,,30,,0225-DGJZT-CGC-DMRM-POS.d,,Find by MRM,,
96,DGJZT_CGC_31_2,,,301.1,,,,,100,,,,8.06,,,4125,0.399,38661,,,,,Acq,,,,,,,,,,,,,,,30,,0225-DGJZT-CGC-DMRM-POS.d,,Find by MRM,,
97,DGJZT_CGC_31_1,,,301.1,,,,,100,,,,8.061,,,5223,0.383,50723,,,,,Acq,,,,,,,,,,,,,,,30,,0225-DGJZT-CGC-DMRM-POS.d,,Find by MRM,,
98,DGJZT_DG_30_3,,,207.1,,,,,100,,,,8.206,,,6,0.079,14,,,,,Acq,,,,,,,,,,,,,,,30,,0225-DGJZT-CGC-DMRM-POS.d,,Find by MRM,,
99,DGJZT_DG_30_1,,,207.1,,,,,100,,,,8.098,,,21,0.28,136,,,,,Acq,,,,,,,,,,,,,,,30,,0225-DGJZT-CGC-DMRM-POS.d,,Find by MRM,,
100,DGJZT_DG_30_2,,,207.1,,,,,100,,,,8.09,,,7,0.081,19,,,,,Acq,,,,,,,,,,,,,,,30,,0225-DGJZT-CGC-DMRM-POS.d,,Find by MRM,,
101,DGJZT_CGC_35_3,,,257.1,,,,,100,,,,8.631,,,1782,0.303,15780,,,,,Acq,,,,,,,,,,,,,,,30,,0225-DGJZT-CGC-DMRM-POS.d,,Find by MRM,,
102,DGJZT_CGC_35_2,,,257.1,,,,,100,,,,8.633,,,2127,0.261,16902,,,,,Acq,,,,,,,,,,,,,,,30,,0225-DGJZT-CGC-DMRM-POS.d,,Find by MRM,,
103,DGJZT_CGC_34_2,,,551.2,,,,,100,,,,8.617,,,66737,0.305,566414,,,,,Acq,,,,,,,,,,,,,,,30,,0225-DGJZT-CGC-DMRM-POS.d,,Find by MRM,,
104,DGJZT_CGC_34_3,,,551.2,,,,,100,,,,8.618,,,4975,0.289,39188,,,,,Acq,,,,,,,,,,,,,,,30,,0225-DGJZT-CGC-DMRM-POS.d,,Find by MRM,,
105,DGJZT_CGC_33_3,,,419.1,,,,,100,,,,8.62,,,10317,0.322,88380,,,,,Acq,,,,,,,,,,,,,,,30,,0225-DGJZT-CGC-DMRM-POS.d,,Find by MRM,,
106,DGJZT_CGC_33_2,,,419.1,,,,,100,,,,8.613,,,3873,0.358,33243,,,,,Acq,,,,,,,,,,,,,,,30,,0225-DGJZT-CGC-DMRM-POS.d,,Find by MRM,,
107,DGJZT_CGC_33_1,,,419.1,,,,,100,,,,8.614,,,6627,0.328,54515,,,,,Acq,,,,,,,,,,,,,,,30,,0225-DGJZT-CGC-DMRM-POS.d,,Find by MRM,,
108,DGJZT_CGC_34_1,,,551.2,,,,,100,,,,8.619,,,7537,0.295,58491,,,,,Acq,,,,,,,,,,,,,,,30,,0225-DGJZT-CGC-DMRM-POS.d,,Find by MRM,,
109,DGJZT_CGC_35_1,,,257.1,,,,,100,,,,8.632,,,9985,0.309,86537,,,,,Acq,,,,,,,,,,,,,,,30,,0225-DGJZT-CGC-DMRM-POS.d,,Find by MRM,,
110,DGJZT_CGC_36_1,,,431.1,,,,,100,,,,8.993,,,150719,0.427,1477364,,,,,Acq,,,,,,,,,,,,,,,30,,0225-DGJZT-CGC-DMRM-POS.d,,Find by MRM,,
111,DGJZT_CGC_36_3,,,431.1,,,,,100,,,,8.986,,,300,0.324,2511,,,,,Acq,,,,,,,,,,,,,,,30,,0225-DGJZT-CGC-DMRM-POS.d,,Find by MRM,,
112,DGJZT_CGC_37_1,,,269.1,,,,,100,,,,9.005,,,855,0.437,8405,,,,,Acq,,,,,,,,,,,,,,,30,,0225-DGJZT-CGC-DMRM-POS.d,,Find by MRM,,
113,DGJZT_CGC_37_2,,,269.1,,,,,100,,,,9.014,,,1617,0.433,16348,,,,,Acq,,,,,,,,,,,,,,,30,,0225-DGJZT-CGC-DMRM-POS.d,,Find by MRM,,
114,DGJZT_CGC_36_2,,,431.1,,,,,100,,,,9.002,,,1059,0.449,10715,,,,,Acq,,,,,,,,,,,,,,,30,,0225-DGJZT-CGC-DMRM-POS.d,,Find by MRM,,
115,DGJZT_CGC_37_3,,,269.1,,,,,100,,,,8.998,,,259,0.504,2473,,,,,Acq,,,,,,,,,,,,,,,30,,0225-DGJZT-CGC-DMRM-POS.d,,Find by MRM,,
116,DGJZT_CGC_38_3,,,257.1,,,,,100,,,,9.074,,,2386,0.368,23833,,,,,Acq,,,,,,,,,,,,,,,30,,0225-DGJZT-CGC-DMRM-POS.d,,Find by MRM,,
117,DGJZT_CGC_38_2,,,257.1,,,,,100,,,,9.075,,,2787,0.423,30131,,,,,Acq,,,,,,,,,,,,,,,30,,0225-DGJZT-CGC-DMRM-POS.d,,Find by MRM,,
118,DGJZT_CGC_39_3,,,419.1,,,,,100,,,,9.079,,,67236,0.256,526063,,,,,Acq,,,,,,,,,,,,,,,30,,0225-DGJZT-CGC-DMRM-POS.d,,Find by MRM,,
119,DGJZT_CGC_39_2,,,419.1,,,,,100,,,,9.079,,,26032,0.306,219355,,,,,Acq,,,,,,,,,,,,,,,30,,0225-DGJZT-CGC-DMRM-POS.d,,Find by MRM,,
120,DGJZT_CGC_39_1,,,419.1,,,,,100,,,,9.08,,,48635,0.337,431082,,,,,Acq,,,,,,,,,,,,,,,30,,0225-DGJZT-CGC-DMRM-POS.d,,Find by MRM,,
121,DGJZT_CGC_38_1,,,257.1,,,,,100,,,,9.066,,,13136,0.394,131291,,,,,Acq,,,,,,,,,,,,,,,30,,0225-DGJZT-CGC-DMRM-POS.d,,Find by MRM,,
122,DGJZT_DG_32_3,,,207.1,,,,,100,,,,9.193,,,28,0.09,85,,,,,Acq,,,,,,,,,,,,,,,30,,0225-DGJZT-CGC-DMRM-POS.d,,Find by MRM,,
123,DGJZT_DG_32_1,,,207.1,,,,,100,,,,9.235,,,15,0.15,70,,,,,Acq,,,,,,,,,,,,,,,30,,0225-DGJZT-CGC-DMRM-POS.d,,Find by MRM,,
124,DGJZT_DG_32_2,,,207.1,,,,,100,,,,9.177,,,37,0.217,275,,,,,Acq,,,,,,,,,,,,,,,30,,0225-DGJZT-CGC-DMRM-POS.d,,Find by MRM,,
125,DGJZT_CGC_40_3,,,419.1,,,,,100,,,,9.345,,,19499,0.523,198246,,,,,Acq,,,,,,,,,,,,,,,30,,0225-DGJZT-CGC-DMRM-POS.d,,Find by MRM,,
126,DGJZT_CGC_40_2,,,419.1,,,,,100,,,,9.346,,,6433,0.36,60242,,,,,Acq,,,,,,,,,,,,,,,30,,0225-DGJZT-CGC-DMRM-POS.d,,Find by MRM,,
127,DGJZT_CGC_40_1,,,419.1,,,,,100,,,,9.347,,,12344,0.532,123796,,,,,Acq,,,,,,,,,,,,,,,30,,0225-DGJZT-CGC-DMRM-POS.d,,Find by MRM,,
128,DGJZT_CGC_42_2,,,287.1,,,,,100,,,,9.757,,,1844,0.429,16835,,,,,Acq,,,,,,,,,,,,,,,30,,0225-DGJZT-CGC-DMRM-POS.d,,Find by MRM,,
129,DGJZT_CGC_42_1,,,287.1,,,,,100,,,,9.767,,,26520,0.413,243724,,,,,Acq,,,,,,,,,,,,,,,30,,0225-DGJZT-CGC-DMRM-POS.d,,Find by MRM,,
130,DGJZT_CGC_42_3,,,287.1,,,,,100,,,,9.761,,,3261,0.669,32203,,,,,Acq,,,,,,,,,,,,,,,30,,0225-DGJZT-CGC-DMRM-POS.d,,Find by MRM,,
131,DGJZT_CGC_43_3,,,257.1,,,,,100,,,,10.065,,,16898,0.425,153170,,,,,Acq,,,,,,,,,,,,,,,30,,0225-DGJZT-CGC-DMRM-POS.d,,Find by MRM,,
132,DGJZT_CGC_43_1,,,257.1,,,,,100,,,,10.067,,,90911,0.604,880760,,,,,Acq,,,,,,,,,,,,,,,30,,0225-DGJZT-CGC-DMRM-POS.d,,Find by MRM,,
133,DGJZT_CGC_43_2,,,257.1,,,,,100,,,,10.069,,,20575,0.598,198611,,,,,Acq,,,,,,,,,,,,,,,30,,0225-DGJZT-CGC-DMRM-POS.d,,Find by MRM,,
134,DGJZT_CGC_77_1,,,437.3,,,,,100,,,,12.276,,,532,0.211,3687,,,,,Acq,,,,,,,,,,,,,,,30,,0225-DGJZT-CGC-DMRM-POS.d,,Find by MRM,,
135,DGJZT_CGC_77_3,,,437.3,,,,,100,,,,12.484,,,573,0.27,4903,,,,,Acq,,,,,,,,,,,,,,,30,,0225-DGJZT-CGC-DMRM-POS.d,,Find by MRM,,
136,DGJZT_CGC_77_2,,,437.3,,,,,100,,,,12.468,,,530,0.247,3871,,,,,Acq,,,,,,,,,,,,,,,30,,0225-DGJZT-CGC-DMRM-POS.d,,Find by MRM,,
137,DGJZT_CGC_79_1,,,823.4,,,,,100,,,,12.566,,,1025,0.32,9072,,,,,Acq,,,,,,,,,,,,,,,30,,0225-DGJZT-CGC-DMRM-POS.d,,Find by MRM,,
138,DGJZT_DG_34_3,,,205.1,,,,,100,,,,12.588,,,10,0.159,38,,,,,Acq,,,,,,,,,,,,,,,30,,0225-DGJZT-CGC-DMRM-POS.d,,Find by MRM,,
139,DGJZT_DG_34_1,,,205.1,,,,,100,,,,12.748,,,20,0.188,111,,,,,Acq,,,,,,,,,,,,,,,30,,0225-DGJZT-CGC-DMRM-POS.d,,Find by MRM,,
140,DGJZT_DG_34_2,,,205.1,,,,,100,,,,12.588,,,6,0.066,15,,,,,Acq,,,,,,,,,,,,,,,30,,0225-DGJZT-CGC-DMRM-POS.d,,Find by MRM,,
141,DGJZT_SJ_11_2,,,457.3,,,,,100,,,,12.516,,,12,0.046,22,,,,,Acq,,,,,,,,,,,,,,,30,,0225-DGJZT-CGC-DMRM-POS.d,,Find by MRM,,
142,DGJZT_SJ_10_2,,,277.2,,,,,100,,,,12.637,,,180,0.31,1255,,,,,Acq,,,,,,,,,,,,,,,30,,0225-DGJZT-CGC-DMRM-POS.d,,Find by MRM,,
143,DGJZT_SJ_10_1,,,277.2,,,,,100,,,,12.629,,,113,0.226,730,,,,,Acq,,,,,,,,,,,,,,,30,,0225-DGJZT-CGC-DMRM-POS.d,,Find by MRM,,
144,DGJZT_SJ_10_3,,,277.2,,,,,100,,,,12.646,,,37,0.187,186,,,,,Acq,,,,,,,,,,,,,,,30,,0225-DGJZT-CGC-DMRM-POS.d,,Find by MRM,,
145,DGJZT_SJ_9_3,,,177.1,,,,,100,,,,12.622,,,34,0.238,240,,,,,Acq,,,,,,,,,,,,,,,30,,0225-DGJZT-CGC-DMRM-POS.d,,Find by MRM,,
146,DGJZT_SJ_9_2,,,177.1,,,,,100,,,,12.623,,,214,0.22,1414,,,,,Acq,,,,,,,,,,,,,,,30,,0225-DGJZT-CGC-DMRM-POS.d,,Find by MRM,,
147,DGJZT_SJ_9_1,,,177.1,,,,,100,,,,12.631,,,374,0.234,2070,,,,,Acq,,,,,,,,,,,,,,,30,,0225-DGJZT-CGC-DMRM-POS.d,,Find by MRM,,
148,DGJZT_SJ_8_3,,,145.1,,,,,100,,,,12.699,,,14,0.059,36,,,,,Acq,,,,,,,,,,,,,,,30,,0225-DGJZT-CGC-DMRM-POS.d,,Find by MRM,,
149,DGJZT_SJ_8_1,,,145.1,,,,,100,,,,12.632,,,56,0.2,269,,,,,Acq,,,,,,,,,,,,,,,30,,0225-DGJZT-CGC-DMRM-POS.d,,Find by MRM,,
150,DGJZT_SJ_11_3,,,457.3,,,,,100,,,,12.792,,,17,0.217,82,,,,,Acq,,,,,,,,,,,,,,,30,,0225-DGJZT-CGC-DMRM-POS.d,,Find by MRM,,
151,DGJZT_SJ_11_1,,,457.3,,,,,100,,,,12.843,,,6,0.098,17,,,,,Acq,,,,,,,,,,,,,,,30,,0225-DGJZT-CGC-DMRM-POS.d,,Find by MRM,,
152,DGJZT_CGC_83_1,,,369.1,,,,,100,,,,12.736,,,3505,0.332,31311,,,,,Acq,,,,,,,,,,,,,,,30,,0225-DGJZT-CGC-DMRM-POS.d,,Find by MRM,,
153,DGJZT_SJ_8_2,,,145.1,,,,,100,,,,12.632,,,5,0.118,14,,,,,Acq,,,,,,,,,,,,,,,30,,0225-DGJZT-CGC-DMRM-POS.d,,Find by MRM,,
154,DGJZT_CGC_83_3,,,369.1,,,,,100,,,,12.735,,,3813,0.379,35583,,,,,Acq,,,,,,,,,,,,,,,30,,0225-DGJZT-CGC-DMRM-POS.d,,Find by MRM,,
155,DGJZT_CGC_83_2,,,369.1,,,,,100,,,,12.769,,,3251,0.402,29534,,,,,Acq,,,,,,,,,,,,,,,30,,0225-DGJZT-CGC-DMRM-POS.d,,Find by MRM,,
156,DGJZT_CGC_80_1,,,353.1,,,,,100,,,,12.712,,,10422,0.321,76283,,,,,Acq,,,,,,,,,,,,,,,30,,0225-DGJZT-CGC-DMRM-POS.d,,Find by MRM,,
157,DGJZT_CGC_87_1,,,299.1,,,,,100,,,,12.958,,,2394,0.323,16755,,,,,Acq,,,,,,,,,,,,,,,30,,0225-DGJZT-CGC-DMRM-POS.d,,Find by MRM,,
158,DGJZT_CGC_87_2,,,299.1,,,,,100,,,,13,,,542,0.284,3902,,,,,Acq,,,,,,,,,,,,,,,30,,0225-DGJZT-CGC-DMRM-POS.d,,Find by MRM,,
159,DGJZT_CGC_86_3,,,353.1,,,,,100,,,,13.028,,,53379,0.343,381230,,,,,Acq,,,,,,,,,,,,,,,30,,0225-DGJZT-CGC-DMRM-POS.d,,Find by MRM,,
160,DGJZT_CGC_86_2,,,353.1,,,,,100,,,,12.879,,,44,0.057,100,,,,,Acq,,,,,,,,,,,,,,,30,,0225-DGJZT-CGC-DMRM-POS.d,,Find by MRM,,
161,DGJZT_CGC_86_1,,,353.1,,,,,100,,,,13.021,,,49920,0.363,363362,,,,,Acq,,,,,,,,,,,,,,,30,,0225-DGJZT-CGC-DMRM-POS.d,,Find by MRM,,
162,DGJZT_CGC_91_3,,,355.1,,,,,100,,,,13.262,,,115565,0.285,783207,,,,,Acq,,,,,,,,,,,,,,,30,,0225-DGJZT-CGC-DMRM-POS.d,,Find by MRM,,
163,DGJZT_CGC_87_3,,,299.1,,,,,100,,,,13.259,,,2054,0.266,13864,,,,,Acq,,,,,,,,,,,,,,,30,,0225-DGJZT-CGC-DMRM-POS.d,,Find by MRM,,
164,DGJZT_CGC_92_3,,,383.2,,,,,100,,,,13.329,,,1498,0.36,11233,,,,,Acq,,,,,,,,,,,,,,,30,,0225-DGJZT-CGC-DMRM-POS.d,,Find by MRM,,
165,DGJZT_DG_37_3,,,193.1,,,,,100,,,,13.284,,,6,0.108,18,,,,,Acq,,,,,,,,,,,,,,,30,,0225-DGJZT-CGC-DMRM-POS.d,,Find by MRM,,
166,DGJZT_DG_37_2,,,193.1,,,,,100,,,,13.552,,,18,0.519,203,,,,,Acq,,,,,,,,,,,,,,,30,,0225-DGJZT-CGC-DMRM-POS.d,,Find by MRM,,
167,DGJZT_DG_37_1,,,193.1,,,,,100,,,,13.277,,,20,0.149,102,,,,,Acq,,,,,,,,,,,,,,,30,,0225-DGJZT-CGC-DMRM-POS.d,,Find by MRM,,
168,DGJZT_CGC_91_2,,,355.1,,,,,100,,,,13.314,,,41401,0.426,313534,,,,,Acq,,,,,,,,,,,,,,,30,,0225-DGJZT-CGC-DMRM-POS.d,,Find by MRM,,
169,DGJZT_CGC_91_1,,,355.1,,,,,100,,,,13.331,,,50501,0.393,388117,,,,,Acq,,,,,,,,,,,,,,,30,,0225-DGJZT-CGC-DMRM-POS.d,,Find by MRM,,
170,DGJZT_CGC_93_3,,,327.1,,,,,100,,,,13.315,,,364,0.366,2930,,,,,Acq,,,,,,,,,,,,,,,30,,0225-DGJZT-CGC-DMRM-POS.d,,Find by MRM,,
171,DGJZT_CGC_92_2,,,383.2,,,,,100,,,,13.328,,,1652,0.393,12520,,,,,Acq,,,,,,,,,,,,,,,30,,0225-DGJZT-CGC-DMRM-POS.d,,Find by MRM,,
172,DGJZT_CGC_92_1,,,383.2,,,,,100,,,,13.328,,,1675,0.41,11723,,,,,Acq,,,,,,,,,,,,,,,30,,0225-DGJZT-CGC-DMRM-POS.d,,Find by MRM,,
173,DGJZT_CGC_93_2,,,327.1,,,,,100,,,,13.324,,,237,0.432,1687,,,,,Acq,,,,,,,,,,,,,,,30,,0225-DGJZT-CGC-DMRM-POS.d,,Find by MRM,,
174,DGJZT_CGC_97_2,,,337.1,,,,,100,,,,13.763,,,3927,0.323,25185,,,,,Acq,,,,,,,,,,,,,,,30,,0225-DGJZT-CGC-DMRM-POS.d,,Find by MRM,,
175,DGJZT_CGC_97_1,,,337.1,,,,,100,,,,13.756,,,3579,0.378,24744,,,,,Acq,,,,,,,,,,,,,,,30,,0225-DGJZT-CGC-DMRM-POS.d,,Find by MRM,,
176,DGJZT_CGC_98_3,,,317.1,,,,,100,,,,13.773,,,5992,0.348,40317,,,,,Acq,,,,,,,,,,,,,,,30,,0225-DGJZT-CGC-DMRM-POS.d,,Find by MRM,,
177,DGJZT_CGC_98_1,,,317.1,,,,,100,,,,13.765,,,8631,0.393,59499,,,,,Acq,,,,,,,,,,,,,,,30,,0225-DGJZT-CGC-DMRM-POS.d,,Find by MRM,,
178,DGJZT_CGC_98_2,,,317.1,,,,,100,,,,13.782,,,1337,0.401,9579,,,,,Acq,,,,,,,,,,,,,,,30,,0225-DGJZT-CGC-DMRM-POS.d,,Find by MRM,,
179,DGJZT_CGC_97_3,,,337.1,,,,,100,,,,13.755,,,176,0.228,1195,,,,,Acq,,,,,,,,,,,,,,,30,,0225-DGJZT-CGC-DMRM-POS.d,,Find by MRM,,
180,DGJZT_DG_41_1,,,189.1,,,,,100,,,,13.893,,,168,0.217,1028,,,,,Acq,,,,,,,,,,,,,,,30,,0225-DGJZT-CGC-DMRM-POS.d,,Find by MRM,,
181,DGJZT_DG_41_2,,,189.1,,,,,100,,,,13.843,,,37,0.127,143,,,,,Acq,,,,,,,,,,,,,,,30,,0225-DGJZT-CGC-DMRM-POS.d,,Find by MRM,,
182,DGJZT_DG_41_3,,,189.1,,,,,100,,,,13.885,,,48,0.208,256,,,,,Acq,,,,,,,,,,,,,,,30,,0225-DGJZT-CGC-DMRM-POS.d,,Find by MRM,,
183,DGJZT_SJ_13_3,,,177.1,,,,,100,,,,13.877,,,8,0.16,32,,,,,Acq,,,,,,,,,,,,,,,30,,0225-DGJZT-CGC-DMRM-POS.d,,Find by MRM,,
184,DGJZT_SJ_13_2,,,177.1,,,,,100,,,,13.919,,,31,0.21,224,,,,,Acq,,,,,,,,,,,,,,,30,,0225-DGJZT-CGC-DMRM-POS.d,,Find by MRM,,
185,DGJZT_SJ_13_1,,,177.1,,,,,100,,,,14.012,,,15,0.155,90,,,,,Acq,,,,,,,,,,,,,,,30,,0225-DGJZT-CGC-DMRM-POS.d,,Find by MRM,,
186,DGJZT_CGC_100_2,,,383.1,,,,,100,,,,13.972,,,8290,0.403,62871,,,,,Acq,,,,,,,,,,,,,,,30,,0225-DGJZT-CGC-DMRM-POS.d,,Find by MRM,,
187,DGJZT_CGC_100_1,,,383.1,,,,,100,,,,13.964,,,635,0.345,4813,,,,,Acq,,,,,,,,,,,,,,,30,,0225-DGJZT-CGC-DMRM-POS.d,,Find by MRM,,
188,DGJZT_DG_47_3,,,191.1,,,,,100,,,,14.001,,,49,0.163,203,,,,,Acq,,,,,,,,,,,,,,,30,,0225-DGJZT-CGC-DMRM-POS.d,,Find by MRM,,
189,DGJZT_DG_47_1,,,191.1,,,,,100,,,,13.993,,,106,0.216,632,,,,,Acq,,,,,,,,,,,,,,,30,,0225-DGJZT-CGC-DMRM-POS.d,,Find by MRM,,
190,DGJZT_DG_47_2,,,191.1,,,,,100,,,,14.002,,,75,0.258,580,,,,,Acq,,,,,,,,,,,,,,,30,,0225-DGJZT-CGC-DMRM-POS.d,,Find by MRM,,
191,DGJZT_DG_45_3,,,145.1,,,,,100,,,,14.021,,,12,0.143,40,,,,,Acq,,,,,,,,,,,,,,,30,,0225-DGJZT-CGC-DMRM-POS.d,,Find by MRM,,
192,DGJZT_DG_45_1,,,145.1,,,,,100,,,,13.845,,,21,0.151,97,,,,,Acq,,,,,,,,,,,,,,,30,,0225-DGJZT-CGC-DMRM-POS.d,,Find by MRM,,
193,DGJZT_DG_45_2,,,145.1,,,,,100,,,,13.996,,,17,0.156,82,,,,,Acq,,,,,,,,,,,,,,,30,,0225-DGJZT-CGC-DMRM-POS.d,,Find by MRM,,
194,DGJZT_CGC_100_3,,,383.1,,,,,100,,,,13.972,,,1417,0.343,9968,,,,,Acq,,,,,,,,,,,,,,,30,,0225-DGJZT-CGC-DMRM-POS.d,,Find by MRM,,
195,DGJZT_CGC_101_2,,,371.2,,,,,100,,,,14.194,,,26978,0.411,191042,,,,,Acq,,,,,,,,,,,,,,,30,,0225-DGJZT-CGC-DMRM-POS.d,,Find by MRM,,
196,DGJZT_CGC_101_3,,,371.2,,,,,100,,,,14.211,,,970,0.362,7387,,,,,Acq,,,,,,,,,,,,,,,30,,0225-DGJZT-CGC-DMRM-POS.d,,Find by MRM,,
197,DGJZT_CGC_103_1,,,425.2,,,,,100,,,,14.24,,,13151,0.373,91188,,,,,Acq,,,,,,,,,,,,,,,30,,0225-DGJZT-CGC-DMRM-POS.d,,Find by MRM,,
198,DGJZT_CGC_103_2,,,425.2,,,,,100,,,,14.232,,,32452,0.407,233338,,,,,Acq,,,,,,,,,,,,,,,30,,0225-DGJZT-CGC-DMRM-POS.d,,Find by MRM,,
199,DGJZT_CGC_103_3,,,425.2,,,,,100,,,,14.241,,,16289,0.208,101609,,,,,Acq,,,,,,,,,,,,,,,30,,0225-DGJZT-CGC-DMRM-POS.d,,Find by MRM,,
200,DGJZT_CGC_101_1,,,371.2,,,,,100,,,,14.203,,,26378,0.489,228507,,,,,Acq,,,,,,,,,,,,,,,30,,0225-DGJZT-CGC-DMRM-POS.d,,Find by MRM,,
201,DGJZT_SJ_14_1,,,404.2,,,,,100,,,,14.277,,,10,0.286,75,,,,,Acq,,,,,,,,,,,,,,,30,,0225-DGJZT-CGC-DMRM-POS.d,,Find by MRM,,
202,DGJZT_SJ_14_3,,,404.2,,,,,100,,,,14.286,,,4,0.06,9,,,,,Acq,,,,,,,,,,,,,,,30,,0225-DGJZT-CGC-DMRM-POS.d,,Find by MRM,,
203,DGJZT_SJ_14_2,,,404.2,,,,,100,,,,14.278,,,16,0.153,79,,,,,Acq,,,,,,,,,,,,,,,30,,0225-DGJZT-CGC-DMRM-POS.d,,Find by MRM,,
204,DGJZT_CGC_106_2,,,423.2,,,,,100,,,,14.484,,,45772,0.347,363501,,,,,Acq,,,,,,,,,,,,,,,30,,0225-DGJZT-CGC-DMRM-POS.d,,Find by MRM,,
205,DGJZT_CGC_106_1,,,423.2,,,,,100,,,,14.734,,,336,0.197,2063,,,,,Acq,,,,,,,,,,,,,,,30,,0225-DGJZT-CGC-DMRM-POS.d,,Find by MRM,,
206,DGJZT_DG_49_3,,,191.1,,,,,100,,,,14.889,,,32,0.059,29,,,,,Acq,,,,,,,,,,,,,,,30,,0225-DGJZT-CGC-DMRM-POS.d,,Find by MRM,,
207,DGJZT_DG_49_1,,,191.1,,,,,100,,,,14.881,,,36,0.074,90,,,,,Acq,,,,,,,,,,,,,,,30,,0225-DGJZT-CGC-DMRM-POS.d,,Find by MRM,,
208,DGJZT_DG_49_2,,,191.1,,,,,100,,,,14.765,,,9,0.065,17,,,,,Acq,,,,,,,,,,,,,,,30,,0225-DGJZT-CGC-DMRM-POS.d,,Find by MRM,,
209,DGJZT_GZ_24_1,,,279.1,,,,,100,,,,14.721,,,22,0.286,184,,,,,Acq,,,,,,,,,,,,,,,30,,0225-DGJZT-CGC-DMRM-POS.d,,Find by MRM,,
210,DGJZT_GZ_24_3,,,279.1,,,,,100,,,,14.763,,,6,0.278,32,,,,,Acq,,,,,,,,,,,,,,,30,,0225-DGJZT-CGC-DMRM-POS.d,,Find by MRM,,
211,DGJZT_CGC_106_3,,,423.2,,,,,100,,,,14.725,,,3926,0.31,26035,,,,,Acq,,,,,,,,,,,,,,,30,,0225-DGJZT-CGC-DMRM-POS.d,,Find by MRM,,
212,DGJZT_GZ_24_2,,,279.1,,,,,100,,,,14.88,,,29,0.05,50,,,,,Acq,,,,,,,,,,,,,,,30,,0225-DGJZT-CGC-DMRM-POS.d,,Find by MRM,,
213,DGJZT_GZ_25_2,,,309.2,,,,,100,,,,14.811,,,13,0.145,48,,,,,Acq,,,,,,,,,,,,,,,30,,0225-DGJZT-CGC-DMRM-POS.d,,Find by MRM,,
214,DGJZT_GZ_25_3,,,309.2,,,,,100,,,,14.627,,,1,0.141,3,,,,,Acq,,,,,,,,,,,,,,,30,,0225-DGJZT-CGC-DMRM-POS.d,,Find by MRM,,
215,DGJZT_GZ_25_1,,,309.2,,,,,100,,,,14.778,,,49,0.175,231,,,,,Acq,,,,,,,,,,,,,,,30,,0225-DGJZT-CGC-DMRM-POS.d,,Find by MRM,,
216,DGJZT_SJ_16_3,,,177.1,,,,,100,,,,14.782,,,16,0.089,37,,,,,Acq,,,,,,,,,,,,,,,30,,0225-DGJZT-CGC-DMRM-POS.d,,Find by MRM,,
217,DGJZT_SJ_16_2,,,177.1,,,,,100,,,,14.816,,,24,0.176,113,,,,,Acq,,,,,,,,,,,,,,,30,,0225-DGJZT-CGC-DMRM-POS.d,,Find by MRM,,
218,DGJZT_SJ_16_1,,,177.1,,,,,100,,,,14.9,,,15,0.171,69,,,,,Acq,,,,,,,,,,,,,,,30,,0225-DGJZT-CGC-DMRM-POS.d,,Find by MRM,,
219,DGJZT_DG_50_2,,,412.3,,,,,100,,,,14.777,,,2,0.133,6,,,,,Acq,,,,,,,,,,,,,,,30,,0225-DGJZT-CGC-DMRM-POS.d,,Find by MRM,,
220,DGJZT_DG_50_1,,,412.3,,,,,100,,,,15.062,,,115,0.261,804,,,,,Acq,,,,,,,,,,,,,,,30,,0225-DGJZT-CGC-DMRM-POS.d,,Find by MRM,,
221,DGJZT_DG_50_3,,,412.3,,,,,100,,,,15.129,,,15,0.134,57,,,,,Acq,,,,,,,,,,,,,,,30,,0225-DGJZT-CGC-DMRM-POS.d,,Find by MRM,,
222,DGJZT_DG_52_3,,,381.2,,,,,100,,,,15.1,,,61,0.292,517,,,,,Acq,,,,,,,,,,,,,,,30,,0225-DGJZT-CGC-DMRM-POS.d,,Find by MRM,,
223,DGJZT_DG_58_1,,,412.2,,,,,100,,,,15.08,,,119,0.331,899,,,,,Acq,,,,,,,,,,,,,,,30,,0225-DGJZT-CGC-DMRM-POS.d,,Find by MRM,,
224,DGJZT_DG_58_3,,,412.2,,,,,100,,,,15.029,,,18,0.11,53,,,,,Acq,,,,,,,,,,,,,,,30,,0225-DGJZT-CGC-DMRM-POS.d,,Find by MRM,,
225,DGJZT_DG_55_2,,,363.2,,,,,100,,,,15.251,,,3,0.108,6,,,,,Acq,,,,,,,,,,,,,,,30,,0225-DGJZT-CGC-DMRM-POS.d,,Find by MRM,,
226,DGJZT_DG_59_3,,,191.1,,,,,100,,,,14.966,,,30,0.118,96,,,,,Acq,,,,,,,,,,,,,,,30,,0225-DGJZT-CGC-DMRM-POS.d,,Find by MRM,,
227,DGJZT_DG_59_1,,,191.1,,,,,100,,,,15.042,,,53,0.143,309,,,,,Acq,,,,,,,,,,,,,,,30,,0225-DGJZT-CGC-DMRM-POS.d,,Find by MRM,,
228,DGJZT_DG_59_2,,,191.1,,,,,100,,,,15.059,,,38,0.235,339,,,,,Acq,,,,,,,,,,,,,,,30,,0225-DGJZT-CGC-DMRM-POS.d,,Find by MRM,,
229,DGJZT_DG_58_2,,,412.2,,,,,100,,,,15.273,,,5,0.132,13,,,,,Acq,,,,,,,,,,,,,,,30,,0225-DGJZT-CGC-DMRM-POS.d,,Find by MRM,,
230,DGJZT_DG_52_1,,,381.2,,,,,100,,,,15.099,,,350,0.479,3448,,,,,Acq,,,,,,,,,,,,,,,30,,0225-DGJZT-CGC-DMRM-POS.d,,Find by MRM,,
231,DGJZT_DG_52_2,,,381.2,,,,,100,,,,15.1,,,39,0.177,188,,,,,Acq,,,,,,,,,,,,,,,30,,0225-DGJZT-CGC-DMRM-POS.d,,Find by MRM,,
232,DGJZT_GZ_27_1,,,448.3,,,,,100,,,,15.127,,,1499,0.398,10709,,,,,Acq,,,,,,,,,,,,,,,30,,0225-DGJZT-CGC-DMRM-POS.d,,Find by MRM,,
233,DGJZT_GZ_27_2,,,448.3,,,,,100,,,,15.094,,,79,0.284,541,,,,,Acq,,,,,,,,,,,,,,,30,,0225-DGJZT-CGC-DMRM-POS.d,,Find by MRM,,
234,DGJZT_DG_61_1,,,381.2,,,,,100,,,,15.106,,,353,0.389,2828,,,,,Acq,,,,,,,,,,,,,,,30,,0225-DGJZT-CGC-DMRM-POS.d,,Find by MRM,,
235,DGJZT_DG_61_3,,,381.2,,,,,100,,,,15.132,,,47,0.208,321,,,,,Acq,,,,,,,,,,,,,,,30,,0225-DGJZT-CGC-DMRM-POS.d,,Find by MRM,,
236,DGJZT_DG_61_2,,,381.2,,,,,100,,,,15.141,,,55,0.239,301,,,,,Acq,,,,,,,,,,,,,,,30,,0225-DGJZT-CGC-DMRM-POS.d,,Find by MRM,,
237,DGJZT_SJ_17_1,,,432.3,,,,,100,,,,15.195,,,17,0.252,86,,,,,Acq,,,,,,,,,,,,,,,30,,0225-DGJZT-CGC-DMRM-POS.d,,Find by MRM,,
238,DGJZT_SJ_17_3,,,432.3,,,,,100,,,,15.237,,,15,0.101,45,,,,,Acq,,,,,,,,,,,,,,,30,,0225-DGJZT-CGC-DMRM-POS.d,,Find by MRM,,
239,DGJZT_SJ_17_2,,,432.3,,,,,100,,,,15.17,,,14,0.21,90,,,,,Acq,,,,,,,,,,,,,,,30,,0225-DGJZT-CGC-DMRM-POS.d,,Find by MRM,,

