﻿#化合物列表: 239 found
#
Cpd,Name,Formula,Purity Result,Precursor,Mass,Diff (ppm),Score (Tgt),Flags (Tgt),Score,Std Dev,Relative Mass Difference (MFG),Base Peak,RT,RT Diff,Target Retention Time Difference,Height,Width,Area,Volume,Vol %,Ions,Saturated,ID Source,Score (MFG),Score (DB),Hit Count,Tgt MFG Hit,FV,Purity Value,Purity Comments,ADC% Area,EIC/TIC% Area,TIC% Area,UVA% Area,Score (Lib),CAS ID,Relative Reference Mass difference,CE,MS/MS Count,File,Notes,Algorithm,Lib/DB
1,DGJZT_CGC_3_1,,,427.2,,,,,100,,,,1.029,,,5,0.117,19,,,,,Acq,,,,,,,,,,,,,,,30,,0225-DGJZT-BS-DMRM-POS.d,,Find by MRM,,
2,DGJZT_CGC_2_2,,,265.2,,,,,100,,,,0.814,,,6,0.066,12,,,,,Acq,,,,,,,,,,,,,,,30,,0225-DGJZT-BS-DMRM-POS.d,,Find by MRM,,
3,DGJZT_CGC_2_1,,,265.2,,,,,100,,,,0.857,,,154,0.215,738,,,,,Acq,,,,,,,,,,,,,,,30,,0225-DGJZT-BS-DMRM-POS.d,,Find by MRM,,
4,DGJZT_DZ_4_3,,,437.2,,,,,100,,,,0.868,,,4,0.151,14,,,,,Acq,,,,,,,,,,,,,,,30,,0225-DGJZT-BS-DMRM-POS.d,,Find by MRM,,
5,DGJZT_DZ_4_1,,,437.2,,,,,100,,,,1.086,,,16,0.059,13,,,,,Acq,,,,,,,,,,,,,,,30,,0225-DGJZT-BS-DMRM-POS.d,,Find by MRM,,
6,DGJZT_DZ_4_2,,,437.2,,,,,100,,,,1.095,,,8,0.141,33,,,,,Acq,,,,,,,,,,,,,,,30,,0225-DGJZT-BS-DMRM-POS.d,,Find by MRM,,
7,DGJZT_CGC_3_2,,,427.2,,,,,100,,,,0.837,,,13,0.157,59,,,,,Acq,,,,,,,,,,,,,,,30,,0225-DGJZT-BS-DMRM-POS.d,,Find by MRM,,
8,DGJZT_CGC_3_3,,,427.2,,,,,100,,,,1.021,,,12,0.142,40,,,,,Acq,,,,,,,,,,,,,,,30,,0225-DGJZT-BS-DMRM-POS.d,,Find by MRM,,
9,DGJZT_CGC_6_2,,,138.1,,,,,100,,,,1.158,,,13,0.216,78,,,,,Acq,,,,,,,,,,,,,,,30,,0225-DGJZT-BS-DMRM-POS.d,,Find by MRM,,
10,DGJZT_CGC_6_1,,,138.1,,,,,100,,,,0.842,,,22,0.096,83,,,,,Acq,,,,,,,,,,,,,,,30,,0225-DGJZT-BS-DMRM-POS.d,,Find by MRM,,
11,DGJZT_CGC_6_3,,,138.1,,,,,100,,,,1.227,,,20,0.184,159,,,,,Acq,,,,,,,,,,,,,,,30,,0225-DGJZT-BS-DMRM-POS.d,,Find by MRM,,
12,DGJZT_DZ_17_2,,,360.2,,,,,100,,,,1.047,,,8,0.132,30,,,,,Acq,,,,,,,,,,,,,,,30,,0225-DGJZT-BS-DMRM-POS.d,,Find by MRM,,
13,DGJZT_DZ_17_1,,,360.2,,,,,100,,,,0.905,,,10,0.133,37,,,,,Acq,,,,,,,,,,,,,,,30,,0225-DGJZT-BS-DMRM-POS.d,,Find by MRM,,
14,DGJZT_DZ_17_3,,,360.2,,,,,100,,,,1.163,,,6,0.159,26,,,,,Acq,,,,,,,,,,,,,,,30,,0225-DGJZT-BS-DMRM-POS.d,,Find by MRM,,
15,DGJZT_DZ_14_3,,,232.1,,,,,100,,,,1.139,,,9,0.098,27,,,,,Acq,,,,,,,,,,,,,,,30,,0225-DGJZT-BS-DMRM-POS.d,,Find by MRM,,
16,DGJZT_DZ_14_1,,,232.1,,,,,100,,,,1.1,,,19,0.459,278,,,,,Acq,,,,,,,,,,,,,,,30,,0225-DGJZT-BS-DMRM-POS.d,,Find by MRM,,
17,DGJZT_DZ_14_2,,,232.1,,,,,100,,,,1.017,,,11,0.098,28,,,,,Acq,,,,,,,,,,,,,,,30,,0225-DGJZT-BS-DMRM-POS.d,,Find by MRM,,
18,DGJZT_BS_5_2,,,331.1,,,,,100,,,,1.587,,,1763,0.379,11714,,,,,Acq,,,,,,,,,,,,,,,30,,0225-DGJZT-BS-DMRM-POS.d,,Find by MRM,,
19,DGJZT_BS_5_3,,,331.1,,,,,100,,,,1.596,,,1286,0.318,8550,,,,,Acq,,,,,,,,,,,,,,,30,,0225-DGJZT-BS-DMRM-POS.d,,Find by MRM,,
20,DGJZT_BS_5_1,,,331.1,,,,,100,,,,1.589,,,2266,0.351,15336,,,,,Acq,,,,,,,,,,,,,,,30,,0225-DGJZT-BS-DMRM-POS.d,,Find by MRM,,
21,DGJZT_CGC_10_1,,,163.1,,,,,100,,,,1.618,,,4,0.125,17,,,,,Acq,,,,,,,,,,,,,,,30,,0225-DGJZT-BS-DMRM-POS.d,,Find by MRM,,
22,DGJZT_CGC_10_2,,,163.1,,,,,100,,,,1.628,,,5,0.096,16,,,,,Acq,,,,,,,,,,,,,,,30,,0225-DGJZT-BS-DMRM-POS.d,,Find by MRM,,
23,DGJZT_DZ_25_1,,,330.2,,,,,100,,,,1.615,,,7,0.101,19,,,,,Acq,,,,,,,,,,,,,,,30,,0225-DGJZT-BS-DMRM-POS.d,,Find by MRM,,
24,DGJZT_DZ_25_2,,,330.2,,,,,100,,,,1.491,,,19,0.095,62,,,,,Acq,,,,,,,,,,,,,,,30,,0225-DGJZT-BS-DMRM-POS.d,,Find by MRM,,
25,DGJZT_DZ_25_3,,,330.2,,,,,100,,,,1.5,,,78,0.295,525,,,,,Acq,,,,,,,,,,,,,,,30,,0225-DGJZT-BS-DMRM-POS.d,,Find by MRM,,
26,DGJZT_DZ_27_3,,,180.1,,,,,100,,,,2.296,,,7,0.212,45,,,,,Acq,,,,,,,,,,,,,,,30,,0225-DGJZT-BS-DMRM-POS.d,,Find by MRM,,
27,DGJZT_DZ_27_1,,,180.1,,,,,100,,,,2.216,,,9,0.503,141,,,,,Acq,,,,,,,,,,,,,,,30,,0225-DGJZT-BS-DMRM-POS.d,,Find by MRM,,
28,DGJZT_DZ_27_2,,,180.1,,,,,100,,,,2.177,,,7,0.19,56,,,,,Acq,,,,,,,,,,,,,,,30,,0225-DGJZT-BS-DMRM-POS.d,,Find by MRM,,
29,DGJZT_BS_6_2,,,482.2,,,,,100,,,,2.622,,,1915,0.356,14420,,,,,Acq,,,,,,,,,,,,,,,30,,0225-DGJZT-BS-DMRM-POS.d,,Find by MRM,,
30,DGJZT_BS_6_1,,,482.2,,,,,100,,,,2.624,,,17380,0.367,129334,,,,,Acq,,,,,,,,,,,,,,,30,,0225-DGJZT-BS-DMRM-POS.d,,Find by MRM,,
31,DGJZT_BS_6_3,,,482.2,,,,,100,,,,2.626,,,592,0.378,4431,,,,,Acq,,,,,,,,,,,,,,,30,,0225-DGJZT-BS-DMRM-POS.d,,Find by MRM,,
32,DGJZT_DG_19_2,,,367.1,,,,,100,,,,3.256,,,53,0.191,293,,,,,Acq,,,,,,,,,,,,,,,30,,0225-DGJZT-BS-DMRM-POS.d,,Find by MRM,,
33,DGJZT_DG_19_3,,,367.1,,,,,100,,,,3.274,,,37,0.307,304,,,,,Acq,,,,,,,,,,,,,,,30,,0225-DGJZT-BS-DMRM-POS.d,,Find by MRM,,
34,DGJZT_DG_19_1,,,367.1,,,,,100,,,,3.203,,,15,0.346,150,,,,,Acq,,,,,,,,,,,,,,,30,,0225-DGJZT-BS-DMRM-POS.d,,Find by MRM,,
35,DGJZT_CGC_15_3,,,262.2,,,,,100,,,,3.368,,,16,0.172,83,,,,,Acq,,,,,,,,,,,,,,,30,,0225-DGJZT-BS-DMRM-POS.d,,Find by MRM,,
36,DGJZT_CGC_15_1,,,262.2,,,,,100,,,,3.595,,,5,0.1,14,,,,,Acq,,,,,,,,,,,,,,,30,,0225-DGJZT-BS-DMRM-POS.d,,Find by MRM,,
37,DGJZT_CGC_15_2,,,262.2,,,,,100,,,,3.554,,,8,0.193,43,,,,,Acq,,,,,,,,,,,,,,,30,,0225-DGJZT-BS-DMRM-POS.d,,Find by MRM,,
38,DGJZT_DZ_33_1,,,239.1,,,,,100,,,,3.53,,,924,0.403,6733,,,,,Acq,,,,,,,,,,,,,,,30,,0225-DGJZT-BS-DMRM-POS.d,,Find by MRM,,
39,DGJZT_DZ_33_2,,,239.1,,,,,100,,,,3.497,,,6,0.163,35,,,,,Acq,,,,,,,,,,,,,,,30,,0225-DGJZT-BS-DMRM-POS.d,,Find by MRM,,
40,DGJZT_BS_8_2,,,637.3,,,,,100,,,,3.74,,,191,0.319,1357,,,,,Acq,,,,,,,,,,,,,,,30,,0225-DGJZT-BS-DMRM-POS.d,,Find by MRM,,
41,DGJZT_BS_8_3,,,637.3,,,,,100,,,,3.741,,,233,0.383,1901,,,,,Acq,,,,,,,,,,,,,,,30,,0225-DGJZT-BS-DMRM-POS.d,,Find by MRM,,
42,DGJZT_BS_8_1,,,637.3,,,,,100,,,,3.743,,,358,0.28,2432,,,,,Acq,,,,,,,,,,,,,,,30,,0225-DGJZT-BS-DMRM-POS.d,,Find by MRM,,
43,DGJZT_CGC_16_1,,,250.1,,,,,100,,,,3.554,,,7,0.114,22,,,,,Acq,,,,,,,,,,,,,,,30,,0225-DGJZT-BS-DMRM-POS.d,,Find by MRM,,
44,DGJZT_CGC_17_1,,,433.1,,,,,100,,,,4.116,,,19,0.215,133,,,,,Acq,,,,,,,,,,,,,,,30,,0225-DGJZT-BS-DMRM-POS.d,,Find by MRM,,
45,DGJZT_CGC_17_2,,,433.1,,,,,100,,,,4.092,,,5,0.159,16,,,,,Acq,,,,,,,,,,,,,,,30,,0225-DGJZT-BS-DMRM-POS.d,,Find by MRM,,
46,DGJZT_CGC_18_3,,,257.1,,,,,100,,,,4.322,,,7,0.1,27,,,,,Acq,,,,,,,,,,,,,,,30,,0225-DGJZT-BS-DMRM-POS.d,,Find by MRM,,
47,DGJZT_CGC_18_1,,,257.1,,,,,100,,,,4.056,,,127,0.364,1005,,,,,Acq,,,,,,,,,,,,,,,30,,0225-DGJZT-BS-DMRM-POS.d,,Find by MRM,,
48,DGJZT_CGC_18_2,,,257.1,,,,,100,,,,4.256,,,6,0.149,31,,,,,Acq,,,,,,,,,,,,,,,30,,0225-DGJZT-BS-DMRM-POS.d,,Find by MRM,,
49,DGJZT_DZ_36_2,,,314.2,,,,,100,,,,4.244,,,6,0.158,21,,,,,Acq,,,,,,,,,,,,,,,30,,0225-DGJZT-BS-DMRM-POS.d,,Find by MRM,,
50,DGJZT_DZ_36_1,,,314.2,,,,,100,,,,4.211,,,11,0.066,32,,,,,Acq,,,,,,,,,,,,,,,30,,0225-DGJZT-BS-DMRM-POS.d,,Find by MRM,,
51,DGJZT_DG_23_2,,,305.1,,,,,100,,,,4.164,,,4,0.099,17,,,,,Acq,,,,,,,,,,,,,,,30,,0225-DGJZT-BS-DMRM-POS.d,,Find by MRM,,
52,DGJZT_DZ_36_3,,,314.2,,,,,100,,,,4.251,,,1,0.183,1,,,,,Acq,,,,,,,,,,,,,,,30,,0225-DGJZT-BS-DMRM-POS.d,,Find by MRM,,
53,DGJZT_DG_23_3,,,305.1,,,,,100,,,,4.228,,,11,0.125,51,,,,,Acq,,,,,,,,,,,,,,,30,,0225-DGJZT-BS-DMRM-POS.d,,Find by MRM,,
54,DGJZT_DG_23_1,,,305.1,,,,,100,,,,4.204,,,8,0.083,24,,,,,Acq,,,,,,,,,,,,,,,30,,0225-DGJZT-BS-DMRM-POS.d,,Find by MRM,,
55,DGJZT_DG_25_3,,,144.1,,,,,100,,,,4.449,,,16,0.298,131,,,,,Acq,,,,,,,,,,,,,,,30,,0225-DGJZT-BS-DMRM-POS.d,,Find by MRM,,
56,DGJZT_DG_25_2,,,144.1,,,,,100,,,,4.408,,,6,0.09,19,,,,,Acq,,,,,,,,,,,,,,,30,,0225-DGJZT-BS-DMRM-POS.d,,Find by MRM,,
57,DGJZT_DG_25_1,,,144.1,,,,,100,,,,4.433,,,22,0.414,214,,,,,Acq,,,,,,,,,,,,,,,30,,0225-DGJZT-BS-DMRM-POS.d,,Find by MRM,,
58,DGJZT_GZ_5_3,,,328.2,,,,,100,,,,4.904,,,2,0.169,5,,,,,Acq,,,,,,,,,,,,,,,30,,0225-DGJZT-BS-DMRM-POS.d,,Find by MRM,,
59,DGJZT_GZ_5_1,,,328.2,,,,,100,,,,5.115,,,12,0.06,9,,,,,Acq,,,,,,,,,,,,,,,30,,0225-DGJZT-BS-DMRM-POS.d,,Find by MRM,,
60,DGJZT_GZ_5_2,,,328.2,,,,,100,,,,4.714,,,1,0.152,4,,,,,Acq,,,,,,,,,,,,,,,30,,0225-DGJZT-BS-DMRM-POS.d,,Find by MRM,,
61,DGJZT_BS_12_3,,,481.2,,,,,100,,,,5.095,,,32381,0.391,323436,,,,,Acq,,,,,,,,,,,,,,,30,,0225-DGJZT-BS-DMRM-POS.d,,Find by MRM,,
62,DGJZT_BS_12_1,,,481.2,,,,,100,,,,5.095,,,525830,0.412,5231320,,,,,Acq,,,,,,,,,,,,,,,30,,0225-DGJZT-BS-DMRM-POS.d,,Find by MRM,,
63,DGJZT_BS_10_3,,,319.1,,,,,100,,,,5.098,,,4939,0.44,50801,,,,,Acq,,,,,,,,,,,,,,,30,,0225-DGJZT-BS-DMRM-POS.d,,Find by MRM,,
64,DGJZT_BS_10_2,,,319.1,,,,,100,,,,5.099,,,82068,0.432,822657,,,,,Acq,,,,,,,,,,,,,,,30,,0225-DGJZT-BS-DMRM-POS.d,,Find by MRM,,
65,DGJZT_BS_10_1,,,319.1,,,,,100,,,,5.1,,,72351,0.433,727642,,,,,Acq,,,,,,,,,,,,,,,30,,0225-DGJZT-BS-DMRM-POS.d,,Find by MRM,,
66,DGJZT_BS_12_2,,,481.2,,,,,100,,,,5.104,,,177875,0.664,1876730,,,,,Acq,,,,,,,,,,,,,,,30,,0225-DGJZT-BS-DMRM-POS.d,,Find by MRM,,
67,DGJZT_BS_11_2,,,197.1,,,,,100,,,,5.101,,,11418,0.416,111839,,,,,Acq,,,,,,,,,,,,,,,30,,0225-DGJZT-BS-DMRM-POS.d,,Find by MRM,,
68,DGJZT_BS_11_1,,,197.1,,,,,100,,,,5.101,,,10043,0.419,98798,,,,,Acq,,,,,,,,,,,,,,,30,,0225-DGJZT-BS-DMRM-POS.d,,Find by MRM,,
69,DGJZT_BS_21_1,,,503.2,,,,,100,,,,5.603,,,294,0.133,6344,,,,,Acq,,,,,,,,,,,,,,,30,,0225-DGJZT-BS-DMRM-POS.d,,Find by MRM,,
70,DGJZT_BS_21_2,,,503.2,,,,,100,,,,5.162,,,373,0.328,4041,,,,,Acq,,,,,,,,,,,,,,,30,,0225-DGJZT-BS-DMRM-POS.d,,Find by MRM,,
71,DGJZT_DZ_38_2,,,314.2,,,,,100,,,,5.795,,,2,0.095,5,,,,,Acq,,,,,,,,,,,,,,,30,,0225-DGJZT-BS-DMRM-POS.d,,Find by MRM,,
72,DGJZT_DZ_38_3,,,314.2,,,,,100,,,,5.905,,,4,0.117,13,,,,,Acq,,,,,,,,,,,,,,,30,,0225-DGJZT-BS-DMRM-POS.d,,Find by MRM,,
73,DGJZT_DZ_38_1,,,314.2,,,,,100,,,,5.84,,,10,0.321,94,,,,,Acq,,,,,,,,,,,,,,,30,,0225-DGJZT-BS-DMRM-POS.d,,Find by MRM,,
74,DGJZT_DZ_40_1,,,162.1,,,,,100,,,,6.033,,,8,0.168,34,,,,,Acq,,,,,,,,,,,,,,,30,,0225-DGJZT-BS-DMRM-POS.d,,Find by MRM,,
75,DGJZT_DZ_40_3,,,162.1,,,,,100,,,,6.076,,,8,0.187,55,,,,,Acq,,,,,,,,,,,,,,,30,,0225-DGJZT-BS-DMRM-POS.d,,Find by MRM,,
76,DGJZT_DZ_40_2,,,162.1,,,,,100,,,,6.118,,,32,0.304,291,,,,,Acq,,,,,,,,,,,,,,,30,,0225-DGJZT-BS-DMRM-POS.d,,Find by MRM,,
77,DGJZT_GZ_7_2,,,249.1,,,,,100,,,,6.413,,,19,0.309,185,,,,,Acq,,,,,,,,,,,,,,,30,,0225-DGJZT-BS-DMRM-POS.d,,Find by MRM,,
78,DGJZT_GZ_7_1,,,249.1,,,,,100,,,,6.373,,,10,0.159,45,,,,,Acq,,,,,,,,,,,,,,,30,,0225-DGJZT-BS-DMRM-POS.d,,Find by MRM,,
79,DGJZT_GZ_7_3,,,249.1,,,,,100,,,,6.391,,,7,0.402,108,,,,,Acq,,,,,,,,,,,,,,,30,,0225-DGJZT-BS-DMRM-POS.d,,Find by MRM,,
80,DGJZT_BS_24_1,,,771.1,,,,,100,,,,6.957,,,201038,0.417,2245249,,,,,Acq,,,,,,,,,,,,,,,30,,0225-DGJZT-BS-DMRM-POS.d,,Find by MRM,,
81,DGJZT_BS_24_2,,,771.1,,,,,100,,,,6.959,,,2092,0.386,22037,,,,,Acq,,,,,,,,,,,,,,,30,,0225-DGJZT-BS-DMRM-POS.d,,Find by MRM,,
82,DGJZT_BS_24_3,,,771.1,,,,,100,,,,6.964,,,166,0.533,2027,,,,,Acq,,,,,,,,,,,,,,,30,,0225-DGJZT-BS-DMRM-POS.d,,Find by MRM,,
83,DGJZT_DZ_42_2,,,639.3,,,,,100,,,,7.111,,,2,0.142,4,,,,,Acq,,,,,,,,,,,,,,,30,,0225-DGJZT-BS-DMRM-POS.d,,Find by MRM,,
84,DGJZT_DZ_42_1,,,639.3,,,,,100,,,,7.079,,,0,0.09,1,,,,,Acq,,,,,,,,,,,,,,,30,,0225-DGJZT-BS-DMRM-POS.d,,Find by MRM,,
85,DGJZT_DZ_42_3,,,639.3,,,,,100,,,,7.316,,,0,0.069,1,,,,,Acq,,,,,,,,,,,,,,,30,,0225-DGJZT-BS-DMRM-POS.d,,Find by MRM,,
86,DGJZT_BS_25_2,,,633.2,,,,,100,,,,7.573,,,27715,0.4,245134,,,,,Acq,,,,,,,,,,,,,,,30,,0225-DGJZT-BS-DMRM-POS.d,,Find by MRM,,
87,DGJZT_BS_25_3,,,633.2,,,,,100,,,,7.567,,,2099,0.389,18016,,,,,Acq,,,,,,,,,,,,,,,30,,0225-DGJZT-BS-DMRM-POS.d,,Find by MRM,,
88,DGJZT_BS_25_1,,,633.2,,,,,100,,,,7.57,,,30830,0.389,267203,,,,,Acq,,,,,,,,,,,,,,,30,,0225-DGJZT-BS-DMRM-POS.d,,Find by MRM,,
89,DGJZT_DZ_43_3,,,673.3,,,,,100,,,,7.799,,,0,0.064,0,,,,,Acq,,,,,,,,,,,,,,,30,,0225-DGJZT-BS-DMRM-POS.d,,Find by MRM,,
90,DGJZT_DZ_43_1,,,673.3,,,,,100,,,,7.809,,,3,0.066,5,,,,,Acq,,,,,,,,,,,,,,,30,,0225-DGJZT-BS-DMRM-POS.d,,Find by MRM,,
91,DGJZT_DZ_43_2,,,673.3,,,,,100,,,,7.974,,,1,0.092,2,,,,,Acq,,,,,,,,,,,,,,,30,,0225-DGJZT-BS-DMRM-POS.d,,Find by MRM,,
92,DGJZT_CGC_30_2,,,273.1,,,,,100,,,,7.88,,,183,0.385,1780,,,,,Acq,,,,,,,,,,,,,,,30,,0225-DGJZT-BS-DMRM-POS.d,,Find by MRM,,
93,DGJZT_CGC_30_1,,,273.1,,,,,100,,,,7.903,,,596,0.276,4820,,,,,Acq,,,,,,,,,,,,,,,30,,0225-DGJZT-BS-DMRM-POS.d,,Find by MRM,,
94,DGJZT_CGC_30_3,,,273.1,,,,,100,,,,7.881,,,142,0.282,1241,,,,,Acq,,,,,,,,,,,,,,,30,,0225-DGJZT-BS-DMRM-POS.d,,Find by MRM,,
95,DGJZT_CGC_31_3,,,301.1,,,,,100,,,,8.06,,,9,0.113,30,,,,,Acq,,,,,,,,,,,,,,,30,,0225-DGJZT-BS-DMRM-POS.d,,Find by MRM,,
96,DGJZT_CGC_31_2,,,301.1,,,,,100,,,,7.943,,,8,0.08,18,,,,,Acq,,,,,,,,,,,,,,,30,,0225-DGJZT-BS-DMRM-POS.d,,Find by MRM,,
97,DGJZT_CGC_31_1,,,301.1,,,,,100,,,,7.986,,,2,0.095,5,,,,,Acq,,,,,,,,,,,,,,,30,,0225-DGJZT-BS-DMRM-POS.d,,Find by MRM,,
98,DGJZT_DG_30_3,,,207.1,,,,,100,,,,8.047,,,14,0.209,84,,,,,Acq,,,,,,,,,,,,,,,30,,0225-DGJZT-BS-DMRM-POS.d,,Find by MRM,,
99,DGJZT_DG_30_1,,,207.1,,,,,100,,,,8.039,,,49,0.301,522,,,,,Acq,,,,,,,,,,,,,,,30,,0225-DGJZT-BS-DMRM-POS.d,,Find by MRM,,
100,DGJZT_DG_30_2,,,207.1,,,,,100,,,,8.124,,,5,0.168,27,,,,,Acq,,,,,,,,,,,,,,,30,,0225-DGJZT-BS-DMRM-POS.d,,Find by MRM,,
101,DGJZT_CGC_35_3,,,257.1,,,,,100,,,,8.523,,,4,0.167,19,,,,,Acq,,,,,,,,,,,,,,,30,,0225-DGJZT-BS-DMRM-POS.d,,Find by MRM,,
102,DGJZT_CGC_35_2,,,257.1,,,,,100,,,,8.566,,,6,0.117,22,,,,,Acq,,,,,,,,,,,,,,,30,,0225-DGJZT-BS-DMRM-POS.d,,Find by MRM,,
103,DGJZT_CGC_34_2,,,551.2,,,,,100,,,,8.634,,,21,0.194,106,,,,,Acq,,,,,,,,,,,,,,,30,,0225-DGJZT-BS-DMRM-POS.d,,Find by MRM,,
104,DGJZT_CGC_34_3,,,551.2,,,,,100,,,,8.66,,,6,0.075,15,,,,,Acq,,,,,,,,,,,,,,,30,,0225-DGJZT-BS-DMRM-POS.d,,Find by MRM,,
105,DGJZT_CGC_33_3,,,419.1,,,,,100,,,,8.628,,,6,0.159,37,,,,,Acq,,,,,,,,,,,,,,,30,,0225-DGJZT-BS-DMRM-POS.d,,Find by MRM,,
106,DGJZT_CGC_33_2,,,419.1,,,,,100,,,,8.604,,,4,0.097,14,,,,,Acq,,,,,,,,,,,,,,,30,,0225-DGJZT-BS-DMRM-POS.d,,Find by MRM,,
107,DGJZT_CGC_33_1,,,419.1,,,,,100,,,,8.697,,,6,0.056,10,,,,,Acq,,,,,,,,,,,,,,,30,,0225-DGJZT-BS-DMRM-POS.d,,Find by MRM,,
108,DGJZT_CGC_34_1,,,551.2,,,,,100,,,,8.602,,,4,0.125,16,,,,,Acq,,,,,,,,,,,,,,,30,,0225-DGJZT-BS-DMRM-POS.d,,Find by MRM,,
109,DGJZT_CGC_35_1,,,257.1,,,,,100,,,,8.665,,,8,0.14,46,,,,,Acq,,,,,,,,,,,,,,,30,,0225-DGJZT-BS-DMRM-POS.d,,Find by MRM,,
110,DGJZT_CGC_36_1,,,431.1,,,,,100,,,,8.993,,,72,0.176,406,,,,,Acq,,,,,,,,,,,,,,,30,,0225-DGJZT-BS-DMRM-POS.d,,Find by MRM,,
111,DGJZT_CGC_36_3,,,431.1,,,,,100,,,,9.095,,,1,0.07,3,,,,,Acq,,,,,,,,,,,,,,,30,,0225-DGJZT-BS-DMRM-POS.d,,Find by MRM,,
112,DGJZT_CGC_37_1,,,269.1,,,,,100,,,,8.964,,,6,0.124,16,,,,,Acq,,,,,,,,,,,,,,,30,,0225-DGJZT-BS-DMRM-POS.d,,Find by MRM,,
113,DGJZT_CGC_37_2,,,269.1,,,,,100,,,,8.814,,,6,0.054,12,,,,,Acq,,,,,,,,,,,,,,,30,,0225-DGJZT-BS-DMRM-POS.d,,Find by MRM,,
114,DGJZT_CGC_36_2,,,431.1,,,,,100,,,,9.103,,,1,0.125,2,,,,,Acq,,,,,,,,,,,,,,,30,,0225-DGJZT-BS-DMRM-POS.d,,Find by MRM,,
115,DGJZT_CGC_37_3,,,269.1,,,,,100,,,,8.998,,,1,0.091,3,,,,,Acq,,,,,,,,,,,,,,,30,,0225-DGJZT-BS-DMRM-POS.d,,Find by MRM,,
116,DGJZT_CGC_38_3,,,257.1,,,,,100,,,,9.133,,,9,0.149,41,,,,,Acq,,,,,,,,,,,,,,,30,,0225-DGJZT-BS-DMRM-POS.d,,Find by MRM,,
117,DGJZT_CGC_38_2,,,257.1,,,,,100,,,,9.016,,,7,0.149,28,,,,,Acq,,,,,,,,,,,,,,,30,,0225-DGJZT-BS-DMRM-POS.d,,Find by MRM,,
118,DGJZT_CGC_39_3,,,419.1,,,,,100,,,,9.095,,,25,0.227,182,,,,,Acq,,,,,,,,,,,,,,,30,,0225-DGJZT-BS-DMRM-POS.d,,Find by MRM,,
119,DGJZT_CGC_39_2,,,419.1,,,,,100,,,,9.054,,,8,0.467,104,,,,,Acq,,,,,,,,,,,,,,,30,,0225-DGJZT-BS-DMRM-POS.d,,Find by MRM,,
120,DGJZT_CGC_39_1,,,419.1,,,,,100,,,,9.088,,,20,0.135,83,,,,,Acq,,,,,,,,,,,,,,,30,,0225-DGJZT-BS-DMRM-POS.d,,Find by MRM,,
121,DGJZT_CGC_38_1,,,257.1,,,,,100,,,,9.349,,,16,0.033,8,,,,,Acq,,,,,,,,,,,,,,,30,,0225-DGJZT-BS-DMRM-POS.d,,Find by MRM,,
122,DGJZT_DG_32_3,,,207.1,,,,,100,,,,9.218,,,27,0.182,157,,,,,Acq,,,,,,,,,,,,,,,30,,0225-DGJZT-BS-DMRM-POS.d,,Find by MRM,,
123,DGJZT_DG_32_1,,,207.1,,,,,100,,,,9.193,,,11,0.083,31,,,,,Acq,,,,,,,,,,,,,,,30,,0225-DGJZT-BS-DMRM-POS.d,,Find by MRM,,
124,DGJZT_DG_32_2,,,207.1,,,,,100,,,,9.177,,,22,0.342,216,,,,,Acq,,,,,,,,,,,,,,,30,,0225-DGJZT-BS-DMRM-POS.d,,Find by MRM,,
125,DGJZT_CGC_40_3,,,419.1,,,,,100,,,,9.737,,,18,0.083,66,,,,,Acq,,,,,,,,,,,,,,,30,,0225-DGJZT-BS-DMRM-POS.d,,Find by MRM,,
126,DGJZT_CGC_40_2,,,419.1,,,,,100,,,,9.438,,,3,0.122,10,,,,,Acq,,,,,,,,,,,,,,,30,,0225-DGJZT-BS-DMRM-POS.d,,Find by MRM,,
127,DGJZT_CGC_40_1,,,419.1,,,,,100,,,,9.364,,,11,0.567,153,,,,,Acq,,,,,,,,,,,,,,,30,,0225-DGJZT-BS-DMRM-POS.d,,Find by MRM,,
128,DGJZT_CGC_42_2,,,287.1,,,,,100,,,,9.566,,,2,0.118,4,,,,,Acq,,,,,,,,,,,,,,,30,,0225-DGJZT-BS-DMRM-POS.d,,Find by MRM,,
129,DGJZT_CGC_42_1,,,287.1,,,,,100,,,,9.83,,,10,0.201,75,,,,,Acq,,,,,,,,,,,,,,,30,,0225-DGJZT-BS-DMRM-POS.d,,Find by MRM,,
130,DGJZT_CGC_42_3,,,287.1,,,,,100,,,,9.899,,,10,0.142,56,,,,,Acq,,,,,,,,,,,,,,,30,,0225-DGJZT-BS-DMRM-POS.d,,Find by MRM,,
131,DGJZT_CGC_43_3,,,257.1,,,,,100,,,,10.098,,,8,0.181,57,,,,,Acq,,,,,,,,,,,,,,,30,,0225-DGJZT-BS-DMRM-POS.d,,Find by MRM,,
132,DGJZT_CGC_43_1,,,257.1,,,,,100,,,,11.781,,,59,0.399,599,,,,,Acq,,,,,,,,,,,,,,,30,,0225-DGJZT-BS-DMRM-POS.d,,Find by MRM,,
133,DGJZT_CGC_43_2,,,257.1,,,,,100,,,,11.769,,,12,0.367,142,,,,,Acq,,,,,,,,,,,,,,,30,,0225-DGJZT-BS-DMRM-POS.d,,Find by MRM,,
134,DGJZT_CGC_77_1,,,437.3,,,,,100,,,,12.408,,,11,0.162,42,,,,,Acq,,,,,,,,,,,,,,,30,,0225-DGJZT-BS-DMRM-POS.d,,Find by MRM,,
135,DGJZT_CGC_77_3,,,437.3,,,,,100,,,,12.408,,,9,0.163,47,,,,,Acq,,,,,,,,,,,,,,,30,,0225-DGJZT-BS-DMRM-POS.d,,Find by MRM,,
136,DGJZT_CGC_77_2,,,437.3,,,,,100,,,,12.409,,,10,0.088,22,,,,,Acq,,,,,,,,,,,,,,,30,,0225-DGJZT-BS-DMRM-POS.d,,Find by MRM,,
137,DGJZT_CGC_79_1,,,823.4,,,,,100,,,,12.591,,,5,0.152,13,,,,,Acq,,,,,,,,,,,,,,,30,,0225-DGJZT-BS-DMRM-POS.d,,Find by MRM,,
138,DGJZT_DG_34_3,,,205.1,,,,,100,,,,12.63,,,5,0.108,16,,,,,Acq,,,,,,,,,,,,,,,30,,0225-DGJZT-BS-DMRM-POS.d,,Find by MRM,,
139,DGJZT_DG_34_1,,,205.1,,,,,100,,,,12.664,,,15,0.182,73,,,,,Acq,,,,,,,,,,,,,,,30,,0225-DGJZT-BS-DMRM-POS.d,,Find by MRM,,
140,DGJZT_DG_34_2,,,205.1,,,,,100,,,,12.546,,,17,0.131,65,,,,,Acq,,,,,,,,,,,,,,,30,,0225-DGJZT-BS-DMRM-POS.d,,Find by MRM,,
141,DGJZT_SJ_11_2,,,457.3,,,,,100,,,,12.692,,,9,0.164,46,,,,,Acq,,,,,,,,,,,,,,,30,,0225-DGJZT-BS-DMRM-POS.d,,Find by MRM,,
142,DGJZT_SJ_10_2,,,277.2,,,,,100,,,,12.654,,,903,0.343,6424,,,,,Acq,,,,,,,,,,,,,,,30,,0225-DGJZT-BS-DMRM-POS.d,,Find by MRM,,
143,DGJZT_SJ_10_1,,,277.2,,,,,100,,,,12.646,,,711,0.369,4769,,,,,Acq,,,,,,,,,,,,,,,30,,0225-DGJZT-BS-DMRM-POS.d,,Find by MRM,,
144,DGJZT_SJ_10_3,,,277.2,,,,,100,,,,12.663,,,159,0.269,1087,,,,,Acq,,,,,,,,,,,,,,,30,,0225-DGJZT-BS-DMRM-POS.d,,Find by MRM,,
145,DGJZT_SJ_9_3,,,177.1,,,,,100,,,,12.656,,,278,0.356,1966,,,,,Acq,,,,,,,,,,,,,,,30,,0225-DGJZT-BS-DMRM-POS.d,,Find by MRM,,
146,DGJZT_SJ_9_2,,,177.1,,,,,100,,,,12.656,,,1476,0.432,11671,,,,,Acq,,,,,,,,,,,,,,,30,,0225-DGJZT-BS-DMRM-POS.d,,Find by MRM,,
147,DGJZT_SJ_9_1,,,177.1,,,,,100,,,,12.657,,,1769,0.398,13682,,,,,Acq,,,,,,,,,,,,,,,30,,0225-DGJZT-BS-DMRM-POS.d,,Find by MRM,,
148,DGJZT_SJ_8_3,,,145.1,,,,,100,,,,12.691,,,29,0.151,104,,,,,Acq,,,,,,,,,,,,,,,30,,0225-DGJZT-BS-DMRM-POS.d,,Find by MRM,,
149,DGJZT_SJ_8_1,,,145.1,,,,,100,,,,12.666,,,234,0.291,1556,,,,,Acq,,,,,,,,,,,,,,,30,,0225-DGJZT-BS-DMRM-POS.d,,Find by MRM,,
150,DGJZT_SJ_11_3,,,457.3,,,,,100,,,,12.75,,,12,0.128,38,,,,,Acq,,,,,,,,,,,,,,,30,,0225-DGJZT-BS-DMRM-POS.d,,Find by MRM,,
151,DGJZT_SJ_11_1,,,457.3,,,,,100,,,,12.651,,,20,0.092,73,,,,,Acq,,,,,,,,,,,,,,,30,,0225-DGJZT-BS-DMRM-POS.d,,Find by MRM,,
152,DGJZT_CGC_83_1,,,369.1,,,,,100,,,,12.727,,,8,0.135,36,,,,,Acq,,,,,,,,,,,,,,,30,,0225-DGJZT-BS-DMRM-POS.d,,Find by MRM,,
153,DGJZT_SJ_8_2,,,145.1,,,,,100,,,,12.707,,,18,0.201,112,,,,,Acq,,,,,,,,,,,,,,,30,,0225-DGJZT-BS-DMRM-POS.d,,Find by MRM,,
154,DGJZT_CGC_83_3,,,369.1,,,,,100,,,,12.627,,,3,0.12,12,,,,,Acq,,,,,,,,,,,,,,,30,,0225-DGJZT-BS-DMRM-POS.d,,Find by MRM,,
155,DGJZT_CGC_83_2,,,369.1,,,,,100,,,,12.786,,,15,0.171,67,,,,,Acq,,,,,,,,,,,,,,,30,,0225-DGJZT-BS-DMRM-POS.d,,Find by MRM,,
156,DGJZT_CGC_80_1,,,353.1,,,,,100,,,,12.846,,,6,0.065,11,,,,,Acq,,,,,,,,,,,,,,,30,,0225-DGJZT-BS-DMRM-POS.d,,Find by MRM,,
157,DGJZT_CGC_87_1,,,299.1,,,,,100,,,,13.141,,,7,0.077,15,,,,,Acq,,,,,,,,,,,,,,,30,,0225-DGJZT-BS-DMRM-POS.d,,Find by MRM,,
158,DGJZT_CGC_87_2,,,299.1,,,,,100,,,,13.091,,,3,0.135,10,,,,,Acq,,,,,,,,,,,,,,,30,,0225-DGJZT-BS-DMRM-POS.d,,Find by MRM,,
159,DGJZT_CGC_86_3,,,353.1,,,,,100,,,,13.028,,,74,0.27,443,,,,,Acq,,,,,,,,,,,,,,,30,,0225-DGJZT-BS-DMRM-POS.d,,Find by MRM,,
160,DGJZT_CGC_86_2,,,353.1,,,,,100,,,,13.231,,,9,0.06,18,,,,,Acq,,,,,,,,,,,,,,,30,,0225-DGJZT-BS-DMRM-POS.d,,Find by MRM,,
161,DGJZT_CGC_86_1,,,353.1,,,,,100,,,,13.037,,,54,0.26,415,,,,,Acq,,,,,,,,,,,,,,,30,,0225-DGJZT-BS-DMRM-POS.d,,Find by MRM,,
162,DGJZT_CGC_91_3,,,355.1,,,,,100,,,,13.271,,,143,0.313,1137,,,,,Acq,,,,,,,,,,,,,,,30,,0225-DGJZT-BS-DMRM-POS.d,,Find by MRM,,
163,DGJZT_CGC_87_3,,,299.1,,,,,100,,,,13.099,,,7,0.098,19,,,,,Acq,,,,,,,,,,,,,,,30,,0225-DGJZT-BS-DMRM-POS.d,,Find by MRM,,
164,DGJZT_CGC_92_3,,,383.2,,,,,100,,,,13.093,,,4,0.126,10,,,,,Acq,,,,,,,,,,,,,,,30,,0225-DGJZT-BS-DMRM-POS.d,,Find by MRM,,
165,DGJZT_DG_37_3,,,193.1,,,,,100,,,,13.284,,,4,0.207,19,,,,,Acq,,,,,,,,,,,,,,,30,,0225-DGJZT-BS-DMRM-POS.d,,Find by MRM,,
166,DGJZT_DG_37_2,,,193.1,,,,,100,,,,13.56,,,17,0.134,36,,,,,Acq,,,,,,,,,,,,,,,30,,0225-DGJZT-BS-DMRM-POS.d,,Find by MRM,,
167,DGJZT_DG_37_1,,,193.1,,,,,100,,,,13.444,,,9,0.156,44,,,,,Acq,,,,,,,,,,,,,,,30,,0225-DGJZT-BS-DMRM-POS.d,,Find by MRM,,
168,DGJZT_CGC_91_2,,,355.1,,,,,100,,,,13.347,,,35,0.232,215,,,,,Acq,,,,,,,,,,,,,,,30,,0225-DGJZT-BS-DMRM-POS.d,,Find by MRM,,
169,DGJZT_CGC_91_1,,,355.1,,,,,100,,,,13.348,,,26,0.292,152,,,,,Acq,,,,,,,,,,,,,,,30,,0225-DGJZT-BS-DMRM-POS.d,,Find by MRM,,
170,DGJZT_CGC_93_3,,,327.1,,,,,100,,,,13.399,,,4,0.115,10,,,,,Acq,,,,,,,,,,,,,,,30,,0225-DGJZT-BS-DMRM-POS.d,,Find by MRM,,
171,DGJZT_CGC_92_2,,,383.2,,,,,100,,,,13.328,,,4,0.125,13,,,,,Acq,,,,,,,,,,,,,,,30,,0225-DGJZT-BS-DMRM-POS.d,,Find by MRM,,
172,DGJZT_CGC_92_1,,,383.2,,,,,100,,,,13.37,,,4,0.15,14,,,,,Acq,,,,,,,,,,,,,,,30,,0225-DGJZT-BS-DMRM-POS.d,,Find by MRM,,
173,DGJZT_CGC_93_2,,,327.1,,,,,100,,,,13.483,,,3,0.117,6,,,,,Acq,,,,,,,,,,,,,,,30,,0225-DGJZT-BS-DMRM-POS.d,,Find by MRM,,
174,DGJZT_CGC_97_2,,,337.1,,,,,100,,,,13.805,,,10,0.118,45,,,,,Acq,,,,,,,,,,,,,,,30,,0225-DGJZT-BS-DMRM-POS.d,,Find by MRM,,
175,DGJZT_CGC_97_1,,,337.1,,,,,100,,,,13.823,,,15,0.208,73,,,,,Acq,,,,,,,,,,,,,,,30,,0225-DGJZT-BS-DMRM-POS.d,,Find by MRM,,
176,DGJZT_CGC_98_3,,,317.1,,,,,100,,,,13.764,,,16,0.215,71,,,,,Acq,,,,,,,,,,,,,,,30,,0225-DGJZT-BS-DMRM-POS.d,,Find by MRM,,
177,DGJZT_CGC_98_1,,,317.1,,,,,100,,,,14.009,,,15,0.059,11,,,,,Acq,,,,,,,,,,,,,,,30,,0225-DGJZT-BS-DMRM-POS.d,,Find by MRM,,
178,DGJZT_CGC_98_2,,,317.1,,,,,100,,,,13.774,,,4,0.1,12,,,,,Acq,,,,,,,,,,,,,,,30,,0225-DGJZT-BS-DMRM-POS.d,,Find by MRM,,
179,DGJZT_CGC_97_3,,,337.1,,,,,100,,,,13.965,,,13,0.117,32,,,,,Acq,,,,,,,,,,,,,,,30,,0225-DGJZT-BS-DMRM-POS.d,,Find by MRM,,
180,DGJZT_DG_41_1,,,189.1,,,,,100,,,,13.868,,,20,0.268,137,,,,,Acq,,,,,,,,,,,,,,,30,,0225-DGJZT-BS-DMRM-POS.d,,Find by MRM,,
181,DGJZT_DG_41_2,,,189.1,,,,,100,,,,13.96,,,11,0.118,51,,,,,Acq,,,,,,,,,,,,,,,30,,0225-DGJZT-BS-DMRM-POS.d,,Find by MRM,,
182,DGJZT_DG_41_3,,,189.1,,,,,100,,,,13.868,,,17,0.099,47,,,,,Acq,,,,,,,,,,,,,,,30,,0225-DGJZT-BS-DMRM-POS.d,,Find by MRM,,
183,DGJZT_SJ_13_3,,,177.1,,,,,100,,,,13.919,,,37,0.223,252,,,,,Acq,,,,,,,,,,,,,,,30,,0225-DGJZT-BS-DMRM-POS.d,,Find by MRM,,
184,DGJZT_SJ_13_2,,,177.1,,,,,100,,,,13.903,,,243,0.27,1533,,,,,Acq,,,,,,,,,,,,,,,30,,0225-DGJZT-BS-DMRM-POS.d,,Find by MRM,,
185,DGJZT_SJ_13_1,,,177.1,,,,,100,,,,13.886,,,191,0.26,1548,,,,,Acq,,,,,,,,,,,,,,,30,,0225-DGJZT-BS-DMRM-POS.d,,Find by MRM,,
186,DGJZT_CGC_100_2,,,383.1,,,,,100,,,,14.023,,,30,0.241,126,,,,,Acq,,,,,,,,,,,,,,,30,,0225-DGJZT-BS-DMRM-POS.d,,Find by MRM,,
187,DGJZT_CGC_100_1,,,383.1,,,,,100,,,,13.972,,,5,0.137,15,,,,,Acq,,,,,,,,,,,,,,,30,,0225-DGJZT-BS-DMRM-POS.d,,Find by MRM,,
188,DGJZT_DG_47_3,,,191.1,,,,,100,,,,13.959,,,45,0.211,305,,,,,Acq,,,,,,,,,,,,,,,30,,0225-DGJZT-BS-DMRM-POS.d,,Find by MRM,,
189,DGJZT_DG_47_1,,,191.1,,,,,100,,,,13.984,,,137,0.228,743,,,,,Acq,,,,,,,,,,,,,,,30,,0225-DGJZT-BS-DMRM-POS.d,,Find by MRM,,
190,DGJZT_DG_47_2,,,191.1,,,,,100,,,,14.01,,,89,0.265,621,,,,,Acq,,,,,,,,,,,,,,,30,,0225-DGJZT-BS-DMRM-POS.d,,Find by MRM,,
191,DGJZT_DG_45_3,,,145.1,,,,,100,,,,13.761,,,6,0.037,24,,,,,Acq,,,,,,,,,,,,,,,30,,0225-DGJZT-BS-DMRM-POS.d,,Find by MRM,,
192,DGJZT_DG_45_1,,,145.1,,,,,100,,,,13.979,,,20,0.176,111,,,,,Acq,,,,,,,,,,,,,,,30,,0225-DGJZT-BS-DMRM-POS.d,,Find by MRM,,
193,DGJZT_DG_45_2,,,145.1,,,,,100,,,,14.038,,,12,0.098,43,,,,,Acq,,,,,,,,,,,,,,,30,,0225-DGJZT-BS-DMRM-POS.d,,Find by MRM,,
194,DGJZT_CGC_100_3,,,383.1,,,,,100,,,,13.981,,,6,0.128,18,,,,,Acq,,,,,,,,,,,,,,,30,,0225-DGJZT-BS-DMRM-POS.d,,Find by MRM,,
195,DGJZT_CGC_101_2,,,371.2,,,,,100,,,,14.21,,,74,0.274,442,,,,,Acq,,,,,,,,,,,,,,,30,,0225-DGJZT-BS-DMRM-POS.d,,Find by MRM,,
196,DGJZT_CGC_101_3,,,371.2,,,,,100,,,,14.177,,,15,0.125,43,,,,,Acq,,,,,,,,,,,,,,,30,,0225-DGJZT-BS-DMRM-POS.d,,Find by MRM,,
197,DGJZT_CGC_103_1,,,425.2,,,,,100,,,,14.231,,,76,0.251,479,,,,,Acq,,,,,,,,,,,,,,,30,,0225-DGJZT-BS-DMRM-POS.d,,Find by MRM,,
198,DGJZT_CGC_103_2,,,425.2,,,,,100,,,,14.24,,,151,0.343,1002,,,,,Acq,,,,,,,,,,,,,,,30,,0225-DGJZT-BS-DMRM-POS.d,,Find by MRM,,
199,DGJZT_CGC_103_3,,,425.2,,,,,100,,,,14.258,,,51,0.138,222,,,,,Acq,,,,,,,,,,,,,,,30,,0225-DGJZT-BS-DMRM-POS.d,,Find by MRM,,
200,DGJZT_CGC_101_1,,,371.2,,,,,100,,,,14.219,,,98,0.334,572,,,,,Acq,,,,,,,,,,,,,,,30,,0225-DGJZT-BS-DMRM-POS.d,,Find by MRM,,
201,DGJZT_SJ_14_1,,,404.2,,,,,100,,,,14.302,,,21,0.216,128,,,,,Acq,,,,,,,,,,,,,,,30,,0225-DGJZT-BS-DMRM-POS.d,,Find by MRM,,
202,DGJZT_SJ_14_3,,,404.2,,,,,100,,,,14.419,,,4,0.091,7,,,,,Acq,,,,,,,,,,,,,,,30,,0225-DGJZT-BS-DMRM-POS.d,,Find by MRM,,
203,DGJZT_SJ_14_2,,,404.2,,,,,100,,,,14.287,,,15,0.215,89,,,,,Acq,,,,,,,,,,,,,,,30,,0225-DGJZT-BS-DMRM-POS.d,,Find by MRM,,
204,DGJZT_CGC_106_2,,,423.2,,,,,100,,,,14.484,,,419,0.324,3409,,,,,Acq,,,,,,,,,,,,,,,30,,0225-DGJZT-BS-DMRM-POS.d,,Find by MRM,,
205,DGJZT_CGC_106_1,,,423.2,,,,,100,,,,14.634,,,6,0.075,14,,,,,Acq,,,,,,,,,,,,,,,30,,0225-DGJZT-BS-DMRM-POS.d,,Find by MRM,,
206,DGJZT_DG_49_3,,,191.1,,,,,100,,,,14.848,,,14,0.077,39,,,,,Acq,,,,,,,,,,,,,,,30,,0225-DGJZT-BS-DMRM-POS.d,,Find by MRM,,
207,DGJZT_DG_49_1,,,191.1,,,,,100,,,,14.907,,,51,0.095,150,,,,,Acq,,,,,,,,,,,,,,,30,,0225-DGJZT-BS-DMRM-POS.d,,Find by MRM,,
208,DGJZT_DG_49_2,,,191.1,,,,,100,,,,14.631,,,14,0.079,30,,,,,Acq,,,,,,,,,,,,,,,30,,0225-DGJZT-BS-DMRM-POS.d,,Find by MRM,,
209,DGJZT_GZ_24_1,,,279.1,,,,,100,,,,14.762,,,19,0.142,84,,,,,Acq,,,,,,,,,,,,,,,30,,0225-DGJZT-BS-DMRM-POS.d,,Find by MRM,,
210,DGJZT_GZ_24_3,,,279.1,,,,,100,,,,14.662,,,7,0.109,20,,,,,Acq,,,,,,,,,,,,,,,30,,0225-DGJZT-BS-DMRM-POS.d,,Find by MRM,,
211,DGJZT_CGC_106_3,,,423.2,,,,,100,,,,14.717,,,17,0.084,76,,,,,Acq,,,,,,,,,,,,,,,30,,0225-DGJZT-BS-DMRM-POS.d,,Find by MRM,,
212,DGJZT_GZ_24_2,,,279.1,,,,,100,,,,14.788,,,27,0.195,141,,,,,Acq,,,,,,,,,,,,,,,30,,0225-DGJZT-BS-DMRM-POS.d,,Find by MRM,,
213,DGJZT_GZ_25_2,,,309.2,,,,,100,,,,14.777,,,8,0.204,39,,,,,Acq,,,,,,,,,,,,,,,30,,0225-DGJZT-BS-DMRM-POS.d,,Find by MRM,,
214,DGJZT_GZ_25_3,,,309.2,,,,,100,,,,14.803,,,3,0.101,7,,,,,Acq,,,,,,,,,,,,,,,30,,0225-DGJZT-BS-DMRM-POS.d,,Find by MRM,,
215,DGJZT_GZ_25_1,,,309.2,,,,,100,,,,14.778,,,33,0.157,185,,,,,Acq,,,,,,,,,,,,,,,30,,0225-DGJZT-BS-DMRM-POS.d,,Find by MRM,,
216,DGJZT_SJ_16_3,,,177.1,,,,,100,,,,14.824,,,19,0.21,114,,,,,Acq,,,,,,,,,,,,,,,30,,0225-DGJZT-BS-DMRM-POS.d,,Find by MRM,,
217,DGJZT_SJ_16_2,,,177.1,,,,,100,,,,14.782,,,86,0.192,510,,,,,Acq,,,,,,,,,,,,,,,30,,0225-DGJZT-BS-DMRM-POS.d,,Find by MRM,,
218,DGJZT_SJ_16_1,,,177.1,,,,,100,,,,14.808,,,100,0.181,579,,,,,Acq,,,,,,,,,,,,,,,30,,0225-DGJZT-BS-DMRM-POS.d,,Find by MRM,,
219,DGJZT_DG_50_2,,,412.3,,,,,100,,,,14.936,,,18,0.112,58,,,,,Acq,,,,,,,,,,,,,,,30,,0225-DGJZT-BS-DMRM-POS.d,,Find by MRM,,
220,DGJZT_DG_50_1,,,412.3,,,,,100,,,,15.104,,,763,0.275,5712,,,,,Acq,,,,,,,,,,,,,,,30,,0225-DGJZT-BS-DMRM-POS.d,,Find by MRM,,
221,DGJZT_DG_50_3,,,412.3,,,,,100,,,,15.113,,,41,0.184,230,,,,,Acq,,,,,,,,,,,,,,,30,,0225-DGJZT-BS-DMRM-POS.d,,Find by MRM,,
222,DGJZT_DG_52_3,,,381.2,,,,,100,,,,15.091,,,492,0.462,4798,,,,,Acq,,,,,,,,,,,,,,,30,,0225-DGJZT-BS-DMRM-POS.d,,Find by MRM,,
223,DGJZT_DG_58_1,,,412.2,,,,,100,,,,15.105,,,669,0.434,6170,,,,,Acq,,,,,,,,,,,,,,,30,,0225-DGJZT-BS-DMRM-POS.d,,Find by MRM,,
224,DGJZT_DG_58_3,,,412.2,,,,,100,,,,15.114,,,58,0.178,275,,,,,Acq,,,,,,,,,,,,,,,30,,0225-DGJZT-BS-DMRM-POS.d,,Find by MRM,,
225,DGJZT_DG_55_2,,,363.2,,,,,100,,,,15.301,,,7,0.093,14,,,,,Acq,,,,,,,,,,,,,,,30,,0225-DGJZT-BS-DMRM-POS.d,,Find by MRM,,
226,DGJZT_DG_59_3,,,191.1,,,,,100,,,,15.076,,,66,0.47,671,,,,,Acq,,,,,,,,,,,,,,,30,,0225-DGJZT-BS-DMRM-POS.d,,Find by MRM,,
227,DGJZT_DG_59_1,,,191.1,,,,,100,,,,15.05,,,150,0.188,854,,,,,Acq,,,,,,,,,,,,,,,30,,0225-DGJZT-BS-DMRM-POS.d,,Find by MRM,,
228,DGJZT_DG_59_2,,,191.1,,,,,100,,,,15.102,,,134,0.499,1586,,,,,Acq,,,,,,,,,,,,,,,30,,0225-DGJZT-BS-DMRM-POS.d,,Find by MRM,,
229,DGJZT_DG_58_2,,,412.2,,,,,100,,,,15.106,,,30,0.326,183,,,,,Acq,,,,,,,,,,,,,,,30,,0225-DGJZT-BS-DMRM-POS.d,,Find by MRM,,
230,DGJZT_DG_52_1,,,381.2,,,,,100,,,,15.124,,,3019,0.458,27554,,,,,Acq,,,,,,,,,,,,,,,30,,0225-DGJZT-BS-DMRM-POS.d,,Find by MRM,,
231,DGJZT_DG_52_2,,,381.2,,,,,100,,,,15.117,,,177,0.424,1559,,,,,Acq,,,,,,,,,,,,,,,30,,0225-DGJZT-BS-DMRM-POS.d,,Find by MRM,,
232,DGJZT_GZ_27_1,,,448.3,,,,,100,,,,15.127,,,565,0.375,3943,,,,,Acq,,,,,,,,,,,,,,,30,,0225-DGJZT-BS-DMRM-POS.d,,Find by MRM,,
233,DGJZT_GZ_27_2,,,448.3,,,,,100,,,,15.111,,,41,0.165,206,,,,,Acq,,,,,,,,,,,,,,,30,,0225-DGJZT-BS-DMRM-POS.d,,Find by MRM,,
234,DGJZT_DG_61_1,,,381.2,,,,,100,,,,15.115,,,2822,0.376,24745,,,,,Acq,,,,,,,,,,,,,,,30,,0225-DGJZT-BS-DMRM-POS.d,,Find by MRM,,
235,DGJZT_DG_61_3,,,381.2,,,,,100,,,,15.132,,,489,0.371,4075,,,,,Acq,,,,,,,,,,,,,,,30,,0225-DGJZT-BS-DMRM-POS.d,,Find by MRM,,
236,DGJZT_DG_61_2,,,381.2,,,,,100,,,,15.141,,,601,0.494,4804,,,,,Acq,,,,,,,,,,,,,,,30,,0225-DGJZT-BS-DMRM-POS.d,,Find by MRM,,
237,DGJZT_SJ_17_1,,,432.3,,,,,100,,,,15.245,,,20,0.181,104,,,,,Acq,,,,,,,,,,,,,,,30,,0225-DGJZT-BS-DMRM-POS.d,,Find by MRM,,
238,DGJZT_SJ_17_3,,,432.3,,,,,100,,,,15.195,,,13,0.151,40,,,,,Acq,,,,,,,,,,,,,,,30,,0225-DGJZT-BS-DMRM-POS.d,,Find by MRM,,
239,DGJZT_SJ_17_2,,,432.3,,,,,100,,,,15.271,,,25,0.187,129,,,,,Acq,,,,,,,,,,,,,,,30,,0225-DGJZT-BS-DMRM-POS.d,,Find by MRM,,

