﻿#化合物列表: 239 found
#
Cpd,Name,Formula,Purity Result,Precursor,Mass,Diff (ppm),Score (Tgt),Flags (Tgt),Score,Std Dev,Relative Mass Difference (MFG),Base Peak,RT,RT Diff,Target Retention Time Difference,Height,Width,Area,Volume,Vol %,Ions,Saturated,ID Source,Score (MFG),Score (DB),Hit Count,Tgt MFG Hit,FV,Purity Value,Purity Comments,ADC% Area,EIC/TIC% Area,TIC% Area,UVA% Area,Score (Lib),CAS ID,Relative Reference Mass difference,CE,MS/MS Count,File,Notes,Algorithm,Lib/DB
1,DGJZT_CGC_3_1,,,427.2,,,,,100,,,,1.088,,,4,0.084,5,,,,,Acq,,,,,,,,,,,,,,,30,,0225-DGJZT-GZ-DMRM-POS.d,,Find by MRM,,
2,DGJZT_CGC_2_2,,,265.2,,,,,100,,,,1.006,,,7,0.081,13,,,,,Acq,,,,,,,,,,,,,,,30,,0225-DGJZT-GZ-DMRM-POS.d,,Find by MRM,,
3,DGJZT_CGC_2_1,,,265.2,,,,,100,,,,0.849,,,22,0.151,80,,,,,Acq,,,,,,,,,,,,,,,30,,0225-DGJZT-GZ-DMRM-POS.d,,Find by MRM,,
4,DGJZT_DZ_4_3,,,437.2,,,,,100,,,,0.835,,,3,0.176,10,,,,,Acq,,,,,,,,,,,,,,,30,,0225-DGJZT-GZ-DMRM-POS.d,,Find by MRM,,
5,DGJZT_DZ_4_1,,,437.2,,,,,100,,,,0.986,,,4,0.1,8,,,,,Acq,,,,,,,,,,,,,,,30,,0225-DGJZT-GZ-DMRM-POS.d,,Find by MRM,,
6,DGJZT_DZ_4_2,,,437.2,,,,,100,,,,1.144,,,4,0.074,11,,,,,Acq,,,,,,,,,,,,,,,30,,0225-DGJZT-GZ-DMRM-POS.d,,Find by MRM,,
7,DGJZT_CGC_3_2,,,427.2,,,,,100,,,,0.845,,,8,0.191,32,,,,,Acq,,,,,,,,,,,,,,,30,,0225-DGJZT-GZ-DMRM-POS.d,,Find by MRM,,
8,DGJZT_CGC_3_3,,,427.2,,,,,100,,,,0.87,,,4,0.124,11,,,,,Acq,,,,,,,,,,,,,,,30,,0225-DGJZT-GZ-DMRM-POS.d,,Find by MRM,,
9,DGJZT_CGC_6_2,,,138.1,,,,,100,,,,1.084,,,17,0.22,153,,,,,Acq,,,,,,,,,,,,,,,30,,0225-DGJZT-GZ-DMRM-POS.d,,Find by MRM,,
10,DGJZT_CGC_6_1,,,138.1,,,,,100,,,,1.326,,,30,0.191,642,,,,,Acq,,,,,,,,,,,,,,,30,,0225-DGJZT-GZ-DMRM-POS.d,,Find by MRM,,
11,DGJZT_CGC_6_3,,,138.1,,,,,100,,,,1.06,,,38,0.317,393,,,,,Acq,,,,,,,,,,,,,,,30,,0225-DGJZT-GZ-DMRM-POS.d,,Find by MRM,,
12,DGJZT_DZ_17_2,,,360.2,,,,,100,,,,1.038,,,10,0.213,65,,,,,Acq,,,,,,,,,,,,,,,30,,0225-DGJZT-GZ-DMRM-POS.d,,Find by MRM,,
13,DGJZT_DZ_17_1,,,360.2,,,,,100,,,,1.229,,,4,0.082,8,,,,,Acq,,,,,,,,,,,,,,,30,,0225-DGJZT-GZ-DMRM-POS.d,,Find by MRM,,
14,DGJZT_DZ_17_3,,,360.2,,,,,100,,,,1.222,,,3,0.142,15,,,,,Acq,,,,,,,,,,,,,,,30,,0225-DGJZT-GZ-DMRM-POS.d,,Find by MRM,,
15,DGJZT_DZ_14_3,,,232.1,,,,,100,,,,1.083,,,18,0.217,142,,,,,Acq,,,,,,,,,,,,,,,30,,0225-DGJZT-GZ-DMRM-POS.d,,Find by MRM,,
16,DGJZT_DZ_14_1,,,232.1,,,,,100,,,,1.207,,,13,0.157,75,,,,,Acq,,,,,,,,,,,,,,,30,,0225-DGJZT-GZ-DMRM-POS.d,,Find by MRM,,
17,DGJZT_DZ_14_2,,,232.1,,,,,100,,,,1.117,,,10,0.171,57,,,,,Acq,,,,,,,,,,,,,,,30,,0225-DGJZT-GZ-DMRM-POS.d,,Find by MRM,,
18,DGJZT_BS_5_2,,,331.1,,,,,100,,,,1.612,,,12,0.234,61,,,,,Acq,,,,,,,,,,,,,,,30,,0225-DGJZT-GZ-DMRM-POS.d,,Find by MRM,,
19,DGJZT_BS_5_3,,,331.1,,,,,100,,,,1.621,,,12,0.283,57,,,,,Acq,,,,,,,,,,,,,,,30,,0225-DGJZT-GZ-DMRM-POS.d,,Find by MRM,,
20,DGJZT_BS_5_1,,,331.1,,,,,100,,,,1.589,,,15,0.259,82,,,,,Acq,,,,,,,,,,,,,,,30,,0225-DGJZT-GZ-DMRM-POS.d,,Find by MRM,,
21,DGJZT_CGC_10_1,,,163.1,,,,,100,,,,1.635,,,7,0.108,24,,,,,Acq,,,,,,,,,,,,,,,30,,0225-DGJZT-GZ-DMRM-POS.d,,Find by MRM,,
22,DGJZT_CGC_10_2,,,163.1,,,,,100,,,,1.619,,,11,0.144,37,,,,,Acq,,,,,,,,,,,,,,,30,,0225-DGJZT-GZ-DMRM-POS.d,,Find by MRM,,
23,DGJZT_DZ_25_1,,,330.2,,,,,100,,,,1.623,,,6,0.205,41,,,,,Acq,,,,,,,,,,,,,,,30,,0225-DGJZT-GZ-DMRM-POS.d,,Find by MRM,,
24,DGJZT_DZ_25_2,,,330.2,,,,,100,,,,1.558,,,6,0.178,33,,,,,Acq,,,,,,,,,,,,,,,30,,0225-DGJZT-GZ-DMRM-POS.d,,Find by MRM,,
25,DGJZT_DZ_25_3,,,330.2,,,,,100,,,,1.534,,,24,0.304,159,,,,,Acq,,,,,,,,,,,,,,,30,,0225-DGJZT-GZ-DMRM-POS.d,,Find by MRM,,
26,DGJZT_DZ_27_3,,,180.1,,,,,100,,,,2.238,,,10,0.184,65,,,,,Acq,,,,,,,,,,,,,,,30,,0225-DGJZT-GZ-DMRM-POS.d,,Find by MRM,,
27,DGJZT_DZ_27_1,,,180.1,,,,,100,,,,2.257,,,11,0.312,107,,,,,Acq,,,,,,,,,,,,,,,30,,0225-DGJZT-GZ-DMRM-POS.d,,Find by MRM,,
28,DGJZT_DZ_27_2,,,180.1,,,,,100,,,,2.093,,,8,0.167,39,,,,,Acq,,,,,,,,,,,,,,,30,,0225-DGJZT-GZ-DMRM-POS.d,,Find by MRM,,
29,DGJZT_BS_6_2,,,482.2,,,,,100,,,,2.647,,,3,0.125,13,,,,,Acq,,,,,,,,,,,,,,,30,,0225-DGJZT-GZ-DMRM-POS.d,,Find by MRM,,
30,DGJZT_BS_6_1,,,482.2,,,,,100,,,,2.641,,,21,0.27,133,,,,,Acq,,,,,,,,,,,,,,,30,,0225-DGJZT-GZ-DMRM-POS.d,,Find by MRM,,
31,DGJZT_BS_6_3,,,482.2,,,,,100,,,,2.584,,,3,0.136,13,,,,,Acq,,,,,,,,,,,,,,,30,,0225-DGJZT-GZ-DMRM-POS.d,,Find by MRM,,
32,DGJZT_DG_19_2,,,367.1,,,,,100,,,,3.323,,,22,0.198,150,,,,,Acq,,,,,,,,,,,,,,,30,,0225-DGJZT-GZ-DMRM-POS.d,,Find by MRM,,
33,DGJZT_DG_19_3,,,367.1,,,,,100,,,,3.391,,,16,0.244,161,,,,,Acq,,,,,,,,,,,,,,,30,,0225-DGJZT-GZ-DMRM-POS.d,,Find by MRM,,
34,DGJZT_DG_19_1,,,367.1,,,,,100,,,,3.308,,,5,0.1,15,,,,,Acq,,,,,,,,,,,,,,,30,,0225-DGJZT-GZ-DMRM-POS.d,,Find by MRM,,
35,DGJZT_CGC_15_3,,,262.2,,,,,100,,,,3.569,,,4,0.066,12,,,,,Acq,,,,,,,,,,,,,,,30,,0225-DGJZT-GZ-DMRM-POS.d,,Find by MRM,,
36,DGJZT_CGC_15_1,,,262.2,,,,,100,,,,3.46,,,3,0.093,11,,,,,Acq,,,,,,,,,,,,,,,30,,0225-DGJZT-GZ-DMRM-POS.d,,Find by MRM,,
37,DGJZT_CGC_15_2,,,262.2,,,,,100,,,,3.453,,,9,0.184,62,,,,,Acq,,,,,,,,,,,,,,,30,,0225-DGJZT-GZ-DMRM-POS.d,,Find by MRM,,
38,DGJZT_DZ_33_1,,,239.1,,,,,100,,,,3.522,,,20,0.159,99,,,,,Acq,,,,,,,,,,,,,,,30,,0225-DGJZT-GZ-DMRM-POS.d,,Find by MRM,,
39,DGJZT_DZ_33_2,,,239.1,,,,,100,,,,3.623,,,10,0.121,33,,,,,Acq,,,,,,,,,,,,,,,30,,0225-DGJZT-GZ-DMRM-POS.d,,Find by MRM,,
40,DGJZT_BS_8_2,,,637.3,,,,,100,,,,3.69,,,2,0.058,4,,,,,Acq,,,,,,,,,,,,,,,30,,0225-DGJZT-GZ-DMRM-POS.d,,Find by MRM,,
41,DGJZT_BS_8_3,,,637.3,,,,,100,,,,3.859,,,3,0.058,5,,,,,Acq,,,,,,,,,,,,,,,30,,0225-DGJZT-GZ-DMRM-POS.d,,Find by MRM,,
42,DGJZT_BS_8_1,,,637.3,,,,,100,,,,3.776,,,2,0.093,4,,,,,Acq,,,,,,,,,,,,,,,30,,0225-DGJZT-GZ-DMRM-POS.d,,Find by MRM,,
43,DGJZT_CGC_16_1,,,250.1,,,,,100,,,,3.663,,,11,0.077,25,,,,,Acq,,,,,,,,,,,,,,,30,,0225-DGJZT-GZ-DMRM-POS.d,,Find by MRM,,
44,DGJZT_CGC_17_1,,,433.1,,,,,100,,,,4.116,,,11,0.134,51,,,,,Acq,,,,,,,,,,,,,,,30,,0225-DGJZT-GZ-DMRM-POS.d,,Find by MRM,,
45,DGJZT_CGC_17_2,,,433.1,,,,,100,,,,4.142,,,2,0.092,5,,,,,Acq,,,,,,,,,,,,,,,30,,0225-DGJZT-GZ-DMRM-POS.d,,Find by MRM,,
46,DGJZT_CGC_18_3,,,257.1,,,,,100,,,,4.131,,,8,0.276,61,,,,,Acq,,,,,,,,,,,,,,,30,,0225-DGJZT-GZ-DMRM-POS.d,,Find by MRM,,
47,DGJZT_CGC_18_1,,,257.1,,,,,100,,,,4.023,,,32,0.267,261,,,,,Acq,,,,,,,,,,,,,,,30,,0225-DGJZT-GZ-DMRM-POS.d,,Find by MRM,,
48,DGJZT_CGC_18_2,,,257.1,,,,,100,,,,4.116,,,12,0.232,77,,,,,Acq,,,,,,,,,,,,,,,30,,0225-DGJZT-GZ-DMRM-POS.d,,Find by MRM,,
49,DGJZT_DZ_36_2,,,314.2,,,,,100,,,,4.235,,,179,0.43,1937,,,,,Acq,,,,,,,,,,,,,,,30,,0225-DGJZT-GZ-DMRM-POS.d,,Find by MRM,,
50,DGJZT_DZ_36_1,,,314.2,,,,,100,,,,4.227,,,1224,0.498,13019,,,,,Acq,,,,,,,,,,,,,,,30,,0225-DGJZT-GZ-DMRM-POS.d,,Find by MRM,,
51,DGJZT_DG_23_2,,,305.1,,,,,100,,,,4.004,,,5,0.051,12,,,,,Acq,,,,,,,,,,,,,,,30,,0225-DGJZT-GZ-DMRM-POS.d,,Find by MRM,,
52,DGJZT_DZ_36_3,,,314.2,,,,,100,,,,4.243,,,100,0.245,787,,,,,Acq,,,,,,,,,,,,,,,30,,0225-DGJZT-GZ-DMRM-POS.d,,Find by MRM,,
53,DGJZT_DG_23_3,,,305.1,,,,,100,,,,4.07,,,6,0.109,27,,,,,Acq,,,,,,,,,,,,,,,30,,0225-DGJZT-GZ-DMRM-POS.d,,Find by MRM,,
54,DGJZT_DG_23_1,,,305.1,,,,,100,,,,4.396,,,4,0.058,7,,,,,Acq,,,,,,,,,,,,,,,30,,0225-DGJZT-GZ-DMRM-POS.d,,Find by MRM,,
55,DGJZT_DG_25_3,,,144.1,,,,,100,,,,4.456,,,15,0.315,128,,,,,Acq,,,,,,,,,,,,,,,30,,0225-DGJZT-GZ-DMRM-POS.d,,Find by MRM,,
56,DGJZT_DG_25_2,,,144.1,,,,,100,,,,4.824,,,4,0.186,17,,,,,Acq,,,,,,,,,,,,,,,30,,0225-DGJZT-GZ-DMRM-POS.d,,Find by MRM,,
57,DGJZT_DG_25_1,,,144.1,,,,,100,,,,4.442,,,27,0.188,139,,,,,Acq,,,,,,,,,,,,,,,30,,0225-DGJZT-GZ-DMRM-POS.d,,Find by MRM,,
58,DGJZT_GZ_5_3,,,328.2,,,,,100,,,,4.879,,,177,0.405,1705,,,,,Acq,,,,,,,,,,,,,,,30,,0225-DGJZT-GZ-DMRM-POS.d,,Find by MRM,,
59,DGJZT_GZ_5_1,,,328.2,,,,,100,,,,4.888,,,3181,0.43,31366,,,,,Acq,,,,,,,,,,,,,,,30,,0225-DGJZT-GZ-DMRM-POS.d,,Find by MRM,,
60,DGJZT_GZ_5_2,,,328.2,,,,,100,,,,4.88,,,286,0.405,2856,,,,,Acq,,,,,,,,,,,,,,,30,,0225-DGJZT-GZ-DMRM-POS.d,,Find by MRM,,
61,DGJZT_BS_12_3,,,481.2,,,,,100,,,,5.104,,,77,0.244,545,,,,,Acq,,,,,,,,,,,,,,,30,,0225-DGJZT-GZ-DMRM-POS.d,,Find by MRM,,
62,DGJZT_BS_12_1,,,481.2,,,,,100,,,,5.105,,,1009,0.37,8881,,,,,Acq,,,,,,,,,,,,,,,30,,0225-DGJZT-GZ-DMRM-POS.d,,Find by MRM,,
63,DGJZT_BS_10_3,,,319.1,,,,,100,,,,5.098,,,11,0.26,91,,,,,Acq,,,,,,,,,,,,,,,30,,0225-DGJZT-GZ-DMRM-POS.d,,Find by MRM,,
64,DGJZT_BS_10_2,,,319.1,,,,,100,,,,5.116,,,178,0.38,1466,,,,,Acq,,,,,,,,,,,,,,,30,,0225-DGJZT-GZ-DMRM-POS.d,,Find by MRM,,
65,DGJZT_BS_10_1,,,319.1,,,,,100,,,,5.1,,,156,0.329,1244,,,,,Acq,,,,,,,,,,,,,,,30,,0225-DGJZT-GZ-DMRM-POS.d,,Find by MRM,,
66,DGJZT_BS_12_2,,,481.2,,,,,100,,,,5.104,,,374,0.548,3279,,,,,Acq,,,,,,,,,,,,,,,30,,0225-DGJZT-GZ-DMRM-POS.d,,Find by MRM,,
67,DGJZT_BS_11_2,,,197.1,,,,,100,,,,5.109,,,31,0.253,155,,,,,Acq,,,,,,,,,,,,,,,30,,0225-DGJZT-GZ-DMRM-POS.d,,Find by MRM,,
68,DGJZT_BS_11_1,,,197.1,,,,,100,,,,5.076,,,25,0.113,95,,,,,Acq,,,,,,,,,,,,,,,30,,0225-DGJZT-GZ-DMRM-POS.d,,Find by MRM,,
69,DGJZT_BS_21_1,,,503.2,,,,,100,,,,5.478,,,32,0.197,208,,,,,Acq,,,,,,,,,,,,,,,30,,0225-DGJZT-GZ-DMRM-POS.d,,Find by MRM,,
70,DGJZT_BS_21_2,,,503.2,,,,,100,,,,5.523,,,39,0.237,286,,,,,Acq,,,,,,,,,,,,,,,30,,0225-DGJZT-GZ-DMRM-POS.d,,Find by MRM,,
71,DGJZT_DZ_38_2,,,314.2,,,,,100,,,,5.87,,,42,0.458,461,,,,,Acq,,,,,,,,,,,,,,,30,,0225-DGJZT-GZ-DMRM-POS.d,,Find by MRM,,
72,DGJZT_DZ_38_3,,,314.2,,,,,100,,,,5.855,,,22,0.323,183,,,,,Acq,,,,,,,,,,,,,,,30,,0225-DGJZT-GZ-DMRM-POS.d,,Find by MRM,,
73,DGJZT_DZ_38_1,,,314.2,,,,,100,,,,5.856,,,226,0.368,2002,,,,,Acq,,,,,,,,,,,,,,,30,,0225-DGJZT-GZ-DMRM-POS.d,,Find by MRM,,
74,DGJZT_DZ_40_1,,,162.1,,,,,100,,,,6.121,,,12,0.229,97,,,,,Acq,,,,,,,,,,,,,,,30,,0225-DGJZT-GZ-DMRM-POS.d,,Find by MRM,,
75,DGJZT_DZ_40_3,,,162.1,,,,,100,,,,6.123,,,19,0.32,177,,,,,Acq,,,,,,,,,,,,,,,30,,0225-DGJZT-GZ-DMRM-POS.d,,Find by MRM,,
76,DGJZT_DZ_40_2,,,162.1,,,,,100,,,,6.086,,,83,0.342,767,,,,,Acq,,,,,,,,,,,,,,,30,,0225-DGJZT-GZ-DMRM-POS.d,,Find by MRM,,
77,DGJZT_GZ_7_2,,,249.1,,,,,100,,,,6.546,,,6217,0.402,58814,,,,,Acq,,,,,,,,,,,,,,,30,,0225-DGJZT-GZ-DMRM-POS.d,,Find by MRM,,
78,DGJZT_GZ_7_1,,,249.1,,,,,100,,,,6.548,,,5012,0.579,50495,,,,,Acq,,,,,,,,,,,,,,,30,,0225-DGJZT-GZ-DMRM-POS.d,,Find by MRM,,
79,DGJZT_GZ_7_3,,,249.1,,,,,100,,,,6.541,,,3031,0.559,31062,,,,,Acq,,,,,,,,,,,,,,,30,,0225-DGJZT-GZ-DMRM-POS.d,,Find by MRM,,
80,DGJZT_BS_24_1,,,771.1,,,,,100,,,,6.957,,,1506,0.458,17451,,,,,Acq,,,,,,,,,,,,,,,30,,0225-DGJZT-GZ-DMRM-POS.d,,Find by MRM,,
81,DGJZT_BS_24_2,,,771.1,,,,,100,,,,6.942,,,20,0.182,111,,,,,Acq,,,,,,,,,,,,,,,30,,0225-DGJZT-GZ-DMRM-POS.d,,Find by MRM,,
82,DGJZT_BS_24_3,,,771.1,,,,,100,,,,6.914,,,1,0.096,2,,,,,Acq,,,,,,,,,,,,,,,30,,0225-DGJZT-GZ-DMRM-POS.d,,Find by MRM,,
83,DGJZT_DZ_42_2,,,639.3,,,,,100,,,,7.195,,,1,0.106,2,,,,,Acq,,,,,,,,,,,,,,,30,,0225-DGJZT-GZ-DMRM-POS.d,,Find by MRM,,
84,DGJZT_DZ_42_1,,,639.3,,,,,100,,,,7.004,,,1,0.09,1,,,,,Acq,,,,,,,,,,,,,,,30,,0225-DGJZT-GZ-DMRM-POS.d,,Find by MRM,,
85,DGJZT_DZ_42_3,,,639.3,,,,,100,,,,7.439,,,3,0.046,2,,,,,Acq,,,,,,,,,,,,,,,30,,0225-DGJZT-GZ-DMRM-POS.d,,Find by MRM,,
86,DGJZT_BS_25_2,,,633.2,,,,,100,,,,7.573,,,35,0.284,257,,,,,Acq,,,,,,,,,,,,,,,30,,0225-DGJZT-GZ-DMRM-POS.d,,Find by MRM,,
87,DGJZT_BS_25_3,,,633.2,,,,,100,,,,7.617,,,3,0.198,24,,,,,Acq,,,,,,,,,,,,,,,30,,0225-DGJZT-GZ-DMRM-POS.d,,Find by MRM,,
88,DGJZT_BS_25_1,,,633.2,,,,,100,,,,7.57,,,41,0.361,358,,,,,Acq,,,,,,,,,,,,,,,30,,0225-DGJZT-GZ-DMRM-POS.d,,Find by MRM,,
89,DGJZT_DZ_43_3,,,673.3,,,,,100,,,,8.117,,,0,0.181,1,,,,,Acq,,,,,,,,,,,,,,,30,,0225-DGJZT-GZ-DMRM-POS.d,,Find by MRM,,
90,DGJZT_DZ_43_1,,,673.3,,,,,100,,,,8.134,,,2,0.118,6,,,,,Acq,,,,,,,,,,,,,,,30,,0225-DGJZT-GZ-DMRM-POS.d,,Find by MRM,,
91,DGJZT_DZ_43_2,,,673.3,,,,,100,,,,8.032,,,1,0.1,3,,,,,Acq,,,,,,,,,,,,,,,30,,0225-DGJZT-GZ-DMRM-POS.d,,Find by MRM,,
92,DGJZT_CGC_30_2,,,273.1,,,,,100,,,,8.071,,,12,0.092,38,,,,,Acq,,,,,,,,,,,,,,,30,,0225-DGJZT-GZ-DMRM-POS.d,,Find by MRM,,
93,DGJZT_CGC_30_1,,,273.1,,,,,100,,,,8.07,,,23,0.192,194,,,,,Acq,,,,,,,,,,,,,,,30,,0225-DGJZT-GZ-DMRM-POS.d,,Find by MRM,,
94,DGJZT_CGC_30_3,,,273.1,,,,,100,,,,8.18,,,7,0.161,37,,,,,Acq,,,,,,,,,,,,,,,30,,0225-DGJZT-GZ-DMRM-POS.d,,Find by MRM,,
95,DGJZT_CGC_31_3,,,301.1,,,,,100,,,,8.093,,,5,0.075,12,,,,,Acq,,,,,,,,,,,,,,,30,,0225-DGJZT-GZ-DMRM-POS.d,,Find by MRM,,
96,DGJZT_CGC_31_2,,,301.1,,,,,100,,,,8.152,,,7,0.096,20,,,,,Acq,,,,,,,,,,,,,,,30,,0225-DGJZT-GZ-DMRM-POS.d,,Find by MRM,,
97,DGJZT_CGC_31_1,,,301.1,,,,,100,,,,7.994,,,4,0.1,16,,,,,Acq,,,,,,,,,,,,,,,30,,0225-DGJZT-GZ-DMRM-POS.d,,Find by MRM,,
98,DGJZT_DG_30_3,,,207.1,,,,,100,,,,8.147,,,28,0.301,347,,,,,Acq,,,,,,,,,,,,,,,30,,0225-DGJZT-GZ-DMRM-POS.d,,Find by MRM,,
99,DGJZT_DG_30_1,,,207.1,,,,,100,,,,8.064,,,48,0.226,479,,,,,Acq,,,,,,,,,,,,,,,30,,0225-DGJZT-GZ-DMRM-POS.d,,Find by MRM,,
100,DGJZT_DG_30_2,,,207.1,,,,,100,,,,8.048,,,19,0.1,81,,,,,Acq,,,,,,,,,,,,,,,30,,0225-DGJZT-GZ-DMRM-POS.d,,Find by MRM,,
101,DGJZT_CGC_35_3,,,257.1,,,,,100,,,,8.514,,,8,0.115,25,,,,,Acq,,,,,,,,,,,,,,,30,,0225-DGJZT-GZ-DMRM-POS.d,,Find by MRM,,
102,DGJZT_CGC_35_2,,,257.1,,,,,100,,,,8.65,,,10,0.223,60,,,,,Acq,,,,,,,,,,,,,,,30,,0225-DGJZT-GZ-DMRM-POS.d,,Find by MRM,,
103,DGJZT_CGC_34_2,,,551.2,,,,,100,,,,8.659,,,16,0.501,190,,,,,Acq,,,,,,,,,,,,,,,30,,0225-DGJZT-GZ-DMRM-POS.d,,Find by MRM,,
104,DGJZT_CGC_34_3,,,551.2,,,,,100,,,,8.635,,,6,0.15,32,,,,,Acq,,,,,,,,,,,,,,,30,,0225-DGJZT-GZ-DMRM-POS.d,,Find by MRM,,
105,DGJZT_CGC_33_3,,,419.1,,,,,100,,,,8.854,,,10,0.107,38,,,,,Acq,,,,,,,,,,,,,,,30,,0225-DGJZT-GZ-DMRM-POS.d,,Find by MRM,,
106,DGJZT_CGC_33_2,,,419.1,,,,,100,,,,8.755,,,14,0.446,159,,,,,Acq,,,,,,,,,,,,,,,30,,0225-DGJZT-GZ-DMRM-POS.d,,Find by MRM,,
107,DGJZT_CGC_33_1,,,419.1,,,,,100,,,,8.83,,,29,0.141,107,,,,,Acq,,,,,,,,,,,,,,,30,,0225-DGJZT-GZ-DMRM-POS.d,,Find by MRM,,
108,DGJZT_CGC_34_1,,,551.2,,,,,100,,,,8.661,,,12,0.157,64,,,,,Acq,,,,,,,,,,,,,,,30,,0225-DGJZT-GZ-DMRM-POS.d,,Find by MRM,,
109,DGJZT_CGC_35_1,,,257.1,,,,,100,,,,8.624,,,10,0.1,29,,,,,Acq,,,,,,,,,,,,,,,30,,0225-DGJZT-GZ-DMRM-POS.d,,Find by MRM,,
110,DGJZT_CGC_36_1,,,431.1,,,,,100,,,,8.968,,,40,0.371,299,,,,,Acq,,,,,,,,,,,,,,,30,,0225-DGJZT-GZ-DMRM-POS.d,,Find by MRM,,
111,DGJZT_CGC_36_3,,,431.1,,,,,100,,,,8.928,,,4,0.132,12,,,,,Acq,,,,,,,,,,,,,,,30,,0225-DGJZT-GZ-DMRM-POS.d,,Find by MRM,,
112,DGJZT_CGC_37_1,,,269.1,,,,,100,,,,9.03,,,4,0.089,12,,,,,Acq,,,,,,,,,,,,,,,30,,0225-DGJZT-GZ-DMRM-POS.d,,Find by MRM,,
113,DGJZT_CGC_37_2,,,269.1,,,,,100,,,,8.89,,,4,0.115,18,,,,,Acq,,,,,,,,,,,,,,,30,,0225-DGJZT-GZ-DMRM-POS.d,,Find by MRM,,
114,DGJZT_CGC_36_2,,,431.1,,,,,100,,,,9.144,,,7,0.199,38,,,,,Acq,,,,,,,,,,,,,,,30,,0225-DGJZT-GZ-DMRM-POS.d,,Find by MRM,,
115,DGJZT_CGC_37_3,,,269.1,,,,,100,,,,9.199,,,9,0.1,31,,,,,Acq,,,,,,,,,,,,,,,30,,0225-DGJZT-GZ-DMRM-POS.d,,Find by MRM,,
116,DGJZT_CGC_38_3,,,257.1,,,,,100,,,,9.274,,,11,0.098,49,,,,,Acq,,,,,,,,,,,,,,,30,,0225-DGJZT-GZ-DMRM-POS.d,,Find by MRM,,
117,DGJZT_CGC_38_2,,,257.1,,,,,100,,,,9.066,,,12,0.151,59,,,,,Acq,,,,,,,,,,,,,,,30,,0225-DGJZT-GZ-DMRM-POS.d,,Find by MRM,,
118,DGJZT_CGC_39_3,,,419.1,,,,,100,,,,9.164,,,19,0.21,121,,,,,Acq,,,,,,,,,,,,,,,30,,0225-DGJZT-GZ-DMRM-POS.d,,Find by MRM,,
119,DGJZT_CGC_39_2,,,419.1,,,,,100,,,,9.239,,,16,0.148,77,,,,,Acq,,,,,,,,,,,,,,,30,,0225-DGJZT-GZ-DMRM-POS.d,,Find by MRM,,
120,DGJZT_CGC_39_1,,,419.1,,,,,100,,,,9.097,,,24,0.152,95,,,,,Acq,,,,,,,,,,,,,,,30,,0225-DGJZT-GZ-DMRM-POS.d,,Find by MRM,,
121,DGJZT_CGC_38_1,,,257.1,,,,,100,,,,8.982,,,13,0.2,100,,,,,Acq,,,,,,,,,,,,,,,30,,0225-DGJZT-GZ-DMRM-POS.d,,Find by MRM,,
122,DGJZT_DG_32_3,,,207.1,,,,,100,,,,9.243,,,93,0.282,728,,,,,Acq,,,,,,,,,,,,,,,30,,0225-DGJZT-GZ-DMRM-POS.d,,Find by MRM,,
123,DGJZT_DG_32_1,,,207.1,,,,,100,,,,9.235,,,44,0.165,215,,,,,Acq,,,,,,,,,,,,,,,30,,0225-DGJZT-GZ-DMRM-POS.d,,Find by MRM,,
124,DGJZT_DG_32_2,,,207.1,,,,,100,,,,9.202,,,81,0.213,463,,,,,Acq,,,,,,,,,,,,,,,30,,0225-DGJZT-GZ-DMRM-POS.d,,Find by MRM,,
125,DGJZT_CGC_40_3,,,419.1,,,,,100,,,,9.254,,,6,0.062,12,,,,,Acq,,,,,,,,,,,,,,,30,,0225-DGJZT-GZ-DMRM-POS.d,,Find by MRM,,
126,DGJZT_CGC_40_2,,,419.1,,,,,100,,,,9.221,,,9,0.067,17,,,,,Acq,,,,,,,,,,,,,,,30,,0225-DGJZT-GZ-DMRM-POS.d,,Find by MRM,,
127,DGJZT_CGC_40_1,,,419.1,,,,,100,,,,9.288,,,26,0.226,218,,,,,Acq,,,,,,,,,,,,,,,30,,0225-DGJZT-GZ-DMRM-POS.d,,Find by MRM,,
128,DGJZT_CGC_42_2,,,287.1,,,,,100,,,,9.879,,,2,0.125,5,,,,,Acq,,,,,,,,,,,,,,,30,,0225-DGJZT-GZ-DMRM-POS.d,,Find by MRM,,
129,DGJZT_CGC_42_1,,,287.1,,,,,100,,,,9.801,,,11,0.338,99,,,,,Acq,,,,,,,,,,,,,,,30,,0225-DGJZT-GZ-DMRM-POS.d,,Find by MRM,,
130,DGJZT_CGC_42_3,,,287.1,,,,,100,,,,9.794,,,5,0.15,23,,,,,Acq,,,,,,,,,,,,,,,30,,0225-DGJZT-GZ-DMRM-POS.d,,Find by MRM,,
131,DGJZT_CGC_43_3,,,257.1,,,,,100,,,,10.257,,,9,0.159,48,,,,,Acq,,,,,,,,,,,,,,,30,,0225-DGJZT-GZ-DMRM-POS.d,,Find by MRM,,
132,DGJZT_CGC_43_1,,,257.1,,,,,100,,,,11.773,,,83,0.39,908,,,,,Acq,,,,,,,,,,,,,,,30,,0225-DGJZT-GZ-DMRM-POS.d,,Find by MRM,,
133,DGJZT_CGC_43_2,,,257.1,,,,,100,,,,10.884,,,24,0.344,199,,,,,Acq,,,,,,,,,,,,,,,30,,0225-DGJZT-GZ-DMRM-POS.d,,Find by MRM,,
134,DGJZT_CGC_77_1,,,437.3,,,,,100,,,,12.593,,,15,0.114,40,,,,,Acq,,,,,,,,,,,,,,,30,,0225-DGJZT-GZ-DMRM-POS.d,,Find by MRM,,
135,DGJZT_CGC_77_3,,,437.3,,,,,100,,,,12.643,,,21,0.142,102,,,,,Acq,,,,,,,,,,,,,,,30,,0225-DGJZT-GZ-DMRM-POS.d,,Find by MRM,,
136,DGJZT_CGC_77_2,,,437.3,,,,,100,,,,12.385,,,6,0.136,22,,,,,Acq,,,,,,,,,,,,,,,30,,0225-DGJZT-GZ-DMRM-POS.d,,Find by MRM,,
137,DGJZT_CGC_79_1,,,823.4,,,,,100,,,,12.599,,,3,0.086,7,,,,,Acq,,,,,,,,,,,,,,,30,,0225-DGJZT-GZ-DMRM-POS.d,,Find by MRM,,
138,DGJZT_DG_34_3,,,205.1,,,,,100,,,,12.596,,,170,0.195,969,,,,,Acq,,,,,,,,,,,,,,,30,,0225-DGJZT-GZ-DMRM-POS.d,,Find by MRM,,
139,DGJZT_DG_34_1,,,205.1,,,,,100,,,,12.58,,,155,0.2,872,,,,,Acq,,,,,,,,,,,,,,,30,,0225-DGJZT-GZ-DMRM-POS.d,,Find by MRM,,
140,DGJZT_DG_34_2,,,205.1,,,,,100,,,,12.588,,,194,0.257,1235,,,,,Acq,,,,,,,,,,,,,,,30,,0225-DGJZT-GZ-DMRM-POS.d,,Find by MRM,,
141,DGJZT_SJ_11_2,,,457.3,,,,,100,,,,12.575,,,13,0.151,64,,,,,Acq,,,,,,,,,,,,,,,30,,0225-DGJZT-GZ-DMRM-POS.d,,Find by MRM,,
142,DGJZT_SJ_10_2,,,277.2,,,,,100,,,,12.654,,,2507,0.383,18759,,,,,Acq,,,,,,,,,,,,,,,30,,0225-DGJZT-GZ-DMRM-POS.d,,Find by MRM,,
143,DGJZT_SJ_10_1,,,277.2,,,,,100,,,,12.662,,,1831,0.385,14069,,,,,Acq,,,,,,,,,,,,,,,30,,0225-DGJZT-GZ-DMRM-POS.d,,Find by MRM,,
144,DGJZT_SJ_10_3,,,277.2,,,,,100,,,,12.654,,,328,0.297,2504,,,,,Acq,,,,,,,,,,,,,,,30,,0225-DGJZT-GZ-DMRM-POS.d,,Find by MRM,,
145,DGJZT_SJ_9_3,,,177.1,,,,,100,,,,12.664,,,664,0.385,5290,,,,,Acq,,,,,,,,,,,,,,,30,,0225-DGJZT-GZ-DMRM-POS.d,,Find by MRM,,
146,DGJZT_SJ_9_2,,,177.1,,,,,100,,,,12.656,,,3720,0.347,28528,,,,,Acq,,,,,,,,,,,,,,,30,,0225-DGJZT-GZ-DMRM-POS.d,,Find by MRM,,
147,DGJZT_SJ_9_1,,,177.1,,,,,100,,,,12.665,,,4719,0.385,36213,,,,,Acq,,,,,,,,,,,,,,,30,,0225-DGJZT-GZ-DMRM-POS.d,,Find by MRM,,
148,DGJZT_SJ_8_3,,,145.1,,,,,100,,,,12.565,,,33,0.107,122,,,,,Acq,,,,,,,,,,,,,,,30,,0225-DGJZT-GZ-DMRM-POS.d,,Find by MRM,,
149,DGJZT_SJ_8_1,,,145.1,,,,,100,,,,12.658,,,526,0.23,3110,,,,,Acq,,,,,,,,,,,,,,,30,,0225-DGJZT-GZ-DMRM-POS.d,,Find by MRM,,
150,DGJZT_SJ_11_3,,,457.3,,,,,100,,,,12.801,,,8,0.127,30,,,,,Acq,,,,,,,,,,,,,,,30,,0225-DGJZT-GZ-DMRM-POS.d,,Find by MRM,,
151,DGJZT_SJ_11_1,,,457.3,,,,,100,,,,12.743,,,8,0.159,35,,,,,Acq,,,,,,,,,,,,,,,30,,0225-DGJZT-GZ-DMRM-POS.d,,Find by MRM,,
152,DGJZT_CGC_83_1,,,369.1,,,,,100,,,,12.903,,,12,0.1,46,,,,,Acq,,,,,,,,,,,,,,,30,,0225-DGJZT-GZ-DMRM-POS.d,,Find by MRM,,
153,DGJZT_SJ_8_2,,,145.1,,,,,100,,,,12.598,,,31,0.215,243,,,,,Acq,,,,,,,,,,,,,,,30,,0225-DGJZT-GZ-DMRM-POS.d,,Find by MRM,,
154,DGJZT_CGC_83_3,,,369.1,,,,,100,,,,12.819,,,7,0.049,10,,,,,Acq,,,,,,,,,,,,,,,30,,0225-DGJZT-GZ-DMRM-POS.d,,Find by MRM,,
155,DGJZT_CGC_83_2,,,369.1,,,,,100,,,,12.869,,,14,0.215,50,,,,,Acq,,,,,,,,,,,,,,,30,,0225-DGJZT-GZ-DMRM-POS.d,,Find by MRM,,
156,DGJZT_CGC_80_1,,,353.1,,,,,100,,,,12.528,,,7,0.067,15,,,,,Acq,,,,,,,,,,,,,,,30,,0225-DGJZT-GZ-DMRM-POS.d,,Find by MRM,,
157,DGJZT_CGC_87_1,,,299.1,,,,,100,,,,13.073,,,36,0.317,228,,,,,Acq,,,,,,,,,,,,,,,30,,0225-DGJZT-GZ-DMRM-POS.d,,Find by MRM,,
158,DGJZT_CGC_87_2,,,299.1,,,,,100,,,,13.225,,,21,0.099,30,,,,,Acq,,,,,,,,,,,,,,,30,,0225-DGJZT-GZ-DMRM-POS.d,,Find by MRM,,
159,DGJZT_CGC_86_3,,,353.1,,,,,100,,,,13.053,,,70,0.344,677,,,,,Acq,,,,,,,,,,,,,,,30,,0225-DGJZT-GZ-DMRM-POS.d,,Find by MRM,,
160,DGJZT_CGC_86_2,,,353.1,,,,,100,,,,13.114,,,26,0.142,147,,,,,Acq,,,,,,,,,,,,,,,30,,0225-DGJZT-GZ-DMRM-POS.d,,Find by MRM,,
161,DGJZT_CGC_86_1,,,353.1,,,,,100,,,,13.037,,,60,0.233,341,,,,,Acq,,,,,,,,,,,,,,,30,,0225-DGJZT-GZ-DMRM-POS.d,,Find by MRM,,
162,DGJZT_CGC_91_3,,,355.1,,,,,100,,,,13.296,,,101,0.18,620,,,,,Acq,,,,,,,,,,,,,,,30,,0225-DGJZT-GZ-DMRM-POS.d,,Find by MRM,,
163,DGJZT_CGC_87_3,,,299.1,,,,,100,,,,13.033,,,8,0.057,18,,,,,Acq,,,,,,,,,,,,,,,30,,0225-DGJZT-GZ-DMRM-POS.d,,Find by MRM,,
164,DGJZT_CGC_92_3,,,383.2,,,,,100,,,,13.312,,,6,0.063,13,,,,,Acq,,,,,,,,,,,,,,,30,,0225-DGJZT-GZ-DMRM-POS.d,,Find by MRM,,
165,DGJZT_DG_37_3,,,193.1,,,,,100,,,,13.259,,,13,0.121,63,,,,,Acq,,,,,,,,,,,,,,,30,,0225-DGJZT-GZ-DMRM-POS.d,,Find by MRM,,
166,DGJZT_DG_37_2,,,193.1,,,,,100,,,,13.309,,,61,0.191,389,,,,,Acq,,,,,,,,,,,,,,,30,,0225-DGJZT-GZ-DMRM-POS.d,,Find by MRM,,
167,DGJZT_DG_37_1,,,193.1,,,,,100,,,,13.285,,,129,0.499,1358,,,,,Acq,,,,,,,,,,,,,,,30,,0225-DGJZT-GZ-DMRM-POS.d,,Find by MRM,,
168,DGJZT_CGC_91_2,,,355.1,,,,,100,,,,13.33,,,33,0.17,153,,,,,Acq,,,,,,,,,,,,,,,30,,0225-DGJZT-GZ-DMRM-POS.d,,Find by MRM,,
169,DGJZT_CGC_91_1,,,355.1,,,,,100,,,,13.348,,,36,0.358,345,,,,,Acq,,,,,,,,,,,,,,,30,,0225-DGJZT-GZ-DMRM-POS.d,,Find by MRM,,
170,DGJZT_CGC_93_3,,,327.1,,,,,100,,,,13.14,,,6,0.11,14,,,,,Acq,,,,,,,,,,,,,,,30,,0225-DGJZT-GZ-DMRM-POS.d,,Find by MRM,,
171,DGJZT_CGC_92_2,,,383.2,,,,,100,,,,13.411,,,3,0.109,6,,,,,Acq,,,,,,,,,,,,,,,30,,0225-DGJZT-GZ-DMRM-POS.d,,Find by MRM,,
172,DGJZT_CGC_92_1,,,383.2,,,,,100,,,,13.47,,,3,0.182,12,,,,,Acq,,,,,,,,,,,,,,,30,,0225-DGJZT-GZ-DMRM-POS.d,,Find by MRM,,
173,DGJZT_CGC_93_2,,,327.1,,,,,100,,,,13.416,,,3,0.114,7,,,,,Acq,,,,,,,,,,,,,,,30,,0225-DGJZT-GZ-DMRM-POS.d,,Find by MRM,,
174,DGJZT_CGC_97_2,,,337.1,,,,,100,,,,13.856,,,7,0.202,35,,,,,Acq,,,,,,,,,,,,,,,30,,0225-DGJZT-GZ-DMRM-POS.d,,Find by MRM,,
175,DGJZT_CGC_97_1,,,337.1,,,,,100,,,,13.823,,,14,0.118,45,,,,,Acq,,,,,,,,,,,,,,,30,,0225-DGJZT-GZ-DMRM-POS.d,,Find by MRM,,
176,DGJZT_CGC_98_3,,,317.1,,,,,100,,,,13.79,,,18,0.067,45,,,,,Acq,,,,,,,,,,,,,,,30,,0225-DGJZT-GZ-DMRM-POS.d,,Find by MRM,,
177,DGJZT_CGC_98_1,,,317.1,,,,,100,,,,13.74,,,9,0.1,38,,,,,Acq,,,,,,,,,,,,,,,30,,0225-DGJZT-GZ-DMRM-POS.d,,Find by MRM,,
178,DGJZT_CGC_98_2,,,317.1,,,,,100,,,,13.774,,,147,0.282,993,,,,,Acq,,,,,,,,,,,,,,,30,,0225-DGJZT-GZ-DMRM-POS.d,,Find by MRM,,
179,DGJZT_CGC_97_3,,,337.1,,,,,100,,,,13.965,,,4,0.076,8,,,,,Acq,,,,,,,,,,,,,,,30,,0225-DGJZT-GZ-DMRM-POS.d,,Find by MRM,,
180,DGJZT_DG_41_1,,,189.1,,,,,100,,,,14.019,,,3261,0.176,20078,,,,,Acq,,,,,,,,,,,,,,,30,,0225-DGJZT-GZ-DMRM-POS.d,,Find by MRM,,
181,DGJZT_DG_41_2,,,189.1,,,,,100,,,,14.011,,,1200,0.185,6823,,,,,Acq,,,,,,,,,,,,,,,30,,0225-DGJZT-GZ-DMRM-POS.d,,Find by MRM,,
182,DGJZT_DG_41_3,,,189.1,,,,,100,,,,14.011,,,852,0.243,5534,,,,,Acq,,,,,,,,,,,,,,,30,,0225-DGJZT-GZ-DMRM-POS.d,,Find by MRM,,
183,DGJZT_SJ_13_3,,,177.1,,,,,100,,,,13.927,,,19,0.177,77,,,,,Acq,,,,,,,,,,,,,,,30,,0225-DGJZT-GZ-DMRM-POS.d,,Find by MRM,,
184,DGJZT_SJ_13_2,,,177.1,,,,,100,,,,13.894,,,131,0.345,1108,,,,,Acq,,,,,,,,,,,,,,,30,,0225-DGJZT-GZ-DMRM-POS.d,,Find by MRM,,
185,DGJZT_SJ_13_1,,,177.1,,,,,100,,,,13.911,,,150,0.259,894,,,,,Acq,,,,,,,,,,,,,,,30,,0225-DGJZT-GZ-DMRM-POS.d,,Find by MRM,,
186,DGJZT_CGC_100_2,,,383.1,,,,,100,,,,13.946,,,9,0.203,42,,,,,Acq,,,,,,,,,,,,,,,30,,0225-DGJZT-GZ-DMRM-POS.d,,Find by MRM,,
187,DGJZT_CGC_100_1,,,383.1,,,,,100,,,,13.964,,,4,0.203,16,,,,,Acq,,,,,,,,,,,,,,,30,,0225-DGJZT-GZ-DMRM-POS.d,,Find by MRM,,
188,DGJZT_DG_47_3,,,191.1,,,,,100,,,,13.984,,,629,0.268,4106,,,,,Acq,,,,,,,,,,,,,,,30,,0225-DGJZT-GZ-DMRM-POS.d,,Find by MRM,,
189,DGJZT_DG_47_1,,,191.1,,,,,100,,,,13.993,,,1315,0.34,8521,,,,,Acq,,,,,,,,,,,,,,,30,,0225-DGJZT-GZ-DMRM-POS.d,,Find by MRM,,
190,DGJZT_DG_47_2,,,191.1,,,,,100,,,,13.994,,,1111,0.333,7815,,,,,Acq,,,,,,,,,,,,,,,30,,0225-DGJZT-GZ-DMRM-POS.d,,Find by MRM,,
191,DGJZT_DG_45_3,,,145.1,,,,,100,,,,14.004,,,43,0.156,179,,,,,Acq,,,,,,,,,,,,,,,30,,0225-DGJZT-GZ-DMRM-POS.d,,Find by MRM,,
192,DGJZT_DG_45_1,,,145.1,,,,,100,,,,13.946,,,177,0.201,1143,,,,,Acq,,,,,,,,,,,,,,,30,,0225-DGJZT-GZ-DMRM-POS.d,,Find by MRM,,
193,DGJZT_DG_45_2,,,145.1,,,,,100,,,,13.996,,,72,0.239,547,,,,,Acq,,,,,,,,,,,,,,,30,,0225-DGJZT-GZ-DMRM-POS.d,,Find by MRM,,
194,DGJZT_CGC_100_3,,,383.1,,,,,100,,,,14.075,,,12,0.17,44,,,,,Acq,,,,,,,,,,,,,,,30,,0225-DGJZT-GZ-DMRM-POS.d,,Find by MRM,,
195,DGJZT_CGC_101_2,,,371.2,,,,,100,,,,14.193,,,31,0.185,113,,,,,Acq,,,,,,,,,,,,,,,30,,0225-DGJZT-GZ-DMRM-POS.d,,Find by MRM,,
196,DGJZT_CGC_101_3,,,371.2,,,,,100,,,,13.991,,,14,0.135,47,,,,,Acq,,,,,,,,,,,,,,,30,,0225-DGJZT-GZ-DMRM-POS.d,,Find by MRM,,
197,DGJZT_CGC_103_1,,,425.2,,,,,100,,,,14.064,,,24,0.157,120,,,,,Acq,,,,,,,,,,,,,,,30,,0225-DGJZT-GZ-DMRM-POS.d,,Find by MRM,,
198,DGJZT_CGC_103_2,,,425.2,,,,,100,,,,14.265,,,32,0.059,86,,,,,Acq,,,,,,,,,,,,,,,30,,0225-DGJZT-GZ-DMRM-POS.d,,Find by MRM,,
199,DGJZT_CGC_103_3,,,425.2,,,,,100,,,,14.241,,,14,0.123,64,,,,,Acq,,,,,,,,,,,,,,,30,,0225-DGJZT-GZ-DMRM-POS.d,,Find by MRM,,
200,DGJZT_CGC_101_1,,,371.2,,,,,100,,,,14.186,,,17,0.238,168,,,,,Acq,,,,,,,,,,,,,,,30,,0225-DGJZT-GZ-DMRM-POS.d,,Find by MRM,,
201,DGJZT_SJ_14_1,,,404.2,,,,,100,,,,14.285,,,254,0.295,1570,,,,,Acq,,,,,,,,,,,,,,,30,,0225-DGJZT-GZ-DMRM-POS.d,,Find by MRM,,
202,DGJZT_SJ_14_3,,,404.2,,,,,100,,,,14.527,,,22,0.091,64,,,,,Acq,,,,,,,,,,,,,,,30,,0225-DGJZT-GZ-DMRM-POS.d,,Find by MRM,,
203,DGJZT_SJ_14_2,,,404.2,,,,,100,,,,14.287,,,218,0.213,1251,,,,,Acq,,,,,,,,,,,,,,,30,,0225-DGJZT-GZ-DMRM-POS.d,,Find by MRM,,
204,DGJZT_CGC_106_2,,,423.2,,,,,100,,,,14.517,,,140,0.292,858,,,,,Acq,,,,,,,,,,,,,,,30,,0225-DGJZT-GZ-DMRM-POS.d,,Find by MRM,,
205,DGJZT_CGC_106_1,,,423.2,,,,,100,,,,14.776,,,10,0.079,25,,,,,Acq,,,,,,,,,,,,,,,30,,0225-DGJZT-GZ-DMRM-POS.d,,Find by MRM,,
206,DGJZT_DG_49_3,,,191.1,,,,,100,,,,14.889,,,32,0.075,65,,,,,Acq,,,,,,,,,,,,,,,30,,0225-DGJZT-GZ-DMRM-POS.d,,Find by MRM,,
207,DGJZT_DG_49_1,,,191.1,,,,,100,,,,14.498,,,13,0.206,76,,,,,Acq,,,,,,,,,,,,,,,30,,0225-DGJZT-GZ-DMRM-POS.d,,Find by MRM,,
208,DGJZT_DG_49_2,,,191.1,,,,,100,,,,14.731,,,6,0.04,8,,,,,Acq,,,,,,,,,,,,,,,30,,0225-DGJZT-GZ-DMRM-POS.d,,Find by MRM,,
209,DGJZT_GZ_24_1,,,279.1,,,,,100,,,,14.729,,,5024,0.378,37102,,,,,Acq,,,,,,,,,,,,,,,30,,0225-DGJZT-GZ-DMRM-POS.d,,Find by MRM,,
210,DGJZT_GZ_24_3,,,279.1,,,,,100,,,,14.722,,,1086,0.4,8215,,,,,Acq,,,,,,,,,,,,,,,30,,0225-DGJZT-GZ-DMRM-POS.d,,Find by MRM,,
211,DGJZT_CGC_106_3,,,423.2,,,,,100,,,,14.625,,,16,0.101,54,,,,,Acq,,,,,,,,,,,,,,,30,,0225-DGJZT-GZ-DMRM-POS.d,,Find by MRM,,
212,DGJZT_GZ_24_2,,,279.1,,,,,100,,,,14.738,,,11191,0.311,81187,,,,,Acq,,,,,,,,,,,,,,,30,,0225-DGJZT-GZ-DMRM-POS.d,,Find by MRM,,
213,DGJZT_GZ_25_2,,,309.2,,,,,100,,,,14.803,,,2630,0.365,20055,,,,,Acq,,,,,,,,,,,,,,,30,,0225-DGJZT-GZ-DMRM-POS.d,,Find by MRM,,
214,DGJZT_GZ_25_3,,,309.2,,,,,100,,,,14.795,,,267,0.363,2007,,,,,Acq,,,,,,,,,,,,,,,30,,0225-DGJZT-GZ-DMRM-POS.d,,Find by MRM,,
215,DGJZT_GZ_25_1,,,309.2,,,,,100,,,,14.804,,,21562,0.374,158663,,,,,Acq,,,,,,,,,,,,,,,30,,0225-DGJZT-GZ-DMRM-POS.d,,Find by MRM,,
216,DGJZT_SJ_16_3,,,177.1,,,,,100,,,,15.042,,,10,0.142,41,,,,,Acq,,,,,,,,,,,,,,,30,,0225-DGJZT-GZ-DMRM-POS.d,,Find by MRM,,
217,DGJZT_SJ_16_2,,,177.1,,,,,100,,,,14.807,,,43,0.1,111,,,,,Acq,,,,,,,,,,,,,,,30,,0225-DGJZT-GZ-DMRM-POS.d,,Find by MRM,,
218,DGJZT_SJ_16_1,,,177.1,,,,,100,,,,14.875,,,42,0.181,255,,,,,Acq,,,,,,,,,,,,,,,30,,0225-DGJZT-GZ-DMRM-POS.d,,Find by MRM,,
219,DGJZT_DG_50_2,,,412.3,,,,,100,,,,15.071,,,11,0.12,43,,,,,Acq,,,,,,,,,,,,,,,30,,0225-DGJZT-GZ-DMRM-POS.d,,Find by MRM,,
220,DGJZT_DG_50_1,,,412.3,,,,,100,,,,15.079,,,245,0.29,1931,,,,,Acq,,,,,,,,,,,,,,,30,,0225-DGJZT-GZ-DMRM-POS.d,,Find by MRM,,
221,DGJZT_DG_50_3,,,412.3,,,,,100,,,,15.096,,,14,0.158,68,,,,,Acq,,,,,,,,,,,,,,,30,,0225-DGJZT-GZ-DMRM-POS.d,,Find by MRM,,
222,DGJZT_DG_52_3,,,381.2,,,,,100,,,,15.074,,,210,0.269,1538,,,,,Acq,,,,,,,,,,,,,,,30,,0225-DGJZT-GZ-DMRM-POS.d,,Find by MRM,,
223,DGJZT_DG_58_1,,,412.2,,,,,100,,,,15.088,,,269,0.371,2135,,,,,Acq,,,,,,,,,,,,,,,30,,0225-DGJZT-GZ-DMRM-POS.d,,Find by MRM,,
224,DGJZT_DG_58_3,,,412.2,,,,,100,,,,15.105,,,28,0.135,131,,,,,Acq,,,,,,,,,,,,,,,30,,0225-DGJZT-GZ-DMRM-POS.d,,Find by MRM,,
225,DGJZT_DG_55_2,,,363.2,,,,,100,,,,15.125,,,6,0.11,22,,,,,Acq,,,,,,,,,,,,,,,30,,0225-DGJZT-GZ-DMRM-POS.d,,Find by MRM,,
226,DGJZT_DG_59_3,,,191.1,,,,,100,,,,15.041,,,23,0.109,76,,,,,Acq,,,,,,,,,,,,,,,30,,0225-DGJZT-GZ-DMRM-POS.d,,Find by MRM,,
227,DGJZT_DG_59_1,,,191.1,,,,,100,,,,15.101,,,114,0.259,871,,,,,Acq,,,,,,,,,,,,,,,30,,0225-DGJZT-GZ-DMRM-POS.d,,Find by MRM,,
228,DGJZT_DG_59_2,,,191.1,,,,,100,,,,15.085,,,133,0.415,1103,,,,,Acq,,,,,,,,,,,,,,,30,,0225-DGJZT-GZ-DMRM-POS.d,,Find by MRM,,
229,DGJZT_DG_58_2,,,412.2,,,,,100,,,,15.055,,,12,0.07,22,,,,,Acq,,,,,,,,,,,,,,,30,,0225-DGJZT-GZ-DMRM-POS.d,,Find by MRM,,
230,DGJZT_DG_52_1,,,381.2,,,,,100,,,,15.091,,,856,0.409,8337,,,,,Acq,,,,,,,,,,,,,,,30,,0225-DGJZT-GZ-DMRM-POS.d,,Find by MRM,,
231,DGJZT_DG_52_2,,,381.2,,,,,100,,,,15.092,,,33,0.163,157,,,,,Acq,,,,,,,,,,,,,,,30,,0225-DGJZT-GZ-DMRM-POS.d,,Find by MRM,,
232,DGJZT_GZ_27_1,,,448.3,,,,,100,,,,15.135,,,75697,0.402,511985,,,,,Acq,,,,,,,,,,,,,,,30,,0225-DGJZT-GZ-DMRM-POS.d,,Find by MRM,,
233,DGJZT_GZ_27_2,,,448.3,,,,,100,,,,15.136,,,3533,0.411,23655,,,,,Acq,,,,,,,,,,,,,,,30,,0225-DGJZT-GZ-DMRM-POS.d,,Find by MRM,,
234,DGJZT_DG_61_1,,,381.2,,,,,100,,,,15.098,,,772,0.39,6663,,,,,Acq,,,,,,,,,,,,,,,30,,0225-DGJZT-GZ-DMRM-POS.d,,Find by MRM,,
235,DGJZT_DG_61_3,,,381.2,,,,,100,,,,15.132,,,94,0.179,539,,,,,Acq,,,,,,,,,,,,,,,30,,0225-DGJZT-GZ-DMRM-POS.d,,Find by MRM,,
236,DGJZT_DG_61_2,,,381.2,,,,,100,,,,15.115,,,93,0.345,913,,,,,Acq,,,,,,,,,,,,,,,30,,0225-DGJZT-GZ-DMRM-POS.d,,Find by MRM,,
237,DGJZT_SJ_17_1,,,432.3,,,,,100,,,,15.237,,,58,0.331,522,,,,,Acq,,,,,,,,,,,,,,,30,,0225-DGJZT-GZ-DMRM-POS.d,,Find by MRM,,
238,DGJZT_SJ_17_3,,,432.3,,,,,100,,,,15.204,,,24,0.252,150,,,,,Acq,,,,,,,,,,,,,,,30,,0225-DGJZT-GZ-DMRM-POS.d,,Find by MRM,,
239,DGJZT_SJ_17_2,,,432.3,,,,,100,,,,15.212,,,72,0.176,330,,,,,Acq,,,,,,,,,,,,,,,30,,0225-DGJZT-GZ-DMRM-POS.d,,Find by MRM,,

