﻿#化合物列表: 526 found
#
Cpd,Name,Formula,Purity Result,Precursor,Mass,Diff (ppm),Score (Tgt),Flags (Tgt),Score,Std Dev,Relative Mass Difference (MFG),Base Peak,RT,RT Diff,Target Retention Time Difference,Height,Width,Area,Volume,Vol %,Ions,Saturated,ID Source,Score (MFG),Score (DB),Hit Count,Tgt MFG Hit,FV,Purity Value,Purity Comments,ADC% Area,EIC/TIC% Area,TIC% Area,UVA% Area,Score (Lib),CAS ID,Relative Reference Mass difference,CE,MS/MS Count,File,Notes,Algorithm,Lib/DB
1,DGJZT_SJ_1_3,,,308.1,,,,,100,,,,1.024,,,208,0.445,3011,,,,,Acq,,,,,,,,,,,,,,,30,,0225-DGJZT-DZ-YIN-DMRM-NEG.d,,Find by MRM,,
2,DGJZT_SJ_1_1,,,308.1,,,,,100,,,,1.042,,,163,0.247,1403,,,,,Acq,,,,,,,,,,,,,,,30,,0225-DGJZT-DZ-YIN-DMRM-NEG.d,,Find by MRM,,
3,DGJZT_SJ_1_2,,,308.1,,,,,100,,,,1.034,,,105,0.248,776,,,,,Acq,,,,,,,,,,,,,,,30,,0225-DGJZT-DZ-YIN-DMRM-NEG.d,,Find by MRM,,
4,DGJZT_DZ_4_3,,,618.2,,,,,100,,,,1.028,,,205,0.233,1045,,,,,Acq,,,,,,,,,,,,,,,30,,0225-DGJZT-DZ-YIN-DMRM-NEG.d,,Find by MRM,,
5,DGJZT_DZ_4_1,,,618.2,,,,,100,,,,1.029,,,500,0.159,2323,,,,,Acq,,,,,,,,,,,,,,,30,,0225-DGJZT-DZ-YIN-DMRM-NEG.d,,Find by MRM,,
6,DGJZT_DZ_4_2,,,618.2,,,,,100,,,,1.029,,,112,0.136,440,,,,,Acq,,,,,,,,,,,,,,,30,,0225-DGJZT-DZ-YIN-DMRM-NEG.d,,Find by MRM,,
7,DGJZT_DZ_6_1,,,353.1,,,,,100,,,,1.107,,,71,0.16,401,,,,,Acq,,,,,,,,,,,,,,,30,,0225-DGJZT-DZ-YIN-DMRM-NEG.d,,Find by MRM,,
8,DGJZT_DZ_6_3,,,353.1,,,,,100,,,,1.158,,,59,0.092,245,,,,,Acq,,,,,,,,,,,,,,,30,,0225-DGJZT-DZ-YIN-DMRM-NEG.d,,Find by MRM,,
9,DGJZT_DG_6_1,,,470.2,,,,,100,,,,1.106,,,9060,0.414,99345,,,,,Acq,,,,,,,,,,,,,,,30,,0225-DGJZT-DZ-YIN-DMRM-NEG.d,,Find by MRM,,
10,DGJZT_DZ_9_1,,,618.2,,,,,100,,,,1.035,,,386,0.227,1846,,,,,Acq,,,,,,,,,,,,,,,30,,0225-DGJZT-DZ-YIN-DMRM-NEG.d,,Find by MRM,,
11,DGJZT_DZ_9_2,,,618.2,,,,,100,,,,1.027,,,124,0.233,623,,,,,Acq,,,,,,,,,,,,,,,30,,0225-DGJZT-DZ-YIN-DMRM-NEG.d,,Find by MRM,,
12,DGJZT_DG_9_3,,,387.1,,,,,100,,,,1.006,,,1093,0.078,2977,,,,,Acq,,,,,,,,,,,,,,,30,,0225-DGJZT-DZ-YIN-DMRM-NEG.d,,Find by MRM,,
13,DGJZT_DZ_9_3,,,618.2,,,,,100,,,,1.378,,,36,0.223,241,,,,,Acq,,,,,,,,,,,,,,,30,,0225-DGJZT-DZ-YIN-DMRM-NEG.d,,Find by MRM,,
14,DGJZT_DG_10_1,,,527.1,,,,,100,,,,1.214,,,839,0.435,8667,,,,,Acq,,,,,,,,,,,,,,,30,,0225-DGJZT-DZ-YIN-DMRM-NEG.d,,Find by MRM,,
15,DGJZT_DG_9_2,,,387.1,,,,,100,,,,1.423,,,652,0.249,7919,,,,,Acq,,,,,,,,,,,,,,,30,,0225-DGJZT-DZ-YIN-DMRM-NEG.d,,Find by MRM,,
16,DGJZT_DG_9_1,,,387.1,,,,,100,,,,1.391,,,348,0.357,5493,,,,,Acq,,,,,,,,,,,,,,,30,,0225-DGJZT-DZ-YIN-DMRM-NEG.d,,Find by MRM,,
17,DGJZT_DZ_10_2,,,353.1,,,,,100,,,,1.534,,,156,0.199,927,,,,,Acq,,,,,,,,,,,,,,,30,,0225-DGJZT-DZ-YIN-DMRM-NEG.d,,Find by MRM,,
18,DGJZT_DZ_10_1,,,353.1,,,,,100,,,,1.509,,,154,0.225,911,,,,,Acq,,,,,,,,,,,,,,,30,,0225-DGJZT-DZ-YIN-DMRM-NEG.d,,Find by MRM,,
19,DGJZT_DG_16_1,,,470.2,,,,,100,,,,1.629,,,2276,0.294,18474,,,,,Acq,,,,,,,,,,,,,,,30,,0225-DGJZT-DZ-YIN-DMRM-NEG.d,,Find by MRM,,
20,DGJZT_DG_17_2,,,372.1,,,,,100,,,,1.607,,,193,0.268,1055,,,,,Acq,,,,,,,,,,,,,,,30,,0225-DGJZT-DZ-YIN-DMRM-NEG.d,,Find by MRM,,
21,DGJZT_DG_17_1,,,372.1,,,,,100,,,,1.608,,,130,0.366,889,,,,,Acq,,,,,,,,,,,,,,,30,,0225-DGJZT-DZ-YIN-DMRM-NEG.d,,Find by MRM,,
22,DGJZT_BS_3_1,,,343.1,,,,,100,,,,1.651,,,114,0.332,912,,,,,Acq,,,,,,,,,,,,,,,30,,0225-DGJZT-DZ-YIN-DMRM-NEG.d,,Find by MRM,,
23,DGJZT_BS_5_1,,,331.1,,,,,100,,,,1.835,,,95,0.367,1333,,,,,Acq,,,,,,,,,,,,,,,30,,0225-DGJZT-DZ-YIN-DMRM-NEG.d,,Find by MRM,,
24,DGJZT_DG_25_1,,,527.1,,,,,100,,,,1.863,,,1540,0.395,14695,,,,,Acq,,,,,,,,,,,,,,,30,,0225-DGJZT-DZ-YIN-DMRM-NEG.d,,Find by MRM,,
25,DGJZT_BS_5_3,,,331.1,,,,,100,,,,2.019,,,694,0.377,7929,,,,,Acq,,,,,,,,,,,,,,,30,,0225-DGJZT-DZ-YIN-DMRM-NEG.d,,Find by MRM,,
26,DGJZT_BS_5_2,,,331.1,,,,,100,,,,2.019,,,844,0.349,9474,,,,,Acq,,,,,,,,,,,,,,,30,,0225-DGJZT-DZ-YIN-DMRM-NEG.d,,Find by MRM,,
27,DGJZT_DG_26_1,,,497.1,,,,,100,,,,1.931,,,379,0.295,2912,,,,,Acq,,,,,,,,,,,,,,,30,,0225-DGJZT-DZ-YIN-DMRM-NEG.d,,Find by MRM,,
28,DGJZT_DG_26_3,,,497.1,,,,,100,,,,1.956,,,277,0.433,2947,,,,,Acq,,,,,,,,,,,,,,,30,,0225-DGJZT-DZ-YIN-DMRM-NEG.d,,Find by MRM,,
29,DGJZT_BS_6_2,,,331.1,,,,,100,,,,2.037,,,651,0.317,5436,,,,,Acq,,,,,,,,,,,,,,,30,,0225-DGJZT-DZ-YIN-DMRM-NEG.d,,Find by MRM,,
30,DGJZT_BS_6_1,,,331.1,,,,,100,,,,2.004,,,842,0.369,9229,,,,,Acq,,,,,,,,,,,,,,,30,,0225-DGJZT-DZ-YIN-DMRM-NEG.d,,Find by MRM,,
31,DGJZT_BS_6_3,,,331.1,,,,,100,,,,2.046,,,83,0.236,567,,,,,Acq,,,,,,,,,,,,,,,30,,0225-DGJZT-DZ-YIN-DMRM-NEG.d,,Find by MRM,,
32,DGJZT_BS_8_2,,,567.2,,,,,100,,,,2.013,,,81,0.509,859,,,,,Acq,,,,,,,,,,,,,,,30,,0225-DGJZT-DZ-YIN-DMRM-NEG.d,,Find by MRM,,
33,DGJZT_BS_9_3,,,421.1,,,,,100,,,,2.084,,,187,0.335,1561,,,,,Acq,,,,,,,,,,,,,,,30,,0225-DGJZT-DZ-YIN-DMRM-NEG.d,,Find by MRM,,
34,DGJZT_DG_29_3,,,341.1,,,,,100,,,,2.118,,,296,0.301,3065,,,,,Acq,,,,,,,,,,,,,,,30,,0225-DGJZT-DZ-YIN-DMRM-NEG.d,,Find by MRM,,
35,DGJZT_DG_29_1,,,341.1,,,,,100,,,,2.11,,,238,0.443,4234,,,,,Acq,,,,,,,,,,,,,,,30,,0225-DGJZT-DZ-YIN-DMRM-NEG.d,,Find by MRM,,
36,DGJZT_DG_29_2,,,341.1,,,,,100,,,,2.059,,,286,0.426,5054,,,,,Acq,,,,,,,,,,,,,,,30,,0225-DGJZT-DZ-YIN-DMRM-NEG.d,,Find by MRM,,
37,DGJZT_BS_13_1,,,529.2,,,,,100,,,,2.248,,,2237,0.489,19415,,,,,Acq,,,,,,,,,,,,,,,30,,0225-DGJZT-DZ-YIN-DMRM-NEG.d,,Find by MRM,,
38,DGJZT_BS_16_1,,,493.1,,,,,100,,,,2.366,,,4497,0.416,45577,,,,,Acq,,,,,,,,,,,,,,,30,,0225-DGJZT-DZ-YIN-DMRM-NEG.d,,Find by MRM,,
39,DGJZT_BS_16_2,,,493.1,,,,,100,,,,2.359,,,482,0.4,4920,,,,,Acq,,,,,,,,,,,,,,,30,,0225-DGJZT-DZ-YIN-DMRM-NEG.d,,Find by MRM,,
40,DGJZT_BS_16_3,,,493.1,,,,,100,,,,2.333,,,142,0.393,1416,,,,,Acq,,,,,,,,,,,,,,,30,,0225-DGJZT-DZ-YIN-DMRM-NEG.d,,Find by MRM,,
41,DGJZT_BS_14_1,,,169,,,,,100,,,,2.338,,,8663,0.434,92174,,,,,Acq,,,,,,,,,,,,,,,30,,0225-DGJZT-DZ-YIN-DMRM-NEG.d,,Find by MRM,,
42,DGJZT_BS_14_2,,,169,,,,,100,,,,2.339,,,5742,0.473,62895,,,,,Acq,,,,,,,,,,,,,,,30,,0225-DGJZT-DZ-YIN-DMRM-NEG.d,,Find by MRM,,
43,DGJZT_BS_17_1,,,331.1,,,,,100,,,,2.394,,,1634,0.4,15309,,,,,Acq,,,,,,,,,,,,,,,30,,0225-DGJZT-DZ-YIN-DMRM-NEG.d,,Find by MRM,,
44,DGJZT_BS_17_2,,,331.1,,,,,100,,,,2.395,,,1137,0.318,9471,,,,,Acq,,,,,,,,,,,,,,,30,,0225-DGJZT-DZ-YIN-DMRM-NEG.d,,Find by MRM,,
45,DGJZT_BS_17_3,,,331.1,,,,,100,,,,2.404,,,290,0.457,2655,,,,,Acq,,,,,,,,,,,,,,,30,,0225-DGJZT-DZ-YIN-DMRM-NEG.d,,Find by MRM,,
46,DGJZT_BS_18_1,,,526.2,,,,,100,,,,2.632,,,433,0.352,3407,,,,,Acq,,,,,,,,,,,,,,,30,,0225-DGJZT-DZ-YIN-DMRM-NEG.d,,Find by MRM,,
47,DGJZT_DG_33_3,,,423.1,,,,,100,,,,2.702,,,315,0.399,2733,,,,,Acq,,,,,,,,,,,,,,,30,,0225-DGJZT-DZ-YIN-DMRM-NEG.d,,Find by MRM,,
48,DGJZT_DG_33_2,,,423.1,,,,,100,,,,2.686,,,286,0.437,2658,,,,,Acq,,,,,,,,,,,,,,,30,,0225-DGJZT-DZ-YIN-DMRM-NEG.d,,Find by MRM,,
49,DGJZT_DG_33_1,,,423.1,,,,,100,,,,2.712,,,202,0.427,1784,,,,,Acq,,,,,,,,,,,,,,,30,,0225-DGJZT-DZ-YIN-DMRM-NEG.d,,Find by MRM,,
50,DGJZT_BS_20_1,,,403.1,,,,,100,,,,2.804,,,213,0.375,1737,,,,,Acq,,,,,,,,,,,,,,,30,,0225-DGJZT-DZ-YIN-DMRM-NEG.d,,Find by MRM,,
51,DGJZT_BS_20_2,,,403.1,,,,,100,,,,2.811,,,272,0.438,2392,,,,,Acq,,,,,,,,,,,,,,,30,,0225-DGJZT-DZ-YIN-DMRM-NEG.d,,Find by MRM,,
52,DGJZT_BS_22_1,,,527.1,,,,,100,,,,2.891,,,443,0.227,2900,,,,,Acq,,,,,,,,,,,,,,,30,,0225-DGJZT-DZ-YIN-DMRM-NEG.d,,Find by MRM,,
53,DGJZT_DZ_18_2,,,240.1,,,,,100,,,,2.974,,,49,0.4,507,,,,,Acq,,,,,,,,,,,,,,,30,,0225-DGJZT-DZ-YIN-DMRM-NEG.d,,Find by MRM,,
54,DGJZT_BS_23_2,,,315.1,,,,,100,,,,3.021,,,675,0.316,5293,,,,,Acq,,,,,,,,,,,,,,,30,,0225-DGJZT-DZ-YIN-DMRM-NEG.d,,Find by MRM,,
55,DGJZT_BS_23_1,,,315.1,,,,,100,,,,3.022,,,695,0.358,4937,,,,,Acq,,,,,,,,,,,,,,,30,,0225-DGJZT-DZ-YIN-DMRM-NEG.d,,Find by MRM,,
56,DGJZT_DZ_19_2,,,297.1,,,,,100,,,,3.039,,,36,0.191,177,,,,,Acq,,,,,,,,,,,,,,,30,,0225-DGJZT-DZ-YIN-DMRM-NEG.d,,Find by MRM,,
57,DGJZT_DZ_19_1,,,297.1,,,,,100,,,,3.048,,,23,0.256,119,,,,,Acq,,,,,,,,,,,,,,,30,,0225-DGJZT-DZ-YIN-DMRM-NEG.d,,Find by MRM,,
58,DGJZT_DZ_21_1,,,221.1,,,,,100,,,,3.209,,,12,0.109,49,,,,,Acq,,,,,,,,,,,,,,,30,,0225-DGJZT-DZ-YIN-DMRM-NEG.d,,Find by MRM,,
59,DGJZT_BS_26_3,,,389.1,,,,,100,,,,3.245,,,211,0.259,1388,,,,,Acq,,,,,,,,,,,,,,,30,,0225-DGJZT-DZ-YIN-DMRM-NEG.d,,Find by MRM,,
60,DGJZT_BS_25_2,,,527.1,,,,,100,,,,3.236,,,959,0.306,7190,,,,,Acq,,,,,,,,,,,,,,,30,,0225-DGJZT-DZ-YIN-DMRM-NEG.d,,Find by MRM,,
61,DGJZT_BS_25_1,,,527.1,,,,,100,,,,3.253,,,204,0.239,1560,,,,,Acq,,,,,,,,,,,,,,,30,,0225-DGJZT-DZ-YIN-DMRM-NEG.d,,Find by MRM,,
62,DGJZT_BS_26_2,,,389.1,,,,,100,,,,3.229,,,533,0.407,3820,,,,,Acq,,,,,,,,,,,,,,,30,,0225-DGJZT-DZ-YIN-DMRM-NEG.d,,Find by MRM,,
63,DGJZT_BS_27_1,,,633.1,,,,,100,,,,3.336,,,1704,0.419,14195,,,,,Acq,,,,,,,,,,,,,,,30,,0225-DGJZT-DZ-YIN-DMRM-NEG.d,,Find by MRM,,
64,DGJZT_BS_26_1,,,389.1,,,,,100,,,,3.238,,,586,0.339,3852,,,,,Acq,,,,,,,,,,,,,,,30,,0225-DGJZT-DZ-YIN-DMRM-NEG.d,,Find by MRM,,
65,DGJZT_DG_36_2,,,353.1,,,,,100,,,,3.306,,,1807,0.465,17306,,,,,Acq,,,,,,,,,,,,,,,30,,0225-DGJZT-DZ-YIN-DMRM-NEG.d,,Find by MRM,,
66,DGJZT_DG_36_1,,,353.1,,,,,100,,,,3.316,,,1532,0.448,14028,,,,,Acq,,,,,,,,,,,,,,,30,,0225-DGJZT-DZ-YIN-DMRM-NEG.d,,Find by MRM,,
67,DGJZT_DG_36_3,,,353.1,,,,,100,,,,3.323,,,788,0.454,7031,,,,,Acq,,,,,,,,,,,,,,,30,,0225-DGJZT-DZ-YIN-DMRM-NEG.d,,Find by MRM,,
68,DGJZT_BS_28_3,,,287.1,,,,,100,,,,3.417,,,1640,0.403,15681,,,,,Acq,,,,,,,,,,,,,,,30,,0225-DGJZT-DZ-YIN-DMRM-NEG.d,,Find by MRM,,
69,DGJZT_BS_28_1,,,287.1,,,,,100,,,,3.409,,,1229,0.391,10852,,,,,Acq,,,,,,,,,,,,,,,30,,0225-DGJZT-DZ-YIN-DMRM-NEG.d,,Find by MRM,,
70,DGJZT_BS_28_2,,,287.1,,,,,100,,,,3.418,,,385,0.36,3573,,,,,Acq,,,,,,,,,,,,,,,30,,0225-DGJZT-DZ-YIN-DMRM-NEG.d,,Find by MRM,,
71,DGJZT_DG_39_2,,,658.2,,,,,100,,,,3.444,,,1082,0.364,8560,,,,,Acq,,,,,,,,,,,,,,,30,,0225-DGJZT-DZ-YIN-DMRM-NEG.d,,Find by MRM,,
72,DGJZT_DG_39_1,,,658.2,,,,,100,,,,3.444,,,1413,0.38,11431,,,,,Acq,,,,,,,,,,,,,,,30,,0225-DGJZT-DZ-YIN-DMRM-NEG.d,,Find by MRM,,
73,DGJZT_BS_29_1,,,451.1,,,,,100,,,,3.489,,,885,0.461,9578,,,,,Acq,,,,,,,,,,,,,,,30,,0225-DGJZT-DZ-YIN-DMRM-NEG.d,,Find by MRM,,
74,DGJZT_BS_37_1,,,483.1,,,,,100,,,,3.682,,,378,0.253,3403,,,,,Acq,,,,,,,,,,,,,,,30,,0225-DGJZT-DZ-YIN-DMRM-NEG.d,,Find by MRM,,
75,DGJZT_BS_37_3,,,483.1,,,,,100,,,,3.698,,,422,0.458,5027,,,,,Acq,,,,,,,,,,,,,,,30,,0225-DGJZT-DZ-YIN-DMRM-NEG.d,,Find by MRM,,
76,DGJZT_DG_41_2,,,355.1,,,,,100,,,,3.684,,,543,0.395,4607,,,,,Acq,,,,,,,,,,,,,,,30,,0225-DGJZT-DZ-YIN-DMRM-NEG.d,,Find by MRM,,
77,DGJZT_DG_41_3,,,355.1,,,,,100,,,,3.684,,,453,0.303,3519,,,,,Acq,,,,,,,,,,,,,,,30,,0225-DGJZT-DZ-YIN-DMRM-NEG.d,,Find by MRM,,
78,DGJZT_DG_41_1,,,355.1,,,,,100,,,,3.685,,,2318,0.382,17901,,,,,Acq,,,,,,,,,,,,,,,30,,0225-DGJZT-DZ-YIN-DMRM-NEG.d,,Find by MRM,,
79,DGJZT_DG_42_3,,,491.1,,,,,100,,,,3.797,,,1061,0.443,15411,,,,,Acq,,,,,,,,,,,,,,,30,,0225-DGJZT-DZ-YIN-DMRM-NEG.d,,Find by MRM,,
80,DGJZT_DG_42_1,,,491.1,,,,,100,,,,3.832,,,193,0.363,2607,,,,,Acq,,,,,,,,,,,,,,,30,,0225-DGJZT-DZ-YIN-DMRM-NEG.d,,Find by MRM,,
81,DGJZT_BS_40_2,,,391.2,,,,,100,,,,3.775,,,304,0.315,2339,,,,,Acq,,,,,,,,,,,,,,,30,,0225-DGJZT-DZ-YIN-DMRM-NEG.d,,Find by MRM,,
82,DGJZT_BS_40_3,,,391.2,,,,,100,,,,3.775,,,331,0.344,2455,,,,,Acq,,,,,,,,,,,,,,,30,,0225-DGJZT-DZ-YIN-DMRM-NEG.d,,Find by MRM,,
83,DGJZT_GZ_4_1,,,349.1,,,,,100,,,,3.828,,,545,0.45,5010,,,,,Acq,,,,,,,,,,,,,,,30,,0225-DGJZT-DZ-YIN-DMRM-NEG.d,,Find by MRM,,
84,DGJZT_DG_43_1,,,293.1,,,,,100,,,,3.829,,,235,0.234,1667,,,,,Acq,,,,,,,,,,,,,,,30,,0225-DGJZT-DZ-YIN-DMRM-NEG.d,,Find by MRM,,
85,DGJZT_CGC_7_1,,,631.1,,,,,100,,,,3.771,,,1123,0.446,13377,,,,,Acq,,,,,,,,,,,,,,,30,,0225-DGJZT-DZ-YIN-DMRM-NEG.d,,Find by MRM,,
86,DGJZT_DG_42_2,,,491.1,,,,,100,,,,3.823,,,851,0.464,12743,,,,,Acq,,,,,,,,,,,,,,,30,,0225-DGJZT-DZ-YIN-DMRM-NEG.d,,Find by MRM,,
87,DGJZT_BS_45_1,,,635.1,,,,,100,,,,3.931,,,707,0.312,5895,,,,,Acq,,,,,,,,,,,,,,,30,,0225-DGJZT-DZ-YIN-DMRM-NEG.d,,Find by MRM,,
88,DGJZT_DZ_23_1,,,477.2,,,,,100,,,,3.723,,,19,0.216,89,,,,,Acq,,,,,,,,,,,,,,,30,,0225-DGJZT-DZ-YIN-DMRM-NEG.d,,Find by MRM,,
89,DGJZT_DZ_24_2,,,431.2,,,,,100,,,,4.177,,,27,0.192,125,,,,,Acq,,,,,,,,,,,,,,,30,,0225-DGJZT-DZ-YIN-DMRM-NEG.d,,Find by MRM,,
90,DGJZT_DZ_24_1,,,431.2,,,,,100,,,,4.211,,,57,0.322,419,,,,,Acq,,,,,,,,,,,,,,,30,,0225-DGJZT-DZ-YIN-DMRM-NEG.d,,Find by MRM,,
91,DGJZT_DZ_25_2,,,639.2,,,,,100,,,,4.065,,,4,0.073,7,,,,,Acq,,,,,,,,,,,,,,,30,,0225-DGJZT-DZ-YIN-DMRM-NEG.d,,Find by MRM,,
92,DGJZT_DG_46_2,,,353.1,,,,,100,,,,4.012,,,3491,0.415,39905,,,,,Acq,,,,,,,,,,,,,,,30,,0225-DGJZT-DZ-YIN-DMRM-NEG.d,,Find by MRM,,
93,DGJZT_DG_46_1,,,353.1,,,,,100,,,,4.012,,,2725,0.424,31141,,,,,Acq,,,,,,,,,,,,,,,30,,0225-DGJZT-DZ-YIN-DMRM-NEG.d,,Find by MRM,,
94,DGJZT_DZ_25_3,,,639.2,,,,,100,,,,3.837,,,5,0.063,14,,,,,Acq,,,,,,,,,,,,,,,30,,0225-DGJZT-DZ-YIN-DMRM-NEG.d,,Find by MRM,,
95,DGJZT_DZ_25_1,,,639.2,,,,,100,,,,4.133,,,1,0.076,2,,,,,Acq,,,,,,,,,,,,,,,30,,0225-DGJZT-DZ-YIN-DMRM-NEG.d,,Find by MRM,,
96,DGJZT_BS_44_1,,,511.1,,,,,100,,,,4.025,,,138,0.316,1244,,,,,Acq,,,,,,,,,,,,,,,30,,0225-DGJZT-DZ-YIN-DMRM-NEG.d,,Find by MRM,,
97,DGJZT_CGC_13_1,,,789.2,,,,,100,,,,4.122,,,13718,0.444,98696,,,,,Acq,,,,,,,,,,,,,,,30,,0225-DGJZT-DZ-YIN-DMRM-NEG.d,,Find by MRM,,
98,DGJZT_CGC_16_1,,,625.2,,,,,100,,,,4.151,,,1662,0.402,14651,,,,,Acq,,,,,,,,,,,,,,,30,,0225-DGJZT-DZ-YIN-DMRM-NEG.d,,Find by MRM,,
99,DGJZT_BS_46_3,,,525.2,,,,,100,,,,4.168,,,326,0.334,2686,,,,,Acq,,,,,,,,,,,,,,,30,,0225-DGJZT-DZ-YIN-DMRM-NEG.d,,Find by MRM,,
100,DGJZT_CGC_14_1,,,417.1,,,,,100,,,,4.162,,,1083,0.393,9580,,,,,Acq,,,,,,,,,,,,,,,30,,0225-DGJZT-DZ-YIN-DMRM-NEG.d,,Find by MRM,,
101,DGJZT_CGC_18_1,,,711.2,,,,,100,,,,4.199,,,556,0.376,4799,,,,,Acq,,,,,,,,,,,,,,,30,,0225-DGJZT-DZ-YIN-DMRM-NEG.d,,Find by MRM,,
102,DGJZT_CGC_14_3,,,417.1,,,,,100,,,,4.154,,,1331,0.456,11539,,,,,Acq,,,,,,,,,,,,,,,30,,0225-DGJZT-DZ-YIN-DMRM-NEG.d,,Find by MRM,,
103,DGJZT_CGC_14_2,,,417.1,,,,,100,,,,4.146,,,403,0.43,3726,,,,,Acq,,,,,,,,,,,,,,,30,,0225-DGJZT-DZ-YIN-DMRM-NEG.d,,Find by MRM,,
104,DGJZT_CGC_18_3,,,711.2,,,,,100,,,,4.19,,,4964,0.443,42146,,,,,Acq,,,,,,,,,,,,,,,30,,0225-DGJZT-DZ-YIN-DMRM-NEG.d,,Find by MRM,,
105,DGJZT_CGC_17_1,,,549.2,,,,,100,,,,4.21,,,254,0.333,1884,,,,,Acq,,,,,,,,,,,,,,,30,,0225-DGJZT-DZ-YIN-DMRM-NEG.d,,Find by MRM,,
106,DGJZT_BS_53_1,,,635.1,,,,,100,,,,4.318,,,776,0.404,8279,,,,,Acq,,,,,,,,,,,,,,,30,,0225-DGJZT-DZ-YIN-DMRM-NEG.d,,Find by MRM,,
107,DGJZT_BS_51_2,,,183,,,,,100,,,,4.306,,,1906,0.417,17153,,,,,Acq,,,,,,,,,,,,,,,30,,0225-DGJZT-DZ-YIN-DMRM-NEG.d,,Find by MRM,,
108,DGJZT_BS_51_1,,,183,,,,,100,,,,4.306,,,1908,0.432,16284,,,,,Acq,,,,,,,,,,,,,,,30,,0225-DGJZT-DZ-YIN-DMRM-NEG.d,,Find by MRM,,
109,DGJZT_DZ_26_2,,,755.3,,,,,100,,,,4.366,,,7,0.226,17,,,,,Acq,,,,,,,,,,,,,,,30,,0225-DGJZT-DZ-YIN-DMRM-NEG.d,,Find by MRM,,
110,DGJZT_BS_56_1,,,687.2,,,,,100,,,,4.401,,,1508,0.422,13826,,,,,Acq,,,,,,,,,,,,,,,30,,0225-DGJZT-DZ-YIN-DMRM-NEG.d,,Find by MRM,,
111,DGJZT_BS_54_1,,,327.1,,,,,100,,,,4.405,,,993,0.47,11120,,,,,Acq,,,,,,,,,,,,,,,30,,0225-DGJZT-DZ-YIN-DMRM-NEG.d,,Find by MRM,,
112,DGJZT_DG_49_1,,,215.1,,,,,100,,,,4.438,,,110,0.362,1086,,,,,Acq,,,,,,,,,,,,,,,30,,0225-DGJZT-DZ-YIN-DMRM-NEG.d,,Find by MRM,,
113,DGJZT_DG_49_2,,,215.1,,,,,100,,,,4.447,,,175,0.36,1848,,,,,Acq,,,,,,,,,,,,,,,30,,0225-DGJZT-DZ-YIN-DMRM-NEG.d,,Find by MRM,,
114,DGJZT_CGC_19_1,,,593.2,,,,,100,,,,4.62,,,1144,0.359,9529,,,,,Acq,,,,,,,,,,,,,,,30,,0225-DGJZT-DZ-YIN-DMRM-NEG.d,,Find by MRM,,
115,DGJZT_BS_60_1,,,631.2,,,,,100,,,,4.702,,,180,0.216,982,,,,,Acq,,,,,,,,,,,,,,,30,,0225-DGJZT-DZ-YIN-DMRM-NEG.d,,Find by MRM,,
116,DGJZT_BS_60_3,,,631.2,,,,,100,,,,4.702,,,1280,0.477,13599,,,,,Acq,,,,,,,,,,,,,,,30,,0225-DGJZT-DZ-YIN-DMRM-NEG.d,,Find by MRM,,
117,DGJZT_BS_61_1,,,491.1,,,,,100,,,,4.746,,,1371,0.343,9967,,,,,Acq,,,,,,,,,,,,,,,30,,0225-DGJZT-DZ-YIN-DMRM-NEG.d,,Find by MRM,,
118,DGJZT_GZ_6_2,,,415.1,,,,,100,,,,4.755,,,324,0.413,2768,,,,,Acq,,,,,,,,,,,,,,,30,,0225-DGJZT-DZ-YIN-DMRM-NEG.d,,Find by MRM,,
119,DGJZT_GZ_6_1,,,415.1,,,,,100,,,,4.747,,,395,0.388,3387,,,,,Acq,,,,,,,,,,,,,,,30,,0225-DGJZT-DZ-YIN-DMRM-NEG.d,,Find by MRM,,
120,DGJZT_BS_62_2,,,519.2,,,,,100,,,,4.812,,,214,0.341,1815,,,,,Acq,,,,,,,,,,,,,,,30,,0225-DGJZT-DZ-YIN-DMRM-NEG.d,,Find by MRM,,
121,DGJZT_BS_62_1,,,519.2,,,,,100,,,,4.795,,,234,0.326,1726,,,,,Acq,,,,,,,,,,,,,,,30,,0225-DGJZT-DZ-YIN-DMRM-NEG.d,,Find by MRM,,
122,DGJZT_BS_66_3,,,687.2,,,,,100,,,,4.834,,,3015,0.372,27941,,,,,Acq,,,,,,,,,,,,,,,30,,0225-DGJZT-DZ-YIN-DMRM-NEG.d,,Find by MRM,,
123,DGJZT_BS_66_1,,,687.2,,,,,100,,,,4.835,,,16960,0.421,159935,,,,,Acq,,,,,,,,,,,,,,,30,,0225-DGJZT-DZ-YIN-DMRM-NEG.d,,Find by MRM,,
124,DGJZT_BS_66_2,,,687.2,,,,,100,,,,4.827,,,493,0.383,4383,,,,,Acq,,,,,,,,,,,,,,,30,,0225-DGJZT-DZ-YIN-DMRM-NEG.d,,Find by MRM,,
125,DGJZT_GZ_8_2,,,327.1,,,,,100,,,,4.941,,,464,0.326,3031,,,,,Acq,,,,,,,,,,,,,,,30,,0225-DGJZT-DZ-YIN-DMRM-NEG.d,,Find by MRM,,
126,DGJZT_GZ_8_1,,,327.1,,,,,100,,,,4.95,,,1133,0.482,8611,,,,,Acq,,,,,,,,,,,,,,,30,,0225-DGJZT-DZ-YIN-DMRM-NEG.d,,Find by MRM,,
127,DGJZT_GZ_8_3,,,327.1,,,,,100,,,,4.959,,,75,0.369,485,,,,,Acq,,,,,,,,,,,,,,,30,,0225-DGJZT-DZ-YIN-DMRM-NEG.d,,Find by MRM,,
128,DGJZT_GZ_9_3,,,363.1,,,,,100,,,,5.039,,,117,0.486,1340,,,,,Acq,,,,,,,,,,,,,,,30,,0225-DGJZT-DZ-YIN-DMRM-NEG.d,,Find by MRM,,
129,DGJZT_DZ_28_3,,,340.2,,,,,100,,,,5.075,,,30,0.202,155,,,,,Acq,,,,,,,,,,,,,,,30,,0225-DGJZT-DZ-YIN-DMRM-NEG.d,,Find by MRM,,
130,DGJZT_DZ_28_2,,,340.2,,,,,100,,,,5.074,,,123,0.41,1132,,,,,Acq,,,,,,,,,,,,,,,30,,0225-DGJZT-DZ-YIN-DMRM-NEG.d,,Find by MRM,,
131,DGJZT_DZ_28_1,,,340.2,,,,,100,,,,5.083,,,35,0.243,239,,,,,Acq,,,,,,,,,,,,,,,30,,0225-DGJZT-DZ-YIN-DMRM-NEG.d,,Find by MRM,,
132,DGJZT_BS_75_1,,,525.2,,,,,100,,,,5.09,,,89435,0.403,983970,,,,,Acq,,,,,,,,,,,,,,,30,,0225-DGJZT-DZ-YIN-DMRM-NEG.d,,Find by MRM,,
133,DGJZT_DZ_30_1,,,579.3,,,,,100,,,,4.97,,,3,0.109,6,,,,,Acq,,,,,,,,,,,,,,,30,,0225-DGJZT-DZ-YIN-DMRM-NEG.d,,Find by MRM,,
134,DGJZT_BS_79_1,,,787.1,,,,,100,,,,5.195,,,448,0.424,5532,,,,,Acq,,,,,,,,,,,,,,,30,,0225-DGJZT-DZ-YIN-DMRM-NEG.d,,Find by MRM,,
135,DGJZT_SJ_4_1,,,519.2,,,,,100,,,,5.24,,,266,0.369,2214,,,,,Acq,,,,,,,,,,,,,,,30,,0225-DGJZT-DZ-YIN-DMRM-NEG.d,,Find by MRM,,
136,DGJZT_BS_80_2,,,631.2,,,,,100,,,,5.271,,,9884,0.426,91032,,,,,Acq,,,,,,,,,,,,,,,30,,0225-DGJZT-DZ-YIN-DMRM-NEG.d,,Find by MRM,,
137,DGJZT_BS_80_1,,,631.2,,,,,100,,,,5.263,,,1737,0.369,15014,,,,,Acq,,,,,,,,,,,,,,,30,,0225-DGJZT-DZ-YIN-DMRM-NEG.d,,Find by MRM,,
138,DGJZT_DZ_31_1,,,741.2,,,,,100,,,,5.354,,,4,0.192,11,,,,,Acq,,,,,,,,,,,,,,,30,,0225-DGJZT-DZ-YIN-DMRM-NEG.d,,Find by MRM,,
139,DGJZT_BS_81_2,,,541.2,,,,,100,,,,5.306,,,660,0.435,4923,,,,,Acq,,,,,,,,,,,,,,,30,,0225-DGJZT-DZ-YIN-DMRM-NEG.d,,Find by MRM,,
140,DGJZT_BS_81_1,,,541.2,,,,,100,,,,5.315,,,2925,0.347,20788,,,,,Acq,,,,,,,,,,,,,,,30,,0225-DGJZT-DZ-YIN-DMRM-NEG.d,,Find by MRM,,
141,DGJZT_DG_58_2,,,367.1,,,,,100,,,,5.361,,,422,0.404,2933,,,,,Acq,,,,,,,,,,,,,,,30,,0225-DGJZT-DZ-YIN-DMRM-NEG.d,,Find by MRM,,
142,DGJZT_DG_58_1,,,367.1,,,,,100,,,,5.361,,,670,0.384,4943,,,,,Acq,,,,,,,,,,,,,,,30,,0225-DGJZT-DZ-YIN-DMRM-NEG.d,,Find by MRM,,
143,DGJZT_DG_58_3,,,367.1,,,,,100,,,,5.361,,,675,0.452,5143,,,,,Acq,,,,,,,,,,,,,,,30,,0225-DGJZT-DZ-YIN-DMRM-NEG.d,,Find by MRM,,
144,DGJZT_BS_86_3,,,525.2,,,,,100,,,,5.517,,,16393,0.355,227698,,,,,Acq,,,,,,,,,,,,,,,30,,0225-DGJZT-DZ-YIN-DMRM-NEG.d,,Find by MRM,,
145,DGJZT_BS_86_2,,,525.2,,,,,100,,,,5.467,,,279,0.162,1948,,,,,Acq,,,,,,,,,,,,,,,30,,0225-DGJZT-DZ-YIN-DMRM-NEG.d,,Find by MRM,,
146,DGJZT_BS_86_1,,,525.2,,,,,100,,,,5.534,,,122335,0.385,2853982,,,,,Acq,,,,,,,,,,,,,,,30,,0225-DGJZT-DZ-YIN-DMRM-NEG.d,,Find by MRM,,
147,DGJZT_BS_85_3,,,449.1,,,,,100,,,,5.535,,,189,0.503,2815,,,,,Acq,,,,,,,,,,,,,,,30,,0225-DGJZT-DZ-YIN-DMRM-NEG.d,,Find by MRM,,
148,DGJZT_BS_85_2,,,449.1,,,,,100,,,,5.536,,,66,0.4,758,,,,,Acq,,,,,,,,,,,,,,,30,,0225-DGJZT-DZ-YIN-DMRM-NEG.d,,Find by MRM,,
149,DGJZT_BS_85_1,,,449.1,,,,,100,,,,5.486,,,5547,0.448,78120,,,,,Acq,,,,,,,,,,,,,,,30,,0225-DGJZT-DZ-YIN-DMRM-NEG.d,,Find by MRM,,
150,DGJZT_BS_82_3,,,327.1,,,,,100,,,,5.471,,,67,0.201,518,,,,,Acq,,,,,,,,,,,,,,,30,,0225-DGJZT-DZ-YIN-DMRM-NEG.d,,Find by MRM,,
151,DGJZT_BS_96_3,,,497.2,,,,,100,,,,5.617,,,549,0.348,4100,,,,,Acq,,,,,,,,,,,,,,,30,,0225-DGJZT-DZ-YIN-DMRM-NEG.d,,Find by MRM,,
152,DGJZT_CGC_24_2,,,579.2,,,,,100,,,,5.624,,,4826,0.249,35224,,,,,Acq,,,,,,,,,,,,,,,30,,0225-DGJZT-DZ-YIN-DMRM-NEG.d,,Find by MRM,,
153,DGJZT_BS_96_2,,,497.2,,,,,100,,,,5.609,,,406,0.42,3313,,,,,Acq,,,,,,,,,,,,,,,30,,0225-DGJZT-DZ-YIN-DMRM-NEG.d,,Find by MRM,,
154,DGJZT_GZ_11_3,,,581.2,,,,,100,,,,5.674,,,230,0.379,2115,,,,,Acq,,,,,,,,,,,,,,,30,,0225-DGJZT-DZ-YIN-DMRM-NEG.d,,Find by MRM,,
155,DGJZT_CGC_24_1,,,579.2,,,,,100,,,,5.649,,,424,0.351,3541,,,,,Acq,,,,,,,,,,,,,,,30,,0225-DGJZT-DZ-YIN-DMRM-NEG.d,,Find by MRM,,
156,DGJZT_CGC_27_1,,,737.2,,,,,100,,,,5.874,,,671,0.279,5135,,,,,Acq,,,,,,,,,,,,,,,30,,0225-DGJZT-DZ-YIN-DMRM-NEG.d,,Find by MRM,,
157,DGJZT_BS_97_1,,,495.2,,,,,100,,,,5.838,,,13163,0.395,112403,,,,,Acq,,,,,,,,,,,,,,,30,,0225-DGJZT-DZ-YIN-DMRM-NEG.d,,Find by MRM,,
158,DGJZT_CGC_26_1,,,737.2,,,,,100,,,,5.849,,,427,0.419,5256,,,,,Acq,,,,,,,,,,,,,,,30,,0225-DGJZT-DZ-YIN-DMRM-NEG.d,,Find by MRM,,
159,DGJZT_CGC_28_1,,,625.2,,,,,100,,,,5.908,,,648,0.419,5867,,,,,Acq,,,,,,,,,,,,,,,30,,0225-DGJZT-DZ-YIN-DMRM-NEG.d,,Find by MRM,,
160,DGJZT_BS_101_1,,,787.1,,,,,100,,,,5.907,,,1146,0.227,7842,,,,,Acq,,,,,,,,,,,,,,,30,,0225-DGJZT-DZ-YIN-DMRM-NEG.d,,Find by MRM,,
161,DGJZT_BS_102_2,,,519.2,,,,,100,,,,5.87,,,339,0.387,2910,,,,,Acq,,,,,,,,,,,,,,,30,,0225-DGJZT-DZ-YIN-DMRM-NEG.d,,Find by MRM,,
162,DGJZT_BS_102_1,,,519.2,,,,,100,,,,5.896,,,236,0.428,2187,,,,,Acq,,,,,,,,,,,,,,,30,,0225-DGJZT-DZ-YIN-DMRM-NEG.d,,Find by MRM,,
163,DGJZT_CGC_29_1,,,415.1,,,,,100,,,,5.931,,,505,0.32,4398,,,,,Acq,,,,,,,,,,,,,,,30,,0225-DGJZT-DZ-YIN-DMRM-NEG.d,,Find by MRM,,
164,DGJZT_DZ_32_2,,,623.3,,,,,100,,,,6.019,,,53,0.272,350,,,,,Acq,,,,,,,,,,,,,,,30,,0225-DGJZT-DZ-YIN-DMRM-NEG.d,,Find by MRM,,
165,DGJZT_DZ_32_1,,,623.3,,,,,100,,,,5.978,,,2,0.092,3,,,,,Acq,,,,,,,,,,,,,,,30,,0225-DGJZT-DZ-YIN-DMRM-NEG.d,,Find by MRM,,
166,DGJZT_BS_103_2,,,787.1,,,,,100,,,,6.15,,,1049,0.344,11494,,,,,Acq,,,,,,,,,,,,,,,30,,0225-DGJZT-DZ-YIN-DMRM-NEG.d,,Find by MRM,,
167,DGJZT_BS_103_1,,,787.1,,,,,100,,,,6.15,,,694,0.369,8514,,,,,Acq,,,,,,,,,,,,,,,30,,0225-DGJZT-DZ-YIN-DMRM-NEG.d,,Find by MRM,,
168,DGJZT_DG_61_2,,,527.2,,,,,100,,,,6.147,,,291,0.442,2582,,,,,Acq,,,,,,,,,,,,,,,30,,0225-DGJZT-DZ-YIN-DMRM-NEG.d,,Find by MRM,,
169,DGJZT_BS_104_2,,,477.1,,,,,100,,,,6.233,,,1024,0.346,9036,,,,,Acq,,,,,,,,,,,,,,,30,,0225-DGJZT-DZ-YIN-DMRM-NEG.d,,Find by MRM,,
170,DGJZT_DZ_33_3,,,609.1,,,,,100,,,,6.311,,,245,0.301,1845,,,,,Acq,,,,,,,,,,,,,,,30,,0225-DGJZT-DZ-YIN-DMRM-NEG.d,,Find by MRM,,
171,DGJZT_DZ_33_1,,,609.1,,,,,100,,,,6.328,,,275,0.201,1714,,,,,Acq,,,,,,,,,,,,,,,30,,0225-DGJZT-DZ-YIN-DMRM-NEG.d,,Find by MRM,,
172,DGJZT_CGC_33_1,,,579.2,,,,,100,,,,6.295,,,1638,0.194,10196,,,,,Acq,,,,,,,,,,,,,,,30,,0225-DGJZT-DZ-YIN-DMRM-NEG.d,,Find by MRM,,
173,DGJZT_CGC_33_2,,,579.2,,,,,100,,,,6.47,,,193,0.175,1171,,,,,Acq,,,,,,,,,,,,,,,30,,0225-DGJZT-DZ-YIN-DMRM-NEG.d,,Find by MRM,,
174,DGJZT_GZ_15_1,,,559.2,,,,,100,,,,6.305,,,3395,0.426,25064,,,,,Acq,,,,,,,,,,,,,,,30,,0225-DGJZT-DZ-YIN-DMRM-NEG.d,,Find by MRM,,
175,DGJZT_DZ_33_2,,,609.1,,,,,100,,,,6.52,,,19,0.094,65,,,,,Acq,,,,,,,,,,,,,,,30,,0225-DGJZT-DZ-YIN-DMRM-NEG.d,,Find by MRM,,
176,DGJZT_CGC_31_1,,,549.2,,,,,100,,,,6.414,,,156654,0.345,1557064,,,,,Acq,,,,,,,,,,,,,,,30,,0225-DGJZT-DZ-YIN-DMRM-NEG.d,,Find by MRM,,
177,DGJZT_CGC_31_2,,,549.2,,,,,100,,,,6.405,,,13675,0.346,133539,,,,,Acq,,,,,,,,,,,,,,,30,,0225-DGJZT-DZ-YIN-DMRM-NEG.d,,Find by MRM,,
178,DGJZT_CGC_31_3,,,549.2,,,,,100,,,,6.398,,,2820,0.341,29840,,,,,Acq,,,,,,,,,,,,,,,30,,0225-DGJZT-DZ-YIN-DMRM-NEG.d,,Find by MRM,,
179,DGJZT_CGC_40_2,,,1099.3,,,,,100,,,,6.401,,,36098,0.361,259364,,,,,Acq,,,,,,,,,,,,,,,30,,0225-DGJZT-DZ-YIN-DMRM-NEG.d,,Find by MRM,,
180,DGJZT_CGC_36_1,,,549.2,,,,,100,,,,6.413,,,152954,0.372,1487774,,,,,Acq,,,,,,,,,,,,,,,30,,0225-DGJZT-DZ-YIN-DMRM-NEG.d,,Find by MRM,,
181,DGJZT_CGC_36_2,,,549.2,,,,,100,,,,6.405,,,13884,0.395,130519,,,,,Acq,,,,,,,,,,,,,,,30,,0225-DGJZT-DZ-YIN-DMRM-NEG.d,,Find by MRM,,
182,DGJZT_CGC_36_3,,,549.2,,,,,100,,,,6.413,,,2509,0.314,23710,,,,,Acq,,,,,,,,,,,,,,,30,,0225-DGJZT-DZ-YIN-DMRM-NEG.d,,Find by MRM,,
183,DGJZT_CGC_43_3,,,707.2,,,,,100,,,,6.519,,,7173,0.321,59737,,,,,Acq,,,,,,,,,,,,,,,30,,0225-DGJZT-DZ-YIN-DMRM-NEG.d,,Find by MRM,,
184,DGJZT_CGC_43_1,,,707.2,,,,,100,,,,6.603,,,731,0.158,4148,,,,,Acq,,,,,,,,,,,,,,,30,,0225-DGJZT-DZ-YIN-DMRM-NEG.d,,Find by MRM,,
185,DGJZT_BS_105_1,,,441.1,,,,,100,,,,6.465,,,301,0.457,2655,,,,,Acq,,,,,,,,,,,,,,,30,,0225-DGJZT-DZ-YIN-DMRM-NEG.d,,Find by MRM,,
186,DGJZT_CGC_43_2,,,707.2,,,,,100,,,,6.578,,,834,0.41,10331,,,,,Acq,,,,,,,,,,,,,,,30,,0225-DGJZT-DZ-YIN-DMRM-NEG.d,,Find by MRM,,
187,DGJZT_CGC_47_2,,,417.1,,,,,100,,,,6.599,,,35922,0.467,394223,,,,,Acq,,,,,,,,,,,,,,,30,,0225-DGJZT-DZ-YIN-DMRM-NEG.d,,Find by MRM,,
188,DGJZT_CGC_47_3,,,417.1,,,,,100,,,,6.599,,,114474,0.475,1188123,,,,,Acq,,,,,,,,,,,,,,,30,,0225-DGJZT-DZ-YIN-DMRM-NEG.d,,Find by MRM,,
189,DGJZT_CGC_47_1,,,417.1,,,,,100,,,,6.599,,,100690,0.474,1027301,,,,,Acq,,,,,,,,,,,,,,,30,,0225-DGJZT-DZ-YIN-DMRM-NEG.d,,Find by MRM,,
190,DGJZT_BS_106_2,,,301,,,,,100,,,,6.684,,,519,0.388,5295,,,,,Acq,,,,,,,,,,,,,,,30,,0225-DGJZT-DZ-YIN-DMRM-NEG.d,,Find by MRM,,
191,DGJZT_CGC_54_1,,,565.2,,,,,100,,,,6.621,,,184,0.39,1896,,,,,Acq,,,,,,,,,,,,,,,30,,0225-DGJZT-DZ-YIN-DMRM-NEG.d,,Find by MRM,,
192,DGJZT_GZ_16_1,,,475.2,,,,,100,,,,6.74,,,196,0.21,1105,,,,,Acq,,,,,,,,,,,,,,,30,,0225-DGJZT-DZ-YIN-DMRM-NEG.d,,Find by MRM,,
193,DGJZT_BS_107_2,,,309.1,,,,,100,,,,6.641,,,416,0.442,4124,,,,,Acq,,,,,,,,,,,,,,,30,,0225-DGJZT-DZ-YIN-DMRM-NEG.d,,Find by MRM,,
194,DGJZT_BS_107_1,,,309.1,,,,,100,,,,6.65,,,305,0.432,2785,,,,,Acq,,,,,,,,,,,,,,,30,,0225-DGJZT-DZ-YIN-DMRM-NEG.d,,Find by MRM,,
195,DGJZT_BS_106_3,,,301,,,,,100,,,,6.651,,,624,0.422,6532,,,,,Acq,,,,,,,,,,,,,,,30,,0225-DGJZT-DZ-YIN-DMRM-NEG.d,,Find by MRM,,
196,DGJZT_BS_106_1,,,301,,,,,100,,,,6.676,,,541,0.417,5605,,,,,Acq,,,,,,,,,,,,,,,30,,0225-DGJZT-DZ-YIN-DMRM-NEG.d,,Find by MRM,,
197,DGJZT_BS_108_2,,,631.2,,,,,100,,,,6.823,,,588,0.378,5474,,,,,Acq,,,,,,,,,,,,,,,30,,0225-DGJZT-DZ-YIN-DMRM-NEG.d,,Find by MRM,,
198,DGJZT_SJ_5_3,,,475.2,,,,,100,,,,6.748,,,119,0.243,936,,,,,Acq,,,,,,,,,,,,,,,30,,0225-DGJZT-DZ-YIN-DMRM-NEG.d,,Find by MRM,,
199,DGJZT_BS_108_3,,,631.2,,,,,100,,,,6.822,,,23792,0.394,207835,,,,,Acq,,,,,,,,,,,,,,,30,,0225-DGJZT-DZ-YIN-DMRM-NEG.d,,Find by MRM,,
200,DGJZT_BS_108_1,,,631.2,,,,,100,,,,6.814,,,9255,0.471,86960,,,,,Acq,,,,,,,,,,,,,,,30,,0225-DGJZT-DZ-YIN-DMRM-NEG.d,,Find by MRM,,
201,DGJZT_DG_65_1,,,193,,,,,100,,,,6.819,,,1632,0.493,17477,,,,,Acq,,,,,,,,,,,,,,,30,,0225-DGJZT-DZ-YIN-DMRM-NEG.d,,Find by MRM,,
202,DGJZT_DG_64_1,,,178,,,,,100,,,,6.828,,,1873,0.455,18109,,,,,Acq,,,,,,,,,,,,,,,30,,0225-DGJZT-DZ-YIN-DMRM-NEG.d,,Find by MRM,,
203,DGJZT_DG_64_2,,,178,,,,,100,,,,6.828,,,1624,0.38,15479,,,,,Acq,,,,,,,,,,,,,,,30,,0225-DGJZT-DZ-YIN-DMRM-NEG.d,,Find by MRM,,
204,DGJZT_DG_65_3,,,193,,,,,100,,,,6.819,,,1199,0.45,12295,,,,,Acq,,,,,,,,,,,,,,,30,,0225-DGJZT-DZ-YIN-DMRM-NEG.d,,Find by MRM,,
205,DGJZT_BS_118_1,,,939.1,,,,,100,,,,6.929,,,2033,0.376,18921,,,,,Acq,,,,,,,,,,,,,,,30,,0225-DGJZT-DZ-YIN-DMRM-NEG.d,,Find by MRM,,
206,DGJZT_BS_118_2,,,939.1,,,,,100,,,,6.939,,,152,0.353,1627,,,,,Acq,,,,,,,,,,,,,,,30,,0225-DGJZT-DZ-YIN-DMRM-NEG.d,,Find by MRM,,
207,DGJZT_BS_115_1,,,769.1,,,,,100,,,,6.956,,,130,0.398,1359,,,,,Acq,,,,,,,,,,,,,,,30,,0225-DGJZT-DZ-YIN-DMRM-NEG.d,,Find by MRM,,
208,DGJZT_BS_118_3,,,939.1,,,,,100,,,,6.938,,,1008,0.469,9940,,,,,Acq,,,,,,,,,,,,,,,30,,0225-DGJZT-DZ-YIN-DMRM-NEG.d,,Find by MRM,,
209,DGJZT_BS_120_2,,,509.2,,,,,100,,,,7.067,,,165,0.38,1456,,,,,Acq,,,,,,,,,,,,,,,30,,0225-DGJZT-DZ-YIN-DMRM-NEG.d,,Find by MRM,,
210,DGJZT_DZ_34_2,,,204.1,,,,,100,,,,7.138,,,9,0.177,50,,,,,Acq,,,,,,,,,,,,,,,30,,0225-DGJZT-DZ-YIN-DMRM-NEG.d,,Find by MRM,,
211,DGJZT_DZ_36_2,,,637.3,,,,,100,,,,7.157,,,9,0.14,23,,,,,Acq,,,,,,,,,,,,,,,30,,0225-DGJZT-DZ-YIN-DMRM-NEG.d,,Find by MRM,,
212,DGJZT_DZ_36_1,,,637.3,,,,,100,,,,7.332,,,3,0.092,7,,,,,Acq,,,,,,,,,,,,,,,30,,0225-DGJZT-DZ-YIN-DMRM-NEG.d,,Find by MRM,,
213,DGJZT_DZ_34_1,,,204.1,,,,,100,,,,7.171,,,12,0.135,52,,,,,Acq,,,,,,,,,,,,,,,30,,0225-DGJZT-DZ-YIN-DMRM-NEG.d,,Find by MRM,,
214,DGJZT_DZ_34_3,,,204.1,,,,,100,,,,7.112,,,9,0.287,57,,,,,Acq,,,,,,,,,,,,,,,30,,0225-DGJZT-DZ-YIN-DMRM-NEG.d,,Find by MRM,,
215,DGJZT_DZ_36_3,,,637.3,,,,,100,,,,7.132,,,11,0.126,36,,,,,Acq,,,,,,,,,,,,,,,30,,0225-DGJZT-DZ-YIN-DMRM-NEG.d,,Find by MRM,,
216,DGJZT_SJ_6_2,,,375.1,,,,,100,,,,7.236,,,1808,0.425,16265,,,,,Acq,,,,,,,,,,,,,,,30,,0225-DGJZT-DZ-YIN-DMRM-NEG.d,,Find by MRM,,
217,DGJZT_SJ_6_1,,,375.1,,,,,100,,,,7.236,,,2326,0.43,21651,,,,,Acq,,,,,,,,,,,,,,,30,,0225-DGJZT-DZ-YIN-DMRM-NEG.d,,Find by MRM,,
218,DGJZT_DG_66_1,,,209.1,,,,,100,,,,7.246,,,297,0.387,2713,,,,,Acq,,,,,,,,,,,,,,,30,,0225-DGJZT-DZ-YIN-DMRM-NEG.d,,Find by MRM,,
219,DGJZT_DG_66_3,,,209.1,,,,,100,,,,7.262,,,165,0.438,1453,,,,,Acq,,,,,,,,,,,,,,,30,,0225-DGJZT-DZ-YIN-DMRM-NEG.d,,Find by MRM,,
220,DGJZT_GZ_18_3,,,557.2,,,,,100,,,,7.351,,,209,0.241,1542,,,,,Acq,,,,,,,,,,,,,,,30,,0225-DGJZT-DZ-YIN-DMRM-NEG.d,,Find by MRM,,
221,DGJZT_GZ_18_2,,,557.2,,,,,100,,,,7.587,,,466,0.126,13500,,,,,Acq,,,,,,,,,,,,,,,30,,0225-DGJZT-DZ-YIN-DMRM-NEG.d,,Find by MRM,,
222,DGJZT_GZ_18_1,,,557.2,,,,,100,,,,7.352,,,133,0.285,1308,,,,,Acq,,,,,,,,,,,,,,,30,,0225-DGJZT-DZ-YIN-DMRM-NEG.d,,Find by MRM,,
223,DGJZT_BS_123_1,,,507.2,,,,,100,,,,7.496,,,801,0.42,7216,,,,,Acq,,,,,,,,,,,,,,,30,,0225-DGJZT-DZ-YIN-DMRM-NEG.d,,Find by MRM,,
224,DGJZT_BS_125_3,,,567.2,,,,,100,,,,7.535,,,216,0.33,1910,,,,,Acq,,,,,,,,,,,,,,,30,,0225-DGJZT-DZ-YIN-DMRM-NEG.d,,Find by MRM,,
225,DGJZT_BS_125_1,,,567.2,,,,,100,,,,7.535,,,1956,0.48,18507,,,,,Acq,,,,,,,,,,,,,,,30,,0225-DGJZT-DZ-YIN-DMRM-NEG.d,,Find by MRM,,
226,DGJZT_BS_126_3,,,631.2,,,,,100,,,,7.592,,,445,0.351,4606,,,,,Acq,,,,,,,,,,,,,,,30,,0225-DGJZT-DZ-YIN-DMRM-NEG.d,,Find by MRM,,
227,DGJZT_BS_126_2,,,631.2,,,,,100,,,,7.584,,,479,0.301,3962,,,,,Acq,,,,,,,,,,,,,,,30,,0225-DGJZT-DZ-YIN-DMRM-NEG.d,,Find by MRM,,
228,DGJZT_BS_126_1,,,631.2,,,,,100,,,,7.6,,,7433,0.42,69937,,,,,Acq,,,,,,,,,,,,,,,30,,0225-DGJZT-DZ-YIN-DMRM-NEG.d,,Find by MRM,,
229,DGJZT_GZ_19_1,,,421.2,,,,,100,,,,7.631,,,132,0.39,1195,,,,,Acq,,,,,,,,,,,,,,,30,,0225-DGJZT-DZ-YIN-DMRM-NEG.d,,Find by MRM,,
230,DGJZT_CGC_65_1,,,635.2,,,,,100,,,,7.683,,,3162,0.349,27426,,,,,Acq,,,,,,,,,,,,,,,30,,0225-DGJZT-DZ-YIN-DMRM-NEG.d,,Find by MRM,,
231,DGJZT_CGC_64_1,,,591.2,,,,,100,,,,7.669,,,568,0.173,3154,,,,,Acq,,,,,,,,,,,,,,,30,,0225-DGJZT-DZ-YIN-DMRM-NEG.d,,Find by MRM,,
232,DGJZT_CGC_64_2,,,591.2,,,,,100,,,,7.694,,,60,0.188,293,,,,,Acq,,,,,,,,,,,,,,,30,,0225-DGJZT-DZ-YIN-DMRM-NEG.d,,Find by MRM,,
233,DGJZT_BS_127_1,,,345.2,,,,,100,,,,7.641,,,273,0.403,2370,,,,,Acq,,,,,,,,,,,,,,,30,,0225-DGJZT-DZ-YIN-DMRM-NEG.d,,Find by MRM,,
234,DGJZT_BS_128_2,,,503.2,,,,,100,,,,7.721,,,772,0.371,6400,,,,,Acq,,,,,,,,,,,,,,,30,,0225-DGJZT-DZ-YIN-DMRM-NEG.d,,Find by MRM,,
235,DGJZT_BS_128_1,,,503.2,,,,,100,,,,7.722,,,274,0.342,2281,,,,,Acq,,,,,,,,,,,,,,,30,,0225-DGJZT-DZ-YIN-DMRM-NEG.d,,Find by MRM,,
236,DGJZT_CGC_66_1,,,431.1,,,,,100,,,,7.857,,,833,0.466,10390,,,,,Acq,,,,,,,,,,,,,,,30,,0225-DGJZT-DZ-YIN-DMRM-NEG.d,,Find by MRM,,
237,DGJZT_CGC_67_1,,,459.1,,,,,100,,,,7.932,,,3181,0.383,28324,,,,,Acq,,,,,,,,,,,,,,,30,,0225-DGJZT-DZ-YIN-DMRM-NEG.d,,Find by MRM,,
238,DGJZT_CGC_67_2,,,459.1,,,,,100,,,,7.949,,,952,0.455,9290,,,,,Acq,,,,,,,,,,,,,,,30,,0225-DGJZT-DZ-YIN-DMRM-NEG.d,,Find by MRM,,
239,DGJZT_DZ_37_3,,,671.3,,,,,100,,,,7.951,,,4,0.074,11,,,,,Acq,,,,,,,,,,,,,,,30,,0225-DGJZT-DZ-YIN-DMRM-NEG.d,,Find by MRM,,
240,DGJZT_DZ_37_2,,,671.3,,,,,100,,,,7.952,,,6,0.128,25,,,,,Acq,,,,,,,,,,,,,,,30,,0225-DGJZT-DZ-YIN-DMRM-NEG.d,,Find by MRM,,
241,DGJZT_DZ_37_1,,,671.3,,,,,100,,,,7.851,,,2,0.1,4,,,,,Acq,,,,,,,,,,,,,,,30,,0225-DGJZT-DZ-YIN-DMRM-NEG.d,,Find by MRM,,
242,DGJZT_BS_130_1,,,645.2,,,,,100,,,,8.011,,,278,0.425,2728,,,,,Acq,,,,,,,,,,,,,,,30,,0225-DGJZT-DZ-YIN-DMRM-NEG.d,,Find by MRM,,
243,DGJZT_CGC_69_1,,,433.1,,,,,100,,,,8.017,,,8302,0.45,78687,,,,,Acq,,,,,,,,,,,,,,,30,,0225-DGJZT-DZ-YIN-DMRM-NEG.d,,Find by MRM,,
244,DGJZT_DG_68_2,,,515.1,,,,,100,,,,8.038,,,2248,0.414,19948,,,,,Acq,,,,,,,,,,,,,,,30,,0225-DGJZT-DZ-YIN-DMRM-NEG.d,,Find by MRM,,
245,DGJZT_DG_68_1,,,515.1,,,,,100,,,,8.039,,,2904,0.391,25716,,,,,Acq,,,,,,,,,,,,,,,30,,0225-DGJZT-DZ-YIN-DMRM-NEG.d,,Find by MRM,,
246,DGJZT_DG_68_3,,,515.1,,,,,100,,,,8.048,,,315,0.492,2750,,,,,Acq,,,,,,,,,,,,,,,30,,0225-DGJZT-DZ-YIN-DMRM-NEG.d,,Find by MRM,,
247,DGJZT_BS_132_1,,,525.2,,,,,100,,,,8.129,,,26204,0.457,273715,,,,,Acq,,,,,,,,,,,,,,,30,,0225-DGJZT-DZ-YIN-DMRM-NEG.d,,Find by MRM,,
248,DGJZT_BS_132_3,,,525.2,,,,,100,,,,8.121,,,24269,0.467,256753,,,,,Acq,,,,,,,,,,,,,,,30,,0225-DGJZT-DZ-YIN-DMRM-NEG.d,,Find by MRM,,
249,DGJZT_BS_134_1,,,509.2,,,,,100,,,,8.182,,,4287,0.526,44534,,,,,Acq,,,,,,,,,,,,,,,30,,0225-DGJZT-DZ-YIN-DMRM-NEG.d,,Find by MRM,,
250,DGJZT_CGC_71_1,,,301.1,,,,,100,,,,8.193,,,2765,0.466,28245,,,,,Acq,,,,,,,,,,,,,,,30,,0225-DGJZT-DZ-YIN-DMRM-NEG.d,,Find by MRM,,
251,DGJZT_CGC_76_1,,,561.2,,,,,100,,,,8.548,,,3954,0.413,35089,,,,,Acq,,,,,,,,,,,,,,,30,,0225-DGJZT-DZ-YIN-DMRM-NEG.d,,Find by MRM,,
252,DGJZT_CGC_76_2,,,561.2,,,,,100,,,,8.548,,,171,0.389,1557,,,,,Acq,,,,,,,,,,,,,,,30,,0225-DGJZT-DZ-YIN-DMRM-NEG.d,,Find by MRM,,
253,DGJZT_GZ_20_2,,,361.2,,,,,100,,,,8.568,,,582,0.409,5717,,,,,Acq,,,,,,,,,,,,,,,30,,0225-DGJZT-DZ-YIN-DMRM-NEG.d,,Find by MRM,,
254,DGJZT_CGC_80_1,,,549.2,,,,,100,,,,8.624,,,41492,0.289,285784,,,,,Acq,,,,,,,,,,,,,,,30,,0225-DGJZT-DZ-YIN-DMRM-NEG.d,,Find by MRM,,
255,DGJZT_CGC_80_2,,,549.2,,,,,100,,,,8.625,,,5529,0.321,46798,,,,,Acq,,,,,,,,,,,,,,,30,,0225-DGJZT-DZ-YIN-DMRM-NEG.d,,Find by MRM,,
256,DGJZT_GZ_20_1,,,361.2,,,,,100,,,,8.552,,,249,0.332,2157,,,,,Acq,,,,,,,,,,,,,,,30,,0225-DGJZT-DZ-YIN-DMRM-NEG.d,,Find by MRM,,
257,DGJZT_CGC_83_1,,,591.2,,,,,100,,,,8.68,,,4784,0.445,43848,,,,,Acq,,,,,,,,,,,,,,,30,,0225-DGJZT-DZ-YIN-DMRM-NEG.d,,Find by MRM,,
258,DGJZT_CGC_83_2,,,591.2,,,,,100,,,,8.689,,,364,0.419,3269,,,,,Acq,,,,,,,,,,,,,,,30,,0225-DGJZT-DZ-YIN-DMRM-NEG.d,,Find by MRM,,
259,DGJZT_BS_137_1,,,507.1,,,,,100,,,,8.717,,,2090,0.446,23533,,,,,Acq,,,,,,,,,,,,,,,30,,0225-DGJZT-DZ-YIN-DMRM-NEG.d,,Find by MRM,,
260,DGJZT_BS_138_3,,,783.2,,,,,100,,,,8.737,,,789,0.285,6535,,,,,Acq,,,,,,,,,,,,,,,30,,0225-DGJZT-DZ-YIN-DMRM-NEG.d,,Find by MRM,,
261,DGJZT_BS_138_1,,,783.2,,,,,100,,,,8.771,,,89,0.17,536,,,,,Acq,,,,,,,,,,,,,,,30,,0225-DGJZT-DZ-YIN-DMRM-NEG.d,,Find by MRM,,
262,DGJZT_BS_139_1,,,631.2,,,,,100,,,,8.755,,,263,0.382,2436,,,,,Acq,,,,,,,,,,,,,,,30,,0225-DGJZT-DZ-YIN-DMRM-NEG.d,,Find by MRM,,
263,DGJZT_BS_140_1,,,505.2,,,,,100,,,,8.759,,,1570,0.386,13350,,,,,Acq,,,,,,,,,,,,,,,30,,0225-DGJZT-DZ-YIN-DMRM-NEG.d,,Find by MRM,,
264,DGJZT_CGC_88_1,,,549.2,,,,,100,,,,8.875,,,8780,0.308,77428,,,,,Acq,,,,,,,,,,,,,,,30,,0225-DGJZT-DZ-YIN-DMRM-NEG.d,,Find by MRM,,
265,DGJZT_CGC_88_2,,,549.2,,,,,100,,,,8.85,,,51,0.118,351,,,,,Acq,,,,,,,,,,,,,,,30,,0225-DGJZT-DZ-YIN-DMRM-NEG.d,,Find by MRM,,
266,DGJZT_CGC_90_1,,,459.1,,,,,100,,,,8.961,,,3017,0.411,27707,,,,,Acq,,,,,,,,,,,,,,,30,,0225-DGJZT-DZ-YIN-DMRM-NEG.d,,Find by MRM,,
267,DGJZT_CGC_93_1,,,697.2,,,,,100,,,,9.007,,,261,0.359,2612,,,,,Acq,,,,,,,,,,,,,,,30,,0225-DGJZT-DZ-YIN-DMRM-NEG.d,,Find by MRM,,
268,DGJZT_CGC_94_2,,,475.1,,,,,100,,,,9.002,,,11764,0.467,111065,,,,,Acq,,,,,,,,,,,,,,,30,,0225-DGJZT-DZ-YIN-DMRM-NEG.d,,Find by MRM,,
269,DGJZT_CGC_94_1,,,475.1,,,,,100,,,,9.003,,,1569,0.414,14567,,,,,Acq,,,,,,,,,,,,,,,30,,0225-DGJZT-DZ-YIN-DMRM-NEG.d,,Find by MRM,,
270,DGJZT_CGC_96_1,,,669.2,,,,,100,,,,9.016,,,1100,0.41,10159,,,,,Acq,,,,,,,,,,,,,,,30,,0225-DGJZT-DZ-YIN-DMRM-NEG.d,,Find by MRM,,
271,DGJZT_CGC_100_1,,,835.2,,,,,100,,,,9.089,,,2699,0.373,18839,,,,,Acq,,,,,,,,,,,,,,,30,,0225-DGJZT-DZ-YIN-DMRM-NEG.d,,Find by MRM,,
272,DGJZT_SJ_7_2,,,389.2,,,,,100,,,,9.028,,,1101,0.427,10835,,,,,Acq,,,,,,,,,,,,,,,30,,0225-DGJZT-DZ-YIN-DMRM-NEG.d,,Find by MRM,,
273,DGJZT_SJ_7_1,,,389.2,,,,,100,,,,9.022,,,2017,0.434,19182,,,,,Acq,,,,,,,,,,,,,,,30,,0225-DGJZT-DZ-YIN-DMRM-NEG.d,,Find by MRM,,
274,DGJZT_CGC_99_1,,,417.1,,,,,100,,,,9.085,,,21586,0.422,206819,,,,,Acq,,,,,,,,,,,,,,,30,,0225-DGJZT-DZ-YIN-DMRM-NEG.d,,Find by MRM,,
275,DGJZT_BS_143_1,,,615.2,,,,,100,,,,9.09,,,259,0.35,2723,,,,,Acq,,,,,,,,,,,,,,,30,,0225-DGJZT-DZ-YIN-DMRM-NEG.d,,Find by MRM,,
276,DGJZT_DG_70_2,,,237.1,,,,,100,,,,9.263,,,643,0.41,7370,,,,,Acq,,,,,,,,,,,,,,,30,,0225-DGJZT-DZ-YIN-DMRM-NEG.d,,Find by MRM,,
277,DGJZT_DG_69_1,,,193.1,,,,,100,,,,9.281,,,6233,0.459,71204,,,,,Acq,,,,,,,,,,,,,,,30,,0225-DGJZT-DZ-YIN-DMRM-NEG.d,,Find by MRM,,
278,DGJZT_DG_70_3,,,237.1,,,,,100,,,,9.271,,,1372,0.439,15422,,,,,Acq,,,,,,,,,,,,,,,30,,0225-DGJZT-DZ-YIN-DMRM-NEG.d,,Find by MRM,,
279,DGJZT_DG_69_2,,,193.1,,,,,100,,,,9.281,,,551,0.469,6585,,,,,Acq,,,,,,,,,,,,,,,30,,0225-DGJZT-DZ-YIN-DMRM-NEG.d,,Find by MRM,,
280,DGJZT_DG_70_1,,,237.1,,,,,100,,,,9.297,,,4533,0.465,51958,,,,,Acq,,,,,,,,,,,,,,,30,,0225-DGJZT-DZ-YIN-DMRM-NEG.d,,Find by MRM,,
281,DGJZT_DG_69_3,,,193.1,,,,,100,,,,9.272,,,315,0.468,3824,,,,,Acq,,,,,,,,,,,,,,,30,,0225-DGJZT-DZ-YIN-DMRM-NEG.d,,Find by MRM,,
282,DGJZT_CGC_106_1,,,695.2,,,,,100,,,,9.399,,,4041,0.414,35097,,,,,Acq,,,,,,,,,,,,,,,30,,0225-DGJZT-DZ-YIN-DMRM-NEG.d,,Find by MRM,,
283,DGJZT_CGC_106_2,,,695.2,,,,,100,,,,9.408,,,212,0.369,1584,,,,,Acq,,,,,,,,,,,,,,,30,,0225-DGJZT-DZ-YIN-DMRM-NEG.d,,Find by MRM,,
284,DGJZT_BS_144_2,,,493.2,,,,,100,,,,9.334,,,949,0.45,8777,,,,,Acq,,,,,,,,,,,,,,,30,,0225-DGJZT-DZ-YIN-DMRM-NEG.d,,Find by MRM,,
285,DGJZT_CGC_108_1,,,725.2,,,,,100,,,,9.441,,,3049,0.41,28435,,,,,Acq,,,,,,,,,,,,,,,30,,0225-DGJZT-DZ-YIN-DMRM-NEG.d,,Find by MRM,,
286,DGJZT_BS_144_1,,,493.2,,,,,100,,,,9.326,,,236,0.166,1607,,,,,Acq,,,,,,,,,,,,,,,30,,0225-DGJZT-DZ-YIN-DMRM-NEG.d,,Find by MRM,,
287,DGJZT_BS_147_3,,,491.2,,,,,100,,,,9.562,,,1793,0.419,15674,,,,,Acq,,,,,,,,,,,,,,,30,,0225-DGJZT-DZ-YIN-DMRM-NEG.d,,Find by MRM,,
288,DGJZT_BS_147_1,,,491.2,,,,,100,,,,9.563,,,1005,0.374,8658,,,,,Acq,,,,,,,,,,,,,,,30,,0225-DGJZT-DZ-YIN-DMRM-NEG.d,,Find by MRM,,
289,DGJZT_DG_72_2,,,251.1,,,,,100,,,,9.59,,,1295,0.446,14651,,,,,Acq,,,,,,,,,,,,,,,30,,0225-DGJZT-DZ-YIN-DMRM-NEG.d,,Find by MRM,,
290,DGJZT_DG_72_1,,,251.1,,,,,100,,,,9.582,,,1257,0.38,13330,,,,,Acq,,,,,,,,,,,,,,,30,,0225-DGJZT-DZ-YIN-DMRM-NEG.d,,Find by MRM,,
291,DGJZT_DG_72_3,,,251.1,,,,,100,,,,9.572,,,572,0.438,6272,,,,,Acq,,,,,,,,,,,,,,,30,,0225-DGJZT-DZ-YIN-DMRM-NEG.d,,Find by MRM,,
292,DGJZT_BS_147_2,,,491.2,,,,,100,,,,9.57,,,3886,0.39,34332,,,,,Acq,,,,,,,,,,,,,,,30,,0225-DGJZT-DZ-YIN-DMRM-NEG.d,,Find by MRM,,
293,DGJZT_BS_149_2,,,507.2,,,,,100,,,,9.717,,,246,0.21,1958,,,,,Acq,,,,,,,,,,,,,,,30,,0225-DGJZT-DZ-YIN-DMRM-NEG.d,,Find by MRM,,
294,DGJZT_BS_149_1,,,507.2,,,,,100,,,,9.735,,,182,0.315,1637,,,,,Acq,,,,,,,,,,,,,,,30,,0225-DGJZT-DZ-YIN-DMRM-NEG.d,,Find by MRM,,
295,DGJZT_CGC_113_2,,,591.2,,,,,100,,,,9.801,,,290,0.233,2059,,,,,Acq,,,,,,,,,,,,,,,30,,0225-DGJZT-DZ-YIN-DMRM-NEG.d,,Find by MRM,,
296,DGJZT_BS_150_3,,,493.2,,,,,100,,,,9.77,,,346,0.224,2914,,,,,Acq,,,,,,,,,,,,,,,30,,0225-DGJZT-DZ-YIN-DMRM-NEG.d,,Find by MRM,,
297,DGJZT_BS_150_1,,,493.2,,,,,100,,,,9.812,,,198,0.225,1127,,,,,Acq,,,,,,,,,,,,,,,30,,0225-DGJZT-DZ-YIN-DMRM-NEG.d,,Find by MRM,,
298,DGJZT_GZ_24_1,,,263.1,,,,,100,,,,9.9,,,161,0.305,1488,,,,,Acq,,,,,,,,,,,,,,,30,,0225-DGJZT-DZ-YIN-DMRM-NEG.d,,Find by MRM,,
299,DGJZT_BS_154_2,,,491.2,,,,,100,,,,9.94,,,1008,0.302,7133,,,,,Acq,,,,,,,,,,,,,,,30,,0225-DGJZT-DZ-YIN-DMRM-NEG.d,,Find by MRM,,
300,DGJZT_BS_153_1,,,445.2,,,,,100,,,,9.933,,,169,0.225,1031,,,,,Acq,,,,,,,,,,,,,,,30,,0225-DGJZT-DZ-YIN-DMRM-NEG.d,,Find by MRM,,
301,DGJZT_GZ_24_2,,,263.1,,,,,100,,,,9.859,,,413,0.48,4009,,,,,Acq,,,,,,,,,,,,,,,30,,0225-DGJZT-DZ-YIN-DMRM-NEG.d,,Find by MRM,,
302,DGJZT_BS_155_2,,,507.2,,,,,100,,,,9.726,,,1004,0.203,7579,,,,,Acq,,,,,,,,,,,,,,,30,,0225-DGJZT-DZ-YIN-DMRM-NEG.d,,Find by MRM,,
303,DGJZT_BS_154_3,,,491.2,,,,,100,,,,9.932,,,366,0.341,2425,,,,,Acq,,,,,,,,,,,,,,,30,,0225-DGJZT-DZ-YIN-DMRM-NEG.d,,Find by MRM,,
304,DGJZT_BS_154_1,,,491.2,,,,,100,,,,9.949,,,483,0.273,3143,,,,,Acq,,,,,,,,,,,,,,,30,,0225-DGJZT-DZ-YIN-DMRM-NEG.d,,Find by MRM,,
305,DGJZT_BS_153_2,,,445.2,,,,,100,,,,9.916,,,170,0.391,1260,,,,,Acq,,,,,,,,,,,,,,,30,,0225-DGJZT-DZ-YIN-DMRM-NEG.d,,Find by MRM,,
306,DGJZT_BS_156_1,,,569.2,,,,,100,,,,10.012,,,2000,0.323,14185,,,,,Acq,,,,,,,,,,,,,,,30,,0225-DGJZT-DZ-YIN-DMRM-NEG.d,,Find by MRM,,
307,DGJZT_BS_156_2,,,569.2,,,,,100,,,,10.021,,,1796,0.322,13260,,,,,Acq,,,,,,,,,,,,,,,30,,0225-DGJZT-DZ-YIN-DMRM-NEG.d,,Find by MRM,,
308,DGJZT_BS_150_2,,,493.2,,,,,100,,,,9.82,,,93,0.209,663,,,,,Acq,,,,,,,,,,,,,,,30,,0225-DGJZT-DZ-YIN-DMRM-NEG.d,,Find by MRM,,
309,DGJZT_DG_73_2,,,429.1,,,,,100,,,,10.026,,,419,0.343,4031,,,,,Acq,,,,,,,,,,,,,,,30,,0225-DGJZT-DZ-YIN-DMRM-NEG.d,,Find by MRM,,
310,DGJZT_BS_155_3,,,507.2,,,,,100,,,,9.989,,,90,0.225,693,,,,,Acq,,,,,,,,,,,,,,,30,,0225-DGJZT-DZ-YIN-DMRM-NEG.d,,Find by MRM,,
311,DGJZT_CGC_129_1,,,999.4,,,,,100,,,,10.086,,,301,0.344,2600,,,,,Acq,,,,,,,,,,,,,,,30,,0225-DGJZT-DZ-YIN-DMRM-NEG.d,,Find by MRM,,
312,DGJZT_GZ_25_1,,,593.1,,,,,100,,,,10.079,,,529,0.311,3791,,,,,Acq,,,,,,,,,,,,,,,30,,0225-DGJZT-DZ-YIN-DMRM-NEG.d,,Find by MRM,,
313,DGJZT_BS_157_1,,,567.2,,,,,100,,,,10.114,,,658,0.3,5402,,,,,Acq,,,,,,,,,,,,,,,30,,0225-DGJZT-DZ-YIN-DMRM-NEG.d,,Find by MRM,,
314,DGJZT_BS_152_1,,,521.3,,,,,100,,,,10.097,,,209,0.297,1584,,,,,Acq,,,,,,,,,,,,,,,30,,0225-DGJZT-DZ-YIN-DMRM-NEG.d,,Find by MRM,,
315,DGJZT_CGC_132_1,,,837.4,,,,,100,,,,10.12,,,1016,0.341,8355,,,,,Acq,,,,,,,,,,,,,,,30,,0225-DGJZT-DZ-YIN-DMRM-NEG.d,,Find by MRM,,
316,DGJZT_CGC_125_1,,,692.2,,,,,100,,,,10.138,,,929,0.394,7836,,,,,Acq,,,,,,,,,,,,,,,30,,0225-DGJZT-DZ-YIN-DMRM-NEG.d,,Find by MRM,,
317,DGJZT_CGC_122_1,,,459.1,,,,,100,,,,10.126,,,189,0.321,1308,,,,,Acq,,,,,,,,,,,,,,,30,,0225-DGJZT-DZ-YIN-DMRM-NEG.d,,Find by MRM,,
318,DGJZT_GZ_26_3,,,421.1,,,,,100,,,,10.144,,,254,0.395,2576,,,,,Acq,,,,,,,,,,,,,,,30,,0225-DGJZT-DZ-YIN-DMRM-NEG.d,,Find by MRM,,
319,DGJZT_BS_160_1,,,507.2,,,,,100,,,,10.269,,,355,0.356,2962,,,,,Acq,,,,,,,,,,,,,,,30,,0225-DGJZT-DZ-YIN-DMRM-NEG.d,,Find by MRM,,
320,DGJZT_CGC_148_1,,,835.4,,,,,100,,,,10.273,,,207,0.284,1340,,,,,Acq,,,,,,,,,,,,,,,30,,0225-DGJZT-DZ-YIN-DMRM-NEG.d,,Find by MRM,,
321,DGJZT_BS_160_3,,,507.2,,,,,100,,,,10.26,,,656,0.434,5757,,,,,Acq,,,,,,,,,,,,,,,30,,0225-DGJZT-DZ-YIN-DMRM-NEG.d,,Find by MRM,,
322,DGJZT_BS_160_2,,,507.2,,,,,100,,,,10.277,,,252,0.368,2278,,,,,Acq,,,,,,,,,,,,,,,30,,0225-DGJZT-DZ-YIN-DMRM-NEG.d,,Find by MRM,,
323,DGJZT_CGC_150_1,,,695.2,,,,,100,,,,10.358,,,839,0.358,5332,,,,,Acq,,,,,,,,,,,,,,,30,,0225-DGJZT-DZ-YIN-DMRM-NEG.d,,Find by MRM,,
324,DGJZT_CGC_152_1,,,953.5,,,,,100,,,,10.297,,,430,0.279,2877,,,,,Acq,,,,,,,,,,,,,,,30,,0225-DGJZT-DZ-YIN-DMRM-NEG.d,,Find by MRM,,
325,DGJZT_CGC_151_1,,,725.2,,,,,100,,,,10.341,,,653,0.318,4287,,,,,Acq,,,,,,,,,,,,,,,30,,0225-DGJZT-DZ-YIN-DMRM-NEG.d,,Find by MRM,,
326,DGJZT_CGC_156_1,,,895.4,,,,,100,,,,10.389,,,935,0.204,5480,,,,,Acq,,,,,,,,,,,,,,,30,,0225-DGJZT-DZ-YIN-DMRM-NEG.d,,Find by MRM,,
327,DGJZT_CGC_161_1,,,853.4,,,,,100,,,,10.415,,,1187,0.343,10061,,,,,Acq,,,,,,,,,,,,,,,30,,0225-DGJZT-DZ-YIN-DMRM-NEG.d,,Find by MRM,,
328,DGJZT_CGC_163_1,,,983.5,,,,,100,,,,10.421,,,1331,0.352,10658,,,,,Acq,,,,,,,,,,,,,,,30,,0225-DGJZT-DZ-YIN-DMRM-NEG.d,,Find by MRM,,
329,DGJZT_CGC_163_2,,,983.5,,,,,100,,,,10.43,,,1059,0.365,8857,,,,,Acq,,,,,,,,,,,,,,,30,,0225-DGJZT-DZ-YIN-DMRM-NEG.d,,Find by MRM,,
330,DGJZT_BS_159_1,,,597.2,,,,,100,,,,10.478,,,550,0.214,3765,,,,,Acq,,,,,,,,,,,,,,,30,,0225-DGJZT-DZ-YIN-DMRM-NEG.d,,Find by MRM,,
331,DGJZT_CGC_175_1,,,669.2,,,,,100,,,,10.576,,,5737,0.325,38862,,,,,Acq,,,,,,,,,,,,,,,30,,0225-DGJZT-DZ-YIN-DMRM-NEG.d,,Find by MRM,,
332,DGJZT_BS_164_3,,,661.3,,,,,100,,,,10.611,,,473,0.3,3871,,,,,Acq,,,,,,,,,,,,,,,30,,0225-DGJZT-DZ-YIN-DMRM-NEG.d,,Find by MRM,,
333,DGJZT_BS_164_1,,,661.3,,,,,100,,,,10.603,,,337,0.304,2695,,,,,Acq,,,,,,,,,,,,,,,30,,0225-DGJZT-DZ-YIN-DMRM-NEG.d,,Find by MRM,,
334,DGJZT_BS_164_2,,,661.3,,,,,100,,,,10.628,,,259,0.368,1861,,,,,Acq,,,,,,,,,,,,,,,30,,0225-DGJZT-DZ-YIN-DMRM-NEG.d,,Find by MRM,,
335,DGJZT_BS_162_3,,,629.2,,,,,100,,,,10.712,,,5772,0.316,42131,,,,,Acq,,,,,,,,,,,,,,,30,,0225-DGJZT-DZ-YIN-DMRM-NEG.d,,Find by MRM,,
336,DGJZT_BS_162_1,,,629.2,,,,,100,,,,10.712,,,57899,0.294,417862,,,,,Acq,,,,,,,,,,,,,,,30,,0225-DGJZT-DZ-YIN-DMRM-NEG.d,,Find by MRM,,
337,DGJZT_BS_167_3,,,629.2,,,,,100,,,,10.713,,,5764,0.356,42696,,,,,Acq,,,,,,,,,,,,,,,30,,0225-DGJZT-DZ-YIN-DMRM-NEG.d,,Find by MRM,,
338,DGJZT_BS_167_1,,,629.2,,,,,100,,,,10.713,,,62249,0.402,507807,,,,,Acq,,,,,,,,,,,,,,,30,,0225-DGJZT-DZ-YIN-DMRM-NEG.d,,Find by MRM,,
339,DGJZT_BS_166_1,,,553.2,,,,,100,,,,10.722,,,554,0.416,4547,,,,,Acq,,,,,,,,,,,,,,,30,,0225-DGJZT-DZ-YIN-DMRM-NEG.d,,Find by MRM,,
340,DGJZT_CGC_190_1,,,879.4,,,,,100,,,,10.765,,,4960,0.3,33798,,,,,Acq,,,,,,,,,,,,,,,30,,0225-DGJZT-DZ-YIN-DMRM-NEG.d,,Find by MRM,,
341,DGJZT_CGC_190_3,,,879.4,,,,,100,,,,10.774,,,666,0.278,4224,,,,,Acq,,,,,,,,,,,,,,,30,,0225-DGJZT-DZ-YIN-DMRM-NEG.d,,Find by MRM,,
342,DGJZT_CGC_200_1,,,837.4,,,,,100,,,,10.825,,,4248,0.357,41401,,,,,Acq,,,,,,,,,,,,,,,30,,0225-DGJZT-DZ-YIN-DMRM-NEG.d,,Find by MRM,,
343,DGJZT_CGC_200_3,,,837.4,,,,,100,,,,10.826,,,513,0.37,5098,,,,,Acq,,,,,,,,,,,,,,,30,,0225-DGJZT-DZ-YIN-DMRM-NEG.d,,Find by MRM,,
344,DGJZT_CGC_200_2,,,837.4,,,,,100,,,,10.834,,,241,0.335,2126,,,,,Acq,,,,,,,,,,,,,,,30,,0225-DGJZT-DZ-YIN-DMRM-NEG.d,,Find by MRM,,
345,DGJZT_CGC_207_1,,,1027.5,,,,,100,,,,10.882,,,227,0.357,1769,,,,,Acq,,,,,,,,,,,,,,,30,,0225-DGJZT-DZ-YIN-DMRM-NEG.d,,Find by MRM,,
346,DGJZT_CGC_209_1,,,835.4,,,,,100,,,,10.91,,,888,0.225,5855,,,,,Acq,,,,,,,,,,,,,,,30,,0225-DGJZT-DZ-YIN-DMRM-NEG.d,,Find by MRM,,
347,DGJZT_CGC_218_1,,,865.4,,,,,100,,,,11.025,,,246,0.301,1648,,,,,Acq,,,,,,,,,,,,,,,30,,0225-DGJZT-DZ-YIN-DMRM-NEG.d,,Find by MRM,,
348,DGJZT_SJ_9_2,,,433.2,,,,,100,,,,11.014,,,223,0.166,1008,,,,,Acq,,,,,,,,,,,,,,,30,,0225-DGJZT-DZ-YIN-DMRM-NEG.d,,Find by MRM,,
349,DGJZT_CGC_213_1,,,807.4,,,,,100,,,,10.945,,,176,0.265,1338,,,,,Acq,,,,,,,,,,,,,,,30,,0225-DGJZT-DZ-YIN-DMRM-NEG.d,,Find by MRM,,
350,DGJZT_CGC_217_1,,,297,,,,,100,,,,11.099,,,524,0.394,3670,,,,,Acq,,,,,,,,,,,,,,,30,,0225-DGJZT-DZ-YIN-DMRM-NEG.d,,Find by MRM,,
351,DGJZT_CGC_224_1,,,881.4,,,,,100,,,,11.151,,,714,0.221,3494,,,,,Acq,,,,,,,,,,,,,,,30,,0225-DGJZT-DZ-YIN-DMRM-NEG.d,,Find by MRM,,
352,DGJZT_DG_79_2,,,571.1,,,,,100,,,,11.155,,,133,0.142,646,,,,,Acq,,,,,,,,,,,,,,,30,,0225-DGJZT-DZ-YIN-DMRM-NEG.d,,Find by MRM,,
353,DGJZT_DG_77_2,,,355.1,,,,,100,,,,11.157,,,144,0.312,909,,,,,Acq,,,,,,,,,,,,,,,30,,0225-DGJZT-DZ-YIN-DMRM-NEG.d,,Find by MRM,,
354,DGJZT_DG_77_3,,,355.1,,,,,100,,,,11.157,,,104,0.226,665,,,,,Acq,,,,,,,,,,,,,,,30,,0225-DGJZT-DZ-YIN-DMRM-NEG.d,,Find by MRM,,
355,DGJZT_DG_77_1,,,355.1,,,,,100,,,,11.149,,,302,0.375,1977,,,,,Acq,,,,,,,,,,,,,,,30,,0225-DGJZT-DZ-YIN-DMRM-NEG.d,,Find by MRM,,
356,DGJZT_CGC_229_1,,,837.4,,,,,100,,,,11.22,,,10899,0.233,83196,,,,,Acq,,,,,,,,,,,,,,,30,,0225-DGJZT-DZ-YIN-DMRM-NEG.d,,Find by MRM,,
357,DGJZT_CGC_229_3,,,837.4,,,,,100,,,,11.22,,,1212,0.207,8407,,,,,Acq,,,,,,,,,,,,,,,30,,0225-DGJZT-DZ-YIN-DMRM-NEG.d,,Find by MRM,,
358,DGJZT_DG_79_1,,,571.1,,,,,100,,,,11.18,,,350,0.411,2923,,,,,Acq,,,,,,,,,,,,,,,30,,0225-DGJZT-DZ-YIN-DMRM-NEG.d,,Find by MRM,,
359,DGJZT_CGC_229_2,,,837.4,,,,,100,,,,11.22,,,522,0.382,4550,,,,,Acq,,,,,,,,,,,,,,,30,,0225-DGJZT-DZ-YIN-DMRM-NEG.d,,Find by MRM,,
360,DGJZT_CGC_238_1,,,819.4,,,,,100,,,,11.305,,,3711,0.372,27557,,,,,Acq,,,,,,,,,,,,,,,30,,0225-DGJZT-DZ-YIN-DMRM-NEG.d,,Find by MRM,,
361,DGJZT_CGC_238_3,,,819.4,,,,,100,,,,11.296,,,490,0.352,3864,,,,,Acq,,,,,,,,,,,,,,,30,,0225-DGJZT-DZ-YIN-DMRM-NEG.d,,Find by MRM,,
362,DGJZT_CGC_238_2,,,819.4,,,,,100,,,,11.297,,,238,0.36,1677,,,,,Acq,,,,,,,,,,,,,,,30,,0225-DGJZT-DZ-YIN-DMRM-NEG.d,,Find by MRM,,
363,DGJZT_GZ_28_2,,,311.1,,,,,100,,,,11.25,,,236,0.378,1586,,,,,Acq,,,,,,,,,,,,,,,30,,0225-DGJZT-DZ-YIN-DMRM-NEG.d,,Find by MRM,,
364,DGJZT_GZ_28_1,,,311.1,,,,,100,,,,11.283,,,771,0.368,6183,,,,,Acq,,,,,,,,,,,,,,,30,,0225-DGJZT-DZ-YIN-DMRM-NEG.d,,Find by MRM,,
365,DGJZT_CGC_240_1,,,967.5,,,,,100,,,,11.268,,,461,0.296,3020,,,,,Acq,,,,,,,,,,,,,,,30,,0225-DGJZT-DZ-YIN-DMRM-NEG.d,,Find by MRM,,
366,DGJZT_CGC_244_1,,,791.4,,,,,100,,,,11.373,,,219,0.267,1466,,,,,Acq,,,,,,,,,,,,,,,30,,0225-DGJZT-DZ-YIN-DMRM-NEG.d,,Find by MRM,,
367,DGJZT_BS_174_1,,,665.4,,,,,100,,,,11.356,,,559,0.352,4009,,,,,Acq,,,,,,,,,,,,,,,30,,0225-DGJZT-DZ-YIN-DMRM-NEG.d,,Find by MRM,,
368,DGJZT_SJ_10_3,,,431.2,,,,,100,,,,11.358,,,249,0.373,1757,,,,,Acq,,,,,,,,,,,,,,,30,,0225-DGJZT-DZ-YIN-DMRM-NEG.d,,Find by MRM,,
369,DGJZT_CGC_254_1,,,985.5,,,,,100,,,,11.385,,,1064,0.235,6712,,,,,Acq,,,,,,,,,,,,,,,30,,0225-DGJZT-DZ-YIN-DMRM-NEG.d,,Find by MRM,,
370,DGJZT_CGC_254_3,,,985.5,,,,,100,,,,11.419,,,82,0.208,322,,,,,Acq,,,,,,,,,,,,,,,30,,0225-DGJZT-DZ-YIN-DMRM-NEG.d,,Find by MRM,,
371,DGJZT_CGC_251_1,,,911.4,,,,,100,,,,11.386,,,1057,0.294,6566,,,,,Acq,,,,,,,,,,,,,,,30,,0225-DGJZT-DZ-YIN-DMRM-NEG.d,,Find by MRM,,
372,DGJZT_CGC_248_1,,,863.4,,,,,100,,,,11.395,,,1277,0.308,8902,,,,,Acq,,,,,,,,,,,,,,,30,,0225-DGJZT-DZ-YIN-DMRM-NEG.d,,Find by MRM,,
373,DGJZT_CGC_250_1,,,837.4,,,,,100,,,,11.211,,,10092,0.21,66907,,,,,Acq,,,,,,,,,,,,,,,30,,0225-DGJZT-DZ-YIN-DMRM-NEG.d,,Find by MRM,,
374,DGJZT_CGC_250_3,,,837.4,,,,,100,,,,11.228,,,1142,0.338,10087,,,,,Acq,,,,,,,,,,,,,,,30,,0225-DGJZT-DZ-YIN-DMRM-NEG.d,,Find by MRM,,
375,DGJZT_SJ_10_1,,,431.2,,,,,100,,,,11.374,,,2897,0.317,19884,,,,,Acq,,,,,,,,,,,,,,,30,,0225-DGJZT-DZ-YIN-DMRM-NEG.d,,Find by MRM,,
376,DGJZT_SJ_10_2,,,431.2,,,,,100,,,,11.374,,,775,0.353,5521,,,,,Acq,,,,,,,,,,,,,,,30,,0225-DGJZT-DZ-YIN-DMRM-NEG.d,,Find by MRM,,
377,DGJZT_CGC_250_2,,,837.4,,,,,100,,,,11.396,,,149,0.259,992,,,,,Acq,,,,,,,,,,,,,,,30,,0225-DGJZT-DZ-YIN-DMRM-NEG.d,,Find by MRM,,
378,DGJZT_CGC_259_1,,,299.1,,,,,100,,,,11.519,,,53,0.266,293,,,,,Acq,,,,,,,,,,,,,,,30,,0225-DGJZT-DZ-YIN-DMRM-NEG.d,,Find by MRM,,
379,DGJZT_CGC_264_3,,,821.4,,,,,100,,,,11.574,,,1635,0.332,19500,,,,,Acq,,,,,,,,,,,,,,,30,,0225-DGJZT-DZ-YIN-DMRM-NEG.d,,Find by MRM,,
380,DGJZT_BS_175_1,,,735.2,,,,,100,,,,11.466,,,107,0.134,518,,,,,Acq,,,,,,,,,,,,,,,30,,0225-DGJZT-DZ-YIN-DMRM-NEG.d,,Find by MRM,,
381,DGJZT_CGC_264_1,,,821.4,,,,,100,,,,11.598,,,16170,0.384,246373,,,,,Acq,,,,,,,,,,,,,,,30,,0225-DGJZT-DZ-YIN-DMRM-NEG.d,,Find by MRM,,
382,DGJZT_CGC_285_1,,,969.5,,,,,100,,,,11.729,,,435,0.258,3242,,,,,Acq,,,,,,,,,,,,,,,30,,0225-DGJZT-DZ-YIN-DMRM-NEG.d,,Find by MRM,,
383,DGJZT_CGC_282_1,,,955.5,,,,,100,,,,11.746,,,381,0.444,3092,,,,,Acq,,,,,,,,,,,,,,,30,,0225-DGJZT-DZ-YIN-DMRM-NEG.d,,Find by MRM,,
384,DGJZT_CGC_289_2,,,807.4,,,,,100,,,,11.791,,,2204,0.309,15155,,,,,Acq,,,,,,,,,,,,,,,30,,0225-DGJZT-DZ-YIN-DMRM-NEG.d,,Find by MRM,,
385,DGJZT_DG_80_3,,,399.1,,,,,100,,,,11.776,,,700,0.38,5557,,,,,Acq,,,,,,,,,,,,,,,30,,0225-DGJZT-DZ-YIN-DMRM-NEG.d,,Find by MRM,,
386,DGJZT_DG_80_2,,,399.1,,,,,100,,,,11.776,,,390,0.304,2535,,,,,Acq,,,,,,,,,,,,,,,30,,0225-DGJZT-DZ-YIN-DMRM-NEG.d,,Find by MRM,,
387,DGJZT_CGC_278_1,,,255.1,,,,,100,,,,11.762,,,4992,0.382,35464,,,,,Acq,,,,,,,,,,,,,,,30,,0225-DGJZT-DZ-YIN-DMRM-NEG.d,,Find by MRM,,
388,DGJZT_CGC_289_3,,,807.4,,,,,100,,,,11.791,,,283,0.253,2086,,,,,Acq,,,,,,,,,,,,,,,30,,0225-DGJZT-DZ-YIN-DMRM-NEG.d,,Find by MRM,,
389,DGJZT_DG_80_1,,,399.1,,,,,100,,,,11.776,,,556,0.403,4223,,,,,Acq,,,,,,,,,,,,,,,30,,0225-DGJZT-DZ-YIN-DMRM-NEG.d,,Find by MRM,,
390,DGJZT_CGC_293_1,,,821.4,,,,,100,,,,11.856,,,11689,0.344,149063,,,,,Acq,,,,,,,,,,,,,,,30,,0225-DGJZT-DZ-YIN-DMRM-NEG.d,,Find by MRM,,
391,DGJZT_CGC_293_3,,,821.4,,,,,100,,,,11.865,,,1717,0.344,19826,,,,,Acq,,,,,,,,,,,,,,,30,,0225-DGJZT-DZ-YIN-DMRM-NEG.d,,Find by MRM,,
392,DGJZT_CGC_293_2,,,821.4,,,,,100,,,,11.873,,,608,0.193,4948,,,,,Acq,,,,,,,,,,,,,,,30,,0225-DGJZT-DZ-YIN-DMRM-NEG.d,,Find by MRM,,
393,DGJZT_DG_81_2,,,357.1,,,,,100,,,,11.935,,,938,0.399,7976,,,,,Acq,,,,,,,,,,,,,,,30,,0225-DGJZT-DZ-YIN-DMRM-NEG.d,,Find by MRM,,
394,DGJZT_CGC_291_1,,,267.1,,,,,100,,,,11.938,,,2952,0.398,22192,,,,,Acq,,,,,,,,,,,,,,,30,,0225-DGJZT-DZ-YIN-DMRM-NEG.d,,Find by MRM,,
395,DGJZT_CGC_291_2,,,267.1,,,,,100,,,,11.947,,,2028,0.394,15959,,,,,Acq,,,,,,,,,,,,,,,30,,0225-DGJZT-DZ-YIN-DMRM-NEG.d,,Find by MRM,,
396,DGJZT_CGC_291_3,,,267.1,,,,,100,,,,11.947,,,709,0.365,6377,,,,,Acq,,,,,,,,,,,,,,,30,,0225-DGJZT-DZ-YIN-DMRM-NEG.d,,Find by MRM,,
397,DGJZT_DG_81_1,,,357.1,,,,,100,,,,12.135,,,397,0.311,3341,,,,,Acq,,,,,,,,,,,,,,,30,,0225-DGJZT-DZ-YIN-DMRM-NEG.d,,Find by MRM,,
398,DGJZT_CGC_301_1,,,939.5,,,,,100,,,,12.04,,,215,0.193,1131,,,,,Acq,,,,,,,,,,,,,,,30,,0225-DGJZT-DZ-YIN-DMRM-NEG.d,,Find by MRM,,
399,DGJZT_CGC_305_1,,,823.4,,,,,100,,,,12.107,,,2848,0.206,18715,,,,,Acq,,,,,,,,,,,,,,,30,,0225-DGJZT-DZ-YIN-DMRM-NEG.d,,Find by MRM,,
400,DGJZT_DG_87_3,,,517.2,,,,,100,,,,12.059,,,96,0.266,560,,,,,Acq,,,,,,,,,,,,,,,30,,0225-DGJZT-DZ-YIN-DMRM-NEG.d,,Find by MRM,,
401,DGJZT_SJ_12_1,,,475.2,,,,,100,,,,12.142,,,119,0.347,1392,,,,,Acq,,,,,,,,,,,,,,,30,,0225-DGJZT-DZ-YIN-DMRM-NEG.d,,Find by MRM,,
402,DGJZT_GZ_31_1,,,325.1,,,,,100,,,,12.321,,,29,0.032,721,,,,,Acq,,,,,,,,,,,,,,,30,,0225-DGJZT-DZ-YIN-DMRM-NEG.d,,Find by MRM,,
403,DGJZT_GZ_31_2,,,325.1,,,,,100,,,,12.103,,,230,0.346,2563,,,,,Acq,,,,,,,,,,,,,,,30,,0225-DGJZT-DZ-YIN-DMRM-NEG.d,,Find by MRM,,
404,DGJZT_DG_89_3,,,313.1,,,,,100,,,,12.146,,,88,0.302,616,,,,,Acq,,,,,,,,,,,,,,,30,,0225-DGJZT-DZ-YIN-DMRM-NEG.d,,Find by MRM,,
405,DGJZT_GZ_29_1,,,295.1,,,,,100,,,,12.088,,,628,0.302,4104,,,,,Acq,,,,,,,,,,,,,,,30,,0225-DGJZT-DZ-YIN-DMRM-NEG.d,,Find by MRM,,
406,DGJZT_GZ_29_2,,,295.1,,,,,100,,,,12.089,,,1523,0.313,11041,,,,,Acq,,,,,,,,,,,,,,,30,,0225-DGJZT-DZ-YIN-DMRM-NEG.d,,Find by MRM,,
407,DGJZT_CGC_305_3,,,823.4,,,,,100,,,,12.091,,,353,0.235,2641,,,,,Acq,,,,,,,,,,,,,,,30,,0225-DGJZT-DZ-YIN-DMRM-NEG.d,,Find by MRM,,
408,DGJZT_CGC_310_1,,,777.4,,,,,100,,,,12.159,,,298,0.235,2007,,,,,Acq,,,,,,,,,,,,,,,30,,0225-DGJZT-DZ-YIN-DMRM-NEG.d,,Find by MRM,,
409,DGJZT_DG_90_1,,,357.1,,,,,100,,,,12.16,,,378,0.377,4591,,,,,Acq,,,,,,,,,,,,,,,30,,0225-DGJZT-DZ-YIN-DMRM-NEG.d,,Find by MRM,,
410,DGJZT_GZ_31_3,,,325.1,,,,,100,,,,12.119,,,122,0.201,931,,,,,Acq,,,,,,,,,,,,,,,30,,0225-DGJZT-DZ-YIN-DMRM-NEG.d,,Find by MRM,,
411,DGJZT_DG_88_3,,,383.2,,,,,100,,,,12.051,,,288,0.43,3296,,,,,Acq,,,,,,,,,,,,,,,30,,0225-DGJZT-DZ-YIN-DMRM-NEG.d,,Find by MRM,,
412,DGJZT_GZ_32_2,,,313.2,,,,,100,,,,12.187,,,259,0.213,1433,,,,,Acq,,,,,,,,,,,,,,,30,,0225-DGJZT-DZ-YIN-DMRM-NEG.d,,Find by MRM,,
413,DGJZT_DG_89_1,,,313.1,,,,,100,,,,12.129,,,1472,0.37,10755,,,,,Acq,,,,,,,,,,,,,,,30,,0225-DGJZT-DZ-YIN-DMRM-NEG.d,,Find by MRM,,
414,DGJZT_DG_89_2,,,313.1,,,,,100,,,,12.121,,,176,0.251,1134,,,,,Acq,,,,,,,,,,,,,,,30,,0225-DGJZT-DZ-YIN-DMRM-NEG.d,,Find by MRM,,
415,DGJZT_CGC_313_1,,,369.1,,,,,100,,,,12.193,,,244,0.392,2159,,,,,Acq,,,,,,,,,,,,,,,30,,0225-DGJZT-DZ-YIN-DMRM-NEG.d,,Find by MRM,,
416,DGJZT_DG_90_2,,,357.1,,,,,100,,,,11.951,,,723,0.192,3604,,,,,Acq,,,,,,,,,,,,,,,30,,0225-DGJZT-DZ-YIN-DMRM-NEG.d,,Find by MRM,,
417,DGJZT_GZ_32_1,,,313.2,,,,,100,,,,12.162,,,145,0.251,952,,,,,Acq,,,,,,,,,,,,,,,30,,0225-DGJZT-DZ-YIN-DMRM-NEG.d,,Find by MRM,,
418,DGJZT_DG_91_2,,,205.1,,,,,100,,,,12.216,,,77,0.243,417,,,,,Acq,,,,,,,,,,,,,,,30,,0225-DGJZT-DZ-YIN-DMRM-NEG.d,,Find by MRM,,
419,DGJZT_DG_91_1,,,205.1,,,,,100,,,,12.207,,,174,0.263,1003,,,,,Acq,,,,,,,,,,,,,,,30,,0225-DGJZT-DZ-YIN-DMRM-NEG.d,,Find by MRM,,
420,DGJZT_CGC_314_1,,,805.4,,,,,100,,,,12.293,,,1425,0.194,9157,,,,,Acq,,,,,,,,,,,,,,,30,,0225-DGJZT-DZ-YIN-DMRM-NEG.d,,Find by MRM,,
421,DGJZT_CGC_314_3,,,805.4,,,,,100,,,,12.276,,,323,0.176,1799,,,,,Acq,,,,,,,,,,,,,,,30,,0225-DGJZT-DZ-YIN-DMRM-NEG.d,,Find by MRM,,
422,DGJZT_SJ_13_1,,,355.2,,,,,100,,,,12.303,,,43,0.199,199,,,,,Acq,,,,,,,,,,,,,,,30,,0225-DGJZT-DZ-YIN-DMRM-NEG.d,,Find by MRM,,
423,DGJZT_GZ_33_2,,,265.1,,,,,100,,,,12.356,,,134,0.39,988,,,,,Acq,,,,,,,,,,,,,,,30,,0225-DGJZT-DZ-YIN-DMRM-NEG.d,,Find by MRM,,
424,DGJZT_GZ_33_3,,,265.1,,,,,100,,,,12.358,,,71,0.24,401,,,,,Acq,,,,,,,,,,,,,,,30,,0225-DGJZT-DZ-YIN-DMRM-NEG.d,,Find by MRM,,
425,DGJZT_DG_92_1,,,203.1,,,,,100,,,,12.584,,,4738,0.176,103173,,,,,Acq,,,,,,,,,,,,,,,30,,0225-DGJZT-DZ-YIN-DMRM-NEG.d,,Find by MRM,,
426,DGJZT_DG_92_2,,,203.1,,,,,100,,,,12.585,,,12618,0.184,267322,,,,,Acq,,,,,,,,,,,,,,,30,,0225-DGJZT-DZ-YIN-DMRM-NEG.d,,Find by MRM,,
427,DGJZT_DG_92_3,,,203.1,,,,,100,,,,12.577,,,3258,0.176,73910,,,,,Acq,,,,,,,,,,,,,,,30,,0225-DGJZT-DZ-YIN-DMRM-NEG.d,,Find by MRM,,
428,DGJZT_GZ_33_1,,,265.1,,,,,100,,,,12.365,,,94,0.27,615,,,,,Acq,,,,,,,,,,,,,,,30,,0225-DGJZT-DZ-YIN-DMRM-NEG.d,,Find by MRM,,
429,DGJZT_CGC_324_1,,,805.4,,,,,100,,,,12.276,,,2532,0.151,16123,,,,,Acq,,,,,,,,,,,,,,,30,,0225-DGJZT-DZ-YIN-DMRM-NEG.d,,Find by MRM,,
430,DGJZT_CGC_325_1,,,353.1,,,,,100,,,,12.539,,,2032,0.432,15865,,,,,Acq,,,,,,,,,,,,,,,30,,0225-DGJZT-DZ-YIN-DMRM-NEG.d,,Find by MRM,,
431,DGJZT_DZ_45_1,,,517.3,,,,,100,,,,12.905,,,10,0.075,23,,,,,Acq,,,,,,,,,,,,,,,30,,0225-DGJZT-DZ-YIN-DMRM-NEG.d,,Find by MRM,,
432,DGJZT_CGC_336_1,,,367.1,,,,,100,,,,12.788,,,63376,0.356,469734,,,,,Acq,,,,,,,,,,,,,,,30,,0225-DGJZT-DZ-YIN-DMRM-NEG.d,,Find by MRM,,
433,DGJZT_CGC_336_2,,,367.1,,,,,100,,,,12.789,,,18481,0.379,139779,,,,,Acq,,,,,,,,,,,,,,,30,,0225-DGJZT-DZ-YIN-DMRM-NEG.d,,Find by MRM,,
434,DGJZT_CGC_336_3,,,367.1,,,,,100,,,,12.789,,,2509,0.353,18051,,,,,Acq,,,,,,,,,,,,,,,30,,0225-DGJZT-DZ-YIN-DMRM-NEG.d,,Find by MRM,,
435,DGJZT_DZ_46_2,,,287.2,,,,,100,,,,12.895,,,6,0.117,22,,,,,Acq,,,,,,,,,,,,,,,30,,0225-DGJZT-DZ-YIN-DMRM-NEG.d,,Find by MRM,,
436,DGJZT_CGC_337_1,,,323.1,,,,,100,,,,12.819,,,235,0.346,1597,,,,,Acq,,,,,,,,,,,,,,,30,,0225-DGJZT-DZ-YIN-DMRM-NEG.d,,Find by MRM,,
437,DGJZT_CGC_338_2,,,355.1,,,,,100,,,,12.866,,,5199,0.389,39682,,,,,Acq,,,,,,,,,,,,,,,30,,0225-DGJZT-DZ-YIN-DMRM-NEG.d,,Find by MRM,,
438,DGJZT_CGC_338_3,,,355.1,,,,,100,,,,12.849,,,2341,0.348,17292,,,,,Acq,,,,,,,,,,,,,,,30,,0225-DGJZT-DZ-YIN-DMRM-NEG.d,,Find by MRM,,
439,DGJZT_CGC_338_1,,,355.1,,,,,100,,,,12.859,,,13651,0.39,99406,,,,,Acq,,,,,,,,,,,,,,,30,,0225-DGJZT-DZ-YIN-DMRM-NEG.d,,Find by MRM,,
440,DGJZT_CGC_344_1,,,805.4,,,,,100,,,,12.913,,,475,0.316,4766,,,,,Acq,,,,,,,,,,,,,,,30,,0225-DGJZT-DZ-YIN-DMRM-NEG.d,,Find by MRM,,
441,DGJZT_CGC_341_1,,,711.3,,,,,100,,,,12.905,,,5559,0.361,29316,,,,,Acq,,,,,,,,,,,,,,,30,,0225-DGJZT-DZ-YIN-DMRM-NEG.d,,Find by MRM,,
442,DGJZT_CGC_346_1,,,369.1,,,,,100,,,,12.972,,,674,0.391,5469,,,,,Acq,,,,,,,,,,,,,,,30,,0225-DGJZT-DZ-YIN-DMRM-NEG.d,,Find by MRM,,
443,DGJZT_CGC_347_2,,,351.1,,,,,100,,,,13.042,,,1257,0.303,8089,,,,,Acq,,,,,,,,,,,,,,,30,,0225-DGJZT-DZ-YIN-DMRM-NEG.d,,Find by MRM,,
444,DGJZT_CGC_347_3,,,351.1,,,,,100,,,,13.026,,,2150,0.361,16112,,,,,Acq,,,,,,,,,,,,,,,30,,0225-DGJZT-DZ-YIN-DMRM-NEG.d,,Find by MRM,,
445,DGJZT_CGC_347_1,,,351.1,,,,,100,,,,13.026,,,2434,0.338,16402,,,,,Acq,,,,,,,,,,,,,,,30,,0225-DGJZT-DZ-YIN-DMRM-NEG.d,,Find by MRM,,
446,DGJZT_CGC_345_1,,,337.1,,,,,100,,,,13.011,,,140,0.336,909,,,,,Acq,,,,,,,,,,,,,,,30,,0225-DGJZT-DZ-YIN-DMRM-NEG.d,,Find by MRM,,
447,DGJZT_CGC_354_1,,,823.4,,,,,100,,,,13.113,,,122,0.237,870,,,,,Acq,,,,,,,,,,,,,,,30,,0225-DGJZT-DZ-YIN-DMRM-NEG.d,,Find by MRM,,
448,DGJZT_CGC_353_1,,,807.4,,,,,100,,,,13.088,,,246,0.366,2115,,,,,Acq,,,,,,,,,,,,,,,30,,0225-DGJZT-DZ-YIN-DMRM-NEG.d,,Find by MRM,,
449,DGJZT_CGC_355_1,,,339.1,,,,,100,,,,13.16,,,2141,0.332,14921,,,,,Acq,,,,,,,,,,,,,,,30,,0225-DGJZT-DZ-YIN-DMRM-NEG.d,,Find by MRM,,
450,DGJZT_CGC_355_2,,,339.1,,,,,100,,,,13.144,,,1365,0.361,9578,,,,,Acq,,,,,,,,,,,,,,,30,,0225-DGJZT-DZ-YIN-DMRM-NEG.d,,Find by MRM,,
451,DGJZT_CGC_355_3,,,339.1,,,,,100,,,,13.153,,,647,0.323,4424,,,,,Acq,,,,,,,,,,,,,,,30,,0225-DGJZT-DZ-YIN-DMRM-NEG.d,,Find by MRM,,
452,DGJZT_CGC_351_1,,,313.1,,,,,100,,,,13.162,,,1572,0.392,10676,,,,,Acq,,,,,,,,,,,,,,,30,,0225-DGJZT-DZ-YIN-DMRM-NEG.d,,Find by MRM,,
453,DGJZT_CGC_351_2,,,313.1,,,,,100,,,,13.154,,,801,0.385,5138,,,,,Acq,,,,,,,,,,,,,,,30,,0225-DGJZT-DZ-YIN-DMRM-NEG.d,,Find by MRM,,
454,DGJZT_CGC_357_2,,,353.1,,,,,100,,,,13.266,,,5655,0.317,39113,,,,,Acq,,,,,,,,,,,,,,,30,,0225-DGJZT-DZ-YIN-DMRM-NEG.d,,Find by MRM,,
455,DGJZT_DZ_48_1,,,487.3,,,,,100,,,,13.55,,,13,0.213,70,,,,,Acq,,,,,,,,,,,,,,,30,,0225-DGJZT-DZ-YIN-DMRM-NEG.d,,Find by MRM,,
456,DGJZT_CGC_357_3,,,353.1,,,,,100,,,,13.317,,,2462,0.409,19935,,,,,Acq,,,,,,,,,,,,,,,30,,0225-DGJZT-DZ-YIN-DMRM-NEG.d,,Find by MRM,,
457,DGJZT_CGC_357_1,,,353.1,,,,,100,,,,13.318,,,41278,0.41,316011,,,,,Acq,,,,,,,,,,,,,,,30,,0225-DGJZT-DZ-YIN-DMRM-NEG.d,,Find by MRM,,
458,DGJZT_CGC_359_2,,,337.1,,,,,100,,,,13.337,,,232,0.327,1641,,,,,Acq,,,,,,,,,,,,,,,30,,0225-DGJZT-DZ-YIN-DMRM-NEG.d,,Find by MRM,,
459,DGJZT_CGC_364_1,,,365.1,,,,,100,,,,13.528,,,8529,0.424,63967,,,,,Acq,,,,,,,,,,,,,,,30,,0225-DGJZT-DZ-YIN-DMRM-NEG.d,,Find by MRM,,
460,DGJZT_CGC_364_2,,,365.1,,,,,100,,,,13.528,,,3401,0.393,24243,,,,,Acq,,,,,,,,,,,,,,,30,,0225-DGJZT-DZ-YIN-DMRM-NEG.d,,Find by MRM,,
461,DGJZT_DZ_49_3,,,501.3,,,,,100,,,,13.54,,,5,0.051,10,,,,,Acq,,,,,,,,,,,,,,,30,,0225-DGJZT-DZ-YIN-DMRM-NEG.d,,Find by MRM,,
462,DGJZT_CGC_368_1,,,337.1,,,,,100,,,,13.665,,,46,0.151,206,,,,,Acq,,,,,,,,,,,,,,,30,,0225-DGJZT-DZ-YIN-DMRM-NEG.d,,Find by MRM,,
463,DGJZT_DZ_49_2,,,501.3,,,,,100,,,,13.515,,,6,0.079,19,,,,,Acq,,,,,,,,,,,,,,,30,,0225-DGJZT-DZ-YIN-DMRM-NEG.d,,Find by MRM,,
464,DGJZT_DZ_50_1,,,450.3,,,,,100,,,,13.642,,,5,0.093,18,,,,,Acq,,,,,,,,,,,,,,,30,,0225-DGJZT-DZ-YIN-DMRM-NEG.d,,Find by MRM,,
465,DGJZT_DZ_49_1,,,501.3,,,,,100,,,,13.751,,,4,0.092,8,,,,,Acq,,,,,,,,,,,,,,,30,,0225-DGJZT-DZ-YIN-DMRM-NEG.d,,Find by MRM,,
466,DGJZT_DZ_50_2,,,450.3,,,,,100,,,,13.878,,,12,0.177,49,,,,,Acq,,,,,,,,,,,,,,,30,,0225-DGJZT-DZ-YIN-DMRM-NEG.d,,Find by MRM,,
467,DGJZT_DG_96_2,,,409.2,,,,,100,,,,13.677,,,139,0.218,898,,,,,Acq,,,,,,,,,,,,,,,30,,0225-DGJZT-DZ-YIN-DMRM-NEG.d,,Find by MRM,,
468,DGJZT_DG_96_3,,,409.2,,,,,100,,,,13.694,,,117,0.319,701,,,,,Acq,,,,,,,,,,,,,,,30,,0225-DGJZT-DZ-YIN-DMRM-NEG.d,,Find by MRM,,
469,DGJZT_CGC_374_1,,,369.1,,,,,100,,,,13.73,,,1821,0.345,12629,,,,,Acq,,,,,,,,,,,,,,,30,,0225-DGJZT-DZ-YIN-DMRM-NEG.d,,Find by MRM,,
470,DGJZT_CGC_373_1,,,339.1,,,,,100,,,,13.715,,,295,0.393,2046,,,,,Acq,,,,,,,,,,,,,,,30,,0225-DGJZT-DZ-YIN-DMRM-NEG.d,,Find by MRM,,
471,DGJZT_DG_96_1,,,409.2,,,,,100,,,,13.676,,,1815,0.334,14183,,,,,Acq,,,,,,,,,,,,,,,30,,0225-DGJZT-DZ-YIN-DMRM-NEG.d,,Find by MRM,,
472,DGJZT_CGC_374_3,,,369.1,,,,,100,,,,13.738,,,514,0.387,3416,,,,,Acq,,,,,,,,,,,,,,,30,,0225-DGJZT-DZ-YIN-DMRM-NEG.d,,Find by MRM,,
473,DGJZT_CGC_374_2,,,369.1,,,,,100,,,,13.772,,,79,0.206,463,,,,,Acq,,,,,,,,,,,,,,,30,,0225-DGJZT-DZ-YIN-DMRM-NEG.d,,Find by MRM,,
474,DGJZT_BS_177_1,,,723.4,,,,,100,,,,13.809,,,300,0.216,1884,,,,,Acq,,,,,,,,,,,,,,,30,,0225-DGJZT-DZ-YIN-DMRM-NEG.d,,Find by MRM,,
475,DGJZT_DG_97_2,,,397.2,,,,,100,,,,13.703,,,166,0.317,1257,,,,,Acq,,,,,,,,,,,,,,,30,,0225-DGJZT-DZ-YIN-DMRM-NEG.d,,Find by MRM,,
476,DGJZT_CGC_375_2,,,371.1,,,,,100,,,,13.771,,,1424,0.36,9639,,,,,Acq,,,,,,,,,,,,,,,30,,0225-DGJZT-DZ-YIN-DMRM-NEG.d,,Find by MRM,,
477,DGJZT_CGC_375_1,,,371.1,,,,,100,,,,13.772,,,3566,0.296,23856,,,,,Acq,,,,,,,,,,,,,,,30,,0225-DGJZT-DZ-YIN-DMRM-NEG.d,,Find by MRM,,
478,DGJZT_DG_98_2,,,395.2,,,,,100,,,,13.897,,,122,0.219,693,,,,,Acq,,,,,,,,,,,,,,,30,,0225-DGJZT-DZ-YIN-DMRM-NEG.d,,Find by MRM,,
479,DGJZT_DG_98_1,,,395.2,,,,,100,,,,13.872,,,1894,0.363,13676,,,,,Acq,,,,,,,,,,,,,,,30,,0225-DGJZT-DZ-YIN-DMRM-NEG.d,,Find by MRM,,
480,DGJZT_DG_98_3,,,395.2,,,,,100,,,,13.889,,,476,0.308,3551,,,,,Acq,,,,,,,,,,,,,,,30,,0225-DGJZT-DZ-YIN-DMRM-NEG.d,,Find by MRM,,
481,DGJZT_DG_104_3,,,817.4,,,,,100,,,,13.934,,,2713,0.314,14741,,,,,Acq,,,,,,,,,,,,,,,30,,0225-DGJZT-DZ-YIN-DMRM-NEG.d,,Find by MRM,,
482,DGJZT_DG_104_1,,,817.4,,,,,100,,,,13.926,,,346,0.319,2025,,,,,Acq,,,,,,,,,,,,,,,30,,0225-DGJZT-DZ-YIN-DMRM-NEG.d,,Find by MRM,,
483,DGJZT_DG_104_2,,,817.4,,,,,100,,,,13.926,,,64,0.252,353,,,,,Acq,,,,,,,,,,,,,,,30,,0225-DGJZT-DZ-YIN-DMRM-NEG.d,,Find by MRM,,
484,DGJZT_DG_103_3,,,795.4,,,,,100,,,,13.935,,,14541,0.359,78133,,,,,Acq,,,,,,,,,,,,,,,30,,0225-DGJZT-DZ-YIN-DMRM-NEG.d,,Find by MRM,,
485,DGJZT_DG_103_1,,,795.4,,,,,100,,,,13.935,,,1759,0.328,9905,,,,,Acq,,,,,,,,,,,,,,,30,,0225-DGJZT-DZ-YIN-DMRM-NEG.d,,Find by MRM,,
486,DGJZT_DG_97_1,,,397.2,,,,,100,,,,13.939,,,8706,0.405,67665,,,,,Acq,,,,,,,,,,,,,,,30,,0225-DGJZT-DZ-YIN-DMRM-NEG.d,,Find by MRM,,
487,DGJZT_DG_97_3,,,397.2,,,,,100,,,,13.939,,,2176,0.402,15987,,,,,Acq,,,,,,,,,,,,,,,30,,0225-DGJZT-DZ-YIN-DMRM-NEG.d,,Find by MRM,,
488,DGJZT_DG_101_2,,,397.2,,,,,100,,,,13.948,,,13710,0.41,107547,,,,,Acq,,,,,,,,,,,,,,,30,,0225-DGJZT-DZ-YIN-DMRM-NEG.d,,Find by MRM,,
489,DGJZT_DG_101_3,,,397.2,,,,,100,,,,13.939,,,8429,0.418,66331,,,,,Acq,,,,,,,,,,,,,,,30,,0225-DGJZT-DZ-YIN-DMRM-NEG.d,,Find by MRM,,
490,DGJZT_DG_103_2,,,795.4,,,,,100,,,,13.944,,,240,0.283,1221,,,,,Acq,,,,,,,,,,,,,,,30,,0225-DGJZT-DZ-YIN-DMRM-NEG.d,,Find by MRM,,
491,DGJZT_DG_102_2,,,497.1,,,,,100,,,,13.92,,,261,0.288,1897,,,,,Acq,,,,,,,,,,,,,,,30,,0225-DGJZT-DZ-YIN-DMRM-NEG.d,,Find by MRM,,
492,DGJZT_DG_102_1,,,497.1,,,,,100,,,,13.928,,,1306,0.336,9033,,,,,Acq,,,,,,,,,,,,,,,30,,0225-DGJZT-DZ-YIN-DMRM-NEG.d,,Find by MRM,,
493,DGJZT_DG_101_1,,,397.2,,,,,100,,,,13.939,,,33134,0.486,257213,,,,,Acq,,,,,,,,,,,,,,,30,,0225-DGJZT-DZ-YIN-DMRM-NEG.d,,Find by MRM,,
494,DGJZT_DG_100_2,,,353.2,,,,,100,,,,13.95,,,559,0.452,4354,,,,,Acq,,,,,,,,,,,,,,,30,,0225-DGJZT-DZ-YIN-DMRM-NEG.d,,Find by MRM,,
495,DGJZT_DG_100_1,,,353.2,,,,,100,,,,13.942,,,455,0.278,3103,,,,,Acq,,,,,,,,,,,,,,,30,,0225-DGJZT-DZ-YIN-DMRM-NEG.d,,Find by MRM,,
496,DGJZT_DG_100_3,,,353.2,,,,,100,,,,13.925,,,156,0.242,947,,,,,Acq,,,,,,,,,,,,,,,30,,0225-DGJZT-DZ-YIN-DMRM-NEG.d,,Find by MRM,,
497,DGJZT_CGC_379_2,,,351.1,,,,,100,,,,13.975,,,40951,0.365,275087,,,,,Acq,,,,,,,,,,,,,,,30,,0225-DGJZT-DZ-YIN-DMRM-NEG.d,,Find by MRM,,
498,DGJZT_CGC_379_3,,,351.1,,,,,100,,,,13.976,,,13626,0.359,90328,,,,,Acq,,,,,,,,,,,,,,,30,,0225-DGJZT-DZ-YIN-DMRM-NEG.d,,Find by MRM,,
499,DGJZT_CGC_379_1,,,351.1,,,,,100,,,,13.976,,,12118,0.379,79821,,,,,Acq,,,,,,,,,,,,,,,30,,0225-DGJZT-DZ-YIN-DMRM-NEG.d,,Find by MRM,,
500,DGJZT_DG_105_3,,,411.2,,,,,100,,,,14.106,,,315,0.436,3297,,,,,Acq,,,,,,,,,,,,,,,30,,0225-DGJZT-DZ-YIN-DMRM-NEG.d,,Find by MRM,,
501,DGJZT_DG_105_1,,,411.2,,,,,100,,,,14.089,,,553,0.284,4074,,,,,Acq,,,,,,,,,,,,,,,30,,0225-DGJZT-DZ-YIN-DMRM-NEG.d,,Find by MRM,,
502,DGJZT_DG_105_2,,,411.2,,,,,100,,,,14.098,,,155,0.253,941,,,,,Acq,,,,,,,,,,,,,,,30,,0225-DGJZT-DZ-YIN-DMRM-NEG.d,,Find by MRM,,
503,DGJZT_CGC_386_1,,,391.2,,,,,100,,,,14.084,,,2919,0.339,17867,,,,,Acq,,,,,,,,,,,,,,,30,,0225-DGJZT-DZ-YIN-DMRM-NEG.d,,Find by MRM,,
504,DGJZT_CGC_386_2,,,391.2,,,,,100,,,,14.075,,,679,0.354,4437,,,,,Acq,,,,,,,,,,,,,,,30,,0225-DGJZT-DZ-YIN-DMRM-NEG.d,,Find by MRM,,
505,DGJZT_DG_107_3,,,649.3,,,,,100,,,,14.147,,,163,0.183,1101,,,,,Acq,,,,,,,,,,,,,,,30,,0225-DGJZT-DZ-YIN-DMRM-NEG.d,,Find by MRM,,
506,DGJZT_DG_106_3,,,721.3,,,,,100,,,,14.262,,,352,0.209,2443,,,,,Acq,,,,,,,,,,,,,,,30,,0225-DGJZT-DZ-YIN-DMRM-NEG.d,,Find by MRM,,
507,DGJZT_DG_107_2,,,649.3,,,,,100,,,,14.146,,,816,0.402,6186,,,,,Acq,,,,,,,,,,,,,,,30,,0225-DGJZT-DZ-YIN-DMRM-NEG.d,,Find by MRM,,
508,DGJZT_DG_108_1,,,399.2,,,,,100,,,,14.216,,,613,0.335,4215,,,,,Acq,,,,,,,,,,,,,,,30,,0225-DGJZT-DZ-YIN-DMRM-NEG.d,,Find by MRM,,
509,DGJZT_DG_107_1,,,649.3,,,,,100,,,,14.155,,,1925,0.181,11784,,,,,Acq,,,,,,,,,,,,,,,30,,0225-DGJZT-DZ-YIN-DMRM-NEG.d,,Find by MRM,,
510,DGJZT_DZ_53_1,,,485.3,,,,,100,,,,14.038,,,12,0.206,80,,,,,Acq,,,,,,,,,,,,,,,30,,0225-DGJZT-DZ-YIN-DMRM-NEG.d,,Find by MRM,,
511,DGJZT_DZ_53_3,,,485.3,,,,,100,,,,14.315,,,8,0.248,48,,,,,Acq,,,,,,,,,,,,,,,30,,0225-DGJZT-DZ-YIN-DMRM-NEG.d,,Find by MRM,,
512,DGJZT_DG_106_1,,,721.3,,,,,100,,,,14.279,,,401,0.286,2498,,,,,Acq,,,,,,,,,,,,,,,30,,0225-DGJZT-DZ-YIN-DMRM-NEG.d,,Find by MRM,,
513,DGJZT_CGC_391_1,,,367.2,,,,,100,,,,14.345,,,1556,0.385,9824,,,,,Acq,,,,,,,,,,,,,,,30,,0225-DGJZT-DZ-YIN-DMRM-NEG.d,,Find by MRM,,
514,DGJZT_CGC_391_2,,,367.2,,,,,100,,,,14.337,,,410,0.375,2674,,,,,Acq,,,,,,,,,,,,,,,30,,0225-DGJZT-DZ-YIN-DMRM-NEG.d,,Find by MRM,,
515,DGJZT_CGC_393_2,,,423.2,,,,,100,,,,14.239,,,4378,0.114,17535,,,,,Acq,,,,,,,,,,,,,,,30,,0225-DGJZT-DZ-YIN-DMRM-NEG.d,,Find by MRM,,
516,DGJZT_CGC_393_1,,,423.2,,,,,100,,,,14.24,,,8788,0.115,34294,,,,,Acq,,,,,,,,,,,,,,,30,,0225-DGJZT-DZ-YIN-DMRM-NEG.d,,Find by MRM,,
517,DGJZT_CGC_393_3,,,423.2,,,,,100,,,,14.24,,,1287,0.129,5670,,,,,Acq,,,,,,,,,,,,,,,30,,0225-DGJZT-DZ-YIN-DMRM-NEG.d,,Find by MRM,,
518,DGJZT_DG_111_2,,,625.3,,,,,100,,,,14.514,,,136,0.398,1027,,,,,Acq,,,,,,,,,,,,,,,30,,0225-DGJZT-DZ-YIN-DMRM-NEG.d,,Find by MRM,,
519,DGJZT_DG_111_1,,,625.3,,,,,100,,,,14.673,,,191,0.206,1275,,,,,Acq,,,,,,,,,,,,,,,30,,0225-DGJZT-DZ-YIN-DMRM-NEG.d,,Find by MRM,,
520,DGJZT_CGC_395_2,,,421.2,,,,,100,,,,14.743,,,534,0.245,3274,,,,,Acq,,,,,,,,,,,,,,,30,,0225-DGJZT-DZ-YIN-DMRM-NEG.d,,Find by MRM,,
521,DGJZT_CGC_395_1,,,421.2,,,,,100,,,,14.744,,,5257,0.333,33195,,,,,Acq,,,,,,,,,,,,,,,30,,0225-DGJZT-DZ-YIN-DMRM-NEG.d,,Find by MRM,,
522,DGJZT_CGC_395_3,,,421.2,,,,,100,,,,14.745,,,492,0.283,3152,,,,,Acq,,,,,,,,,,,,,,,30,,0225-DGJZT-DZ-YIN-DMRM-NEG.d,,Find by MRM,,
523,DGJZT_CGC_398_1,,,421.2,,,,,100,,,,14.741,,,5389,0.406,34401,,,,,Acq,,,,,,,,,,,,,,,30,,0225-DGJZT-DZ-YIN-DMRM-NEG.d,,Find by MRM,,
524,DGJZT_DG_113_2,,,216.9,,,,,100,,,,15.175,,,35,0.485,518,,,,,Acq,,,,,,,,,,,,,,,30,,0225-DGJZT-DZ-YIN-DMRM-NEG.d,,Find by MRM,,
525,DGJZT_DG_113_1,,,216.9,,,,,100,,,,15.211,,,24,0.416,357,,,,,Acq,,,,,,,,,,,,,,,30,,0225-DGJZT-DZ-YIN-DMRM-NEG.d,,Find by MRM,,
526,DGJZT_DG_113_3,,,216.9,,,,,100,,,,15.181,,,23,0.483,362,,,,,Acq,,,,,,,,,,,,,,,30,,0225-DGJZT-DZ-YIN-DMRM-NEG.d,,Find by MRM,,

