﻿#化合物列表: 526 found
#
Cpd,Name,Formula,Purity Result,Precursor,Mass,Diff (ppm),Score (Tgt),Flags (Tgt),Score,Std Dev,Relative Mass Difference (MFG),Base Peak,RT,RT Diff,Target Retention Time Difference,Height,Width,Area,Volume,Vol %,Ions,Saturated,ID Source,Score (MFG),Score (DB),Hit Count,Tgt MFG Hit,FV,Purity Value,Purity Comments,ADC% Area,EIC/TIC% Area,TIC% Area,UVA% Area,Score (Lib),CAS ID,Relative Reference Mass difference,CE,MS/MS Count,File,Notes,Algorithm,Lib/DB
1,DGJZT_SJ_1_3,,,308.1,,,,,100,,,,1.024,,,705,0.254,4706,,,,,Acq,,,,,,,,,,,,,,,30,,0225-DGJZT-CGC-YIN-DMRM-NEG.d,,Find by MRM,,
2,DGJZT_SJ_1_1,,,308.1,,,,,100,,,,1.025,,,606,0.328,3814,,,,,Acq,,,,,,,,,,,,,,,30,,0225-DGJZT-CGC-YIN-DMRM-NEG.d,,Find by MRM,,
3,DGJZT_SJ_1_2,,,308.1,,,,,100,,,,1.017,,,430,0.308,3577,,,,,Acq,,,,,,,,,,,,,,,30,,0225-DGJZT-CGC-YIN-DMRM-NEG.d,,Find by MRM,,
4,DGJZT_DZ_4_3,,,618.2,,,,,100,,,,1.053,,,4518,0.238,29141,,,,,Acq,,,,,,,,,,,,,,,30,,0225-DGJZT-CGC-YIN-DMRM-NEG.d,,Find by MRM,,
5,DGJZT_DZ_4_1,,,618.2,,,,,100,,,,1.054,,,9602,0.25,63278,,,,,Acq,,,,,,,,,,,,,,,30,,0225-DGJZT-CGC-YIN-DMRM-NEG.d,,Find by MRM,,
6,DGJZT_DZ_4_2,,,618.2,,,,,100,,,,1.046,,,2083,0.299,14661,,,,,Acq,,,,,,,,,,,,,,,30,,0225-DGJZT-CGC-YIN-DMRM-NEG.d,,Find by MRM,,
7,DGJZT_DZ_6_1,,,353.1,,,,,100,,,,1.082,,,1139,0.236,9117,,,,,Acq,,,,,,,,,,,,,,,30,,0225-DGJZT-CGC-YIN-DMRM-NEG.d,,Find by MRM,,
8,DGJZT_DZ_6_3,,,353.1,,,,,100,,,,1.083,,,1268,0.3,11492,,,,,Acq,,,,,,,,,,,,,,,30,,0225-DGJZT-CGC-YIN-DMRM-NEG.d,,Find by MRM,,
9,DGJZT_DG_6_1,,,470.2,,,,,100,,,,1.197,,,4089,0.353,47338,,,,,Acq,,,,,,,,,,,,,,,30,,0225-DGJZT-CGC-YIN-DMRM-NEG.d,,Find by MRM,,
10,DGJZT_DZ_9_1,,,618.2,,,,,100,,,,1.052,,,10443,0.238,71270,,,,,Acq,,,,,,,,,,,,,,,30,,0225-DGJZT-CGC-YIN-DMRM-NEG.d,,Find by MRM,,
11,DGJZT_DZ_9_2,,,618.2,,,,,100,,,,1.053,,,2197,0.242,13147,,,,,Acq,,,,,,,,,,,,,,,30,,0225-DGJZT-CGC-YIN-DMRM-NEG.d,,Find by MRM,,
12,DGJZT_DG_9_3,,,387.1,,,,,100,,,,0.997,,,226,0.178,1073,,,,,Acq,,,,,,,,,,,,,,,30,,0225-DGJZT-CGC-YIN-DMRM-NEG.d,,Find by MRM,,
13,DGJZT_DZ_9_3,,,618.2,,,,,100,,,,1.353,,,453,0.191,3198,,,,,Acq,,,,,,,,,,,,,,,30,,0225-DGJZT-CGC-YIN-DMRM-NEG.d,,Find by MRM,,
14,DGJZT_DG_10_1,,,527.1,,,,,100,,,,1.388,,,166,0.293,1393,,,,,Acq,,,,,,,,,,,,,,,30,,0225-DGJZT-CGC-YIN-DMRM-NEG.d,,Find by MRM,,
15,DGJZT_DG_9_2,,,387.1,,,,,100,,,,1.39,,,597,0.303,8323,,,,,Acq,,,,,,,,,,,,,,,30,,0225-DGJZT-CGC-YIN-DMRM-NEG.d,,Find by MRM,,
16,DGJZT_DG_9_1,,,387.1,,,,,100,,,,1.359,,,281,0.341,4157,,,,,Acq,,,,,,,,,,,,,,,30,,0225-DGJZT-CGC-YIN-DMRM-NEG.d,,Find by MRM,,
17,DGJZT_DZ_10_2,,,353.1,,,,,100,,,,1.5,,,1470,0.227,9013,,,,,Acq,,,,,,,,,,,,,,,30,,0225-DGJZT-CGC-YIN-DMRM-NEG.d,,Find by MRM,,
18,DGJZT_DZ_10_1,,,353.1,,,,,100,,,,1.493,,,1150,0.215,6810,,,,,Acq,,,,,,,,,,,,,,,30,,0225-DGJZT-CGC-YIN-DMRM-NEG.d,,Find by MRM,,
19,DGJZT_DG_16_1,,,470.2,,,,,100,,,,1.613,,,883,0.236,5561,,,,,Acq,,,,,,,,,,,,,,,30,,0225-DGJZT-CGC-YIN-DMRM-NEG.d,,Find by MRM,,
20,DGJZT_DG_17_2,,,372.1,,,,,100,,,,1.599,,,156,0.351,846,,,,,Acq,,,,,,,,,,,,,,,30,,0225-DGJZT-CGC-YIN-DMRM-NEG.d,,Find by MRM,,
21,DGJZT_DG_17_1,,,372.1,,,,,100,,,,1.608,,,107,0.227,553,,,,,Acq,,,,,,,,,,,,,,,30,,0225-DGJZT-CGC-YIN-DMRM-NEG.d,,Find by MRM,,
22,DGJZT_BS_3_1,,,343.1,,,,,100,,,,1.651,,,110,0.33,890,,,,,Acq,,,,,,,,,,,,,,,30,,0225-DGJZT-CGC-YIN-DMRM-NEG.d,,Find by MRM,,
23,DGJZT_BS_5_1,,,331.1,,,,,100,,,,1.835,,,41,0.151,148,,,,,Acq,,,,,,,,,,,,,,,30,,0225-DGJZT-CGC-YIN-DMRM-NEG.d,,Find by MRM,,
24,DGJZT_DG_25_1,,,527.1,,,,,100,,,,1.838,,,1045,0.445,10698,,,,,Acq,,,,,,,,,,,,,,,30,,0225-DGJZT-CGC-YIN-DMRM-NEG.d,,Find by MRM,,
25,DGJZT_BS_5_3,,,331.1,,,,,100,,,,2.002,,,316,0.189,2247,,,,,Acq,,,,,,,,,,,,,,,30,,0225-DGJZT-CGC-YIN-DMRM-NEG.d,,Find by MRM,,
26,DGJZT_BS_5_2,,,331.1,,,,,100,,,,2.002,,,439,0.383,5643,,,,,Acq,,,,,,,,,,,,,,,30,,0225-DGJZT-CGC-YIN-DMRM-NEG.d,,Find by MRM,,
27,DGJZT_DG_26_1,,,497.1,,,,,100,,,,1.906,,,580,0.398,7605,,,,,Acq,,,,,,,,,,,,,,,30,,0225-DGJZT-CGC-YIN-DMRM-NEG.d,,Find by MRM,,
28,DGJZT_DG_26_3,,,497.1,,,,,100,,,,1.948,,,210,0.463,2304,,,,,Acq,,,,,,,,,,,,,,,30,,0225-DGJZT-CGC-YIN-DMRM-NEG.d,,Find by MRM,,
29,DGJZT_BS_6_2,,,331.1,,,,,100,,,,2.028,,,441,0.287,3374,,,,,Acq,,,,,,,,,,,,,,,30,,0225-DGJZT-CGC-YIN-DMRM-NEG.d,,Find by MRM,,
30,DGJZT_BS_6_1,,,331.1,,,,,100,,,,2.012,,,506,0.413,5541,,,,,Acq,,,,,,,,,,,,,,,30,,0225-DGJZT-CGC-YIN-DMRM-NEG.d,,Find by MRM,,
31,DGJZT_BS_6_3,,,331.1,,,,,100,,,,2.021,,,63,0.174,339,,,,,Acq,,,,,,,,,,,,,,,30,,0225-DGJZT-CGC-YIN-DMRM-NEG.d,,Find by MRM,,
32,DGJZT_BS_8_2,,,567.2,,,,,100,,,,2.022,,,58,0.341,566,,,,,Acq,,,,,,,,,,,,,,,30,,0225-DGJZT-CGC-YIN-DMRM-NEG.d,,Find by MRM,,
33,DGJZT_BS_9_3,,,421.1,,,,,100,,,,2.058,,,176,0.301,1287,,,,,Acq,,,,,,,,,,,,,,,30,,0225-DGJZT-CGC-YIN-DMRM-NEG.d,,Find by MRM,,
34,DGJZT_DG_29_3,,,341.1,,,,,100,,,,2.034,,,175,0.339,2203,,,,,Acq,,,,,,,,,,,,,,,30,,0225-DGJZT-CGC-YIN-DMRM-NEG.d,,Find by MRM,,
35,DGJZT_DG_29_1,,,341.1,,,,,100,,,,2.077,,,164,0.452,2924,,,,,Acq,,,,,,,,,,,,,,,30,,0225-DGJZT-CGC-YIN-DMRM-NEG.d,,Find by MRM,,
36,DGJZT_DG_29_2,,,341.1,,,,,100,,,,1.95,,,196,0.393,3065,,,,,Acq,,,,,,,,,,,,,,,30,,0225-DGJZT-CGC-YIN-DMRM-NEG.d,,Find by MRM,,
37,DGJZT_BS_13_1,,,529.2,,,,,100,,,,2.273,,,875,0.397,6142,,,,,Acq,,,,,,,,,,,,,,,30,,0225-DGJZT-CGC-YIN-DMRM-NEG.d,,Find by MRM,,
38,DGJZT_BS_16_1,,,493.1,,,,,100,,,,2.34,,,2757,0.408,28052,,,,,Acq,,,,,,,,,,,,,,,30,,0225-DGJZT-CGC-YIN-DMRM-NEG.d,,Find by MRM,,
39,DGJZT_BS_16_2,,,493.1,,,,,100,,,,2.367,,,307,0.373,3051,,,,,Acq,,,,,,,,,,,,,,,30,,0225-DGJZT-CGC-YIN-DMRM-NEG.d,,Find by MRM,,
40,DGJZT_BS_16_3,,,493.1,,,,,100,,,,2.333,,,96,0.323,816,,,,,Acq,,,,,,,,,,,,,,,30,,0225-DGJZT-CGC-YIN-DMRM-NEG.d,,Find by MRM,,
41,DGJZT_BS_14_1,,,169,,,,,100,,,,2.33,,,5731,0.401,54424,,,,,Acq,,,,,,,,,,,,,,,30,,0225-DGJZT-CGC-YIN-DMRM-NEG.d,,Find by MRM,,
42,DGJZT_BS_14_2,,,169,,,,,100,,,,2.331,,,3857,0.404,36676,,,,,Acq,,,,,,,,,,,,,,,30,,0225-DGJZT-CGC-YIN-DMRM-NEG.d,,Find by MRM,,
43,DGJZT_BS_17_1,,,331.1,,,,,100,,,,2.394,,,826,0.412,7453,,,,,Acq,,,,,,,,,,,,,,,30,,0225-DGJZT-CGC-YIN-DMRM-NEG.d,,Find by MRM,,
44,DGJZT_BS_17_2,,,331.1,,,,,100,,,,2.387,,,592,0.304,4553,,,,,Acq,,,,,,,,,,,,,,,30,,0225-DGJZT-CGC-YIN-DMRM-NEG.d,,Find by MRM,,
45,DGJZT_BS_17_3,,,331.1,,,,,100,,,,2.388,,,147,0.252,1260,,,,,Acq,,,,,,,,,,,,,,,30,,0225-DGJZT-CGC-YIN-DMRM-NEG.d,,Find by MRM,,
46,DGJZT_BS_18_1,,,526.2,,,,,100,,,,2.624,,,324,0.316,2275,,,,,Acq,,,,,,,,,,,,,,,30,,0225-DGJZT-CGC-YIN-DMRM-NEG.d,,Find by MRM,,
47,DGJZT_DG_33_3,,,423.1,,,,,100,,,,2.677,,,238,0.408,2085,,,,,Acq,,,,,,,,,,,,,,,30,,0225-DGJZT-CGC-YIN-DMRM-NEG.d,,Find by MRM,,
48,DGJZT_DG_33_2,,,423.1,,,,,100,,,,2.686,,,235,0.49,2180,,,,,Acq,,,,,,,,,,,,,,,30,,0225-DGJZT-CGC-YIN-DMRM-NEG.d,,Find by MRM,,
49,DGJZT_DG_33_1,,,423.1,,,,,100,,,,2.679,,,153,0.451,1542,,,,,Acq,,,,,,,,,,,,,,,30,,0225-DGJZT-CGC-YIN-DMRM-NEG.d,,Find by MRM,,
50,DGJZT_BS_20_1,,,403.1,,,,,100,,,,2.82,,,94,0.166,489,,,,,Acq,,,,,,,,,,,,,,,30,,0225-DGJZT-CGC-YIN-DMRM-NEG.d,,Find by MRM,,
51,DGJZT_BS_20_2,,,403.1,,,,,100,,,,2.795,,,139,0.347,1203,,,,,Acq,,,,,,,,,,,,,,,30,,0225-DGJZT-CGC-YIN-DMRM-NEG.d,,Find by MRM,,
52,DGJZT_BS_22_1,,,527.1,,,,,100,,,,2.875,,,328,0.399,2772,,,,,Acq,,,,,,,,,,,,,,,30,,0225-DGJZT-CGC-YIN-DMRM-NEG.d,,Find by MRM,,
53,DGJZT_DZ_18_2,,,240.1,,,,,100,,,,2.974,,,210,0.39,1819,,,,,Acq,,,,,,,,,,,,,,,30,,0225-DGJZT-CGC-YIN-DMRM-NEG.d,,Find by MRM,,
54,DGJZT_BS_23_2,,,315.1,,,,,100,,,,2.996,,,473,0.401,3975,,,,,Acq,,,,,,,,,,,,,,,30,,0225-DGJZT-CGC-YIN-DMRM-NEG.d,,Find by MRM,,
55,DGJZT_BS_23_1,,,315.1,,,,,100,,,,3.013,,,431,0.278,3166,,,,,Acq,,,,,,,,,,,,,,,30,,0225-DGJZT-CGC-YIN-DMRM-NEG.d,,Find by MRM,,
56,DGJZT_DZ_19_2,,,297.1,,,,,100,,,,3.031,,,233,0.203,1253,,,,,Acq,,,,,,,,,,,,,,,30,,0225-DGJZT-CGC-YIN-DMRM-NEG.d,,Find by MRM,,
57,DGJZT_DZ_19_1,,,297.1,,,,,100,,,,3.048,,,155,0.232,1054,,,,,Acq,,,,,,,,,,,,,,,30,,0225-DGJZT-CGC-YIN-DMRM-NEG.d,,Find by MRM,,
58,DGJZT_DZ_21_1,,,221.1,,,,,100,,,,3.201,,,49,0.285,394,,,,,Acq,,,,,,,,,,,,,,,30,,0225-DGJZT-CGC-YIN-DMRM-NEG.d,,Find by MRM,,
59,DGJZT_BS_26_3,,,389.1,,,,,100,,,,3.237,,,121,0.222,780,,,,,Acq,,,,,,,,,,,,,,,30,,0225-DGJZT-CGC-YIN-DMRM-NEG.d,,Find by MRM,,
60,DGJZT_BS_25_2,,,527.1,,,,,100,,,,3.219,,,552,0.267,3659,,,,,Acq,,,,,,,,,,,,,,,30,,0225-DGJZT-CGC-YIN-DMRM-NEG.d,,Find by MRM,,
61,DGJZT_BS_25_1,,,527.1,,,,,100,,,,3.228,,,108,0.235,738,,,,,Acq,,,,,,,,,,,,,,,30,,0225-DGJZT-CGC-YIN-DMRM-NEG.d,,Find by MRM,,
62,DGJZT_BS_26_2,,,389.1,,,,,100,,,,3.237,,,347,0.276,2268,,,,,Acq,,,,,,,,,,,,,,,30,,0225-DGJZT-CGC-YIN-DMRM-NEG.d,,Find by MRM,,
63,DGJZT_BS_27_1,,,633.1,,,,,100,,,,3.353,,,677,0.397,6061,,,,,Acq,,,,,,,,,,,,,,,30,,0225-DGJZT-CGC-YIN-DMRM-NEG.d,,Find by MRM,,
64,DGJZT_BS_26_1,,,389.1,,,,,100,,,,3.246,,,364,0.333,2698,,,,,Acq,,,,,,,,,,,,,,,30,,0225-DGJZT-CGC-YIN-DMRM-NEG.d,,Find by MRM,,
65,DGJZT_DG_36_2,,,353.1,,,,,100,,,,3.315,,,579,0.366,4645,,,,,Acq,,,,,,,,,,,,,,,30,,0225-DGJZT-CGC-YIN-DMRM-NEG.d,,Find by MRM,,
66,DGJZT_DG_36_1,,,353.1,,,,,100,,,,3.316,,,488,0.386,3649,,,,,Acq,,,,,,,,,,,,,,,30,,0225-DGJZT-CGC-YIN-DMRM-NEG.d,,Find by MRM,,
67,DGJZT_DG_36_3,,,353.1,,,,,100,,,,3.307,,,250,0.403,2003,,,,,Acq,,,,,,,,,,,,,,,30,,0225-DGJZT-CGC-YIN-DMRM-NEG.d,,Find by MRM,,
68,DGJZT_BS_28_3,,,287.1,,,,,100,,,,3.408,,,850,0.385,6983,,,,,Acq,,,,,,,,,,,,,,,30,,0225-DGJZT-CGC-YIN-DMRM-NEG.d,,Find by MRM,,
69,DGJZT_BS_28_1,,,287.1,,,,,100,,,,3.409,,,595,0.347,4688,,,,,Acq,,,,,,,,,,,,,,,30,,0225-DGJZT-CGC-YIN-DMRM-NEG.d,,Find by MRM,,
70,DGJZT_BS_28_2,,,287.1,,,,,100,,,,3.409,,,212,0.36,1581,,,,,Acq,,,,,,,,,,,,,,,30,,0225-DGJZT-CGC-YIN-DMRM-NEG.d,,Find by MRM,,
71,DGJZT_DG_39_2,,,658.2,,,,,100,,,,3.452,,,266,0.364,1949,,,,,Acq,,,,,,,,,,,,,,,30,,0225-DGJZT-CGC-YIN-DMRM-NEG.d,,Find by MRM,,
72,DGJZT_DG_39_1,,,658.2,,,,,100,,,,3.444,,,322,0.339,2339,,,,,Acq,,,,,,,,,,,,,,,30,,0225-DGJZT-CGC-YIN-DMRM-NEG.d,,Find by MRM,,
73,DGJZT_BS_29_1,,,451.1,,,,,100,,,,3.489,,,467,0.433,4298,,,,,Acq,,,,,,,,,,,,,,,30,,0225-DGJZT-CGC-YIN-DMRM-NEG.d,,Find by MRM,,
74,DGJZT_BS_37_1,,,483.1,,,,,100,,,,3.665,,,255,0.285,2630,,,,,Acq,,,,,,,,,,,,,,,30,,0225-DGJZT-CGC-YIN-DMRM-NEG.d,,Find by MRM,,
75,DGJZT_BS_37_3,,,483.1,,,,,100,,,,3.69,,,210,0.429,1871,,,,,Acq,,,,,,,,,,,,,,,30,,0225-DGJZT-CGC-YIN-DMRM-NEG.d,,Find by MRM,,
76,DGJZT_DG_41_2,,,355.1,,,,,100,,,,3.684,,,372,0.36,2684,,,,,Acq,,,,,,,,,,,,,,,30,,0225-DGJZT-CGC-YIN-DMRM-NEG.d,,Find by MRM,,
77,DGJZT_DG_41_3,,,355.1,,,,,100,,,,3.692,,,296,0.365,2178,,,,,Acq,,,,,,,,,,,,,,,30,,0225-DGJZT-CGC-YIN-DMRM-NEG.d,,Find by MRM,,
78,DGJZT_DG_41_1,,,355.1,,,,,100,,,,3.702,,,1521,0.36,10954,,,,,Acq,,,,,,,,,,,,,,,30,,0225-DGJZT-CGC-YIN-DMRM-NEG.d,,Find by MRM,,
79,DGJZT_DG_42_3,,,491.1,,,,,100,,,,3.763,,,508,0.386,6852,,,,,Acq,,,,,,,,,,,,,,,30,,0225-DGJZT-CGC-YIN-DMRM-NEG.d,,Find by MRM,,
80,DGJZT_DG_42_1,,,491.1,,,,,100,,,,3.797,,,124,0.331,1396,,,,,Acq,,,,,,,,,,,,,,,30,,0225-DGJZT-CGC-YIN-DMRM-NEG.d,,Find by MRM,,
81,DGJZT_BS_40_2,,,391.2,,,,,100,,,,3.784,,,278,0.338,1780,,,,,Acq,,,,,,,,,,,,,,,30,,0225-DGJZT-CGC-YIN-DMRM-NEG.d,,Find by MRM,,
82,DGJZT_BS_40_3,,,391.2,,,,,100,,,,3.775,,,188,0.272,1392,,,,,Acq,,,,,,,,,,,,,,,30,,0225-DGJZT-CGC-YIN-DMRM-NEG.d,,Find by MRM,,
83,DGJZT_GZ_4_1,,,349.1,,,,,100,,,,3.828,,,274,0.352,2061,,,,,Acq,,,,,,,,,,,,,,,30,,0225-DGJZT-CGC-YIN-DMRM-NEG.d,,Find by MRM,,
84,DGJZT_DG_43_1,,,293.1,,,,,100,,,,3.837,,,153,0.201,1023,,,,,Acq,,,,,,,,,,,,,,,30,,0225-DGJZT-CGC-YIN-DMRM-NEG.d,,Find by MRM,,
85,DGJZT_CGC_7_1,,,631.1,,,,,100,,,,3.864,,,5,0.101,11,,,,,Acq,,,,,,,,,,,,,,,30,,0225-DGJZT-CGC-YIN-DMRM-NEG.d,,Find by MRM,,
86,DGJZT_DG_42_2,,,491.1,,,,,100,,,,3.788,,,587,0.366,7354,,,,,Acq,,,,,,,,,,,,,,,30,,0225-DGJZT-CGC-YIN-DMRM-NEG.d,,Find by MRM,,
87,DGJZT_BS_45_1,,,635.1,,,,,100,,,,3.965,,,701,0.461,6596,,,,,Acq,,,,,,,,,,,,,,,30,,0225-DGJZT-CGC-YIN-DMRM-NEG.d,,Find by MRM,,
88,DGJZT_DZ_23_1,,,477.2,,,,,100,,,,3.942,,,154,0.204,860,,,,,Acq,,,,,,,,,,,,,,,30,,0225-DGJZT-CGC-YIN-DMRM-NEG.d,,Find by MRM,,
89,DGJZT_DZ_24_2,,,431.2,,,,,100,,,,3.951,,,98,0.205,521,,,,,Acq,,,,,,,,,,,,,,,30,,0225-DGJZT-CGC-YIN-DMRM-NEG.d,,Find by MRM,,
90,DGJZT_DZ_24_1,,,431.2,,,,,100,,,,3.934,,,167,0.209,962,,,,,Acq,,,,,,,,,,,,,,,30,,0225-DGJZT-CGC-YIN-DMRM-NEG.d,,Find by MRM,,
91,DGJZT_DZ_25_2,,,639.2,,,,,100,,,,4.057,,,185,0.299,1331,,,,,Acq,,,,,,,,,,,,,,,30,,0225-DGJZT-CGC-YIN-DMRM-NEG.d,,Find by MRM,,
92,DGJZT_DG_46_2,,,353.1,,,,,100,,,,4.029,,,4377,0.393,38343,,,,,Acq,,,,,,,,,,,,,,,30,,0225-DGJZT-CGC-YIN-DMRM-NEG.d,,Find by MRM,,
93,DGJZT_DG_46_1,,,353.1,,,,,100,,,,4.029,,,3272,0.391,27768,,,,,Acq,,,,,,,,,,,,,,,30,,0225-DGJZT-CGC-YIN-DMRM-NEG.d,,Find by MRM,,
94,DGJZT_DZ_25_3,,,639.2,,,,,100,,,,4.04,,,634,0.375,4887,,,,,Acq,,,,,,,,,,,,,,,30,,0225-DGJZT-CGC-YIN-DMRM-NEG.d,,Find by MRM,,
95,DGJZT_DZ_25_1,,,639.2,,,,,100,,,,4.04,,,206,0.359,1636,,,,,Acq,,,,,,,,,,,,,,,30,,0225-DGJZT-CGC-YIN-DMRM-NEG.d,,Find by MRM,,
96,DGJZT_BS_44_1,,,511.1,,,,,100,,,,4.051,,,201,0.269,1641,,,,,Acq,,,,,,,,,,,,,,,30,,0225-DGJZT-CGC-YIN-DMRM-NEG.d,,Find by MRM,,
97,DGJZT_CGC_13_1,,,789.2,,,,,100,,,,3.972,,,1,0.1,1,,,,,Acq,,,,,,,,,,,,,,,30,,0225-DGJZT-CGC-YIN-DMRM-NEG.d,,Find by MRM,,
98,DGJZT_CGC_16_1,,,625.2,,,,,100,,,,4.235,,,4,0.109,8,,,,,Acq,,,,,,,,,,,,,,,30,,0225-DGJZT-CGC-YIN-DMRM-NEG.d,,Find by MRM,,
99,DGJZT_BS_46_3,,,525.2,,,,,100,,,,4.152,,,330,0.352,2523,,,,,Acq,,,,,,,,,,,,,,,30,,0225-DGJZT-CGC-YIN-DMRM-NEG.d,,Find by MRM,,
100,DGJZT_CGC_14_1,,,417.1,,,,,100,,,,4.362,,,4,0.069,9,,,,,Acq,,,,,,,,,,,,,,,30,,0225-DGJZT-CGC-YIN-DMRM-NEG.d,,Find by MRM,,
101,DGJZT_CGC_18_1,,,711.2,,,,,100,,,,4.081,,,4,0.101,8,,,,,Acq,,,,,,,,,,,,,,,30,,0225-DGJZT-CGC-YIN-DMRM-NEG.d,,Find by MRM,,
102,DGJZT_CGC_14_3,,,417.1,,,,,100,,,,4.027,,,8,0.08,25,,,,,Acq,,,,,,,,,,,,,,,30,,0225-DGJZT-CGC-YIN-DMRM-NEG.d,,Find by MRM,,
103,DGJZT_CGC_14_2,,,417.1,,,,,100,,,,4.163,,,3,0.117,12,,,,,Acq,,,,,,,,,,,,,,,30,,0225-DGJZT-CGC-YIN-DMRM-NEG.d,,Find by MRM,,
104,DGJZT_CGC_18_3,,,711.2,,,,,100,,,,4.408,,,7,0.094,23,,,,,Acq,,,,,,,,,,,,,,,30,,0225-DGJZT-CGC-YIN-DMRM-NEG.d,,Find by MRM,,
105,DGJZT_CGC_17_1,,,549.2,,,,,100,,,,4.185,,,3,0.092,5,,,,,Acq,,,,,,,,,,,,,,,30,,0225-DGJZT-CGC-YIN-DMRM-NEG.d,,Find by MRM,,
106,DGJZT_BS_53_1,,,635.1,,,,,100,,,,4.334,,,377,0.367,3747,,,,,Acq,,,,,,,,,,,,,,,30,,0225-DGJZT-CGC-YIN-DMRM-NEG.d,,Find by MRM,,
107,DGJZT_BS_51_2,,,183,,,,,100,,,,4.314,,,1104,0.457,9965,,,,,Acq,,,,,,,,,,,,,,,30,,0225-DGJZT-CGC-YIN-DMRM-NEG.d,,Find by MRM,,
108,DGJZT_BS_51_1,,,183,,,,,100,,,,4.306,,,1150,0.415,9751,,,,,Acq,,,,,,,,,,,,,,,30,,0225-DGJZT-CGC-YIN-DMRM-NEG.d,,Find by MRM,,
109,DGJZT_DZ_26_2,,,755.3,,,,,100,,,,4.341,,,205,0.337,1413,,,,,Acq,,,,,,,,,,,,,,,30,,0225-DGJZT-CGC-YIN-DMRM-NEG.d,,Find by MRM,,
110,DGJZT_BS_56_1,,,687.2,,,,,100,,,,4.392,,,1053,0.391,9290,,,,,Acq,,,,,,,,,,,,,,,30,,0225-DGJZT-CGC-YIN-DMRM-NEG.d,,Find by MRM,,
111,DGJZT_BS_54_1,,,327.1,,,,,100,,,,4.413,,,445,0.332,3596,,,,,Acq,,,,,,,,,,,,,,,30,,0225-DGJZT-CGC-YIN-DMRM-NEG.d,,Find by MRM,,
112,DGJZT_DG_49_1,,,215.1,,,,,100,,,,4.43,,,80,0.301,652,,,,,Acq,,,,,,,,,,,,,,,30,,0225-DGJZT-CGC-YIN-DMRM-NEG.d,,Find by MRM,,
113,DGJZT_DG_49_2,,,215.1,,,,,100,,,,4.431,,,172,0.39,1373,,,,,Acq,,,,,,,,,,,,,,,30,,0225-DGJZT-CGC-YIN-DMRM-NEG.d,,Find by MRM,,
114,DGJZT_CGC_19_1,,,593.2,,,,,100,,,,4.645,,,17,0.184,76,,,,,Acq,,,,,,,,,,,,,,,30,,0225-DGJZT-CGC-YIN-DMRM-NEG.d,,Find by MRM,,
115,DGJZT_BS_60_1,,,631.2,,,,,100,,,,4.702,,,137,0.389,1162,,,,,Acq,,,,,,,,,,,,,,,30,,0225-DGJZT-CGC-YIN-DMRM-NEG.d,,Find by MRM,,
116,DGJZT_BS_60_3,,,631.2,,,,,100,,,,4.71,,,1014,0.426,8047,,,,,Acq,,,,,,,,,,,,,,,30,,0225-DGJZT-CGC-YIN-DMRM-NEG.d,,Find by MRM,,
117,DGJZT_BS_61_1,,,491.1,,,,,100,,,,4.737,,,837,0.398,6931,,,,,Acq,,,,,,,,,,,,,,,30,,0225-DGJZT-CGC-YIN-DMRM-NEG.d,,Find by MRM,,
118,DGJZT_GZ_6_2,,,415.1,,,,,100,,,,4.755,,,171,0.287,1262,,,,,Acq,,,,,,,,,,,,,,,30,,0225-DGJZT-CGC-YIN-DMRM-NEG.d,,Find by MRM,,
119,DGJZT_GZ_6_1,,,415.1,,,,,100,,,,4.755,,,214,0.361,1678,,,,,Acq,,,,,,,,,,,,,,,30,,0225-DGJZT-CGC-YIN-DMRM-NEG.d,,Find by MRM,,
120,DGJZT_BS_62_2,,,519.2,,,,,100,,,,4.803,,,159,0.271,1018,,,,,Acq,,,,,,,,,,,,,,,30,,0225-DGJZT-CGC-YIN-DMRM-NEG.d,,Find by MRM,,
121,DGJZT_BS_62_1,,,519.2,,,,,100,,,,4.804,,,142,0.338,1002,,,,,Acq,,,,,,,,,,,,,,,30,,0225-DGJZT-CGC-YIN-DMRM-NEG.d,,Find by MRM,,
122,DGJZT_BS_66_3,,,687.2,,,,,100,,,,4.851,,,2080,0.384,19060,,,,,Acq,,,,,,,,,,,,,,,30,,0225-DGJZT-CGC-YIN-DMRM-NEG.d,,Find by MRM,,
123,DGJZT_BS_66_1,,,687.2,,,,,100,,,,4.843,,,10832,0.424,100557,,,,,Acq,,,,,,,,,,,,,,,30,,0225-DGJZT-CGC-YIN-DMRM-NEG.d,,Find by MRM,,
124,DGJZT_BS_66_2,,,687.2,,,,,100,,,,4.835,,,296,0.398,2941,,,,,Acq,,,,,,,,,,,,,,,30,,0225-DGJZT-CGC-YIN-DMRM-NEG.d,,Find by MRM,,
125,DGJZT_GZ_8_2,,,327.1,,,,,100,,,,4.95,,,226,0.417,1766,,,,,Acq,,,,,,,,,,,,,,,30,,0225-DGJZT-CGC-YIN-DMRM-NEG.d,,Find by MRM,,
126,DGJZT_GZ_8_1,,,327.1,,,,,100,,,,4.95,,,651,0.449,4802,,,,,Acq,,,,,,,,,,,,,,,30,,0225-DGJZT-CGC-YIN-DMRM-NEG.d,,Find by MRM,,
127,DGJZT_GZ_8_3,,,327.1,,,,,100,,,,4.943,,,51,0.299,382,,,,,Acq,,,,,,,,,,,,,,,30,,0225-DGJZT-CGC-YIN-DMRM-NEG.d,,Find by MRM,,
128,DGJZT_GZ_9_3,,,363.1,,,,,100,,,,5.039,,,52,0.31,426,,,,,Acq,,,,,,,,,,,,,,,30,,0225-DGJZT-CGC-YIN-DMRM-NEG.d,,Find by MRM,,
129,DGJZT_DZ_28_3,,,340.2,,,,,100,,,,5.066,,,677,0.352,5777,,,,,Acq,,,,,,,,,,,,,,,30,,0225-DGJZT-CGC-YIN-DMRM-NEG.d,,Find by MRM,,
130,DGJZT_DZ_28_2,,,340.2,,,,,100,,,,5.065,,,2869,0.436,26316,,,,,Acq,,,,,,,,,,,,,,,30,,0225-DGJZT-CGC-YIN-DMRM-NEG.d,,Find by MRM,,
131,DGJZT_DZ_28_1,,,340.2,,,,,100,,,,5.066,,,677,0.398,5791,,,,,Acq,,,,,,,,,,,,,,,30,,0225-DGJZT-CGC-YIN-DMRM-NEG.d,,Find by MRM,,
132,DGJZT_BS_75_1,,,525.2,,,,,100,,,,5.098,,,69184,0.387,688688,,,,,Acq,,,,,,,,,,,,,,,30,,0225-DGJZT-CGC-YIN-DMRM-NEG.d,,Find by MRM,,
133,DGJZT_DZ_30_1,,,579.3,,,,,100,,,,5.163,,,151,0.414,1120,,,,,Acq,,,,,,,,,,,,,,,30,,0225-DGJZT-CGC-YIN-DMRM-NEG.d,,Find by MRM,,
134,DGJZT_BS_79_1,,,787.1,,,,,100,,,,5.22,,,262,0.375,2741,,,,,Acq,,,,,,,,,,,,,,,30,,0225-DGJZT-CGC-YIN-DMRM-NEG.d,,Find by MRM,,
135,DGJZT_SJ_4_1,,,519.2,,,,,100,,,,5.232,,,252,0.345,2509,,,,,Acq,,,,,,,,,,,,,,,30,,0225-DGJZT-CGC-YIN-DMRM-NEG.d,,Find by MRM,,
136,DGJZT_BS_80_2,,,631.2,,,,,100,,,,5.271,,,4909,0.408,41190,,,,,Acq,,,,,,,,,,,,,,,30,,0225-DGJZT-CGC-YIN-DMRM-NEG.d,,Find by MRM,,
137,DGJZT_BS_80_1,,,631.2,,,,,100,,,,5.263,,,900,0.36,7108,,,,,Acq,,,,,,,,,,,,,,,30,,0225-DGJZT-CGC-YIN-DMRM-NEG.d,,Find by MRM,,
138,DGJZT_DZ_31_1,,,741.2,,,,,100,,,,5.321,,,401,0.302,2997,,,,,Acq,,,,,,,,,,,,,,,30,,0225-DGJZT-CGC-YIN-DMRM-NEG.d,,Find by MRM,,
139,DGJZT_BS_81_2,,,541.2,,,,,100,,,,5.306,,,460,0.287,3117,,,,,Acq,,,,,,,,,,,,,,,30,,0225-DGJZT-CGC-YIN-DMRM-NEG.d,,Find by MRM,,
140,DGJZT_BS_81_1,,,541.2,,,,,100,,,,5.306,,,1815,0.384,13952,,,,,Acq,,,,,,,,,,,,,,,30,,0225-DGJZT-CGC-YIN-DMRM-NEG.d,,Find by MRM,,
141,DGJZT_DG_58_2,,,367.1,,,,,100,,,,5.378,,,163,0.363,1236,,,,,Acq,,,,,,,,,,,,,,,30,,0225-DGJZT-CGC-YIN-DMRM-NEG.d,,Find by MRM,,
142,DGJZT_DG_58_1,,,367.1,,,,,100,,,,5.369,,,385,0.312,2845,,,,,Acq,,,,,,,,,,,,,,,30,,0225-DGJZT-CGC-YIN-DMRM-NEG.d,,Find by MRM,,
143,DGJZT_DG_58_3,,,367.1,,,,,100,,,,5.361,,,289,0.428,2192,,,,,Acq,,,,,,,,,,,,,,,30,,0225-DGJZT-CGC-YIN-DMRM-NEG.d,,Find by MRM,,
144,DGJZT_BS_86_3,,,525.2,,,,,100,,,,5.508,,,22068,0.36,276975,,,,,Acq,,,,,,,,,,,,,,,30,,0225-DGJZT-CGC-YIN-DMRM-NEG.d,,Find by MRM,,
145,DGJZT_BS_86_2,,,525.2,,,,,100,,,,5.45,,,339,0.383,4249,,,,,Acq,,,,,,,,,,,,,,,30,,0225-DGJZT-CGC-YIN-DMRM-NEG.d,,Find by MRM,,
146,DGJZT_BS_86_1,,,525.2,,,,,100,,,,5.501,,,133830,0.378,1827428,,,,,Acq,,,,,,,,,,,,,,,30,,0225-DGJZT-CGC-YIN-DMRM-NEG.d,,Find by MRM,,
147,DGJZT_BS_85_3,,,449.1,,,,,100,,,,5.46,,,204,0.468,2769,,,,,Acq,,,,,,,,,,,,,,,30,,0225-DGJZT-CGC-YIN-DMRM-NEG.d,,Find by MRM,,
148,DGJZT_BS_85_2,,,449.1,,,,,100,,,,5.436,,,64,0.185,358,,,,,Acq,,,,,,,,,,,,,,,30,,0225-DGJZT-CGC-YIN-DMRM-NEG.d,,Find by MRM,,
149,DGJZT_BS_85_1,,,449.1,,,,,100,,,,5.486,,,6133,0.514,83750,,,,,Acq,,,,,,,,,,,,,,,30,,0225-DGJZT-CGC-YIN-DMRM-NEG.d,,Find by MRM,,
150,DGJZT_BS_82_3,,,327.1,,,,,100,,,,5.421,,,49,0.293,454,,,,,Acq,,,,,,,,,,,,,,,30,,0225-DGJZT-CGC-YIN-DMRM-NEG.d,,Find by MRM,,
151,DGJZT_BS_96_3,,,497.2,,,,,100,,,,5.626,,,227,0.354,1817,,,,,Acq,,,,,,,,,,,,,,,30,,0225-DGJZT-CGC-YIN-DMRM-NEG.d,,Find by MRM,,
152,DGJZT_CGC_24_2,,,579.2,,,,,100,,,,5.742,,,4,0.15,15,,,,,Acq,,,,,,,,,,,,,,,30,,0225-DGJZT-CGC-YIN-DMRM-NEG.d,,Find by MRM,,
153,DGJZT_BS_96_2,,,497.2,,,,,100,,,,5.601,,,173,0.445,1700,,,,,Acq,,,,,,,,,,,,,,,30,,0225-DGJZT-CGC-YIN-DMRM-NEG.d,,Find by MRM,,
154,DGJZT_GZ_11_3,,,581.2,,,,,100,,,,5.674,,,138,0.413,1218,,,,,Acq,,,,,,,,,,,,,,,30,,0225-DGJZT-CGC-YIN-DMRM-NEG.d,,Find by MRM,,
155,DGJZT_CGC_24_1,,,579.2,,,,,100,,,,5.784,,,4,0.126,8,,,,,Acq,,,,,,,,,,,,,,,30,,0225-DGJZT-CGC-YIN-DMRM-NEG.d,,Find by MRM,,
156,DGJZT_CGC_27_1,,,737.2,,,,,100,,,,6.084,,,3,0.098,8,,,,,Acq,,,,,,,,,,,,,,,30,,0225-DGJZT-CGC-YIN-DMRM-NEG.d,,Find by MRM,,
157,DGJZT_BS_97_1,,,495.2,,,,,100,,,,5.846,,,7433,0.364,60715,,,,,Acq,,,,,,,,,,,,,,,30,,0225-DGJZT-CGC-YIN-DMRM-NEG.d,,Find by MRM,,
158,DGJZT_CGC_26_1,,,737.2,,,,,100,,,,5.774,,,2,0.084,6,,,,,Acq,,,,,,,,,,,,,,,30,,0225-DGJZT-CGC-YIN-DMRM-NEG.d,,Find by MRM,,
159,DGJZT_CGC_28_1,,,625.2,,,,,100,,,,5.875,,,3,0.11,7,,,,,Acq,,,,,,,,,,,,,,,30,,0225-DGJZT-CGC-YIN-DMRM-NEG.d,,Find by MRM,,
160,DGJZT_BS_101_1,,,787.1,,,,,100,,,,5.924,,,604,0.224,4599,,,,,Acq,,,,,,,,,,,,,,,30,,0225-DGJZT-CGC-YIN-DMRM-NEG.d,,Find by MRM,,
161,DGJZT_BS_102_2,,,519.2,,,,,100,,,,5.862,,,252,0.453,2193,,,,,Acq,,,,,,,,,,,,,,,30,,0225-DGJZT-CGC-YIN-DMRM-NEG.d,,Find by MRM,,
162,DGJZT_BS_102_1,,,519.2,,,,,100,,,,5.871,,,171,0.396,1523,,,,,Acq,,,,,,,,,,,,,,,30,,0225-DGJZT-CGC-YIN-DMRM-NEG.d,,Find by MRM,,
163,DGJZT_CGC_29_1,,,415.1,,,,,100,,,,5.906,,,4,0.134,14,,,,,Acq,,,,,,,,,,,,,,,30,,0225-DGJZT-CGC-YIN-DMRM-NEG.d,,Find by MRM,,
164,DGJZT_DZ_32_2,,,623.3,,,,,100,,,,6.068,,,645,0.269,5461,,,,,Acq,,,,,,,,,,,,,,,30,,0225-DGJZT-CGC-YIN-DMRM-NEG.d,,Find by MRM,,
165,DGJZT_DZ_32_1,,,623.3,,,,,100,,,,6.06,,,107,0.331,819,,,,,Acq,,,,,,,,,,,,,,,30,,0225-DGJZT-CGC-YIN-DMRM-NEG.d,,Find by MRM,,
166,DGJZT_BS_103_2,,,787.1,,,,,100,,,,6.183,,,490,0.269,3191,,,,,Acq,,,,,,,,,,,,,,,30,,0225-DGJZT-CGC-YIN-DMRM-NEG.d,,Find by MRM,,
167,DGJZT_BS_103_1,,,787.1,,,,,100,,,,6.142,,,185,0.221,1121,,,,,Acq,,,,,,,,,,,,,,,30,,0225-DGJZT-CGC-YIN-DMRM-NEG.d,,Find by MRM,,
168,DGJZT_DG_61_2,,,527.2,,,,,100,,,,6.173,,,186,0.426,1635,,,,,Acq,,,,,,,,,,,,,,,30,,0225-DGJZT-CGC-YIN-DMRM-NEG.d,,Find by MRM,,
169,DGJZT_BS_104_2,,,477.1,,,,,100,,,,6.216,,,259,0.276,2181,,,,,Acq,,,,,,,,,,,,,,,30,,0225-DGJZT-CGC-YIN-DMRM-NEG.d,,Find by MRM,,
170,DGJZT_DZ_33_3,,,609.1,,,,,100,,,,6.311,,,4594,0.437,45154,,,,,Acq,,,,,,,,,,,,,,,30,,0225-DGJZT-CGC-YIN-DMRM-NEG.d,,Find by MRM,,
171,DGJZT_DZ_33_1,,,609.1,,,,,100,,,,6.312,,,7541,0.386,71503,,,,,Acq,,,,,,,,,,,,,,,30,,0225-DGJZT-CGC-YIN-DMRM-NEG.d,,Find by MRM,,
172,DGJZT_CGC_33_1,,,579.2,,,,,100,,,,6.395,,,6,0.099,14,,,,,Acq,,,,,,,,,,,,,,,30,,0225-DGJZT-CGC-YIN-DMRM-NEG.d,,Find by MRM,,
173,DGJZT_CGC_33_2,,,579.2,,,,,100,,,,6.304,,,3,0.142,11,,,,,Acq,,,,,,,,,,,,,,,30,,0225-DGJZT-CGC-YIN-DMRM-NEG.d,,Find by MRM,,
174,DGJZT_GZ_15_1,,,559.2,,,,,100,,,,6.313,,,2031,0.434,17348,,,,,Acq,,,,,,,,,,,,,,,30,,0225-DGJZT-CGC-YIN-DMRM-NEG.d,,Find by MRM,,
175,DGJZT_DZ_33_2,,,609.1,,,,,100,,,,6.32,,,155,0.443,1761,,,,,Acq,,,,,,,,,,,,,,,30,,0225-DGJZT-CGC-YIN-DMRM-NEG.d,,Find by MRM,,
176,DGJZT_CGC_31_1,,,549.2,,,,,100,,,,6.422,,,241,0.255,1750,,,,,Acq,,,,,,,,,,,,,,,30,,0225-DGJZT-CGC-YIN-DMRM-NEG.d,,Find by MRM,,
177,DGJZT_CGC_31_2,,,549.2,,,,,100,,,,6.456,,,35,0.2,203,,,,,Acq,,,,,,,,,,,,,,,30,,0225-DGJZT-CGC-YIN-DMRM-NEG.d,,Find by MRM,,
178,DGJZT_CGC_31_3,,,549.2,,,,,100,,,,6.448,,,14,0.059,32,,,,,Acq,,,,,,,,,,,,,,,30,,0225-DGJZT-CGC-YIN-DMRM-NEG.d,,Find by MRM,,
179,DGJZT_CGC_40_2,,,1099.3,,,,,100,,,,6.334,,,0,0.319,2,,,,,Acq,,,,,,,,,,,,,,,30,,0225-DGJZT-CGC-YIN-DMRM-NEG.d,,Find by MRM,,
180,DGJZT_CGC_36_1,,,549.2,,,,,100,,,,6.421,,,304,0.366,2549,,,,,Acq,,,,,,,,,,,,,,,30,,0225-DGJZT-CGC-YIN-DMRM-NEG.d,,Find by MRM,,
181,DGJZT_CGC_36_2,,,549.2,,,,,100,,,,6.421,,,17,0.099,43,,,,,Acq,,,,,,,,,,,,,,,30,,0225-DGJZT-CGC-YIN-DMRM-NEG.d,,Find by MRM,,
182,DGJZT_CGC_36_3,,,549.2,,,,,100,,,,6.548,,,11,0.191,41,,,,,Acq,,,,,,,,,,,,,,,30,,0225-DGJZT-CGC-YIN-DMRM-NEG.d,,Find by MRM,,
183,DGJZT_CGC_43_3,,,707.2,,,,,100,,,,6.552,,,6,0.189,20,,,,,Acq,,,,,,,,,,,,,,,30,,0225-DGJZT-CGC-YIN-DMRM-NEG.d,,Find by MRM,,
184,DGJZT_CGC_43_1,,,707.2,,,,,100,,,,6.486,,,9,0.178,28,,,,,Acq,,,,,,,,,,,,,,,30,,0225-DGJZT-CGC-YIN-DMRM-NEG.d,,Find by MRM,,
185,DGJZT_BS_105_1,,,441.1,,,,,100,,,,6.49,,,166,0.329,1335,,,,,Acq,,,,,,,,,,,,,,,30,,0225-DGJZT-CGC-YIN-DMRM-NEG.d,,Find by MRM,,
186,DGJZT_CGC_43_2,,,707.2,,,,,100,,,,6.377,,,6,0.142,15,,,,,Acq,,,,,,,,,,,,,,,30,,0225-DGJZT-CGC-YIN-DMRM-NEG.d,,Find by MRM,,
187,DGJZT_CGC_47_2,,,417.1,,,,,100,,,,6.641,,,30,0.313,267,,,,,Acq,,,,,,,,,,,,,,,30,,0225-DGJZT-CGC-YIN-DMRM-NEG.d,,Find by MRM,,
188,DGJZT_CGC_47_3,,,417.1,,,,,100,,,,6.566,,,111,0.391,943,,,,,Acq,,,,,,,,,,,,,,,30,,0225-DGJZT-CGC-YIN-DMRM-NEG.d,,Find by MRM,,
189,DGJZT_CGC_47_1,,,417.1,,,,,100,,,,6.583,,,105,0.307,667,,,,,Acq,,,,,,,,,,,,,,,30,,0225-DGJZT-CGC-YIN-DMRM-NEG.d,,Find by MRM,,
190,DGJZT_BS_106_2,,,301,,,,,100,,,,6.65,,,165,0.374,1579,,,,,Acq,,,,,,,,,,,,,,,30,,0225-DGJZT-CGC-YIN-DMRM-NEG.d,,Find by MRM,,
191,DGJZT_CGC_54_1,,,565.2,,,,,100,,,,6.848,,,6,0.078,11,,,,,Acq,,,,,,,,,,,,,,,30,,0225-DGJZT-CGC-YIN-DMRM-NEG.d,,Find by MRM,,
192,DGJZT_GZ_16_1,,,475.2,,,,,100,,,,6.748,,,127,0.334,1209,,,,,Acq,,,,,,,,,,,,,,,30,,0225-DGJZT-CGC-YIN-DMRM-NEG.d,,Find by MRM,,
193,DGJZT_BS_107_2,,,309.1,,,,,100,,,,6.675,,,294,0.413,2677,,,,,Acq,,,,,,,,,,,,,,,30,,0225-DGJZT-CGC-YIN-DMRM-NEG.d,,Find by MRM,,
194,DGJZT_BS_107_1,,,309.1,,,,,100,,,,6.683,,,192,0.34,1733,,,,,Acq,,,,,,,,,,,,,,,30,,0225-DGJZT-CGC-YIN-DMRM-NEG.d,,Find by MRM,,
195,DGJZT_BS_106_3,,,301,,,,,100,,,,6.659,,,147,0.249,1100,,,,,Acq,,,,,,,,,,,,,,,30,,0225-DGJZT-CGC-YIN-DMRM-NEG.d,,Find by MRM,,
196,DGJZT_BS_106_1,,,301,,,,,100,,,,6.684,,,143,0.366,1460,,,,,Acq,,,,,,,,,,,,,,,30,,0225-DGJZT-CGC-YIN-DMRM-NEG.d,,Find by MRM,,
197,DGJZT_BS_108_2,,,631.2,,,,,100,,,,6.831,,,343,0.419,3215,,,,,Acq,,,,,,,,,,,,,,,30,,0225-DGJZT-CGC-YIN-DMRM-NEG.d,,Find by MRM,,
198,DGJZT_SJ_5_3,,,475.2,,,,,100,,,,6.723,,,85,0.199,556,,,,,Acq,,,,,,,,,,,,,,,30,,0225-DGJZT-CGC-YIN-DMRM-NEG.d,,Find by MRM,,
199,DGJZT_BS_108_3,,,631.2,,,,,100,,,,6.822,,,14010,0.437,129106,,,,,Acq,,,,,,,,,,,,,,,30,,0225-DGJZT-CGC-YIN-DMRM-NEG.d,,Find by MRM,,
200,DGJZT_BS_108_1,,,631.2,,,,,100,,,,6.814,,,5288,0.463,51151,,,,,Acq,,,,,,,,,,,,,,,30,,0225-DGJZT-CGC-YIN-DMRM-NEG.d,,Find by MRM,,
201,DGJZT_DG_65_1,,,193,,,,,100,,,,6.844,,,1114,0.478,11401,,,,,Acq,,,,,,,,,,,,,,,30,,0225-DGJZT-CGC-YIN-DMRM-NEG.d,,Find by MRM,,
202,DGJZT_DG_64_1,,,178,,,,,100,,,,6.828,,,1247,0.468,12269,,,,,Acq,,,,,,,,,,,,,,,30,,0225-DGJZT-CGC-YIN-DMRM-NEG.d,,Find by MRM,,
203,DGJZT_DG_64_2,,,178,,,,,100,,,,6.82,,,1210,0.36,10975,,,,,Acq,,,,,,,,,,,,,,,30,,0225-DGJZT-CGC-YIN-DMRM-NEG.d,,Find by MRM,,
204,DGJZT_DG_65_3,,,193,,,,,100,,,,6.819,,,873,0.43,8142,,,,,Acq,,,,,,,,,,,,,,,30,,0225-DGJZT-CGC-YIN-DMRM-NEG.d,,Find by MRM,,
205,DGJZT_BS_118_1,,,939.1,,,,,100,,,,6.938,,,938,0.408,8461,,,,,Acq,,,,,,,,,,,,,,,30,,0225-DGJZT-CGC-YIN-DMRM-NEG.d,,Find by MRM,,
206,DGJZT_BS_118_2,,,939.1,,,,,100,,,,6.939,,,116,0.369,799,,,,,Acq,,,,,,,,,,,,,,,30,,0225-DGJZT-CGC-YIN-DMRM-NEG.d,,Find by MRM,,
207,DGJZT_BS_115_1,,,769.1,,,,,100,,,,6.989,,,106,0.142,586,,,,,Acq,,,,,,,,,,,,,,,30,,0225-DGJZT-CGC-YIN-DMRM-NEG.d,,Find by MRM,,
208,DGJZT_BS_118_3,,,939.1,,,,,100,,,,6.938,,,425,0.394,3500,,,,,Acq,,,,,,,,,,,,,,,30,,0225-DGJZT-CGC-YIN-DMRM-NEG.d,,Find by MRM,,
209,DGJZT_BS_120_2,,,509.2,,,,,100,,,,7.042,,,98,0.356,793,,,,,Acq,,,,,,,,,,,,,,,30,,0225-DGJZT-CGC-YIN-DMRM-NEG.d,,Find by MRM,,
210,DGJZT_DZ_34_2,,,204.1,,,,,100,,,,7.13,,,204,0.412,1793,,,,,Acq,,,,,,,,,,,,,,,30,,0225-DGJZT-CGC-YIN-DMRM-NEG.d,,Find by MRM,,
211,DGJZT_DZ_36_2,,,637.3,,,,,100,,,,7.174,,,643,0.386,6877,,,,,Acq,,,,,,,,,,,,,,,30,,0225-DGJZT-CGC-YIN-DMRM-NEG.d,,Find by MRM,,
212,DGJZT_DZ_36_1,,,637.3,,,,,100,,,,7.216,,,91,0.203,729,,,,,Acq,,,,,,,,,,,,,,,30,,0225-DGJZT-CGC-YIN-DMRM-NEG.d,,Find by MRM,,
213,DGJZT_DZ_34_1,,,204.1,,,,,100,,,,7.138,,,259,0.435,2248,,,,,Acq,,,,,,,,,,,,,,,30,,0225-DGJZT-CGC-YIN-DMRM-NEG.d,,Find by MRM,,
214,DGJZT_DZ_34_3,,,204.1,,,,,100,,,,7.12,,,189,0.454,1793,,,,,Acq,,,,,,,,,,,,,,,30,,0225-DGJZT-CGC-YIN-DMRM-NEG.d,,Find by MRM,,
215,DGJZT_DZ_36_3,,,637.3,,,,,100,,,,7.165,,,1146,0.492,12883,,,,,Acq,,,,,,,,,,,,,,,30,,0225-DGJZT-CGC-YIN-DMRM-NEG.d,,Find by MRM,,
216,DGJZT_SJ_6_2,,,375.1,,,,,100,,,,7.211,,,1287,0.43,11693,,,,,Acq,,,,,,,,,,,,,,,30,,0225-DGJZT-CGC-YIN-DMRM-NEG.d,,Find by MRM,,
217,DGJZT_SJ_6_1,,,375.1,,,,,100,,,,7.228,,,1621,0.404,15021,,,,,Acq,,,,,,,,,,,,,,,30,,0225-DGJZT-CGC-YIN-DMRM-NEG.d,,Find by MRM,,
218,DGJZT_DG_66_1,,,209.1,,,,,100,,,,7.271,,,137,0.388,1351,,,,,Acq,,,,,,,,,,,,,,,30,,0225-DGJZT-CGC-YIN-DMRM-NEG.d,,Find by MRM,,
219,DGJZT_DG_66_3,,,209.1,,,,,100,,,,7.254,,,94,0.276,701,,,,,Acq,,,,,,,,,,,,,,,30,,0225-DGJZT-CGC-YIN-DMRM-NEG.d,,Find by MRM,,
220,DGJZT_GZ_18_3,,,557.2,,,,,100,,,,7.561,,,123,0.053,1313,,,,,Acq,,,,,,,,,,,,,,,30,,0225-DGJZT-CGC-YIN-DMRM-NEG.d,,Find by MRM,,
221,DGJZT_GZ_18_2,,,557.2,,,,,100,,,,7.562,,,436,0.125,8670,,,,,Acq,,,,,,,,,,,,,,,30,,0225-DGJZT-CGC-YIN-DMRM-NEG.d,,Find by MRM,,
222,DGJZT_GZ_18_1,,,557.2,,,,,100,,,,7.327,,,67,0.223,466,,,,,Acq,,,,,,,,,,,,,,,30,,0225-DGJZT-CGC-YIN-DMRM-NEG.d,,Find by MRM,,
223,DGJZT_BS_123_1,,,507.2,,,,,100,,,,7.488,,,540,0.436,4655,,,,,Acq,,,,,,,,,,,,,,,30,,0225-DGJZT-CGC-YIN-DMRM-NEG.d,,Find by MRM,,
224,DGJZT_BS_125_3,,,567.2,,,,,100,,,,7.51,,,208,0.404,1645,,,,,Acq,,,,,,,,,,,,,,,30,,0225-DGJZT-CGC-YIN-DMRM-NEG.d,,Find by MRM,,
225,DGJZT_BS_125_1,,,567.2,,,,,100,,,,7.51,,,1271,0.474,12413,,,,,Acq,,,,,,,,,,,,,,,30,,0225-DGJZT-CGC-YIN-DMRM-NEG.d,,Find by MRM,,
226,DGJZT_BS_126_3,,,631.2,,,,,100,,,,7.6,,,248,0.293,1973,,,,,Acq,,,,,,,,,,,,,,,30,,0225-DGJZT-CGC-YIN-DMRM-NEG.d,,Find by MRM,,
227,DGJZT_BS_126_2,,,631.2,,,,,100,,,,7.576,,,290,0.326,2311,,,,,Acq,,,,,,,,,,,,,,,30,,0225-DGJZT-CGC-YIN-DMRM-NEG.d,,Find by MRM,,
228,DGJZT_BS_126_1,,,631.2,,,,,100,,,,7.592,,,4322,0.389,40365,,,,,Acq,,,,,,,,,,,,,,,30,,0225-DGJZT-CGC-YIN-DMRM-NEG.d,,Find by MRM,,
229,DGJZT_GZ_19_1,,,421.2,,,,,100,,,,7.64,,,74,0.308,594,,,,,Acq,,,,,,,,,,,,,,,30,,0225-DGJZT-CGC-YIN-DMRM-NEG.d,,Find by MRM,,
230,DGJZT_CGC_65_1,,,635.2,,,,,100,,,,7.658,,,3,0.193,9,,,,,Acq,,,,,,,,,,,,,,,30,,0225-DGJZT-CGC-YIN-DMRM-NEG.d,,Find by MRM,,
231,DGJZT_CGC_64_1,,,591.2,,,,,100,,,,7.434,,,5,0.066,16,,,,,Acq,,,,,,,,,,,,,,,30,,0225-DGJZT-CGC-YIN-DMRM-NEG.d,,Find by MRM,,
232,DGJZT_CGC_64_2,,,591.2,,,,,100,,,,7.686,,,2,0.092,4,,,,,Acq,,,,,,,,,,,,,,,30,,0225-DGJZT-CGC-YIN-DMRM-NEG.d,,Find by MRM,,
233,DGJZT_BS_127_1,,,345.2,,,,,100,,,,7.624,,,178,0.337,1445,,,,,Acq,,,,,,,,,,,,,,,30,,0225-DGJZT-CGC-YIN-DMRM-NEG.d,,Find by MRM,,
234,DGJZT_BS_128_2,,,503.2,,,,,100,,,,7.696,,,338,0.293,2837,,,,,Acq,,,,,,,,,,,,,,,30,,0225-DGJZT-CGC-YIN-DMRM-NEG.d,,Find by MRM,,
235,DGJZT_BS_128_1,,,503.2,,,,,100,,,,7.713,,,119,0.325,967,,,,,Acq,,,,,,,,,,,,,,,30,,0225-DGJZT-CGC-YIN-DMRM-NEG.d,,Find by MRM,,
236,DGJZT_CGC_66_1,,,431.1,,,,,100,,,,7.849,,,26,0.235,146,,,,,Acq,,,,,,,,,,,,,,,30,,0225-DGJZT-CGC-YIN-DMRM-NEG.d,,Find by MRM,,
237,DGJZT_CGC_67_1,,,459.1,,,,,100,,,,7.856,,,3,0.067,6,,,,,Acq,,,,,,,,,,,,,,,30,,0225-DGJZT-CGC-YIN-DMRM-NEG.d,,Find by MRM,,
238,DGJZT_CGC_67_2,,,459.1,,,,,100,,,,8.016,,,4,0.053,5,,,,,Acq,,,,,,,,,,,,,,,30,,0225-DGJZT-CGC-YIN-DMRM-NEG.d,,Find by MRM,,
239,DGJZT_DZ_37_3,,,671.3,,,,,100,,,,7.951,,,1412,0.423,14638,,,,,Acq,,,,,,,,,,,,,,,30,,0225-DGJZT-CGC-YIN-DMRM-NEG.d,,Find by MRM,,
240,DGJZT_DZ_37_2,,,671.3,,,,,100,,,,7.935,,,648,0.328,5544,,,,,Acq,,,,,,,,,,,,,,,30,,0225-DGJZT-CGC-YIN-DMRM-NEG.d,,Find by MRM,,
241,DGJZT_DZ_37_1,,,671.3,,,,,100,,,,7.952,,,121,0.294,1061,,,,,Acq,,,,,,,,,,,,,,,30,,0225-DGJZT-CGC-YIN-DMRM-NEG.d,,Find by MRM,,
242,DGJZT_BS_130_1,,,645.2,,,,,100,,,,8.028,,,98,0.252,755,,,,,Acq,,,,,,,,,,,,,,,30,,0225-DGJZT-CGC-YIN-DMRM-NEG.d,,Find by MRM,,
243,DGJZT_CGC_69_1,,,433.1,,,,,100,,,,7.874,,,224,0.456,2155,,,,,Acq,,,,,,,,,,,,,,,30,,0225-DGJZT-CGC-YIN-DMRM-NEG.d,,Find by MRM,,
244,DGJZT_DG_68_2,,,515.1,,,,,100,,,,8.03,,,876,0.391,7691,,,,,Acq,,,,,,,,,,,,,,,30,,0225-DGJZT-CGC-YIN-DMRM-NEG.d,,Find by MRM,,
245,DGJZT_DG_68_1,,,515.1,,,,,100,,,,8.03,,,1324,0.405,11295,,,,,Acq,,,,,,,,,,,,,,,30,,0225-DGJZT-CGC-YIN-DMRM-NEG.d,,Find by MRM,,
246,DGJZT_DG_68_3,,,515.1,,,,,100,,,,8.014,,,143,0.484,1256,,,,,Acq,,,,,,,,,,,,,,,30,,0225-DGJZT-CGC-YIN-DMRM-NEG.d,,Find by MRM,,
247,DGJZT_BS_132_1,,,525.2,,,,,100,,,,8.121,,,18979,0.461,188370,,,,,Acq,,,,,,,,,,,,,,,30,,0225-DGJZT-CGC-YIN-DMRM-NEG.d,,Find by MRM,,
248,DGJZT_BS_132_3,,,525.2,,,,,100,,,,8.121,,,17292,0.474,174582,,,,,Acq,,,,,,,,,,,,,,,30,,0225-DGJZT-CGC-YIN-DMRM-NEG.d,,Find by MRM,,
249,DGJZT_BS_134_1,,,509.2,,,,,100,,,,8.166,,,2797,0.525,28411,,,,,Acq,,,,,,,,,,,,,,,30,,0225-DGJZT-CGC-YIN-DMRM-NEG.d,,Find by MRM,,
250,DGJZT_CGC_71_1,,,301.1,,,,,100,,,,8.344,,,3,0.067,6,,,,,Acq,,,,,,,,,,,,,,,30,,0225-DGJZT-CGC-YIN-DMRM-NEG.d,,Find by MRM,,
251,DGJZT_CGC_76_1,,,561.2,,,,,100,,,,8.523,,,7,0.131,23,,,,,Acq,,,,,,,,,,,,,,,30,,0225-DGJZT-CGC-YIN-DMRM-NEG.d,,Find by MRM,,
252,DGJZT_CGC_76_2,,,561.2,,,,,100,,,,8.429,,,0,0.095,1,,,,,Acq,,,,,,,,,,,,,,,30,,0225-DGJZT-CGC-YIN-DMRM-NEG.d,,Find by MRM,,
253,DGJZT_GZ_20_2,,,361.2,,,,,100,,,,8.551,,,383,0.415,3399,,,,,Acq,,,,,,,,,,,,,,,30,,0225-DGJZT-CGC-YIN-DMRM-NEG.d,,Find by MRM,,
254,DGJZT_CGC_80_1,,,549.2,,,,,100,,,,8.624,,,25,0.178,126,,,,,Acq,,,,,,,,,,,,,,,30,,0225-DGJZT-CGC-YIN-DMRM-NEG.d,,Find by MRM,,
255,DGJZT_CGC_80_2,,,549.2,,,,,100,,,,8.776,,,7,0.114,28,,,,,Acq,,,,,,,,,,,,,,,30,,0225-DGJZT-CGC-YIN-DMRM-NEG.d,,Find by MRM,,
256,DGJZT_GZ_20_1,,,361.2,,,,,100,,,,8.535,,,150,0.315,1268,,,,,Acq,,,,,,,,,,,,,,,30,,0225-DGJZT-CGC-YIN-DMRM-NEG.d,,Find by MRM,,
257,DGJZT_CGC_83_1,,,591.2,,,,,100,,,,8.697,,,11,0.167,39,,,,,Acq,,,,,,,,,,,,,,,30,,0225-DGJZT-CGC-YIN-DMRM-NEG.d,,Find by MRM,,
258,DGJZT_CGC_83_2,,,591.2,,,,,100,,,,8.639,,,2,0.159,8,,,,,Acq,,,,,,,,,,,,,,,30,,0225-DGJZT-CGC-YIN-DMRM-NEG.d,,Find by MRM,,
259,DGJZT_BS_137_1,,,507.1,,,,,100,,,,8.684,,,1275,0.377,13907,,,,,Acq,,,,,,,,,,,,,,,30,,0225-DGJZT-CGC-YIN-DMRM-NEG.d,,Find by MRM,,
260,DGJZT_BS_138_3,,,783.2,,,,,100,,,,8.721,,,351,0.33,3339,,,,,Acq,,,,,,,,,,,,,,,30,,0225-DGJZT-CGC-YIN-DMRM-NEG.d,,Find by MRM,,
261,DGJZT_BS_138_1,,,783.2,,,,,100,,,,8.805,,,64,0.197,322,,,,,Acq,,,,,,,,,,,,,,,30,,0225-DGJZT-CGC-YIN-DMRM-NEG.d,,Find by MRM,,
262,DGJZT_BS_139_1,,,631.2,,,,,100,,,,8.739,,,117,0.269,1111,,,,,Acq,,,,,,,,,,,,,,,30,,0225-DGJZT-CGC-YIN-DMRM-NEG.d,,Find by MRM,,
263,DGJZT_BS_140_1,,,505.2,,,,,100,,,,8.743,,,1103,0.465,10084,,,,,Acq,,,,,,,,,,,,,,,30,,0225-DGJZT-CGC-YIN-DMRM-NEG.d,,Find by MRM,,
264,DGJZT_CGC_88_1,,,549.2,,,,,100,,,,9.15,,,20,0.073,36,,,,,Acq,,,,,,,,,,,,,,,30,,0225-DGJZT-CGC-YIN-DMRM-NEG.d,,Find by MRM,,
265,DGJZT_CGC_88_2,,,549.2,,,,,100,,,,8.892,,,6,0.125,21,,,,,Acq,,,,,,,,,,,,,,,30,,0225-DGJZT-CGC-YIN-DMRM-NEG.d,,Find by MRM,,
266,DGJZT_CGC_90_1,,,459.1,,,,,100,,,,9.035,,,5,0.086,13,,,,,Acq,,,,,,,,,,,,,,,30,,0225-DGJZT-CGC-YIN-DMRM-NEG.d,,Find by MRM,,
267,DGJZT_CGC_93_1,,,697.2,,,,,100,,,,9.115,,,1,0.126,3,,,,,Acq,,,,,,,,,,,,,,,30,,0225-DGJZT-CGC-YIN-DMRM-NEG.d,,Find by MRM,,
268,DGJZT_CGC_94_2,,,475.1,,,,,100,,,,9.034,,,10,0.131,49,,,,,Acq,,,,,,,,,,,,,,,30,,0225-DGJZT-CGC-YIN-DMRM-NEG.d,,Find by MRM,,
269,DGJZT_CGC_94_1,,,475.1,,,,,100,,,,8.969,,,1,0.159,4,,,,,Acq,,,,,,,,,,,,,,,30,,0225-DGJZT-CGC-YIN-DMRM-NEG.d,,Find by MRM,,
270,DGJZT_CGC_96_1,,,669.2,,,,,100,,,,9.023,,,5,0.099,14,,,,,Acq,,,,,,,,,,,,,,,30,,0225-DGJZT-CGC-YIN-DMRM-NEG.d,,Find by MRM,,
271,DGJZT_CGC_100_1,,,835.2,,,,,100,,,,9.122,,,0,0.144,1,,,,,Acq,,,,,,,,,,,,,,,30,,0225-DGJZT-CGC-YIN-DMRM-NEG.d,,Find by MRM,,
272,DGJZT_SJ_7_2,,,389.2,,,,,100,,,,9.021,,,705,0.36,6061,,,,,Acq,,,,,,,,,,,,,,,30,,0225-DGJZT-CGC-YIN-DMRM-NEG.d,,Find by MRM,,
273,DGJZT_SJ_7_1,,,389.2,,,,,100,,,,9.022,,,1258,0.495,12620,,,,,Acq,,,,,,,,,,,,,,,30,,0225-DGJZT-CGC-YIN-DMRM-NEG.d,,Find by MRM,,
274,DGJZT_CGC_99_1,,,417.1,,,,,100,,,,9.036,,,13,0.199,61,,,,,Acq,,,,,,,,,,,,,,,30,,0225-DGJZT-CGC-YIN-DMRM-NEG.d,,Find by MRM,,
275,DGJZT_BS_143_1,,,615.2,,,,,100,,,,9.04,,,118,0.284,1144,,,,,Acq,,,,,,,,,,,,,,,30,,0225-DGJZT-CGC-YIN-DMRM-NEG.d,,Find by MRM,,
276,DGJZT_DG_70_2,,,237.1,,,,,100,,,,9.263,,,304,0.335,3017,,,,,Acq,,,,,,,,,,,,,,,30,,0225-DGJZT-CGC-YIN-DMRM-NEG.d,,Find by MRM,,
277,DGJZT_DG_69_1,,,193.1,,,,,100,,,,9.273,,,2965,0.483,34996,,,,,Acq,,,,,,,,,,,,,,,30,,0225-DGJZT-CGC-YIN-DMRM-NEG.d,,Find by MRM,,
278,DGJZT_DG_70_3,,,237.1,,,,,100,,,,9.254,,,608,0.476,7343,,,,,Acq,,,,,,,,,,,,,,,30,,0225-DGJZT-CGC-YIN-DMRM-NEG.d,,Find by MRM,,
279,DGJZT_DG_69_2,,,193.1,,,,,100,,,,9.289,,,266,0.493,3128,,,,,Acq,,,,,,,,,,,,,,,30,,0225-DGJZT-CGC-YIN-DMRM-NEG.d,,Find by MRM,,
280,DGJZT_DG_70_1,,,237.1,,,,,100,,,,9.28,,,2175,0.47,24884,,,,,Acq,,,,,,,,,,,,,,,30,,0225-DGJZT-CGC-YIN-DMRM-NEG.d,,Find by MRM,,
281,DGJZT_DG_69_3,,,193.1,,,,,100,,,,9.255,,,155,0.408,1677,,,,,Acq,,,,,,,,,,,,,,,30,,0225-DGJZT-CGC-YIN-DMRM-NEG.d,,Find by MRM,,
282,DGJZT_CGC_106_1,,,695.2,,,,,100,,,,9.408,,,3,0.067,5,,,,,Acq,,,,,,,,,,,,,,,30,,0225-DGJZT-CGC-YIN-DMRM-NEG.d,,Find by MRM,,
283,DGJZT_CGC_106_2,,,695.2,,,,,100,,,,9.4,,,0,0.102,0,,,,,Acq,,,,,,,,,,,,,,,30,,0225-DGJZT-CGC-YIN-DMRM-NEG.d,,Find by MRM,,
284,DGJZT_BS_144_2,,,493.2,,,,,100,,,,9.317,,,538,0.395,5099,,,,,Acq,,,,,,,,,,,,,,,30,,0225-DGJZT-CGC-YIN-DMRM-NEG.d,,Find by MRM,,
285,DGJZT_CGC_108_1,,,725.2,,,,,100,,,,9.249,,,7,0.133,26,,,,,Acq,,,,,,,,,,,,,,,30,,0225-DGJZT-CGC-YIN-DMRM-NEG.d,,Find by MRM,,
286,DGJZT_BS_144_1,,,493.2,,,,,100,,,,9.301,,,87,0.327,926,,,,,Acq,,,,,,,,,,,,,,,30,,0225-DGJZT-CGC-YIN-DMRM-NEG.d,,Find by MRM,,
287,DGJZT_BS_147_3,,,491.2,,,,,100,,,,9.545,,,967,0.432,9087,,,,,Acq,,,,,,,,,,,,,,,30,,0225-DGJZT-CGC-YIN-DMRM-NEG.d,,Find by MRM,,
288,DGJZT_BS_147_1,,,491.2,,,,,100,,,,9.545,,,547,0.373,5014,,,,,Acq,,,,,,,,,,,,,,,30,,0225-DGJZT-CGC-YIN-DMRM-NEG.d,,Find by MRM,,
289,DGJZT_DG_72_2,,,251.1,,,,,100,,,,9.573,,,548,0.418,6104,,,,,Acq,,,,,,,,,,,,,,,30,,0225-DGJZT-CGC-YIN-DMRM-NEG.d,,Find by MRM,,
290,DGJZT_DG_72_1,,,251.1,,,,,100,,,,9.573,,,546,0.429,6145,,,,,Acq,,,,,,,,,,,,,,,30,,0225-DGJZT-CGC-YIN-DMRM-NEG.d,,Find by MRM,,
291,DGJZT_DG_72_3,,,251.1,,,,,100,,,,9.546,,,239,0.376,2519,,,,,Acq,,,,,,,,,,,,,,,30,,0225-DGJZT-CGC-YIN-DMRM-NEG.d,,Find by MRM,,
292,DGJZT_BS_147_2,,,491.2,,,,,100,,,,9.545,,,2175,0.331,18172,,,,,Acq,,,,,,,,,,,,,,,30,,0225-DGJZT-CGC-YIN-DMRM-NEG.d,,Find by MRM,,
293,DGJZT_BS_149_2,,,507.2,,,,,100,,,,9.709,,,174,0.241,1245,,,,,Acq,,,,,,,,,,,,,,,30,,0225-DGJZT-CGC-YIN-DMRM-NEG.d,,Find by MRM,,
294,DGJZT_BS_149_1,,,507.2,,,,,100,,,,9.693,,,78,0.269,758,,,,,Acq,,,,,,,,,,,,,,,30,,0225-DGJZT-CGC-YIN-DMRM-NEG.d,,Find by MRM,,
295,DGJZT_CGC_113_2,,,591.2,,,,,100,,,,9.97,,,5,0.101,10,,,,,Acq,,,,,,,,,,,,,,,30,,0225-DGJZT-CGC-YIN-DMRM-NEG.d,,Find by MRM,,
296,DGJZT_BS_150_3,,,493.2,,,,,100,,,,9.736,,,218,0.198,1319,,,,,Acq,,,,,,,,,,,,,,,30,,0225-DGJZT-CGC-YIN-DMRM-NEG.d,,Find by MRM,,
297,DGJZT_BS_150_1,,,493.2,,,,,100,,,,9.787,,,121,0.229,725,,,,,Acq,,,,,,,,,,,,,,,30,,0225-DGJZT-CGC-YIN-DMRM-NEG.d,,Find by MRM,,
298,DGJZT_GZ_24_1,,,263.1,,,,,100,,,,9.816,,,165,0.401,1375,,,,,Acq,,,,,,,,,,,,,,,30,,0225-DGJZT-CGC-YIN-DMRM-NEG.d,,Find by MRM,,
299,DGJZT_BS_154_2,,,491.2,,,,,100,,,,9.923,,,744,0.267,4720,,,,,Acq,,,,,,,,,,,,,,,30,,0225-DGJZT-CGC-YIN-DMRM-NEG.d,,Find by MRM,,
300,DGJZT_BS_153_1,,,445.2,,,,,100,,,,9.924,,,149,0.249,895,,,,,Acq,,,,,,,,,,,,,,,30,,0225-DGJZT-CGC-YIN-DMRM-NEG.d,,Find by MRM,,
301,DGJZT_GZ_24_2,,,263.1,,,,,100,,,,9.833,,,320,0.446,2597,,,,,Acq,,,,,,,,,,,,,,,30,,0225-DGJZT-CGC-YIN-DMRM-NEG.d,,Find by MRM,,
302,DGJZT_BS_155_2,,,507.2,,,,,100,,,,9.693,,,558,0.203,3907,,,,,Acq,,,,,,,,,,,,,,,30,,0225-DGJZT-CGC-YIN-DMRM-NEG.d,,Find by MRM,,
303,DGJZT_BS_154_3,,,491.2,,,,,100,,,,9.948,,,192,0.326,1487,,,,,Acq,,,,,,,,,,,,,,,30,,0225-DGJZT-CGC-YIN-DMRM-NEG.d,,Find by MRM,,
304,DGJZT_BS_154_1,,,491.2,,,,,100,,,,9.924,,,281,0.267,2015,,,,,Acq,,,,,,,,,,,,,,,30,,0225-DGJZT-CGC-YIN-DMRM-NEG.d,,Find by MRM,,
305,DGJZT_BS_153_2,,,445.2,,,,,100,,,,9.924,,,116,0.302,750,,,,,Acq,,,,,,,,,,,,,,,30,,0225-DGJZT-CGC-YIN-DMRM-NEG.d,,Find by MRM,,
306,DGJZT_BS_156_1,,,569.2,,,,,100,,,,10.021,,,1560,0.331,11945,,,,,Acq,,,,,,,,,,,,,,,30,,0225-DGJZT-CGC-YIN-DMRM-NEG.d,,Find by MRM,,
307,DGJZT_BS_156_2,,,569.2,,,,,100,,,,10.029,,,1567,0.362,11863,,,,,Acq,,,,,,,,,,,,,,,30,,0225-DGJZT-CGC-YIN-DMRM-NEG.d,,Find by MRM,,
308,DGJZT_BS_150_2,,,493.2,,,,,100,,,,9.778,,,76,0.185,471,,,,,Acq,,,,,,,,,,,,,,,30,,0225-DGJZT-CGC-YIN-DMRM-NEG.d,,Find by MRM,,
309,DGJZT_DG_73_2,,,429.1,,,,,100,,,,9.958,,,102,0.434,1020,,,,,Acq,,,,,,,,,,,,,,,30,,0225-DGJZT-CGC-YIN-DMRM-NEG.d,,Find by MRM,,
310,DGJZT_BS_155_3,,,507.2,,,,,100,,,,9.989,,,104,0.337,880,,,,,Acq,,,,,,,,,,,,,,,30,,0225-DGJZT-CGC-YIN-DMRM-NEG.d,,Find by MRM,,
311,DGJZT_CGC_129_1,,,999.4,,,,,100,,,,10.12,,,1,0.096,2,,,,,Acq,,,,,,,,,,,,,,,30,,0225-DGJZT-CGC-YIN-DMRM-NEG.d,,Find by MRM,,
312,DGJZT_GZ_25_1,,,593.1,,,,,100,,,,10.07,,,216,0.251,1495,,,,,Acq,,,,,,,,,,,,,,,30,,0225-DGJZT-CGC-YIN-DMRM-NEG.d,,Find by MRM,,
313,DGJZT_BS_157_1,,,567.2,,,,,100,,,,10.106,,,699,0.372,5629,,,,,Acq,,,,,,,,,,,,,,,30,,0225-DGJZT-CGC-YIN-DMRM-NEG.d,,Find by MRM,,
314,DGJZT_BS_152_1,,,521.3,,,,,100,,,,10.08,,,106,0.207,752,,,,,Acq,,,,,,,,,,,,,,,30,,0225-DGJZT-CGC-YIN-DMRM-NEG.d,,Find by MRM,,
315,DGJZT_CGC_132_1,,,837.4,,,,,100,,,,10.348,,,5,0.084,6,,,,,Acq,,,,,,,,,,,,,,,30,,0225-DGJZT-CGC-YIN-DMRM-NEG.d,,Find by MRM,,
316,DGJZT_CGC_125_1,,,692.2,,,,,100,,,,10.249,,,2,0.092,4,,,,,Acq,,,,,,,,,,,,,,,30,,0225-DGJZT-CGC-YIN-DMRM-NEG.d,,Find by MRM,,
317,DGJZT_CGC_122_1,,,459.1,,,,,100,,,,10.134,,,3,0.102,6,,,,,Acq,,,,,,,,,,,,,,,30,,0225-DGJZT-CGC-YIN-DMRM-NEG.d,,Find by MRM,,
318,DGJZT_GZ_26_3,,,421.1,,,,,100,,,,10.119,,,113,0.244,781,,,,,Acq,,,,,,,,,,,,,,,30,,0225-DGJZT-CGC-YIN-DMRM-NEG.d,,Find by MRM,,
319,DGJZT_BS_160_1,,,507.2,,,,,100,,,,10.278,,,229,0.317,1897,,,,,Acq,,,,,,,,,,,,,,,30,,0225-DGJZT-CGC-YIN-DMRM-NEG.d,,Find by MRM,,
320,DGJZT_CGC_148_1,,,835.4,,,,,100,,,,10.273,,,2,0.1,4,,,,,Acq,,,,,,,,,,,,,,,30,,0225-DGJZT-CGC-YIN-DMRM-NEG.d,,Find by MRM,,
321,DGJZT_BS_160_3,,,507.2,,,,,100,,,,10.251,,,466,0.389,4107,,,,,Acq,,,,,,,,,,,,,,,30,,0225-DGJZT-CGC-YIN-DMRM-NEG.d,,Find by MRM,,
322,DGJZT_BS_160_2,,,507.2,,,,,100,,,,10.268,,,203,0.417,1770,,,,,Acq,,,,,,,,,,,,,,,30,,0225-DGJZT-CGC-YIN-DMRM-NEG.d,,Find by MRM,,
323,DGJZT_CGC_150_1,,,695.2,,,,,100,,,,10.559,,,2,0.066,4,,,,,Acq,,,,,,,,,,,,,,,30,,0225-DGJZT-CGC-YIN-DMRM-NEG.d,,Find by MRM,,
324,DGJZT_CGC_152_1,,,953.5,,,,,100,,,,10.272,,,3,0.101,7,,,,,Acq,,,,,,,,,,,,,,,30,,0225-DGJZT-CGC-YIN-DMRM-NEG.d,,Find by MRM,,
325,DGJZT_CGC_151_1,,,725.2,,,,,100,,,,10.332,,,2,0.134,4,,,,,Acq,,,,,,,,,,,,,,,30,,0225-DGJZT-CGC-YIN-DMRM-NEG.d,,Find by MRM,,
326,DGJZT_CGC_156_1,,,895.4,,,,,100,,,,10.306,,,0,0.168,0,,,,,Acq,,,,,,,,,,,,,,,30,,0225-DGJZT-CGC-YIN-DMRM-NEG.d,,Find by MRM,,
327,DGJZT_CGC_161_1,,,853.4,,,,,100,,,,10.473,,,7,0.101,17,,,,,Acq,,,,,,,,,,,,,,,30,,0225-DGJZT-CGC-YIN-DMRM-NEG.d,,Find by MRM,,
328,DGJZT_CGC_163_1,,,983.5,,,,,100,,,,10.421,,,3,0.142,8,,,,,Acq,,,,,,,,,,,,,,,30,,0225-DGJZT-CGC-YIN-DMRM-NEG.d,,Find by MRM,,
329,DGJZT_CGC_163_2,,,983.5,,,,,100,,,,10.455,,,1,0.073,1,,,,,Acq,,,,,,,,,,,,,,,30,,0225-DGJZT-CGC-YIN-DMRM-NEG.d,,Find by MRM,,
330,DGJZT_BS_159_1,,,597.2,,,,,100,,,,10.462,,,464,0.277,3038,,,,,Acq,,,,,,,,,,,,,,,30,,0225-DGJZT-CGC-YIN-DMRM-NEG.d,,Find by MRM,,
331,DGJZT_CGC_175_1,,,669.2,,,,,100,,,,10.585,,,16,0.143,56,,,,,Acq,,,,,,,,,,,,,,,30,,0225-DGJZT-CGC-YIN-DMRM-NEG.d,,Find by MRM,,
332,DGJZT_BS_164_3,,,661.3,,,,,100,,,,10.585,,,326,0.277,2486,,,,,Acq,,,,,,,,,,,,,,,30,,0225-DGJZT-CGC-YIN-DMRM-NEG.d,,Find by MRM,,
333,DGJZT_BS_164_1,,,661.3,,,,,100,,,,10.62,,,162,0.255,1251,,,,,Acq,,,,,,,,,,,,,,,30,,0225-DGJZT-CGC-YIN-DMRM-NEG.d,,Find by MRM,,
334,DGJZT_BS_164_2,,,661.3,,,,,100,,,,10.611,,,170,0.407,1307,,,,,Acq,,,,,,,,,,,,,,,30,,0225-DGJZT-CGC-YIN-DMRM-NEG.d,,Find by MRM,,
335,DGJZT_BS_162_3,,,629.2,,,,,100,,,,10.712,,,5401,0.328,43569,,,,,Acq,,,,,,,,,,,,,,,30,,0225-DGJZT-CGC-YIN-DMRM-NEG.d,,Find by MRM,,
336,DGJZT_BS_162_1,,,629.2,,,,,100,,,,10.712,,,54015,0.302,439376,,,,,Acq,,,,,,,,,,,,,,,30,,0225-DGJZT-CGC-YIN-DMRM-NEG.d,,Find by MRM,,
337,DGJZT_BS_167_3,,,629.2,,,,,100,,,,10.713,,,5288,0.403,42884,,,,,Acq,,,,,,,,,,,,,,,30,,0225-DGJZT-CGC-YIN-DMRM-NEG.d,,Find by MRM,,
338,DGJZT_BS_167_1,,,629.2,,,,,100,,,,10.713,,,57447,0.431,508605,,,,,Acq,,,,,,,,,,,,,,,30,,0225-DGJZT-CGC-YIN-DMRM-NEG.d,,Find by MRM,,
339,DGJZT_BS_166_1,,,553.2,,,,,100,,,,10.722,,,500,0.445,4919,,,,,Acq,,,,,,,,,,,,,,,30,,0225-DGJZT-CGC-YIN-DMRM-NEG.d,,Find by MRM,,
340,DGJZT_CGC_190_1,,,879.4,,,,,100,,,,10.757,,,8,0.267,38,,,,,Acq,,,,,,,,,,,,,,,30,,0225-DGJZT-CGC-YIN-DMRM-NEG.d,,Find by MRM,,
341,DGJZT_CGC_190_3,,,879.4,,,,,100,,,,10.959,,,4,0.08,10,,,,,Acq,,,,,,,,,,,,,,,30,,0225-DGJZT-CGC-YIN-DMRM-NEG.d,,Find by MRM,,
342,DGJZT_CGC_200_1,,,837.4,,,,,100,,,,11.002,,,6,0.121,16,,,,,Acq,,,,,,,,,,,,,,,30,,0225-DGJZT-CGC-YIN-DMRM-NEG.d,,Find by MRM,,
343,DGJZT_CGC_200_3,,,837.4,,,,,100,,,,10.759,,,4,0.067,7,,,,,Acq,,,,,,,,,,,,,,,30,,0225-DGJZT-CGC-YIN-DMRM-NEG.d,,Find by MRM,,
344,DGJZT_CGC_200_2,,,837.4,,,,,100,,,,10.701,,,3,0.091,6,,,,,Acq,,,,,,,,,,,,,,,30,,0225-DGJZT-CGC-YIN-DMRM-NEG.d,,Find by MRM,,
345,DGJZT_CGC_207_1,,,1027.5,,,,,100,,,,11.1,,,4,0.058,6,,,,,Acq,,,,,,,,,,,,,,,30,,0225-DGJZT-CGC-YIN-DMRM-NEG.d,,Find by MRM,,
346,DGJZT_CGC_209_1,,,835.4,,,,,100,,,,10.843,,,3,0.06,4,,,,,Acq,,,,,,,,,,,,,,,30,,0225-DGJZT-CGC-YIN-DMRM-NEG.d,,Find by MRM,,
347,DGJZT_CGC_218_1,,,865.4,,,,,100,,,,10.783,,,0,0.142,1,,,,,Acq,,,,,,,,,,,,,,,30,,0225-DGJZT-CGC-YIN-DMRM-NEG.d,,Find by MRM,,
348,DGJZT_SJ_9_2,,,433.2,,,,,100,,,,11.014,,,109,0.357,820,,,,,Acq,,,,,,,,,,,,,,,30,,0225-DGJZT-CGC-YIN-DMRM-NEG.d,,Find by MRM,,
349,DGJZT_CGC_213_1,,,807.4,,,,,100,,,,11.23,,,4,0.041,5,,,,,Acq,,,,,,,,,,,,,,,30,,0225-DGJZT-CGC-YIN-DMRM-NEG.d,,Find by MRM,,
350,DGJZT_CGC_217_1,,,297,,,,,100,,,,11.158,,,4,0.193,18,,,,,Acq,,,,,,,,,,,,,,,30,,0225-DGJZT-CGC-YIN-DMRM-NEG.d,,Find by MRM,,
351,DGJZT_CGC_224_1,,,881.4,,,,,100,,,,11.202,,,8,0.101,15,,,,,Acq,,,,,,,,,,,,,,,30,,0225-DGJZT-CGC-YIN-DMRM-NEG.d,,Find by MRM,,
352,DGJZT_DG_79_2,,,571.1,,,,,100,,,,11.23,,,76,0.101,388,,,,,Acq,,,,,,,,,,,,,,,30,,0225-DGJZT-CGC-YIN-DMRM-NEG.d,,Find by MRM,,
353,DGJZT_DG_77_2,,,355.1,,,,,100,,,,11.139,,,157,0.351,1199,,,,,Acq,,,,,,,,,,,,,,,30,,0225-DGJZT-CGC-YIN-DMRM-NEG.d,,Find by MRM,,
354,DGJZT_DG_77_3,,,355.1,,,,,100,,,,11.157,,,119,0.232,703,,,,,Acq,,,,,,,,,,,,,,,30,,0225-DGJZT-CGC-YIN-DMRM-NEG.d,,Find by MRM,,
355,DGJZT_DG_77_1,,,355.1,,,,,100,,,,11.149,,,296,0.334,2107,,,,,Acq,,,,,,,,,,,,,,,30,,0225-DGJZT-CGC-YIN-DMRM-NEG.d,,Find by MRM,,
356,DGJZT_CGC_229_1,,,837.4,,,,,100,,,,11.253,,,23,0.168,80,,,,,Acq,,,,,,,,,,,,,,,30,,0225-DGJZT-CGC-YIN-DMRM-NEG.d,,Find by MRM,,
357,DGJZT_CGC_229_3,,,837.4,,,,,100,,,,11.472,,,6,0.089,13,,,,,Acq,,,,,,,,,,,,,,,30,,0225-DGJZT-CGC-YIN-DMRM-NEG.d,,Find by MRM,,
358,DGJZT_DG_79_1,,,571.1,,,,,100,,,,11.189,,,358,0.332,2503,,,,,Acq,,,,,,,,,,,,,,,30,,0225-DGJZT-CGC-YIN-DMRM-NEG.d,,Find by MRM,,
359,DGJZT_CGC_229_2,,,837.4,,,,,100,,,,11.439,,,8,0.093,16,,,,,Acq,,,,,,,,,,,,,,,30,,0225-DGJZT-CGC-YIN-DMRM-NEG.d,,Find by MRM,,
360,DGJZT_CGC_238_1,,,819.4,,,,,100,,,,11.465,,,3,0.09,5,,,,,Acq,,,,,,,,,,,,,,,30,,0225-DGJZT-CGC-YIN-DMRM-NEG.d,,Find by MRM,,
361,DGJZT_CGC_238_3,,,819.4,,,,,100,,,,11.364,,,5,0.11,14,,,,,Acq,,,,,,,,,,,,,,,30,,0225-DGJZT-CGC-YIN-DMRM-NEG.d,,Find by MRM,,
362,DGJZT_CGC_238_2,,,819.4,,,,,100,,,,11.096,,,5,0.109,10,,,,,Acq,,,,,,,,,,,,,,,30,,0225-DGJZT-CGC-YIN-DMRM-NEG.d,,Find by MRM,,
363,DGJZT_GZ_28_2,,,311.1,,,,,100,,,,11.242,,,34,0.375,242,,,,,Acq,,,,,,,,,,,,,,,30,,0225-DGJZT-CGC-YIN-DMRM-NEG.d,,Find by MRM,,
364,DGJZT_GZ_28_1,,,311.1,,,,,100,,,,11.258,,,228,0.261,1411,,,,,Acq,,,,,,,,,,,,,,,30,,0225-DGJZT-CGC-YIN-DMRM-NEG.d,,Find by MRM,,
365,DGJZT_CGC_240_1,,,967.5,,,,,100,,,,11.361,,,0,0.2,1,,,,,Acq,,,,,,,,,,,,,,,30,,0225-DGJZT-CGC-YIN-DMRM-NEG.d,,Find by MRM,,
366,DGJZT_CGC_244_1,,,791.4,,,,,100,,,,11.272,,,15,0.228,50,,,,,Acq,,,,,,,,,,,,,,,30,,0225-DGJZT-CGC-YIN-DMRM-NEG.d,,Find by MRM,,
367,DGJZT_BS_174_1,,,665.4,,,,,100,,,,11.356,,,553,0.372,4332,,,,,Acq,,,,,,,,,,,,,,,30,,0225-DGJZT-CGC-YIN-DMRM-NEG.d,,Find by MRM,,
368,DGJZT_SJ_10_3,,,431.2,,,,,100,,,,11.366,,,292,0.395,2044,,,,,Acq,,,,,,,,,,,,,,,30,,0225-DGJZT-CGC-YIN-DMRM-NEG.d,,Find by MRM,,
369,DGJZT_CGC_254_1,,,985.5,,,,,100,,,,11.595,,,3,0.336,8,,,,,Acq,,,,,,,,,,,,,,,30,,0225-DGJZT-CGC-YIN-DMRM-NEG.d,,Find by MRM,,
370,DGJZT_CGC_254_3,,,985.5,,,,,100,,,,11.411,,,1,0.075,1,,,,,Acq,,,,,,,,,,,,,,,30,,0225-DGJZT-CGC-YIN-DMRM-NEG.d,,Find by MRM,,
371,DGJZT_CGC_251_1,,,911.4,,,,,100,,,,11.521,,,6,0.135,19,,,,,Acq,,,,,,,,,,,,,,,30,,0225-DGJZT-CGC-YIN-DMRM-NEG.d,,Find by MRM,,
372,DGJZT_CGC_248_1,,,863.4,,,,,100,,,,11.462,,,4,0.152,9,,,,,Acq,,,,,,,,,,,,,,,30,,0225-DGJZT-CGC-YIN-DMRM-NEG.d,,Find by MRM,,
373,DGJZT_CGC_250_1,,,837.4,,,,,100,,,,11.244,,,25,0.234,133,,,,,Acq,,,,,,,,,,,,,,,30,,0225-DGJZT-CGC-YIN-DMRM-NEG.d,,Find by MRM,,
374,DGJZT_CGC_250_3,,,837.4,,,,,100,,,,11.606,,,5,0.083,13,,,,,Acq,,,,,,,,,,,,,,,30,,0225-DGJZT-CGC-YIN-DMRM-NEG.d,,Find by MRM,,
375,DGJZT_SJ_10_1,,,431.2,,,,,100,,,,11.366,,,3086,0.396,23059,,,,,Acq,,,,,,,,,,,,,,,30,,0225-DGJZT-CGC-YIN-DMRM-NEG.d,,Find by MRM,,
376,DGJZT_SJ_10_2,,,431.2,,,,,100,,,,11.357,,,856,0.399,6602,,,,,Acq,,,,,,,,,,,,,,,30,,0225-DGJZT-CGC-YIN-DMRM-NEG.d,,Find by MRM,,
377,DGJZT_CGC_250_2,,,837.4,,,,,100,,,,11.471,,,5,0.118,11,,,,,Acq,,,,,,,,,,,,,,,30,,0225-DGJZT-CGC-YIN-DMRM-NEG.d,,Find by MRM,,
378,DGJZT_CGC_259_1,,,299.1,,,,,100,,,,11.727,,,11,0.091,28,,,,,Acq,,,,,,,,,,,,,,,30,,0225-DGJZT-CGC-YIN-DMRM-NEG.d,,Find by MRM,,
379,DGJZT_CGC_264_3,,,821.4,,,,,100,,,,11.539,,,16,0.202,74,,,,,Acq,,,,,,,,,,,,,,,30,,0225-DGJZT-CGC-YIN-DMRM-NEG.d,,Find by MRM,,
380,DGJZT_BS_175_1,,,735.2,,,,,100,,,,11.5,,,185,0.216,1257,,,,,Acq,,,,,,,,,,,,,,,30,,0225-DGJZT-CGC-YIN-DMRM-NEG.d,,Find by MRM,,
381,DGJZT_CGC_264_1,,,821.4,,,,,100,,,,11.515,,,76,0.261,500,,,,,Acq,,,,,,,,,,,,,,,30,,0225-DGJZT-CGC-YIN-DMRM-NEG.d,,Find by MRM,,
382,DGJZT_CGC_285_1,,,969.5,,,,,100,,,,11.67,,,0,0.222,1,,,,,Acq,,,,,,,,,,,,,,,30,,0225-DGJZT-CGC-YIN-DMRM-NEG.d,,Find by MRM,,
383,DGJZT_CGC_282_1,,,955.5,,,,,100,,,,11.863,,,3,0.143,7,,,,,Acq,,,,,,,,,,,,,,,30,,0225-DGJZT-CGC-YIN-DMRM-NEG.d,,Find by MRM,,
384,DGJZT_CGC_289_2,,,807.4,,,,,100,,,,11.599,,,3,0.158,8,,,,,Acq,,,,,,,,,,,,,,,30,,0225-DGJZT-CGC-YIN-DMRM-NEG.d,,Find by MRM,,
385,DGJZT_DG_80_3,,,399.1,,,,,100,,,,11.784,,,190,0.229,1312,,,,,Acq,,,,,,,,,,,,,,,30,,0225-DGJZT-CGC-YIN-DMRM-NEG.d,,Find by MRM,,
386,DGJZT_DG_80_2,,,399.1,,,,,100,,,,11.759,,,115,0.201,623,,,,,Acq,,,,,,,,,,,,,,,30,,0225-DGJZT-CGC-YIN-DMRM-NEG.d,,Find by MRM,,
387,DGJZT_CGC_278_1,,,255.1,,,,,100,,,,11.821,,,8,0.167,27,,,,,Acq,,,,,,,,,,,,,,,30,,0225-DGJZT-CGC-YIN-DMRM-NEG.d,,Find by MRM,,
388,DGJZT_CGC_289_3,,,807.4,,,,,100,,,,11.865,,,6,0.1,13,,,,,Acq,,,,,,,,,,,,,,,30,,0225-DGJZT-CGC-YIN-DMRM-NEG.d,,Find by MRM,,
389,DGJZT_DG_80_1,,,399.1,,,,,100,,,,11.768,,,153,0.238,1112,,,,,Acq,,,,,,,,,,,,,,,30,,0225-DGJZT-CGC-YIN-DMRM-NEG.d,,Find by MRM,,
390,DGJZT_CGC_293_1,,,821.4,,,,,100,,,,11.856,,,5,0.05,8,,,,,Acq,,,,,,,,,,,,,,,30,,0225-DGJZT-CGC-YIN-DMRM-NEG.d,,Find by MRM,,
391,DGJZT_CGC_293_3,,,821.4,,,,,100,,,,11.948,,,8,0.126,22,,,,,Acq,,,,,,,,,,,,,,,30,,0225-DGJZT-CGC-YIN-DMRM-NEG.d,,Find by MRM,,
392,DGJZT_CGC_293_2,,,821.4,,,,,100,,,,11.641,,,3,0.065,11,,,,,Acq,,,,,,,,,,,,,,,30,,0225-DGJZT-CGC-YIN-DMRM-NEG.d,,Find by MRM,,
393,DGJZT_DG_81_2,,,357.1,,,,,100,,,,11.943,,,765,0.273,5920,,,,,Acq,,,,,,,,,,,,,,,30,,0225-DGJZT-CGC-YIN-DMRM-NEG.d,,Find by MRM,,
394,DGJZT_CGC_291_1,,,267.1,,,,,100,,,,11.93,,,8,0.151,24,,,,,Acq,,,,,,,,,,,,,,,30,,0225-DGJZT-CGC-YIN-DMRM-NEG.d,,Find by MRM,,
395,DGJZT_CGC_291_2,,,267.1,,,,,100,,,,11.871,,,11,0.126,24,,,,,Acq,,,,,,,,,,,,,,,30,,0225-DGJZT-CGC-YIN-DMRM-NEG.d,,Find by MRM,,
396,DGJZT_CGC_291_3,,,267.1,,,,,100,,,,11.753,,,7,0.1,18,,,,,Acq,,,,,,,,,,,,,,,30,,0225-DGJZT-CGC-YIN-DMRM-NEG.d,,Find by MRM,,
397,DGJZT_DG_81_1,,,357.1,,,,,100,,,,11.909,,,187,0.151,930,,,,,Acq,,,,,,,,,,,,,,,30,,0225-DGJZT-CGC-YIN-DMRM-NEG.d,,Find by MRM,,
398,DGJZT_CGC_301_1,,,939.5,,,,,100,,,,12.284,,,0,0.179,2,,,,,Acq,,,,,,,,,,,,,,,30,,0225-DGJZT-CGC-YIN-DMRM-NEG.d,,Find by MRM,,
399,DGJZT_CGC_305_1,,,823.4,,,,,100,,,,12.09,,,10,0.093,23,,,,,Acq,,,,,,,,,,,,,,,30,,0225-DGJZT-CGC-YIN-DMRM-NEG.d,,Find by MRM,,
400,DGJZT_DG_87_3,,,517.2,,,,,100,,,,12.025,,,71,0.217,479,,,,,Acq,,,,,,,,,,,,,,,30,,0225-DGJZT-CGC-YIN-DMRM-NEG.d,,Find by MRM,,
401,DGJZT_SJ_12_1,,,475.2,,,,,100,,,,12.026,,,113,0.28,877,,,,,Acq,,,,,,,,,,,,,,,30,,0225-DGJZT-CGC-YIN-DMRM-NEG.d,,Find by MRM,,
402,DGJZT_GZ_31_1,,,325.1,,,,,100,,,,12.094,,,50,0.192,297,,,,,Acq,,,,,,,,,,,,,,,30,,0225-DGJZT-CGC-YIN-DMRM-NEG.d,,Find by MRM,,
403,DGJZT_GZ_31_2,,,325.1,,,,,100,,,,12.103,,,133,0.345,1282,,,,,Acq,,,,,,,,,,,,,,,30,,0225-DGJZT-CGC-YIN-DMRM-NEG.d,,Find by MRM,,
404,DGJZT_DG_89_3,,,313.1,,,,,100,,,,12.104,,,41,0.092,157,,,,,Acq,,,,,,,,,,,,,,,30,,0225-DGJZT-CGC-YIN-DMRM-NEG.d,,Find by MRM,,
405,DGJZT_GZ_29_1,,,295.1,,,,,100,,,,12.104,,,243,0.268,1931,,,,,Acq,,,,,,,,,,,,,,,30,,0225-DGJZT-CGC-YIN-DMRM-NEG.d,,Find by MRM,,
406,DGJZT_GZ_29_2,,,295.1,,,,,100,,,,12.089,,,646,0.277,4673,,,,,Acq,,,,,,,,,,,,,,,30,,0225-DGJZT-CGC-YIN-DMRM-NEG.d,,Find by MRM,,
407,DGJZT_CGC_305_3,,,823.4,,,,,100,,,,11.948,,,4,0.1,9,,,,,Acq,,,,,,,,,,,,,,,30,,0225-DGJZT-CGC-YIN-DMRM-NEG.d,,Find by MRM,,
408,DGJZT_CGC_310_1,,,777.4,,,,,100,,,,11.916,,,0,0.092,1,,,,,Acq,,,,,,,,,,,,,,,30,,0225-DGJZT-CGC-YIN-DMRM-NEG.d,,Find by MRM,,
409,DGJZT_DG_90_1,,,357.1,,,,,100,,,,12.11,,,199,0.327,2018,,,,,Acq,,,,,,,,,,,,,,,30,,0225-DGJZT-CGC-YIN-DMRM-NEG.d,,Find by MRM,,
410,DGJZT_GZ_31_3,,,325.1,,,,,100,,,,12.102,,,104,0.341,841,,,,,Acq,,,,,,,,,,,,,,,30,,0225-DGJZT-CGC-YIN-DMRM-NEG.d,,Find by MRM,,
411,DGJZT_DG_88_3,,,383.2,,,,,100,,,,12.043,,,280,0.441,2570,,,,,Acq,,,,,,,,,,,,,,,30,,0225-DGJZT-CGC-YIN-DMRM-NEG.d,,Find by MRM,,
412,DGJZT_GZ_32_2,,,313.2,,,,,100,,,,12.17,,,144,0.341,1238,,,,,Acq,,,,,,,,,,,,,,,30,,0225-DGJZT-CGC-YIN-DMRM-NEG.d,,Find by MRM,,
413,DGJZT_DG_89_1,,,313.1,,,,,100,,,,12.121,,,918,0.397,7176,,,,,Acq,,,,,,,,,,,,,,,30,,0225-DGJZT-CGC-YIN-DMRM-NEG.d,,Find by MRM,,
414,DGJZT_DG_89_2,,,313.1,,,,,100,,,,12.104,,,114,0.288,858,,,,,Acq,,,,,,,,,,,,,,,30,,0225-DGJZT-CGC-YIN-DMRM-NEG.d,,Find by MRM,,
415,DGJZT_CGC_313_1,,,369.1,,,,,100,,,,11.967,,,13,0.075,37,,,,,Acq,,,,,,,,,,,,,,,30,,0225-DGJZT-CGC-YIN-DMRM-NEG.d,,Find by MRM,,
416,DGJZT_DG_90_2,,,357.1,,,,,100,,,,11.934,,,578,0.276,2697,,,,,Acq,,,,,,,,,,,,,,,30,,0225-DGJZT-CGC-YIN-DMRM-NEG.d,,Find by MRM,,
417,DGJZT_GZ_32_1,,,313.2,,,,,100,,,,12.137,,,106,0.276,609,,,,,Acq,,,,,,,,,,,,,,,30,,0225-DGJZT-CGC-YIN-DMRM-NEG.d,,Find by MRM,,
418,DGJZT_DG_91_2,,,205.1,,,,,100,,,,12.249,,,25,0.109,100,,,,,Acq,,,,,,,,,,,,,,,30,,0225-DGJZT-CGC-YIN-DMRM-NEG.d,,Find by MRM,,
419,DGJZT_DG_91_1,,,205.1,,,,,100,,,,12.216,,,86,0.225,603,,,,,Acq,,,,,,,,,,,,,,,30,,0225-DGJZT-CGC-YIN-DMRM-NEG.d,,Find by MRM,,
420,DGJZT_CGC_314_1,,,805.4,,,,,100,,,,12.519,,,11,0.042,8,,,,,Acq,,,,,,,,,,,,,,,30,,0225-DGJZT-CGC-YIN-DMRM-NEG.d,,Find by MRM,,
421,DGJZT_CGC_314_3,,,805.4,,,,,100,,,,12.377,,,1,0.103,3,,,,,Acq,,,,,,,,,,,,,,,30,,0225-DGJZT-CGC-YIN-DMRM-NEG.d,,Find by MRM,,
422,DGJZT_SJ_13_1,,,355.2,,,,,100,,,,12.354,,,26,0.185,123,,,,,Acq,,,,,,,,,,,,,,,30,,0225-DGJZT-CGC-YIN-DMRM-NEG.d,,Find by MRM,,
423,DGJZT_GZ_33_2,,,265.1,,,,,100,,,,12.332,,,128,0.254,786,,,,,Acq,,,,,,,,,,,,,,,30,,0225-DGJZT-CGC-YIN-DMRM-NEG.d,,Find by MRM,,
424,DGJZT_GZ_33_3,,,265.1,,,,,100,,,,12.333,,,60,0.229,350,,,,,Acq,,,,,,,,,,,,,,,30,,0225-DGJZT-CGC-YIN-DMRM-NEG.d,,Find by MRM,,
425,DGJZT_DG_92_1,,,203.1,,,,,100,,,,12.576,,,712,0.115,3092,,,,,Acq,,,,,,,,,,,,,,,30,,0225-DGJZT-CGC-YIN-DMRM-NEG.d,,Find by MRM,,
426,DGJZT_DG_92_2,,,203.1,,,,,100,,,,12.576,,,3369,0.176,20278,,,,,Acq,,,,,,,,,,,,,,,30,,0225-DGJZT-CGC-YIN-DMRM-NEG.d,,Find by MRM,,
427,DGJZT_DG_92_3,,,203.1,,,,,100,,,,12.577,,,678,0.133,4568,,,,,Acq,,,,,,,,,,,,,,,30,,0225-DGJZT-CGC-YIN-DMRM-NEG.d,,Find by MRM,,
428,DGJZT_GZ_33_1,,,265.1,,,,,100,,,,12.349,,,73,0.266,403,,,,,Acq,,,,,,,,,,,,,,,30,,0225-DGJZT-CGC-YIN-DMRM-NEG.d,,Find by MRM,,
429,DGJZT_CGC_324_1,,,805.4,,,,,100,,,,12.368,,,7,0.1,16,,,,,Acq,,,,,,,,,,,,,,,30,,0225-DGJZT-CGC-YIN-DMRM-NEG.d,,Find by MRM,,
430,DGJZT_CGC_325_1,,,353.1,,,,,100,,,,12.539,,,6,0.1,15,,,,,Acq,,,,,,,,,,,,,,,30,,0225-DGJZT-CGC-YIN-DMRM-NEG.d,,Find by MRM,,
431,DGJZT_DZ_45_1,,,517.3,,,,,100,,,,12.713,,,249,0.394,2017,,,,,Acq,,,,,,,,,,,,,,,30,,0225-DGJZT-CGC-YIN-DMRM-NEG.d,,Find by MRM,,
432,DGJZT_CGC_336_1,,,367.1,,,,,100,,,,12.78,,,42,0.207,264,,,,,Acq,,,,,,,,,,,,,,,30,,0225-DGJZT-CGC-YIN-DMRM-NEG.d,,Find by MRM,,
433,DGJZT_CGC_336_2,,,367.1,,,,,100,,,,12.765,,,16,0.317,109,,,,,Acq,,,,,,,,,,,,,,,30,,0225-DGJZT-CGC-YIN-DMRM-NEG.d,,Find by MRM,,
434,DGJZT_CGC_336_3,,,367.1,,,,,100,,,,12.798,,,4,0.24,21,,,,,Acq,,,,,,,,,,,,,,,30,,0225-DGJZT-CGC-YIN-DMRM-NEG.d,,Find by MRM,,
435,DGJZT_DZ_46_2,,,287.2,,,,,100,,,,12.736,,,69,0.211,435,,,,,Acq,,,,,,,,,,,,,,,30,,0225-DGJZT-CGC-YIN-DMRM-NEG.d,,Find by MRM,,
436,DGJZT_CGC_337_1,,,323.1,,,,,100,,,,12.589,,,2,0.112,5,,,,,Acq,,,,,,,,,,,,,,,30,,0225-DGJZT-CGC-YIN-DMRM-NEG.d,,Find by MRM,,
437,DGJZT_CGC_338_2,,,355.1,,,,,100,,,,12.84,,,8,0.174,33,,,,,Acq,,,,,,,,,,,,,,,30,,0225-DGJZT-CGC-YIN-DMRM-NEG.d,,Find by MRM,,
438,DGJZT_CGC_338_3,,,355.1,,,,,100,,,,12.991,,,7,0.116,20,,,,,Acq,,,,,,,,,,,,,,,30,,0225-DGJZT-CGC-YIN-DMRM-NEG.d,,Find by MRM,,
439,DGJZT_CGC_338_1,,,355.1,,,,,100,,,,12.884,,,13,0.117,41,,,,,Acq,,,,,,,,,,,,,,,30,,0225-DGJZT-CGC-YIN-DMRM-NEG.d,,Find by MRM,,
440,DGJZT_CGC_344_1,,,805.4,,,,,100,,,,13.038,,,4,0.109,8,,,,,Acq,,,,,,,,,,,,,,,30,,0225-DGJZT-CGC-YIN-DMRM-NEG.d,,Find by MRM,,
441,DGJZT_CGC_341_1,,,711.3,,,,,100,,,,13.005,,,4,0.159,12,,,,,Acq,,,,,,,,,,,,,,,30,,0225-DGJZT-CGC-YIN-DMRM-NEG.d,,Find by MRM,,
442,DGJZT_CGC_346_1,,,369.1,,,,,100,,,,12.981,,,10,0.073,22,,,,,Acq,,,,,,,,,,,,,,,30,,0225-DGJZT-CGC-YIN-DMRM-NEG.d,,Find by MRM,,
443,DGJZT_CGC_347_2,,,351.1,,,,,100,,,,13.042,,,5,0.236,22,,,,,Acq,,,,,,,,,,,,,,,30,,0225-DGJZT-CGC-YIN-DMRM-NEG.d,,Find by MRM,,
444,DGJZT_CGC_347_3,,,351.1,,,,,100,,,,13.034,,,3,0.097,8,,,,,Acq,,,,,,,,,,,,,,,30,,0225-DGJZT-CGC-YIN-DMRM-NEG.d,,Find by MRM,,
445,DGJZT_CGC_347_1,,,351.1,,,,,100,,,,13.034,,,4,0.119,9,,,,,Acq,,,,,,,,,,,,,,,30,,0225-DGJZT-CGC-YIN-DMRM-NEG.d,,Find by MRM,,
446,DGJZT_CGC_345_1,,,337.1,,,,,100,,,,12.885,,,7,0.15,24,,,,,Acq,,,,,,,,,,,,,,,30,,0225-DGJZT-CGC-YIN-DMRM-NEG.d,,Find by MRM,,
447,DGJZT_CGC_354_1,,,823.4,,,,,100,,,,13.331,,,1,0.1,1,,,,,Acq,,,,,,,,,,,,,,,30,,0225-DGJZT-CGC-YIN-DMRM-NEG.d,,Find by MRM,,
448,DGJZT_CGC_353_1,,,807.4,,,,,100,,,,13.08,,,2,0.092,4,,,,,Acq,,,,,,,,,,,,,,,30,,0225-DGJZT-CGC-YIN-DMRM-NEG.d,,Find by MRM,,
449,DGJZT_CGC_355_1,,,339.1,,,,,100,,,,13.127,,,3,0.079,6,,,,,Acq,,,,,,,,,,,,,,,30,,0225-DGJZT-CGC-YIN-DMRM-NEG.d,,Find by MRM,,
450,DGJZT_CGC_355_2,,,339.1,,,,,100,,,,13.085,,,4,0.1,9,,,,,Acq,,,,,,,,,,,,,,,30,,0225-DGJZT-CGC-YIN-DMRM-NEG.d,,Find by MRM,,
451,DGJZT_CGC_355_3,,,339.1,,,,,100,,,,13.353,,,3,0.108,12,,,,,Acq,,,,,,,,,,,,,,,30,,0225-DGJZT-CGC-YIN-DMRM-NEG.d,,Find by MRM,,
452,DGJZT_CGC_351_1,,,313.1,,,,,100,,,,13.171,,,11,0.125,39,,,,,Acq,,,,,,,,,,,,,,,30,,0225-DGJZT-CGC-YIN-DMRM-NEG.d,,Find by MRM,,
453,DGJZT_CGC_351_2,,,313.1,,,,,100,,,,13.113,,,5,0.083,18,,,,,Acq,,,,,,,,,,,,,,,30,,0225-DGJZT-CGC-YIN-DMRM-NEG.d,,Find by MRM,,
454,DGJZT_CGC_357_2,,,353.1,,,,,100,,,,13.257,,,12,0.177,56,,,,,Acq,,,,,,,,,,,,,,,30,,0225-DGJZT-CGC-YIN-DMRM-NEG.d,,Find by MRM,,
455,DGJZT_DZ_48_1,,,487.3,,,,,100,,,,13.349,,,370,0.313,2852,,,,,Acq,,,,,,,,,,,,,,,30,,0225-DGJZT-CGC-YIN-DMRM-NEG.d,,Find by MRM,,
456,DGJZT_CGC_357_3,,,353.1,,,,,100,,,,13.257,,,4,0.144,15,,,,,Acq,,,,,,,,,,,,,,,30,,0225-DGJZT-CGC-YIN-DMRM-NEG.d,,Find by MRM,,
457,DGJZT_CGC_357_1,,,353.1,,,,,100,,,,13.318,,,41,0.346,320,,,,,Acq,,,,,,,,,,,,,,,30,,0225-DGJZT-CGC-YIN-DMRM-NEG.d,,Find by MRM,,
458,DGJZT_CGC_359_2,,,337.1,,,,,100,,,,13.329,,,5,0.151,18,,,,,Acq,,,,,,,,,,,,,,,30,,0225-DGJZT-CGC-YIN-DMRM-NEG.d,,Find by MRM,,
459,DGJZT_CGC_364_1,,,365.1,,,,,100,,,,13.528,,,20,0.161,118,,,,,Acq,,,,,,,,,,,,,,,30,,0225-DGJZT-CGC-YIN-DMRM-NEG.d,,Find by MRM,,
460,DGJZT_CGC_364_2,,,365.1,,,,,100,,,,13.597,,,5,0.153,15,,,,,Acq,,,,,,,,,,,,,,,30,,0225-DGJZT-CGC-YIN-DMRM-NEG.d,,Find by MRM,,
461,DGJZT_DZ_49_3,,,501.3,,,,,100,,,,13.657,,,195,0.227,1683,,,,,Acq,,,,,,,,,,,,,,,30,,0225-DGJZT-CGC-YIN-DMRM-NEG.d,,Find by MRM,,
462,DGJZT_CGC_368_1,,,337.1,,,,,100,,,,13.774,,,7,0.067,15,,,,,Acq,,,,,,,,,,,,,,,30,,0225-DGJZT-CGC-YIN-DMRM-NEG.d,,Find by MRM,,
463,DGJZT_DZ_49_2,,,501.3,,,,,100,,,,13.674,,,607,0.297,5153,,,,,Acq,,,,,,,,,,,,,,,30,,0225-DGJZT-CGC-YIN-DMRM-NEG.d,,Find by MRM,,
464,DGJZT_DZ_50_1,,,450.3,,,,,100,,,,13.6,,,221,0.487,3692,,,,,Acq,,,,,,,,,,,,,,,30,,0225-DGJZT-CGC-YIN-DMRM-NEG.d,,Find by MRM,,
465,DGJZT_DZ_49_1,,,501.3,,,,,100,,,,13.693,,,230,0.277,1500,,,,,Acq,,,,,,,,,,,,,,,30,,0225-DGJZT-CGC-YIN-DMRM-NEG.d,,Find by MRM,,
466,DGJZT_DZ_50_2,,,450.3,,,,,100,,,,13.626,,,178,0.495,2708,,,,,Acq,,,,,,,,,,,,,,,30,,0225-DGJZT-CGC-YIN-DMRM-NEG.d,,Find by MRM,,
467,DGJZT_DG_96_2,,,409.2,,,,,100,,,,13.677,,,72,0.29,439,,,,,Acq,,,,,,,,,,,,,,,30,,0225-DGJZT-CGC-YIN-DMRM-NEG.d,,Find by MRM,,
468,DGJZT_DG_96_3,,,409.2,,,,,100,,,,13.711,,,45,0.221,306,,,,,Acq,,,,,,,,,,,,,,,30,,0225-DGJZT-CGC-YIN-DMRM-NEG.d,,Find by MRM,,
469,DGJZT_CGC_374_1,,,369.1,,,,,100,,,,13.941,,,8,0.074,14,,,,,Acq,,,,,,,,,,,,,,,30,,0225-DGJZT-CGC-YIN-DMRM-NEG.d,,Find by MRM,,
470,DGJZT_CGC_373_1,,,339.1,,,,,100,,,,13.555,,,9,0.234,51,,,,,Acq,,,,,,,,,,,,,,,30,,0225-DGJZT-CGC-YIN-DMRM-NEG.d,,Find by MRM,,
471,DGJZT_DG_96_1,,,409.2,,,,,100,,,,13.693,,,802,0.341,5976,,,,,Acq,,,,,,,,,,,,,,,30,,0225-DGJZT-CGC-YIN-DMRM-NEG.d,,Find by MRM,,
472,DGJZT_CGC_374_3,,,369.1,,,,,100,,,,13.578,,,5,0.16,18,,,,,Acq,,,,,,,,,,,,,,,30,,0225-DGJZT-CGC-YIN-DMRM-NEG.d,,Find by MRM,,
473,DGJZT_CGC_374_2,,,369.1,,,,,100,,,,13.68,,,10,0.236,66,,,,,Acq,,,,,,,,,,,,,,,30,,0225-DGJZT-CGC-YIN-DMRM-NEG.d,,Find by MRM,,
474,DGJZT_BS_177_1,,,723.4,,,,,100,,,,13.793,,,414,0.208,2484,,,,,Acq,,,,,,,,,,,,,,,30,,0225-DGJZT-CGC-YIN-DMRM-NEG.d,,Find by MRM,,
475,DGJZT_DG_97_2,,,397.2,,,,,100,,,,13.719,,,76,0.277,543,,,,,Acq,,,,,,,,,,,,,,,30,,0225-DGJZT-CGC-YIN-DMRM-NEG.d,,Find by MRM,,
476,DGJZT_CGC_375_2,,,371.1,,,,,100,,,,13.839,,,4,0.135,9,,,,,Acq,,,,,,,,,,,,,,,30,,0225-DGJZT-CGC-YIN-DMRM-NEG.d,,Find by MRM,,
477,DGJZT_CGC_375_1,,,371.1,,,,,100,,,,13.78,,,6,0.135,16,,,,,Acq,,,,,,,,,,,,,,,30,,0225-DGJZT-CGC-YIN-DMRM-NEG.d,,Find by MRM,,
478,DGJZT_DG_98_2,,,395.2,,,,,100,,,,13.813,,,52,0.148,195,,,,,Acq,,,,,,,,,,,,,,,30,,0225-DGJZT-CGC-YIN-DMRM-NEG.d,,Find by MRM,,
479,DGJZT_DG_98_1,,,395.2,,,,,100,,,,13.889,,,379,0.317,3024,,,,,Acq,,,,,,,,,,,,,,,30,,0225-DGJZT-CGC-YIN-DMRM-NEG.d,,Find by MRM,,
480,DGJZT_DG_98_3,,,395.2,,,,,100,,,,13.864,,,115,0.135,562,,,,,Acq,,,,,,,,,,,,,,,30,,0225-DGJZT-CGC-YIN-DMRM-NEG.d,,Find by MRM,,
481,DGJZT_DG_104_3,,,817.4,,,,,100,,,,13.934,,,1491,0.361,7588,,,,,Acq,,,,,,,,,,,,,,,30,,0225-DGJZT-CGC-YIN-DMRM-NEG.d,,Find by MRM,,
482,DGJZT_DG_104_1,,,817.4,,,,,100,,,,13.943,,,210,0.328,1039,,,,,Acq,,,,,,,,,,,,,,,30,,0225-DGJZT-CGC-YIN-DMRM-NEG.d,,Find by MRM,,
483,DGJZT_DG_104_2,,,817.4,,,,,100,,,,13.935,,,37,0.234,135,,,,,Acq,,,,,,,,,,,,,,,30,,0225-DGJZT-CGC-YIN-DMRM-NEG.d,,Find by MRM,,
484,DGJZT_DG_103_3,,,795.4,,,,,100,,,,13.935,,,4422,0.274,22839,,,,,Acq,,,,,,,,,,,,,,,30,,0225-DGJZT-CGC-YIN-DMRM-NEG.d,,Find by MRM,,
485,DGJZT_DG_103_1,,,795.4,,,,,100,,,,13.943,,,604,0.336,2786,,,,,Acq,,,,,,,,,,,,,,,30,,0225-DGJZT-CGC-YIN-DMRM-NEG.d,,Find by MRM,,
486,DGJZT_DG_97_1,,,397.2,,,,,100,,,,13.939,,,5688,0.366,39823,,,,,Acq,,,,,,,,,,,,,,,30,,0225-DGJZT-CGC-YIN-DMRM-NEG.d,,Find by MRM,,
487,DGJZT_DG_97_3,,,397.2,,,,,100,,,,13.939,,,1302,0.349,9326,,,,,Acq,,,,,,,,,,,,,,,30,,0225-DGJZT-CGC-YIN-DMRM-NEG.d,,Find by MRM,,
488,DGJZT_DG_101_2,,,397.2,,,,,100,,,,13.948,,,8720,0.416,64889,,,,,Acq,,,,,,,,,,,,,,,30,,0225-DGJZT-CGC-YIN-DMRM-NEG.d,,Find by MRM,,
489,DGJZT_DG_101_3,,,397.2,,,,,100,,,,13.948,,,5350,0.412,39990,,,,,Acq,,,,,,,,,,,,,,,30,,0225-DGJZT-CGC-YIN-DMRM-NEG.d,,Find by MRM,,
490,DGJZT_DG_103_2,,,795.4,,,,,100,,,,13.961,,,79,0.293,409,,,,,Acq,,,,,,,,,,,,,,,30,,0225-DGJZT-CGC-YIN-DMRM-NEG.d,,Find by MRM,,
491,DGJZT_DG_102_2,,,497.1,,,,,100,,,,13.928,,,163,0.236,967,,,,,Acq,,,,,,,,,,,,,,,30,,0225-DGJZT-CGC-YIN-DMRM-NEG.d,,Find by MRM,,
492,DGJZT_DG_102_1,,,497.1,,,,,100,,,,13.92,,,637,0.366,4000,,,,,Acq,,,,,,,,,,,,,,,30,,0225-DGJZT-CGC-YIN-DMRM-NEG.d,,Find by MRM,,
493,DGJZT_DG_101_1,,,397.2,,,,,100,,,,13.947,,,21044,0.501,154379,,,,,Acq,,,,,,,,,,,,,,,30,,0225-DGJZT-CGC-YIN-DMRM-NEG.d,,Find by MRM,,
494,DGJZT_DG_100_2,,,353.2,,,,,100,,,,13.941,,,344,0.366,2590,,,,,Acq,,,,,,,,,,,,,,,30,,0225-DGJZT-CGC-YIN-DMRM-NEG.d,,Find by MRM,,
495,DGJZT_DG_100_1,,,353.2,,,,,100,,,,13.933,,,281,0.374,1950,,,,,Acq,,,,,,,,,,,,,,,30,,0225-DGJZT-CGC-YIN-DMRM-NEG.d,,Find by MRM,,
496,DGJZT_DG_100_3,,,353.2,,,,,100,,,,13.967,,,56,0.16,292,,,,,Acq,,,,,,,,,,,,,,,30,,0225-DGJZT-CGC-YIN-DMRM-NEG.d,,Find by MRM,,
497,DGJZT_CGC_379_2,,,351.1,,,,,100,,,,13.95,,,92,0.214,522,,,,,Acq,,,,,,,,,,,,,,,30,,0225-DGJZT-CGC-YIN-DMRM-NEG.d,,Find by MRM,,
498,DGJZT_CGC_379_3,,,351.1,,,,,100,,,,13.993,,,29,0.235,109,,,,,Acq,,,,,,,,,,,,,,,30,,0225-DGJZT-CGC-YIN-DMRM-NEG.d,,Find by MRM,,
499,DGJZT_CGC_379_1,,,351.1,,,,,100,,,,14.06,,,14,0.109,40,,,,,Acq,,,,,,,,,,,,,,,30,,0225-DGJZT-CGC-YIN-DMRM-NEG.d,,Find by MRM,,
500,DGJZT_DG_105_3,,,411.2,,,,,100,,,,14.072,,,183,0.395,1867,,,,,Acq,,,,,,,,,,,,,,,30,,0225-DGJZT-CGC-YIN-DMRM-NEG.d,,Find by MRM,,
501,DGJZT_DG_105_1,,,411.2,,,,,100,,,,14.098,,,369,0.332,3041,,,,,Acq,,,,,,,,,,,,,,,30,,0225-DGJZT-CGC-YIN-DMRM-NEG.d,,Find by MRM,,
502,DGJZT_DG_105_2,,,411.2,,,,,100,,,,14.081,,,86,0.24,546,,,,,Acq,,,,,,,,,,,,,,,30,,0225-DGJZT-CGC-YIN-DMRM-NEG.d,,Find by MRM,,
503,DGJZT_CGC_386_1,,,391.2,,,,,100,,,,14.284,,,25,0.139,119,,,,,Acq,,,,,,,,,,,,,,,30,,0225-DGJZT-CGC-YIN-DMRM-NEG.d,,Find by MRM,,
504,DGJZT_CGC_386_2,,,391.2,,,,,100,,,,13.965,,,0,0.1,1,,,,,Acq,,,,,,,,,,,,,,,30,,0225-DGJZT-CGC-YIN-DMRM-NEG.d,,Find by MRM,,
505,DGJZT_DG_107_3,,,649.3,,,,,100,,,,14.155,,,173,0.159,831,,,,,Acq,,,,,,,,,,,,,,,30,,0225-DGJZT-CGC-YIN-DMRM-NEG.d,,Find by MRM,,
506,DGJZT_DG_106_3,,,721.3,,,,,100,,,,14.271,,,185,0.226,1416,,,,,Acq,,,,,,,,,,,,,,,30,,0225-DGJZT-CGC-YIN-DMRM-NEG.d,,Find by MRM,,
507,DGJZT_DG_107_2,,,649.3,,,,,100,,,,14.155,,,573,0.269,3966,,,,,Acq,,,,,,,,,,,,,,,30,,0225-DGJZT-CGC-YIN-DMRM-NEG.d,,Find by MRM,,
508,DGJZT_DG_108_1,,,399.2,,,,,100,,,,14.207,,,264,0.387,1847,,,,,Acq,,,,,,,,,,,,,,,30,,0225-DGJZT-CGC-YIN-DMRM-NEG.d,,Find by MRM,,
509,DGJZT_DG_107_1,,,649.3,,,,,100,,,,14.28,,,1463,0.301,10955,,,,,Acq,,,,,,,,,,,,,,,30,,0225-DGJZT-CGC-YIN-DMRM-NEG.d,,Find by MRM,,
510,DGJZT_DZ_53_1,,,485.3,,,,,100,,,,14.29,,,568,0.358,3997,,,,,Acq,,,,,,,,,,,,,,,30,,0225-DGJZT-CGC-YIN-DMRM-NEG.d,,Find by MRM,,
511,DGJZT_DZ_53_3,,,485.3,,,,,100,,,,14.281,,,75,0.161,321,,,,,Acq,,,,,,,,,,,,,,,30,,0225-DGJZT-CGC-YIN-DMRM-NEG.d,,Find by MRM,,
512,DGJZT_DG_106_1,,,721.3,,,,,100,,,,14.27,,,223,0.294,1539,,,,,Acq,,,,,,,,,,,,,,,30,,0225-DGJZT-CGC-YIN-DMRM-NEG.d,,Find by MRM,,
513,DGJZT_CGC_391_1,,,367.2,,,,,100,,,,14.345,,,12,0.191,52,,,,,Acq,,,,,,,,,,,,,,,30,,0225-DGJZT-CGC-YIN-DMRM-NEG.d,,Find by MRM,,
514,DGJZT_CGC_391_2,,,367.2,,,,,100,,,,14.37,,,2,0.115,4,,,,,Acq,,,,,,,,,,,,,,,30,,0225-DGJZT-CGC-YIN-DMRM-NEG.d,,Find by MRM,,
515,DGJZT_CGC_393_2,,,423.2,,,,,100,,,,14.198,,,13,0.17,62,,,,,Acq,,,,,,,,,,,,,,,30,,0225-DGJZT-CGC-YIN-DMRM-NEG.d,,Find by MRM,,
516,DGJZT_CGC_393_1,,,423.2,,,,,100,,,,14.248,,,24,0.118,87,,,,,Acq,,,,,,,,,,,,,,,30,,0225-DGJZT-CGC-YIN-DMRM-NEG.d,,Find by MRM,,
517,DGJZT_CGC_393_3,,,423.2,,,,,100,,,,14.282,,,4,0.076,7,,,,,Acq,,,,,,,,,,,,,,,30,,0225-DGJZT-CGC-YIN-DMRM-NEG.d,,Find by MRM,,
518,DGJZT_DG_111_2,,,625.3,,,,,100,,,,14.522,,,135,0.39,1021,,,,,Acq,,,,,,,,,,,,,,,30,,0225-DGJZT-CGC-YIN-DMRM-NEG.d,,Find by MRM,,
519,DGJZT_DG_111_1,,,625.3,,,,,100,,,,14.673,,,196,0.192,1278,,,,,Acq,,,,,,,,,,,,,,,30,,0225-DGJZT-CGC-YIN-DMRM-NEG.d,,Find by MRM,,
520,DGJZT_CGC_395_2,,,421.2,,,,,100,,,,14.776,,,2,0.063,3,,,,,Acq,,,,,,,,,,,,,,,30,,0225-DGJZT-CGC-YIN-DMRM-NEG.d,,Find by MRM,,
521,DGJZT_CGC_395_1,,,421.2,,,,,100,,,,14.744,,,14,0.207,89,,,,,Acq,,,,,,,,,,,,,,,30,,0225-DGJZT-CGC-YIN-DMRM-NEG.d,,Find by MRM,,
522,DGJZT_CGC_395_3,,,421.2,,,,,100,,,,14.737,,,2,0.089,6,,,,,Acq,,,,,,,,,,,,,,,30,,0225-DGJZT-CGC-YIN-DMRM-NEG.d,,Find by MRM,,
523,DGJZT_CGC_398_1,,,421.2,,,,,100,,,,14.733,,,18,0.388,128,,,,,Acq,,,,,,,,,,,,,,,30,,0225-DGJZT-CGC-YIN-DMRM-NEG.d,,Find by MRM,,
524,DGJZT_DG_113_2,,,216.9,,,,,100,,,,15.192,,,19,0.391,250,,,,,Acq,,,,,,,,,,,,,,,30,,0225-DGJZT-CGC-YIN-DMRM-NEG.d,,Find by MRM,,
525,DGJZT_DG_113_1,,,216.9,,,,,100,,,,15.161,,,15,0.333,163,,,,,Acq,,,,,,,,,,,,,,,30,,0225-DGJZT-CGC-YIN-DMRM-NEG.d,,Find by MRM,,
526,DGJZT_DG_113_3,,,216.9,,,,,100,,,,15.206,,,17,0.246,134,,,,,Acq,,,,,,,,,,,,,,,30,,0225-DGJZT-CGC-YIN-DMRM-NEG.d,,Find by MRM,,

