﻿#化合物列表: 526 found
#
Cpd,Name,Formula,Purity Result,Precursor,Mass,Diff (ppm),Score (Tgt),Flags (Tgt),Score,Std Dev,Relative Mass Difference (MFG),Base Peak,RT,RT Diff,Target Retention Time Difference,Height,Width,Area,Volume,Vol %,Ions,Saturated,ID Source,Score (MFG),Score (DB),Hit Count,Tgt MFG Hit,FV,Purity Value,Purity Comments,ADC% Area,EIC/TIC% Area,TIC% Area,UVA% Area,Score (Lib),CAS ID,Relative Reference Mass difference,CE,MS/MS Count,File,Notes,Algorithm,Lib/DB
1,DGJZT_SJ_1_3,,,308.1,,,,,100,,,,1.024,,,664,0.184,4059,,,,,Acq,,,,,,,,,,,,,,,30,,0225-DGJZT-DG-YIN-DMRM-NEG.d,,Find by MRM,,
2,DGJZT_SJ_1_1,,,308.1,,,,,100,,,,1.034,,,453,0.169,2506,,,,,Acq,,,,,,,,,,,,,,,30,,0225-DGJZT-DG-YIN-DMRM-NEG.d,,Find by MRM,,
3,DGJZT_SJ_1_2,,,308.1,,,,,100,,,,1.026,,,319,0.22,2284,,,,,Acq,,,,,,,,,,,,,,,30,,0225-DGJZT-DG-YIN-DMRM-NEG.d,,Find by MRM,,
4,DGJZT_DZ_4_3,,,618.2,,,,,100,,,,1.036,,,4360,0.291,42890,,,,,Acq,,,,,,,,,,,,,,,30,,0225-DGJZT-DG-YIN-DMRM-NEG.d,,Find by MRM,,
5,DGJZT_DZ_4_1,,,618.2,,,,,100,,,,1.037,,,9991,0.293,95301,,,,,Acq,,,,,,,,,,,,,,,30,,0225-DGJZT-DG-YIN-DMRM-NEG.d,,Find by MRM,,
6,DGJZT_DZ_4_2,,,618.2,,,,,100,,,,1.038,,,2282,0.299,22514,,,,,Acq,,,,,,,,,,,,,,,30,,0225-DGJZT-DG-YIN-DMRM-NEG.d,,Find by MRM,,
7,DGJZT_DZ_6_1,,,353.1,,,,,100,,,,1.107,,,1364,0.283,13902,,,,,Acq,,,,,,,,,,,,,,,30,,0225-DGJZT-DG-YIN-DMRM-NEG.d,,Find by MRM,,
8,DGJZT_DZ_6_3,,,353.1,,,,,100,,,,1.124,,,1845,0.322,28125,,,,,Acq,,,,,,,,,,,,,,,30,,0225-DGJZT-DG-YIN-DMRM-NEG.d,,Find by MRM,,
9,DGJZT_DG_6_1,,,470.2,,,,,100,,,,1.148,,,1104,0.394,14147,,,,,Acq,,,,,,,,,,,,,,,30,,0225-DGJZT-DG-YIN-DMRM-NEG.d,,Find by MRM,,
10,DGJZT_DZ_9_1,,,618.2,,,,,100,,,,1.043,,,6276,0.254,44863,,,,,Acq,,,,,,,,,,,,,,,30,,0225-DGJZT-DG-YIN-DMRM-NEG.d,,Find by MRM,,
11,DGJZT_DZ_9_2,,,618.2,,,,,100,,,,1.036,,,1681,0.266,11749,,,,,Acq,,,,,,,,,,,,,,,30,,0225-DGJZT-DG-YIN-DMRM-NEG.d,,Find by MRM,,
12,DGJZT_DG_9_3,,,387.1,,,,,100,,,,1.006,,,176,0.074,469,,,,,Acq,,,,,,,,,,,,,,,30,,0225-DGJZT-DG-YIN-DMRM-NEG.d,,Find by MRM,,
13,DGJZT_DZ_9_3,,,618.2,,,,,100,,,,1.344,,,2602,0.327,35074,,,,,Acq,,,,,,,,,,,,,,,30,,0225-DGJZT-DG-YIN-DMRM-NEG.d,,Find by MRM,,
14,DGJZT_DG_10_1,,,527.1,,,,,100,,,,1.222,,,214,0.449,2477,,,,,Acq,,,,,,,,,,,,,,,30,,0225-DGJZT-DG-YIN-DMRM-NEG.d,,Find by MRM,,
15,DGJZT_DG_9_2,,,387.1,,,,,100,,,,1.415,,,408,0.321,5450,,,,,Acq,,,,,,,,,,,,,,,30,,0225-DGJZT-DG-YIN-DMRM-NEG.d,,Find by MRM,,
16,DGJZT_DG_9_1,,,387.1,,,,,100,,,,1.441,,,224,0.24,2194,,,,,Acq,,,,,,,,,,,,,,,30,,0225-DGJZT-DG-YIN-DMRM-NEG.d,,Find by MRM,,
17,DGJZT_DZ_10_2,,,353.1,,,,,100,,,,1.525,,,1751,0.279,10939,,,,,Acq,,,,,,,,,,,,,,,30,,0225-DGJZT-DG-YIN-DMRM-NEG.d,,Find by MRM,,
18,DGJZT_DZ_10_1,,,353.1,,,,,100,,,,1.526,,,1475,0.191,8594,,,,,Acq,,,,,,,,,,,,,,,30,,0225-DGJZT-DG-YIN-DMRM-NEG.d,,Find by MRM,,
19,DGJZT_DG_16_1,,,470.2,,,,,100,,,,1.638,,,424,0.311,3765,,,,,Acq,,,,,,,,,,,,,,,30,,0225-DGJZT-DG-YIN-DMRM-NEG.d,,Find by MRM,,
20,DGJZT_DG_17_2,,,372.1,,,,,100,,,,1.616,,,59,0.217,286,,,,,Acq,,,,,,,,,,,,,,,30,,0225-DGJZT-DG-YIN-DMRM-NEG.d,,Find by MRM,,
21,DGJZT_DG_17_1,,,372.1,,,,,100,,,,1.616,,,39,0.216,183,,,,,Acq,,,,,,,,,,,,,,,30,,0225-DGJZT-DG-YIN-DMRM-NEG.d,,Find by MRM,,
22,DGJZT_BS_3_1,,,343.1,,,,,100,,,,1.659,,,166,0.366,1385,,,,,Acq,,,,,,,,,,,,,,,30,,0225-DGJZT-DG-YIN-DMRM-NEG.d,,Find by MRM,,
23,DGJZT_BS_5_1,,,331.1,,,,,100,,,,1.785,,,159,0.278,1491,,,,,Acq,,,,,,,,,,,,,,,30,,0225-DGJZT-DG-YIN-DMRM-NEG.d,,Find by MRM,,
24,DGJZT_DG_25_1,,,527.1,,,,,100,,,,1.872,,,206,0.403,2214,,,,,Acq,,,,,,,,,,,,,,,30,,0225-DGJZT-DG-YIN-DMRM-NEG.d,,Find by MRM,,
25,DGJZT_BS_5_3,,,331.1,,,,,100,,,,2.036,,,737,0.209,6079,,,,,Acq,,,,,,,,,,,,,,,30,,0225-DGJZT-DG-YIN-DMRM-NEG.d,,Find by MRM,,
26,DGJZT_BS_5_2,,,331.1,,,,,100,,,,2.011,,,660,0.276,5219,,,,,Acq,,,,,,,,,,,,,,,30,,0225-DGJZT-DG-YIN-DMRM-NEG.d,,Find by MRM,,
27,DGJZT_DG_26_1,,,497.1,,,,,100,,,,1.99,,,34,0.165,236,,,,,Acq,,,,,,,,,,,,,,,30,,0225-DGJZT-DG-YIN-DMRM-NEG.d,,Find by MRM,,
28,DGJZT_DG_26_3,,,497.1,,,,,100,,,,1.99,,,27,0.391,280,,,,,Acq,,,,,,,,,,,,,,,30,,0225-DGJZT-DG-YIN-DMRM-NEG.d,,Find by MRM,,
29,DGJZT_BS_6_2,,,331.1,,,,,100,,,,2.028,,,554,0.242,4122,,,,,Acq,,,,,,,,,,,,,,,30,,0225-DGJZT-DG-YIN-DMRM-NEG.d,,Find by MRM,,
30,DGJZT_BS_6_1,,,331.1,,,,,100,,,,2.029,,,722,0.418,7373,,,,,Acq,,,,,,,,,,,,,,,30,,0225-DGJZT-DG-YIN-DMRM-NEG.d,,Find by MRM,,
31,DGJZT_BS_6_3,,,331.1,,,,,100,,,,2.055,,,98,0.148,482,,,,,Acq,,,,,,,,,,,,,,,30,,0225-DGJZT-DG-YIN-DMRM-NEG.d,,Find by MRM,,
32,DGJZT_BS_8_2,,,567.2,,,,,100,,,,2.022,,,74,0.38,772,,,,,Acq,,,,,,,,,,,,,,,30,,0225-DGJZT-DG-YIN-DMRM-NEG.d,,Find by MRM,,
33,DGJZT_BS_9_3,,,421.1,,,,,100,,,,2.084,,,218,0.383,1881,,,,,Acq,,,,,,,,,,,,,,,30,,0225-DGJZT-DG-YIN-DMRM-NEG.d,,Find by MRM,,
34,DGJZT_DG_29_3,,,341.1,,,,,100,,,,2.051,,,91,0.367,1148,,,,,Acq,,,,,,,,,,,,,,,30,,0225-DGJZT-DG-YIN-DMRM-NEG.d,,Find by MRM,,
35,DGJZT_DG_29_1,,,341.1,,,,,100,,,,2.077,,,81,0.221,639,,,,,Acq,,,,,,,,,,,,,,,30,,0225-DGJZT-DG-YIN-DMRM-NEG.d,,Find by MRM,,
36,DGJZT_DG_29_2,,,341.1,,,,,100,,,,2,,,98,0.308,1082,,,,,Acq,,,,,,,,,,,,,,,30,,0225-DGJZT-DG-YIN-DMRM-NEG.d,,Find by MRM,,
37,DGJZT_BS_13_1,,,529.2,,,,,100,,,,2.248,,,1742,0.485,14952,,,,,Acq,,,,,,,,,,,,,,,30,,0225-DGJZT-DG-YIN-DMRM-NEG.d,,Find by MRM,,
38,DGJZT_BS_16_1,,,493.1,,,,,100,,,,2.358,,,3046,0.401,30346,,,,,Acq,,,,,,,,,,,,,,,30,,0225-DGJZT-DG-YIN-DMRM-NEG.d,,Find by MRM,,
39,DGJZT_BS_16_2,,,493.1,,,,,100,,,,2.349,,,323,0.347,2951,,,,,Acq,,,,,,,,,,,,,,,30,,0225-DGJZT-DG-YIN-DMRM-NEG.d,,Find by MRM,,
40,DGJZT_BS_16_3,,,493.1,,,,,100,,,,2.376,,,108,0.331,967,,,,,Acq,,,,,,,,,,,,,,,30,,0225-DGJZT-DG-YIN-DMRM-NEG.d,,Find by MRM,,
41,DGJZT_BS_14_1,,,169,,,,,100,,,,2.338,,,8219,0.467,88942,,,,,Acq,,,,,,,,,,,,,,,30,,0225-DGJZT-DG-YIN-DMRM-NEG.d,,Find by MRM,,
42,DGJZT_BS_14_2,,,169,,,,,100,,,,2.347,,,5183,0.465,55270,,,,,Acq,,,,,,,,,,,,,,,30,,0225-DGJZT-DG-YIN-DMRM-NEG.d,,Find by MRM,,
43,DGJZT_BS_17_1,,,331.1,,,,,100,,,,2.394,,,1238,0.379,10856,,,,,Acq,,,,,,,,,,,,,,,30,,0225-DGJZT-DG-YIN-DMRM-NEG.d,,Find by MRM,,
44,DGJZT_BS_17_2,,,331.1,,,,,100,,,,2.403,,,908,0.354,7745,,,,,Acq,,,,,,,,,,,,,,,30,,0225-DGJZT-DG-YIN-DMRM-NEG.d,,Find by MRM,,
45,DGJZT_BS_17_3,,,331.1,,,,,100,,,,2.388,,,200,0.384,2427,,,,,Acq,,,,,,,,,,,,,,,30,,0225-DGJZT-DG-YIN-DMRM-NEG.d,,Find by MRM,,
46,DGJZT_BS_18_1,,,526.2,,,,,100,,,,2.632,,,404,0.321,3020,,,,,Acq,,,,,,,,,,,,,,,30,,0225-DGJZT-DG-YIN-DMRM-NEG.d,,Find by MRM,,
47,DGJZT_DG_33_3,,,423.1,,,,,100,,,,2.843,,,5,0.092,12,,,,,Acq,,,,,,,,,,,,,,,30,,0225-DGJZT-DG-YIN-DMRM-NEG.d,,Find by MRM,,
48,DGJZT_DG_33_2,,,423.1,,,,,100,,,,2.502,,,3,0.075,7,,,,,Acq,,,,,,,,,,,,,,,30,,0225-DGJZT-DG-YIN-DMRM-NEG.d,,Find by MRM,,
49,DGJZT_DG_33_1,,,423.1,,,,,100,,,,2.618,,,3,0.06,5,,,,,Acq,,,,,,,,,,,,,,,30,,0225-DGJZT-DG-YIN-DMRM-NEG.d,,Find by MRM,,
50,DGJZT_BS_20_1,,,403.1,,,,,100,,,,2.787,,,94,0.305,766,,,,,Acq,,,,,,,,,,,,,,,30,,0225-DGJZT-DG-YIN-DMRM-NEG.d,,Find by MRM,,
51,DGJZT_BS_20_2,,,403.1,,,,,100,,,,2.795,,,165,0.421,1456,,,,,Acq,,,,,,,,,,,,,,,30,,0225-DGJZT-DG-YIN-DMRM-NEG.d,,Find by MRM,,
52,DGJZT_BS_22_1,,,527.1,,,,,100,,,,2.9,,,375,0.326,2897,,,,,Acq,,,,,,,,,,,,,,,30,,0225-DGJZT-DG-YIN-DMRM-NEG.d,,Find by MRM,,
53,DGJZT_DZ_18_2,,,240.1,,,,,100,,,,2.982,,,384,0.45,3982,,,,,Acq,,,,,,,,,,,,,,,30,,0225-DGJZT-DG-YIN-DMRM-NEG.d,,Find by MRM,,
54,DGJZT_BS_23_2,,,315.1,,,,,100,,,,3.004,,,641,0.336,5240,,,,,Acq,,,,,,,,,,,,,,,30,,0225-DGJZT-DG-YIN-DMRM-NEG.d,,Find by MRM,,
55,DGJZT_BS_23_1,,,315.1,,,,,100,,,,3.013,,,579,0.266,4237,,,,,Acq,,,,,,,,,,,,,,,30,,0225-DGJZT-DG-YIN-DMRM-NEG.d,,Find by MRM,,
56,DGJZT_DZ_19_2,,,297.1,,,,,100,,,,3.031,,,314,0.249,2170,,,,,Acq,,,,,,,,,,,,,,,30,,0225-DGJZT-DG-YIN-DMRM-NEG.d,,Find by MRM,,
57,DGJZT_DZ_19_1,,,297.1,,,,,100,,,,3.015,,,225,0.392,1990,,,,,Acq,,,,,,,,,,,,,,,30,,0225-DGJZT-DG-YIN-DMRM-NEG.d,,Find by MRM,,
58,DGJZT_DZ_21_1,,,221.1,,,,,100,,,,3.209,,,199,0.411,1913,,,,,Acq,,,,,,,,,,,,,,,30,,0225-DGJZT-DG-YIN-DMRM-NEG.d,,Find by MRM,,
59,DGJZT_BS_26_3,,,389.1,,,,,100,,,,3.237,,,165,0.267,1184,,,,,Acq,,,,,,,,,,,,,,,30,,0225-DGJZT-DG-YIN-DMRM-NEG.d,,Find by MRM,,
60,DGJZT_BS_25_2,,,527.1,,,,,100,,,,3.252,,,770,0.304,5389,,,,,Acq,,,,,,,,,,,,,,,30,,0225-DGJZT-DG-YIN-DMRM-NEG.d,,Find by MRM,,
61,DGJZT_BS_25_1,,,527.1,,,,,100,,,,3.496,,,205,0.099,4639,,,,,Acq,,,,,,,,,,,,,,,30,,0225-DGJZT-DG-YIN-DMRM-NEG.d,,Find by MRM,,
62,DGJZT_BS_26_2,,,389.1,,,,,100,,,,3.237,,,406,0.428,3439,,,,,Acq,,,,,,,,,,,,,,,30,,0225-DGJZT-DG-YIN-DMRM-NEG.d,,Find by MRM,,
63,DGJZT_BS_27_1,,,633.1,,,,,100,,,,3.344,,,930,0.411,7636,,,,,Acq,,,,,,,,,,,,,,,30,,0225-DGJZT-DG-YIN-DMRM-NEG.d,,Find by MRM,,
64,DGJZT_BS_26_1,,,389.1,,,,,100,,,,3.238,,,512,0.423,4124,,,,,Acq,,,,,,,,,,,,,,,30,,0225-DGJZT-DG-YIN-DMRM-NEG.d,,Find by MRM,,
65,DGJZT_DG_36_2,,,353.1,,,,,100,,,,3.289,,,43,0.253,269,,,,,Acq,,,,,,,,,,,,,,,30,,0225-DGJZT-DG-YIN-DMRM-NEG.d,,Find by MRM,,
66,DGJZT_DG_36_1,,,353.1,,,,,100,,,,3.299,,,32,0.229,180,,,,,Acq,,,,,,,,,,,,,,,30,,0225-DGJZT-DG-YIN-DMRM-NEG.d,,Find by MRM,,
67,DGJZT_DG_36_3,,,353.1,,,,,100,,,,3.323,,,14,0.118,67,,,,,Acq,,,,,,,,,,,,,,,30,,0225-DGJZT-DG-YIN-DMRM-NEG.d,,Find by MRM,,
68,DGJZT_BS_28_3,,,287.1,,,,,100,,,,3.408,,,1263,0.353,10560,,,,,Acq,,,,,,,,,,,,,,,30,,0225-DGJZT-DG-YIN-DMRM-NEG.d,,Find by MRM,,
69,DGJZT_BS_28_1,,,287.1,,,,,100,,,,3.409,,,926,0.387,7837,,,,,Acq,,,,,,,,,,,,,,,30,,0225-DGJZT-DG-YIN-DMRM-NEG.d,,Find by MRM,,
70,DGJZT_BS_28_2,,,287.1,,,,,100,,,,3.418,,,317,0.343,2371,,,,,Acq,,,,,,,,,,,,,,,30,,0225-DGJZT-DG-YIN-DMRM-NEG.d,,Find by MRM,,
71,DGJZT_DG_39_2,,,658.2,,,,,100,,,,3.636,,,2,0.093,4,,,,,Acq,,,,,,,,,,,,,,,30,,0225-DGJZT-DG-YIN-DMRM-NEG.d,,Find by MRM,,
72,DGJZT_DG_39_1,,,658.2,,,,,100,,,,3.268,,,2,0.12,7,,,,,Acq,,,,,,,,,,,,,,,30,,0225-DGJZT-DG-YIN-DMRM-NEG.d,,Find by MRM,,
73,DGJZT_BS_29_1,,,451.1,,,,,100,,,,3.48,,,590,0.423,6181,,,,,Acq,,,,,,,,,,,,,,,30,,0225-DGJZT-DG-YIN-DMRM-NEG.d,,Find by MRM,,
74,DGJZT_BS_37_1,,,483.1,,,,,100,,,,3.841,,,430,0.093,8863,,,,,Acq,,,,,,,,,,,,,,,30,,0225-DGJZT-DG-YIN-DMRM-NEG.d,,Find by MRM,,
75,DGJZT_BS_37_3,,,483.1,,,,,100,,,,3.69,,,280,0.42,2918,,,,,Acq,,,,,,,,,,,,,,,30,,0225-DGJZT-DG-YIN-DMRM-NEG.d,,Find by MRM,,
76,DGJZT_DG_41_2,,,355.1,,,,,100,,,,3.676,,,31,0.185,204,,,,,Acq,,,,,,,,,,,,,,,30,,0225-DGJZT-DG-YIN-DMRM-NEG.d,,Find by MRM,,
77,DGJZT_DG_41_3,,,355.1,,,,,100,,,,3.692,,,49,0.278,290,,,,,Acq,,,,,,,,,,,,,,,30,,0225-DGJZT-DG-YIN-DMRM-NEG.d,,Find by MRM,,
78,DGJZT_DG_41_1,,,355.1,,,,,100,,,,3.685,,,159,0.386,1246,,,,,Acq,,,,,,,,,,,,,,,30,,0225-DGJZT-DG-YIN-DMRM-NEG.d,,Find by MRM,,
79,DGJZT_DG_42_3,,,491.1,,,,,100,,,,3.705,,,19,0.23,123,,,,,Acq,,,,,,,,,,,,,,,30,,0225-DGJZT-DG-YIN-DMRM-NEG.d,,Find by MRM,,
80,DGJZT_DG_42_1,,,491.1,,,,,100,,,,3.755,,,27,0.1,93,,,,,Acq,,,,,,,,,,,,,,,30,,0225-DGJZT-DG-YIN-DMRM-NEG.d,,Find by MRM,,
81,DGJZT_BS_40_2,,,391.2,,,,,100,,,,3.767,,,287,0.333,2302,,,,,Acq,,,,,,,,,,,,,,,30,,0225-DGJZT-DG-YIN-DMRM-NEG.d,,Find by MRM,,
82,DGJZT_BS_40_3,,,391.2,,,,,100,,,,3.783,,,332,0.338,2385,,,,,Acq,,,,,,,,,,,,,,,30,,0225-DGJZT-DG-YIN-DMRM-NEG.d,,Find by MRM,,
83,DGJZT_GZ_4_1,,,349.1,,,,,100,,,,3.836,,,447,0.416,4179,,,,,Acq,,,,,,,,,,,,,,,30,,0225-DGJZT-DG-YIN-DMRM-NEG.d,,Find by MRM,,
84,DGJZT_DG_43_1,,,293.1,,,,,100,,,,3.845,,,45,0.414,507,,,,,Acq,,,,,,,,,,,,,,,30,,0225-DGJZT-DG-YIN-DMRM-NEG.d,,Find by MRM,,
85,DGJZT_CGC_7_1,,,631.1,,,,,100,,,,3.771,,,503,0.392,5742,,,,,Acq,,,,,,,,,,,,,,,30,,0225-DGJZT-DG-YIN-DMRM-NEG.d,,Find by MRM,,
86,DGJZT_DG_42_2,,,491.1,,,,,100,,,,3.721,,,12,0.099,33,,,,,Acq,,,,,,,,,,,,,,,30,,0225-DGJZT-DG-YIN-DMRM-NEG.d,,Find by MRM,,
87,DGJZT_BS_45_1,,,635.1,,,,,100,,,,3.939,,,557,0.381,5139,,,,,Acq,,,,,,,,,,,,,,,30,,0225-DGJZT-DG-YIN-DMRM-NEG.d,,Find by MRM,,
88,DGJZT_DZ_23_1,,,477.2,,,,,100,,,,3.925,,,202,0.209,1136,,,,,Acq,,,,,,,,,,,,,,,30,,0225-DGJZT-DG-YIN-DMRM-NEG.d,,Find by MRM,,
89,DGJZT_DZ_24_2,,,431.2,,,,,100,,,,3.917,,,141,0.217,767,,,,,Acq,,,,,,,,,,,,,,,30,,0225-DGJZT-DG-YIN-DMRM-NEG.d,,Find by MRM,,
90,DGJZT_DZ_24_1,,,431.2,,,,,100,,,,3.917,,,147,0.158,711,,,,,Acq,,,,,,,,,,,,,,,30,,0225-DGJZT-DG-YIN-DMRM-NEG.d,,Find by MRM,,
91,DGJZT_DZ_25_2,,,639.2,,,,,100,,,,4.082,,,80,0.217,459,,,,,Acq,,,,,,,,,,,,,,,30,,0225-DGJZT-DG-YIN-DMRM-NEG.d,,Find by MRM,,
92,DGJZT_DG_46_2,,,353.1,,,,,100,,,,4.163,,,25,0.138,98,,,,,Acq,,,,,,,,,,,,,,,30,,0225-DGJZT-DG-YIN-DMRM-NEG.d,,Find by MRM,,
93,DGJZT_DG_46_1,,,353.1,,,,,100,,,,3.962,,,13,0.135,53,,,,,Acq,,,,,,,,,,,,,,,30,,0225-DGJZT-DG-YIN-DMRM-NEG.d,,Find by MRM,,
94,DGJZT_DZ_25_3,,,639.2,,,,,100,,,,4.023,,,263,0.412,2875,,,,,Acq,,,,,,,,,,,,,,,30,,0225-DGJZT-DG-YIN-DMRM-NEG.d,,Find by MRM,,
95,DGJZT_DZ_25_1,,,639.2,,,,,100,,,,4.049,,,64,0.244,491,,,,,Acq,,,,,,,,,,,,,,,30,,0225-DGJZT-DG-YIN-DMRM-NEG.d,,Find by MRM,,
96,DGJZT_BS_44_1,,,511.1,,,,,100,,,,3.881,,,123,0.131,464,,,,,Acq,,,,,,,,,,,,,,,30,,0225-DGJZT-DG-YIN-DMRM-NEG.d,,Find by MRM,,
97,DGJZT_CGC_13_1,,,789.2,,,,,100,,,,4.122,,,17968,0.444,133952,,,,,Acq,,,,,,,,,,,,,,,30,,0225-DGJZT-DG-YIN-DMRM-NEG.d,,Find by MRM,,
98,DGJZT_CGC_16_1,,,625.2,,,,,100,,,,4.159,,,2062,0.417,18897,,,,,Acq,,,,,,,,,,,,,,,30,,0225-DGJZT-DG-YIN-DMRM-NEG.d,,Find by MRM,,
99,DGJZT_BS_46_3,,,525.2,,,,,100,,,,4.177,,,255,0.367,2345,,,,,Acq,,,,,,,,,,,,,,,30,,0225-DGJZT-DG-YIN-DMRM-NEG.d,,Find by MRM,,
100,DGJZT_CGC_14_1,,,417.1,,,,,100,,,,4.154,,,1393,0.409,12295,,,,,Acq,,,,,,,,,,,,,,,30,,0225-DGJZT-DG-YIN-DMRM-NEG.d,,Find by MRM,,
101,DGJZT_CGC_18_1,,,711.2,,,,,100,,,,4.199,,,473,0.317,3862,,,,,Acq,,,,,,,,,,,,,,,30,,0225-DGJZT-DG-YIN-DMRM-NEG.d,,Find by MRM,,
102,DGJZT_CGC_14_3,,,417.1,,,,,100,,,,4.145,,,1487,0.441,13991,,,,,Acq,,,,,,,,,,,,,,,30,,0225-DGJZT-DG-YIN-DMRM-NEG.d,,Find by MRM,,
103,DGJZT_CGC_14_2,,,417.1,,,,,100,,,,4.154,,,519,0.452,4947,,,,,Acq,,,,,,,,,,,,,,,30,,0225-DGJZT-DG-YIN-DMRM-NEG.d,,Find by MRM,,
104,DGJZT_CGC_18_3,,,711.2,,,,,100,,,,4.199,,,4530,0.44,37402,,,,,Acq,,,,,,,,,,,,,,,30,,0225-DGJZT-DG-YIN-DMRM-NEG.d,,Find by MRM,,
105,DGJZT_CGC_17_1,,,549.2,,,,,100,,,,4.201,,,235,0.308,1788,,,,,Acq,,,,,,,,,,,,,,,30,,0225-DGJZT-DG-YIN-DMRM-NEG.d,,Find by MRM,,
106,DGJZT_BS_53_1,,,635.1,,,,,100,,,,4.359,,,567,0.413,6457,,,,,Acq,,,,,,,,,,,,,,,30,,0225-DGJZT-DG-YIN-DMRM-NEG.d,,Find by MRM,,
107,DGJZT_BS_51_2,,,183,,,,,100,,,,4.298,,,1424,0.425,12607,,,,,Acq,,,,,,,,,,,,,,,30,,0225-DGJZT-DG-YIN-DMRM-NEG.d,,Find by MRM,,
108,DGJZT_BS_51_1,,,183,,,,,100,,,,4.298,,,1323,0.432,12120,,,,,Acq,,,,,,,,,,,,,,,30,,0225-DGJZT-DG-YIN-DMRM-NEG.d,,Find by MRM,,
109,DGJZT_DZ_26_2,,,755.3,,,,,100,,,,4.324,,,276,0.416,2158,,,,,Acq,,,,,,,,,,,,,,,30,,0225-DGJZT-DG-YIN-DMRM-NEG.d,,Find by MRM,,
110,DGJZT_BS_56_1,,,687.2,,,,,100,,,,4.392,,,1709,0.367,15654,,,,,Acq,,,,,,,,,,,,,,,30,,0225-DGJZT-DG-YIN-DMRM-NEG.d,,Find by MRM,,
111,DGJZT_BS_54_1,,,327.1,,,,,100,,,,4.38,,,673,0.424,6632,,,,,Acq,,,,,,,,,,,,,,,30,,0225-DGJZT-DG-YIN-DMRM-NEG.d,,Find by MRM,,
112,DGJZT_DG_49_1,,,215.1,,,,,100,,,,4.472,,,15,0.234,114,,,,,Acq,,,,,,,,,,,,,,,30,,0225-DGJZT-DG-YIN-DMRM-NEG.d,,Find by MRM,,
113,DGJZT_DG_49_2,,,215.1,,,,,100,,,,4.531,,,10,0.138,52,,,,,Acq,,,,,,,,,,,,,,,30,,0225-DGJZT-DG-YIN-DMRM-NEG.d,,Find by MRM,,
114,DGJZT_CGC_19_1,,,593.2,,,,,100,,,,4.612,,,1675,0.307,12830,,,,,Acq,,,,,,,,,,,,,,,30,,0225-DGJZT-DG-YIN-DMRM-NEG.d,,Find by MRM,,
115,DGJZT_BS_60_1,,,631.2,,,,,100,,,,4.702,,,190,0.439,1915,,,,,Acq,,,,,,,,,,,,,,,30,,0225-DGJZT-DG-YIN-DMRM-NEG.d,,Find by MRM,,
116,DGJZT_BS_60_3,,,631.2,,,,,100,,,,4.702,,,1354,0.46,14122,,,,,Acq,,,,,,,,,,,,,,,30,,0225-DGJZT-DG-YIN-DMRM-NEG.d,,Find by MRM,,
117,DGJZT_BS_61_1,,,491.1,,,,,100,,,,4.737,,,1400,0.376,10880,,,,,Acq,,,,,,,,,,,,,,,30,,0225-DGJZT-DG-YIN-DMRM-NEG.d,,Find by MRM,,
118,DGJZT_GZ_6_2,,,415.1,,,,,100,,,,4.763,,,259,0.419,2178,,,,,Acq,,,,,,,,,,,,,,,30,,0225-DGJZT-DG-YIN-DMRM-NEG.d,,Find by MRM,,
119,DGJZT_GZ_6_1,,,415.1,,,,,100,,,,4.756,,,310,0.35,2665,,,,,Acq,,,,,,,,,,,,,,,30,,0225-DGJZT-DG-YIN-DMRM-NEG.d,,Find by MRM,,
120,DGJZT_BS_62_2,,,519.2,,,,,100,,,,4.803,,,207,0.337,1740,,,,,Acq,,,,,,,,,,,,,,,30,,0225-DGJZT-DG-YIN-DMRM-NEG.d,,Find by MRM,,
121,DGJZT_BS_62_1,,,519.2,,,,,100,,,,4.795,,,220,0.284,1527,,,,,Acq,,,,,,,,,,,,,,,30,,0225-DGJZT-DG-YIN-DMRM-NEG.d,,Find by MRM,,
122,DGJZT_BS_66_3,,,687.2,,,,,100,,,,4.834,,,3263,0.386,30254,,,,,Acq,,,,,,,,,,,,,,,30,,0225-DGJZT-DG-YIN-DMRM-NEG.d,,Find by MRM,,
123,DGJZT_BS_66_1,,,687.2,,,,,100,,,,4.835,,,17282,0.4,159247,,,,,Acq,,,,,,,,,,,,,,,30,,0225-DGJZT-DG-YIN-DMRM-NEG.d,,Find by MRM,,
124,DGJZT_BS_66_2,,,687.2,,,,,100,,,,4.835,,,491,0.397,4809,,,,,Acq,,,,,,,,,,,,,,,30,,0225-DGJZT-DG-YIN-DMRM-NEG.d,,Find by MRM,,
125,DGJZT_GZ_8_2,,,327.1,,,,,100,,,,4.958,,,436,0.3,2949,,,,,Acq,,,,,,,,,,,,,,,30,,0225-DGJZT-DG-YIN-DMRM-NEG.d,,Find by MRM,,
126,DGJZT_GZ_8_1,,,327.1,,,,,100,,,,4.95,,,1190,0.391,8117,,,,,Acq,,,,,,,,,,,,,,,30,,0225-DGJZT-DG-YIN-DMRM-NEG.d,,Find by MRM,,
127,DGJZT_GZ_8_3,,,327.1,,,,,100,,,,4.959,,,71,0.318,440,,,,,Acq,,,,,,,,,,,,,,,30,,0225-DGJZT-DG-YIN-DMRM-NEG.d,,Find by MRM,,
128,DGJZT_GZ_9_3,,,363.1,,,,,100,,,,5.023,,,107,0.403,1145,,,,,Acq,,,,,,,,,,,,,,,30,,0225-DGJZT-DG-YIN-DMRM-NEG.d,,Find by MRM,,
129,DGJZT_DZ_28_3,,,340.2,,,,,100,,,,5.041,,,564,0.39,5703,,,,,Acq,,,,,,,,,,,,,,,30,,0225-DGJZT-DG-YIN-DMRM-NEG.d,,Find by MRM,,
130,DGJZT_DZ_28_2,,,340.2,,,,,100,,,,5.049,,,2347,0.467,24107,,,,,Acq,,,,,,,,,,,,,,,30,,0225-DGJZT-DG-YIN-DMRM-NEG.d,,Find by MRM,,
131,DGJZT_DZ_28_1,,,340.2,,,,,100,,,,5.066,,,496,0.348,4775,,,,,Acq,,,,,,,,,,,,,,,30,,0225-DGJZT-DG-YIN-DMRM-NEG.d,,Find by MRM,,
132,DGJZT_BS_75_1,,,525.2,,,,,100,,,,5.098,,,83756,0.42,901928,,,,,Acq,,,,,,,,,,,,,,,30,,0225-DGJZT-DG-YIN-DMRM-NEG.d,,Find by MRM,,
133,DGJZT_DZ_30_1,,,579.3,,,,,100,,,,5.171,,,228,0.445,1775,,,,,Acq,,,,,,,,,,,,,,,30,,0225-DGJZT-DG-YIN-DMRM-NEG.d,,Find by MRM,,
134,DGJZT_BS_79_1,,,787.1,,,,,100,,,,5.195,,,398,0.425,4952,,,,,Acq,,,,,,,,,,,,,,,30,,0225-DGJZT-DG-YIN-DMRM-NEG.d,,Find by MRM,,
135,DGJZT_SJ_4_1,,,519.2,,,,,100,,,,5.215,,,316,0.338,3174,,,,,Acq,,,,,,,,,,,,,,,30,,0225-DGJZT-DG-YIN-DMRM-NEG.d,,Find by MRM,,
136,DGJZT_BS_80_2,,,631.2,,,,,100,,,,5.271,,,7519,0.399,69981,,,,,Acq,,,,,,,,,,,,,,,30,,0225-DGJZT-DG-YIN-DMRM-NEG.d,,Find by MRM,,
137,DGJZT_BS_80_1,,,631.2,,,,,100,,,,5.263,,,1274,0.413,11837,,,,,Acq,,,,,,,,,,,,,,,30,,0225-DGJZT-DG-YIN-DMRM-NEG.d,,Find by MRM,,
138,DGJZT_DZ_31_1,,,741.2,,,,,100,,,,5.329,,,578,0.342,4066,,,,,Acq,,,,,,,,,,,,,,,30,,0225-DGJZT-DG-YIN-DMRM-NEG.d,,Find by MRM,,
139,DGJZT_BS_81_2,,,541.2,,,,,100,,,,5.297,,,665,0.406,4817,,,,,Acq,,,,,,,,,,,,,,,30,,0225-DGJZT-DG-YIN-DMRM-NEG.d,,Find by MRM,,
140,DGJZT_BS_81_1,,,541.2,,,,,100,,,,5.306,,,2653,0.344,19837,,,,,Acq,,,,,,,,,,,,,,,30,,0225-DGJZT-DG-YIN-DMRM-NEG.d,,Find by MRM,,
141,DGJZT_DG_58_2,,,367.1,,,,,100,,,,5.336,,,10,0.203,73,,,,,Acq,,,,,,,,,,,,,,,30,,0225-DGJZT-DG-YIN-DMRM-NEG.d,,Find by MRM,,
142,DGJZT_DG_58_1,,,367.1,,,,,100,,,,5.428,,,9,0.101,24,,,,,Acq,,,,,,,,,,,,,,,30,,0225-DGJZT-DG-YIN-DMRM-NEG.d,,Find by MRM,,
143,DGJZT_DG_58_3,,,367.1,,,,,100,,,,5.352,,,15,0.149,86,,,,,Acq,,,,,,,,,,,,,,,30,,0225-DGJZT-DG-YIN-DMRM-NEG.d,,Find by MRM,,
144,DGJZT_BS_86_3,,,525.2,,,,,100,,,,5.483,,,28607,0.476,773121,,,,,Acq,,,,,,,,,,,,,,,30,,0225-DGJZT-DG-YIN-DMRM-NEG.d,,Find by MRM,,
145,DGJZT_BS_86_2,,,525.2,,,,,100,,,,5.484,,,345,0.385,4644,,,,,Acq,,,,,,,,,,,,,,,30,,0225-DGJZT-DG-YIN-DMRM-NEG.d,,Find by MRM,,
146,DGJZT_BS_86_1,,,525.2,,,,,100,,,,5.526,,,130518,0.388,2944645,,,,,Acq,,,,,,,,,,,,,,,30,,0225-DGJZT-DG-YIN-DMRM-NEG.d,,Find by MRM,,
147,DGJZT_BS_85_3,,,449.1,,,,,100,,,,5.486,,,185,0.488,2974,,,,,Acq,,,,,,,,,,,,,,,30,,0225-DGJZT-DG-YIN-DMRM-NEG.d,,Find by MRM,,
148,DGJZT_BS_85_2,,,449.1,,,,,100,,,,5.486,,,71,0.21,549,,,,,Acq,,,,,,,,,,,,,,,30,,0225-DGJZT-DG-YIN-DMRM-NEG.d,,Find by MRM,,
149,DGJZT_BS_85_1,,,449.1,,,,,100,,,,5.486,,,6383,0.484,93990,,,,,Acq,,,,,,,,,,,,,,,30,,0225-DGJZT-DG-YIN-DMRM-NEG.d,,Find by MRM,,
150,DGJZT_BS_82_3,,,327.1,,,,,100,,,,5.446,,,54,0.201,358,,,,,Acq,,,,,,,,,,,,,,,30,,0225-DGJZT-DG-YIN-DMRM-NEG.d,,Find by MRM,,
151,DGJZT_BS_96_3,,,497.2,,,,,100,,,,5.617,,,482,0.334,3577,,,,,Acq,,,,,,,,,,,,,,,30,,0225-DGJZT-DG-YIN-DMRM-NEG.d,,Find by MRM,,
152,DGJZT_CGC_24_2,,,579.2,,,,,100,,,,5.624,,,4931,0.253,36238,,,,,Acq,,,,,,,,,,,,,,,30,,0225-DGJZT-DG-YIN-DMRM-NEG.d,,Find by MRM,,
153,DGJZT_BS_96_2,,,497.2,,,,,100,,,,5.609,,,354,0.398,2946,,,,,Acq,,,,,,,,,,,,,,,30,,0225-DGJZT-DG-YIN-DMRM-NEG.d,,Find by MRM,,
154,DGJZT_GZ_11_3,,,581.2,,,,,100,,,,5.691,,,216,0.434,1960,,,,,Acq,,,,,,,,,,,,,,,30,,0225-DGJZT-DG-YIN-DMRM-NEG.d,,Find by MRM,,
155,DGJZT_CGC_24_1,,,579.2,,,,,100,,,,5.641,,,462,0.334,3645,,,,,Acq,,,,,,,,,,,,,,,30,,0225-DGJZT-DG-YIN-DMRM-NEG.d,,Find by MRM,,
156,DGJZT_CGC_27_1,,,737.2,,,,,100,,,,5.857,,,446,0.423,5445,,,,,Acq,,,,,,,,,,,,,,,30,,0225-DGJZT-DG-YIN-DMRM-NEG.d,,Find by MRM,,
157,DGJZT_BS_97_1,,,495.2,,,,,100,,,,5.838,,,12127,0.356,100207,,,,,Acq,,,,,,,,,,,,,,,30,,0225-DGJZT-DG-YIN-DMRM-NEG.d,,Find by MRM,,
158,DGJZT_CGC_26_1,,,737.2,,,,,100,,,,5.857,,,342,0.445,3983,,,,,Acq,,,,,,,,,,,,,,,30,,0225-DGJZT-DG-YIN-DMRM-NEG.d,,Find by MRM,,
159,DGJZT_CGC_28_1,,,625.2,,,,,100,,,,5.917,,,844,0.427,7433,,,,,Acq,,,,,,,,,,,,,,,30,,0225-DGJZT-DG-YIN-DMRM-NEG.d,,Find by MRM,,
160,DGJZT_BS_101_1,,,787.1,,,,,100,,,,5.915,,,1309,0.276,11457,,,,,Acq,,,,,,,,,,,,,,,30,,0225-DGJZT-DG-YIN-DMRM-NEG.d,,Find by MRM,,
161,DGJZT_BS_102_2,,,519.2,,,,,100,,,,5.87,,,338,0.454,2967,,,,,Acq,,,,,,,,,,,,,,,30,,0225-DGJZT-DG-YIN-DMRM-NEG.d,,Find by MRM,,
162,DGJZT_BS_102_1,,,519.2,,,,,100,,,,5.871,,,247,0.43,2008,,,,,Acq,,,,,,,,,,,,,,,30,,0225-DGJZT-DG-YIN-DMRM-NEG.d,,Find by MRM,,
163,DGJZT_CGC_29_1,,,415.1,,,,,100,,,,5.948,,,631,0.319,5341,,,,,Acq,,,,,,,,,,,,,,,30,,0225-DGJZT-DG-YIN-DMRM-NEG.d,,Find by MRM,,
164,DGJZT_DZ_32_2,,,623.3,,,,,100,,,,6.068,,,1461,0.456,24517,,,,,Acq,,,,,,,,,,,,,,,30,,0225-DGJZT-DG-YIN-DMRM-NEG.d,,Find by MRM,,
165,DGJZT_DZ_32_1,,,623.3,,,,,100,,,,6.085,,,151,0.359,1494,,,,,Acq,,,,,,,,,,,,,,,30,,0225-DGJZT-DG-YIN-DMRM-NEG.d,,Find by MRM,,
166,DGJZT_BS_103_2,,,787.1,,,,,100,,,,6.166,,,999,0.336,9293,,,,,Acq,,,,,,,,,,,,,,,30,,0225-DGJZT-DG-YIN-DMRM-NEG.d,,Find by MRM,,
167,DGJZT_BS_103_1,,,787.1,,,,,100,,,,6.142,,,568,0.31,5545,,,,,Acq,,,,,,,,,,,,,,,30,,0225-DGJZT-DG-YIN-DMRM-NEG.d,,Find by MRM,,
168,DGJZT_DG_61_2,,,527.2,,,,,100,,,,6.147,,,13,0.152,52,,,,,Acq,,,,,,,,,,,,,,,30,,0225-DGJZT-DG-YIN-DMRM-NEG.d,,Find by MRM,,
169,DGJZT_BS_104_2,,,477.1,,,,,100,,,,6.224,,,486,0.351,3927,,,,,Acq,,,,,,,,,,,,,,,30,,0225-DGJZT-DG-YIN-DMRM-NEG.d,,Find by MRM,,
170,DGJZT_DZ_33_3,,,609.1,,,,,100,,,,6.311,,,5363,0.412,47034,,,,,Acq,,,,,,,,,,,,,,,30,,0225-DGJZT-DG-YIN-DMRM-NEG.d,,Find by MRM,,
171,DGJZT_DZ_33_1,,,609.1,,,,,100,,,,6.303,,,8765,0.391,75583,,,,,Acq,,,,,,,,,,,,,,,30,,0225-DGJZT-DG-YIN-DMRM-NEG.d,,Find by MRM,,
172,DGJZT_CGC_33_1,,,579.2,,,,,100,,,,6.478,,,1365,0.184,10403,,,,,Acq,,,,,,,,,,,,,,,30,,0225-DGJZT-DG-YIN-DMRM-NEG.d,,Find by MRM,,
173,DGJZT_CGC_33_2,,,579.2,,,,,100,,,,6.487,,,124,0.192,878,,,,,Acq,,,,,,,,,,,,,,,30,,0225-DGJZT-DG-YIN-DMRM-NEG.d,,Find by MRM,,
174,DGJZT_GZ_15_1,,,559.2,,,,,100,,,,6.305,,,2913,0.424,22611,,,,,Acq,,,,,,,,,,,,,,,30,,0225-DGJZT-DG-YIN-DMRM-NEG.d,,Find by MRM,,
175,DGJZT_DZ_33_2,,,609.1,,,,,100,,,,6.295,,,194,0.401,1635,,,,,Acq,,,,,,,,,,,,,,,30,,0225-DGJZT-DG-YIN-DMRM-NEG.d,,Find by MRM,,
176,DGJZT_CGC_31_1,,,549.2,,,,,100,,,,6.414,,,142754,0.357,1434215,,,,,Acq,,,,,,,,,,,,,,,30,,0225-DGJZT-DG-YIN-DMRM-NEG.d,,Find by MRM,,
177,DGJZT_CGC_31_2,,,549.2,,,,,100,,,,6.405,,,11998,0.357,120973,,,,,Acq,,,,,,,,,,,,,,,30,,0225-DGJZT-DG-YIN-DMRM-NEG.d,,Find by MRM,,
178,DGJZT_CGC_31_3,,,549.2,,,,,100,,,,6.39,,,2613,0.349,25944,,,,,Acq,,,,,,,,,,,,,,,30,,0225-DGJZT-DG-YIN-DMRM-NEG.d,,Find by MRM,,
179,DGJZT_CGC_40_2,,,1099.3,,,,,100,,,,6.401,,,26883,0.352,187726,,,,,Acq,,,,,,,,,,,,,,,30,,0225-DGJZT-DG-YIN-DMRM-NEG.d,,Find by MRM,,
180,DGJZT_CGC_36_1,,,549.2,,,,,100,,,,6.413,,,135623,0.383,1286364,,,,,Acq,,,,,,,,,,,,,,,30,,0225-DGJZT-DG-YIN-DMRM-NEG.d,,Find by MRM,,
181,DGJZT_CGC_36_2,,,549.2,,,,,100,,,,6.413,,,11595,0.383,108845,,,,,Acq,,,,,,,,,,,,,,,30,,0225-DGJZT-DG-YIN-DMRM-NEG.d,,Find by MRM,,
182,DGJZT_CGC_36_3,,,549.2,,,,,100,,,,6.413,,,2510,0.329,22675,,,,,Acq,,,,,,,,,,,,,,,30,,0225-DGJZT-DG-YIN-DMRM-NEG.d,,Find by MRM,,
183,DGJZT_CGC_43_3,,,707.2,,,,,100,,,,6.502,,,5259,0.328,44593,,,,,Acq,,,,,,,,,,,,,,,30,,0225-DGJZT-DG-YIN-DMRM-NEG.d,,Find by MRM,,
184,DGJZT_CGC_43_1,,,707.2,,,,,100,,,,6.578,,,727,0.206,5070,,,,,Acq,,,,,,,,,,,,,,,30,,0225-DGJZT-DG-YIN-DMRM-NEG.d,,Find by MRM,,
185,DGJZT_BS_105_1,,,441.1,,,,,100,,,,6.49,,,215,0.401,1734,,,,,Acq,,,,,,,,,,,,,,,30,,0225-DGJZT-DG-YIN-DMRM-NEG.d,,Find by MRM,,
186,DGJZT_CGC_43_2,,,707.2,,,,,100,,,,6.603,,,609,0.425,8389,,,,,Acq,,,,,,,,,,,,,,,30,,0225-DGJZT-DG-YIN-DMRM-NEG.d,,Find by MRM,,
187,DGJZT_CGC_47_2,,,417.1,,,,,100,,,,6.599,,,38093,0.519,428275,,,,,Acq,,,,,,,,,,,,,,,30,,0225-DGJZT-DG-YIN-DMRM-NEG.d,,Find by MRM,,
188,DGJZT_CGC_47_3,,,417.1,,,,,100,,,,6.59,,,124205,0.466,1288679,,,,,Acq,,,,,,,,,,,,,,,30,,0225-DGJZT-DG-YIN-DMRM-NEG.d,,Find by MRM,,
189,DGJZT_CGC_47_1,,,417.1,,,,,100,,,,6.599,,,107468,0.465,1095033,,,,,Acq,,,,,,,,,,,,,,,30,,0225-DGJZT-DG-YIN-DMRM-NEG.d,,Find by MRM,,
190,DGJZT_BS_106_2,,,301,,,,,100,,,,6.692,,,282,0.26,2012,,,,,Acq,,,,,,,,,,,,,,,30,,0225-DGJZT-DG-YIN-DMRM-NEG.d,,Find by MRM,,
191,DGJZT_CGC_54_1,,,565.2,,,,,100,,,,6.613,,,190,0.293,1520,,,,,Acq,,,,,,,,,,,,,,,30,,0225-DGJZT-DG-YIN-DMRM-NEG.d,,Find by MRM,,
192,DGJZT_GZ_16_1,,,475.2,,,,,100,,,,6.715,,,125,0.249,908,,,,,Acq,,,,,,,,,,,,,,,30,,0225-DGJZT-DG-YIN-DMRM-NEG.d,,Find by MRM,,
193,DGJZT_BS_107_2,,,309.1,,,,,100,,,,6.658,,,569,0.449,5472,,,,,Acq,,,,,,,,,,,,,,,30,,0225-DGJZT-DG-YIN-DMRM-NEG.d,,Find by MRM,,
194,DGJZT_BS_107_1,,,309.1,,,,,100,,,,6.65,,,400,0.447,3796,,,,,Acq,,,,,,,,,,,,,,,30,,0225-DGJZT-DG-YIN-DMRM-NEG.d,,Find by MRM,,
195,DGJZT_BS_106_3,,,301,,,,,100,,,,6.667,,,337,0.37,2751,,,,,Acq,,,,,,,,,,,,,,,30,,0225-DGJZT-DG-YIN-DMRM-NEG.d,,Find by MRM,,
196,DGJZT_BS_106_1,,,301,,,,,100,,,,6.676,,,301,0.385,2846,,,,,Acq,,,,,,,,,,,,,,,30,,0225-DGJZT-DG-YIN-DMRM-NEG.d,,Find by MRM,,
197,DGJZT_BS_108_2,,,631.2,,,,,100,,,,6.814,,,467,0.358,4239,,,,,Acq,,,,,,,,,,,,,,,30,,0225-DGJZT-DG-YIN-DMRM-NEG.d,,Find by MRM,,
198,DGJZT_SJ_5_3,,,475.2,,,,,100,,,,6.765,,,106,0.303,860,,,,,Acq,,,,,,,,,,,,,,,30,,0225-DGJZT-DG-YIN-DMRM-NEG.d,,Find by MRM,,
199,DGJZT_BS_108_3,,,631.2,,,,,100,,,,6.814,,,17856,0.419,162120,,,,,Acq,,,,,,,,,,,,,,,30,,0225-DGJZT-DG-YIN-DMRM-NEG.d,,Find by MRM,,
200,DGJZT_BS_108_1,,,631.2,,,,,100,,,,6.806,,,6480,0.44,62249,,,,,Acq,,,,,,,,,,,,,,,30,,0225-DGJZT-DG-YIN-DMRM-NEG.d,,Find by MRM,,
201,DGJZT_DG_65_1,,,193,,,,,100,,,,6.852,,,20,0.1,66,,,,,Acq,,,,,,,,,,,,,,,30,,0225-DGJZT-DG-YIN-DMRM-NEG.d,,Find by MRM,,
202,DGJZT_DG_64_1,,,178,,,,,100,,,,6.786,,,20,0.151,72,,,,,Acq,,,,,,,,,,,,,,,30,,0225-DGJZT-DG-YIN-DMRM-NEG.d,,Find by MRM,,
203,DGJZT_DG_64_2,,,178,,,,,100,,,,6.812,,,14,0.151,61,,,,,Acq,,,,,,,,,,,,,,,30,,0225-DGJZT-DG-YIN-DMRM-NEG.d,,Find by MRM,,
204,DGJZT_DG_65_3,,,193,,,,,100,,,,6.802,,,21,0.243,165,,,,,Acq,,,,,,,,,,,,,,,30,,0225-DGJZT-DG-YIN-DMRM-NEG.d,,Find by MRM,,
205,DGJZT_BS_118_1,,,939.1,,,,,100,,,,6.946,,,1800,0.385,17785,,,,,Acq,,,,,,,,,,,,,,,30,,0225-DGJZT-DG-YIN-DMRM-NEG.d,,Find by MRM,,
206,DGJZT_BS_118_2,,,939.1,,,,,100,,,,6.922,,,164,0.394,1489,,,,,Acq,,,,,,,,,,,,,,,30,,0225-DGJZT-DG-YIN-DMRM-NEG.d,,Find by MRM,,
207,DGJZT_BS_115_1,,,769.1,,,,,100,,,,6.997,,,108,0.314,1073,,,,,Acq,,,,,,,,,,,,,,,30,,0225-DGJZT-DG-YIN-DMRM-NEG.d,,Find by MRM,,
208,DGJZT_BS_118_3,,,939.1,,,,,100,,,,6.946,,,877,0.367,7810,,,,,Acq,,,,,,,,,,,,,,,30,,0225-DGJZT-DG-YIN-DMRM-NEG.d,,Find by MRM,,
209,DGJZT_BS_120_2,,,509.2,,,,,100,,,,7.076,,,157,0.479,1408,,,,,Acq,,,,,,,,,,,,,,,30,,0225-DGJZT-DG-YIN-DMRM-NEG.d,,Find by MRM,,
210,DGJZT_DZ_34_2,,,204.1,,,,,100,,,,7.12,,,270,0.387,2595,,,,,Acq,,,,,,,,,,,,,,,30,,0225-DGJZT-DG-YIN-DMRM-NEG.d,,Find by MRM,,
211,DGJZT_DZ_36_2,,,637.3,,,,,100,,,,7.19,,,1163,0.308,9067,,,,,Acq,,,,,,,,,,,,,,,30,,0225-DGJZT-DG-YIN-DMRM-NEG.d,,Find by MRM,,
212,DGJZT_DZ_36_1,,,637.3,,,,,100,,,,7.175,,,224,0.316,1776,,,,,Acq,,,,,,,,,,,,,,,30,,0225-DGJZT-DG-YIN-DMRM-NEG.d,,Find by MRM,,
213,DGJZT_DZ_34_1,,,204.1,,,,,100,,,,7.154,,,366,0.425,3352,,,,,Acq,,,,,,,,,,,,,,,30,,0225-DGJZT-DG-YIN-DMRM-NEG.d,,Find by MRM,,
214,DGJZT_DZ_34_3,,,204.1,,,,,100,,,,7.13,,,224,0.414,2202,,,,,Acq,,,,,,,,,,,,,,,30,,0225-DGJZT-DG-YIN-DMRM-NEG.d,,Find by MRM,,
215,DGJZT_DZ_36_3,,,637.3,,,,,100,,,,7.174,,,1898,0.314,17178,,,,,Acq,,,,,,,,,,,,,,,30,,0225-DGJZT-DG-YIN-DMRM-NEG.d,,Find by MRM,,
216,DGJZT_SJ_6_2,,,375.1,,,,,100,,,,7.228,,,1761,0.446,16123,,,,,Acq,,,,,,,,,,,,,,,30,,0225-DGJZT-DG-YIN-DMRM-NEG.d,,Find by MRM,,
217,DGJZT_SJ_6_1,,,375.1,,,,,100,,,,7.22,,,2383,0.376,21193,,,,,Acq,,,,,,,,,,,,,,,30,,0225-DGJZT-DG-YIN-DMRM-NEG.d,,Find by MRM,,
218,DGJZT_DG_66_1,,,209.1,,,,,100,,,,7.254,,,7,0.067,18,,,,,Acq,,,,,,,,,,,,,,,30,,0225-DGJZT-DG-YIN-DMRM-NEG.d,,Find by MRM,,
219,DGJZT_DG_66_3,,,209.1,,,,,100,,,,7.304,,,4,0.143,14,,,,,Acq,,,,,,,,,,,,,,,30,,0225-DGJZT-DG-YIN-DMRM-NEG.d,,Find by MRM,,
220,DGJZT_GZ_18_3,,,557.2,,,,,100,,,,7.342,,,222,0.187,1378,,,,,Acq,,,,,,,,,,,,,,,30,,0225-DGJZT-DG-YIN-DMRM-NEG.d,,Find by MRM,,
221,DGJZT_GZ_18_2,,,557.2,,,,,100,,,,7.351,,,720,0.277,6542,,,,,Acq,,,,,,,,,,,,,,,30,,0225-DGJZT-DG-YIN-DMRM-NEG.d,,Find by MRM,,
222,DGJZT_GZ_18_1,,,557.2,,,,,100,,,,7.596,,,73,0.091,975,,,,,Acq,,,,,,,,,,,,,,,30,,0225-DGJZT-DG-YIN-DMRM-NEG.d,,Find by MRM,,
223,DGJZT_BS_123_1,,,507.2,,,,,100,,,,7.505,,,797,0.452,7386,,,,,Acq,,,,,,,,,,,,,,,30,,0225-DGJZT-DG-YIN-DMRM-NEG.d,,Find by MRM,,
224,DGJZT_BS_125_3,,,567.2,,,,,100,,,,7.535,,,249,0.416,2118,,,,,Acq,,,,,,,,,,,,,,,30,,0225-DGJZT-DG-YIN-DMRM-NEG.d,,Find by MRM,,
225,DGJZT_BS_125_1,,,567.2,,,,,100,,,,7.535,,,2034,0.48,19289,,,,,Acq,,,,,,,,,,,,,,,30,,0225-DGJZT-DG-YIN-DMRM-NEG.d,,Find by MRM,,
226,DGJZT_BS_126_3,,,631.2,,,,,100,,,,7.6,,,444,0.339,3832,,,,,Acq,,,,,,,,,,,,,,,30,,0225-DGJZT-DG-YIN-DMRM-NEG.d,,Find by MRM,,
227,DGJZT_BS_126_2,,,631.2,,,,,100,,,,7.576,,,361,0.294,3004,,,,,Acq,,,,,,,,,,,,,,,30,,0225-DGJZT-DG-YIN-DMRM-NEG.d,,Find by MRM,,
228,DGJZT_BS_126_1,,,631.2,,,,,100,,,,7.6,,,6746,0.43,63706,,,,,Acq,,,,,,,,,,,,,,,30,,0225-DGJZT-DG-YIN-DMRM-NEG.d,,Find by MRM,,
229,DGJZT_GZ_19_1,,,421.2,,,,,100,,,,7.648,,,130,0.403,1176,,,,,Acq,,,,,,,,,,,,,,,30,,0225-DGJZT-DG-YIN-DMRM-NEG.d,,Find by MRM,,
230,DGJZT_CGC_65_1,,,635.2,,,,,100,,,,7.675,,,1538,0.352,12783,,,,,Acq,,,,,,,,,,,,,,,30,,0225-DGJZT-DG-YIN-DMRM-NEG.d,,Find by MRM,,
231,DGJZT_CGC_64_1,,,591.2,,,,,100,,,,7.685,,,318,0.208,2169,,,,,Acq,,,,,,,,,,,,,,,30,,0225-DGJZT-DG-YIN-DMRM-NEG.d,,Find by MRM,,
232,DGJZT_CGC_64_2,,,591.2,,,,,100,,,,7.711,,,32,0.184,186,,,,,Acq,,,,,,,,,,,,,,,30,,0225-DGJZT-DG-YIN-DMRM-NEG.d,,Find by MRM,,
233,DGJZT_BS_127_1,,,345.2,,,,,100,,,,7.632,,,227,0.287,1889,,,,,Acq,,,,,,,,,,,,,,,30,,0225-DGJZT-DG-YIN-DMRM-NEG.d,,Find by MRM,,
234,DGJZT_BS_128_2,,,503.2,,,,,100,,,,7.73,,,467,0.447,3895,,,,,Acq,,,,,,,,,,,,,,,30,,0225-DGJZT-DG-YIN-DMRM-NEG.d,,Find by MRM,,
235,DGJZT_BS_128_1,,,503.2,,,,,100,,,,7.73,,,131,0.438,1344,,,,,Acq,,,,,,,,,,,,,,,30,,0225-DGJZT-DG-YIN-DMRM-NEG.d,,Find by MRM,,
236,DGJZT_CGC_66_1,,,431.1,,,,,100,,,,7.882,,,735,0.462,9532,,,,,Acq,,,,,,,,,,,,,,,30,,0225-DGJZT-DG-YIN-DMRM-NEG.d,,Find by MRM,,
237,DGJZT_CGC_67_1,,,459.1,,,,,100,,,,7.941,,,2021,0.403,19041,,,,,Acq,,,,,,,,,,,,,,,30,,0225-DGJZT-DG-YIN-DMRM-NEG.d,,Find by MRM,,
238,DGJZT_CGC_67_2,,,459.1,,,,,100,,,,7.933,,,597,0.457,5682,,,,,Acq,,,,,,,,,,,,,,,30,,0225-DGJZT-DG-YIN-DMRM-NEG.d,,Find by MRM,,
239,DGJZT_DZ_37_3,,,671.3,,,,,100,,,,7.951,,,2086,0.272,15653,,,,,Acq,,,,,,,,,,,,,,,30,,0225-DGJZT-DG-YIN-DMRM-NEG.d,,Find by MRM,,
240,DGJZT_DZ_37_2,,,671.3,,,,,100,,,,7.96,,,1374,0.266,10622,,,,,Acq,,,,,,,,,,,,,,,30,,0225-DGJZT-DG-YIN-DMRM-NEG.d,,Find by MRM,,
241,DGJZT_DZ_37_1,,,671.3,,,,,100,,,,7.969,,,227,0.341,2063,,,,,Acq,,,,,,,,,,,,,,,30,,0225-DGJZT-DG-YIN-DMRM-NEG.d,,Find by MRM,,
242,DGJZT_BS_130_1,,,645.2,,,,,100,,,,8.036,,,183,0.445,2187,,,,,Acq,,,,,,,,,,,,,,,30,,0225-DGJZT-DG-YIN-DMRM-NEG.d,,Find by MRM,,
243,DGJZT_CGC_69_1,,,433.1,,,,,100,,,,8.025,,,6909,0.488,69780,,,,,Acq,,,,,,,,,,,,,,,30,,0225-DGJZT-DG-YIN-DMRM-NEG.d,,Find by MRM,,
244,DGJZT_DG_68_2,,,515.1,,,,,100,,,,8.03,,,7,0.117,18,,,,,Acq,,,,,,,,,,,,,,,30,,0225-DGJZT-DG-YIN-DMRM-NEG.d,,Find by MRM,,
245,DGJZT_DG_68_1,,,515.1,,,,,100,,,,8.014,,,4,0.092,15,,,,,Acq,,,,,,,,,,,,,,,30,,0225-DGJZT-DG-YIN-DMRM-NEG.d,,Find by MRM,,
246,DGJZT_DG_68_3,,,515.1,,,,,100,,,,7.922,,,5,0.142,16,,,,,Acq,,,,,,,,,,,,,,,30,,0225-DGJZT-DG-YIN-DMRM-NEG.d,,Find by MRM,,
247,DGJZT_BS_132_1,,,525.2,,,,,100,,,,8.129,,,22876,0.494,240545,,,,,Acq,,,,,,,,,,,,,,,30,,0225-DGJZT-DG-YIN-DMRM-NEG.d,,Find by MRM,,
248,DGJZT_BS_132_3,,,525.2,,,,,100,,,,8.13,,,20883,0.459,214658,,,,,Acq,,,,,,,,,,,,,,,30,,0225-DGJZT-DG-YIN-DMRM-NEG.d,,Find by MRM,,
249,DGJZT_BS_134_1,,,509.2,,,,,100,,,,8.182,,,3663,0.504,37070,,,,,Acq,,,,,,,,,,,,,,,30,,0225-DGJZT-DG-YIN-DMRM-NEG.d,,Find by MRM,,
250,DGJZT_CGC_71_1,,,301.1,,,,,100,,,,8.201,,,1560,0.484,16058,,,,,Acq,,,,,,,,,,,,,,,30,,0225-DGJZT-DG-YIN-DMRM-NEG.d,,Find by MRM,,
251,DGJZT_CGC_76_1,,,561.2,,,,,100,,,,8.548,,,4107,0.438,37511,,,,,Acq,,,,,,,,,,,,,,,30,,0225-DGJZT-DG-YIN-DMRM-NEG.d,,Find by MRM,,
252,DGJZT_CGC_76_2,,,561.2,,,,,100,,,,8.557,,,193,0.438,1813,,,,,Acq,,,,,,,,,,,,,,,30,,0225-DGJZT-DG-YIN-DMRM-NEG.d,,Find by MRM,,
253,DGJZT_GZ_20_2,,,361.2,,,,,100,,,,8.559,,,494,0.391,4394,,,,,Acq,,,,,,,,,,,,,,,30,,0225-DGJZT-DG-YIN-DMRM-NEG.d,,Find by MRM,,
254,DGJZT_CGC_80_1,,,549.2,,,,,100,,,,8.624,,,31856,0.299,216362,,,,,Acq,,,,,,,,,,,,,,,30,,0225-DGJZT-DG-YIN-DMRM-NEG.d,,Find by MRM,,
255,DGJZT_CGC_80_2,,,549.2,,,,,100,,,,8.625,,,4003,0.319,34516,,,,,Acq,,,,,,,,,,,,,,,30,,0225-DGJZT-DG-YIN-DMRM-NEG.d,,Find by MRM,,
256,DGJZT_GZ_20_1,,,361.2,,,,,100,,,,8.552,,,201,0.315,1554,,,,,Acq,,,,,,,,,,,,,,,30,,0225-DGJZT-DG-YIN-DMRM-NEG.d,,Find by MRM,,
257,DGJZT_CGC_83_1,,,591.2,,,,,100,,,,8.689,,,2967,0.43,26050,,,,,Acq,,,,,,,,,,,,,,,30,,0225-DGJZT-DG-YIN-DMRM-NEG.d,,Find by MRM,,
258,DGJZT_CGC_83_2,,,591.2,,,,,100,,,,8.672,,,192,0.387,1874,,,,,Acq,,,,,,,,,,,,,,,30,,0225-DGJZT-DG-YIN-DMRM-NEG.d,,Find by MRM,,
259,DGJZT_BS_137_1,,,507.1,,,,,100,,,,8.726,,,1628,0.444,19044,,,,,Acq,,,,,,,,,,,,,,,30,,0225-DGJZT-DG-YIN-DMRM-NEG.d,,Find by MRM,,
260,DGJZT_BS_138_3,,,783.2,,,,,100,,,,8.754,,,501,0.256,4253,,,,,Acq,,,,,,,,,,,,,,,30,,0225-DGJZT-DG-YIN-DMRM-NEG.d,,Find by MRM,,
261,DGJZT_BS_138_1,,,783.2,,,,,100,,,,8.796,,,107,0.187,607,,,,,Acq,,,,,,,,,,,,,,,30,,0225-DGJZT-DG-YIN-DMRM-NEG.d,,Find by MRM,,
262,DGJZT_BS_139_1,,,631.2,,,,,100,,,,8.755,,,219,0.395,1920,,,,,Acq,,,,,,,,,,,,,,,30,,0225-DGJZT-DG-YIN-DMRM-NEG.d,,Find by MRM,,
263,DGJZT_BS_140_1,,,505.2,,,,,100,,,,8.768,,,1406,0.461,13853,,,,,Acq,,,,,,,,,,,,,,,30,,0225-DGJZT-DG-YIN-DMRM-NEG.d,,Find by MRM,,
264,DGJZT_CGC_88_1,,,549.2,,,,,100,,,,8.875,,,8679,0.333,80028,,,,,Acq,,,,,,,,,,,,,,,30,,0225-DGJZT-DG-YIN-DMRM-NEG.d,,Find by MRM,,
265,DGJZT_CGC_88_2,,,549.2,,,,,100,,,,8.892,,,657,0.367,6023,,,,,Acq,,,,,,,,,,,,,,,30,,0225-DGJZT-DG-YIN-DMRM-NEG.d,,Find by MRM,,
266,DGJZT_CGC_90_1,,,459.1,,,,,100,,,,8.945,,,2647,0.43,24401,,,,,Acq,,,,,,,,,,,,,,,30,,0225-DGJZT-DG-YIN-DMRM-NEG.d,,Find by MRM,,
267,DGJZT_CGC_93_1,,,697.2,,,,,100,,,,9.007,,,284,0.372,2636,,,,,Acq,,,,,,,,,,,,,,,30,,0225-DGJZT-DG-YIN-DMRM-NEG.d,,Find by MRM,,
268,DGJZT_CGC_94_2,,,475.1,,,,,100,,,,8.994,,,13404,0.448,125139,,,,,Acq,,,,,,,,,,,,,,,30,,0225-DGJZT-DG-YIN-DMRM-NEG.d,,Find by MRM,,
269,DGJZT_CGC_94_1,,,475.1,,,,,100,,,,9.003,,,1838,0.452,17177,,,,,Acq,,,,,,,,,,,,,,,30,,0225-DGJZT-DG-YIN-DMRM-NEG.d,,Find by MRM,,
270,DGJZT_CGC_96_1,,,669.2,,,,,100,,,,9.016,,,861,0.41,8241,,,,,Acq,,,,,,,,,,,,,,,30,,0225-DGJZT-DG-YIN-DMRM-NEG.d,,Find by MRM,,
271,DGJZT_CGC_100_1,,,835.2,,,,,100,,,,9.089,,,2609,0.358,18213,,,,,Acq,,,,,,,,,,,,,,,30,,0225-DGJZT-DG-YIN-DMRM-NEG.d,,Find by MRM,,
272,DGJZT_SJ_7_2,,,389.2,,,,,100,,,,9.021,,,884,0.382,8455,,,,,Acq,,,,,,,,,,,,,,,30,,0225-DGJZT-DG-YIN-DMRM-NEG.d,,Find by MRM,,
273,DGJZT_SJ_7_1,,,389.2,,,,,100,,,,9.029,,,1681,0.482,17055,,,,,Acq,,,,,,,,,,,,,,,30,,0225-DGJZT-DG-YIN-DMRM-NEG.d,,Find by MRM,,
274,DGJZT_CGC_99_1,,,417.1,,,,,100,,,,9.085,,,21445,0.399,207291,,,,,Acq,,,,,,,,,,,,,,,30,,0225-DGJZT-DG-YIN-DMRM-NEG.d,,Find by MRM,,
275,DGJZT_BS_143_1,,,615.2,,,,,100,,,,9.132,,,259,0.398,2843,,,,,Acq,,,,,,,,,,,,,,,30,,0225-DGJZT-DG-YIN-DMRM-NEG.d,,Find by MRM,,
276,DGJZT_DG_70_2,,,237.1,,,,,100,,,,9.305,,,4,0.134,11,,,,,Acq,,,,,,,,,,,,,,,30,,0225-DGJZT-DG-YIN-DMRM-NEG.d,,Find by MRM,,
277,DGJZT_DG_69_1,,,193.1,,,,,100,,,,9.289,,,26,0.216,179,,,,,Acq,,,,,,,,,,,,,,,30,,0225-DGJZT-DG-YIN-DMRM-NEG.d,,Find by MRM,,
278,DGJZT_DG_70_3,,,237.1,,,,,100,,,,9.296,,,8,0.117,36,,,,,Acq,,,,,,,,,,,,,,,30,,0225-DGJZT-DG-YIN-DMRM-NEG.d,,Find by MRM,,
279,DGJZT_DG_69_2,,,193.1,,,,,100,,,,9.398,,,4,0.121,16,,,,,Acq,,,,,,,,,,,,,,,30,,0225-DGJZT-DG-YIN-DMRM-NEG.d,,Find by MRM,,
280,DGJZT_DG_70_1,,,237.1,,,,,100,,,,9.305,,,17,0.075,60,,,,,Acq,,,,,,,,,,,,,,,30,,0225-DGJZT-DG-YIN-DMRM-NEG.d,,Find by MRM,,
281,DGJZT_DG_69_3,,,193.1,,,,,100,,,,9.49,,,2,0.101,6,,,,,Acq,,,,,,,,,,,,,,,30,,0225-DGJZT-DG-YIN-DMRM-NEG.d,,Find by MRM,,
282,DGJZT_CGC_106_1,,,695.2,,,,,100,,,,9.399,,,3147,0.401,26889,,,,,Acq,,,,,,,,,,,,,,,30,,0225-DGJZT-DG-YIN-DMRM-NEG.d,,Find by MRM,,
283,DGJZT_CGC_106_2,,,695.2,,,,,100,,,,9.416,,,161,0.312,1304,,,,,Acq,,,,,,,,,,,,,,,30,,0225-DGJZT-DG-YIN-DMRM-NEG.d,,Find by MRM,,
284,DGJZT_BS_144_2,,,493.2,,,,,100,,,,9.334,,,815,0.451,8664,,,,,Acq,,,,,,,,,,,,,,,30,,0225-DGJZT-DG-YIN-DMRM-NEG.d,,Find by MRM,,
285,DGJZT_CGC_108_1,,,725.2,,,,,100,,,,9.432,,,2545,0.418,24156,,,,,Acq,,,,,,,,,,,,,,,30,,0225-DGJZT-DG-YIN-DMRM-NEG.d,,Find by MRM,,
286,DGJZT_BS_144_1,,,493.2,,,,,100,,,,9.426,,,168,0.29,1442,,,,,Acq,,,,,,,,,,,,,,,30,,0225-DGJZT-DG-YIN-DMRM-NEG.d,,Find by MRM,,
287,DGJZT_BS_147_3,,,491.2,,,,,100,,,,9.562,,,1532,0.408,13758,,,,,Acq,,,,,,,,,,,,,,,30,,0225-DGJZT-DG-YIN-DMRM-NEG.d,,Find by MRM,,
288,DGJZT_BS_147_1,,,491.2,,,,,100,,,,9.554,,,780,0.37,6968,,,,,Acq,,,,,,,,,,,,,,,30,,0225-DGJZT-DG-YIN-DMRM-NEG.d,,Find by MRM,,
289,DGJZT_DG_72_2,,,251.1,,,,,100,,,,9.538,,,14,0.195,63,,,,,Acq,,,,,,,,,,,,,,,30,,0225-DGJZT-DG-YIN-DMRM-NEG.d,,Find by MRM,,
290,DGJZT_DG_72_1,,,251.1,,,,,100,,,,9.573,,,11,0.086,35,,,,,Acq,,,,,,,,,,,,,,,30,,0225-DGJZT-DG-YIN-DMRM-NEG.d,,Find by MRM,,
291,DGJZT_DG_72_3,,,251.1,,,,,100,,,,9.572,,,6,0.159,24,,,,,Acq,,,,,,,,,,,,,,,30,,0225-DGJZT-DG-YIN-DMRM-NEG.d,,Find by MRM,,
292,DGJZT_BS_147_2,,,491.2,,,,,100,,,,9.57,,,3304,0.402,28185,,,,,Acq,,,,,,,,,,,,,,,30,,0225-DGJZT-DG-YIN-DMRM-NEG.d,,Find by MRM,,
293,DGJZT_BS_149_2,,,507.2,,,,,100,,,,9.735,,,251,0.277,2028,,,,,Acq,,,,,,,,,,,,,,,30,,0225-DGJZT-DG-YIN-DMRM-NEG.d,,Find by MRM,,
294,DGJZT_BS_149_1,,,507.2,,,,,100,,,,9.955,,,143,0.045,1513,,,,,Acq,,,,,,,,,,,,,,,30,,0225-DGJZT-DG-YIN-DMRM-NEG.d,,Find by MRM,,
295,DGJZT_CGC_113_2,,,591.2,,,,,100,,,,9.818,,,237,0.186,1431,,,,,Acq,,,,,,,,,,,,,,,30,,0225-DGJZT-DG-YIN-DMRM-NEG.d,,Find by MRM,,
296,DGJZT_BS_150_3,,,493.2,,,,,100,,,,9.77,,,340,0.187,2137,,,,,Acq,,,,,,,,,,,,,,,30,,0225-DGJZT-DG-YIN-DMRM-NEG.d,,Find by MRM,,
297,DGJZT_BS_150_1,,,493.2,,,,,100,,,,9.795,,,132,0.25,875,,,,,Acq,,,,,,,,,,,,,,,30,,0225-DGJZT-DG-YIN-DMRM-NEG.d,,Find by MRM,,
298,DGJZT_GZ_24_1,,,263.1,,,,,100,,,,9.842,,,217,0.371,1726,,,,,Acq,,,,,,,,,,,,,,,30,,0225-DGJZT-DG-YIN-DMRM-NEG.d,,Find by MRM,,
299,DGJZT_BS_154_2,,,491.2,,,,,100,,,,9.931,,,900,0.307,6263,,,,,Acq,,,,,,,,,,,,,,,30,,0225-DGJZT-DG-YIN-DMRM-NEG.d,,Find by MRM,,
300,DGJZT_BS_153_1,,,445.2,,,,,100,,,,9.924,,,133,0.271,844,,,,,Acq,,,,,,,,,,,,,,,30,,0225-DGJZT-DG-YIN-DMRM-NEG.d,,Find by MRM,,
301,DGJZT_GZ_24_2,,,263.1,,,,,100,,,,9.867,,,440,0.361,3668,,,,,Acq,,,,,,,,,,,,,,,30,,0225-DGJZT-DG-YIN-DMRM-NEG.d,,Find by MRM,,
302,DGJZT_BS_155_2,,,507.2,,,,,100,,,,9.735,,,853,0.22,6253,,,,,Acq,,,,,,,,,,,,,,,30,,0225-DGJZT-DG-YIN-DMRM-NEG.d,,Find by MRM,,
303,DGJZT_BS_154_3,,,491.2,,,,,100,,,,9.957,,,262,0.316,1845,,,,,Acq,,,,,,,,,,,,,,,30,,0225-DGJZT-DG-YIN-DMRM-NEG.d,,Find by MRM,,
304,DGJZT_BS_154_1,,,491.2,,,,,100,,,,9.924,,,362,0.218,2483,,,,,Acq,,,,,,,,,,,,,,,30,,0225-DGJZT-DG-YIN-DMRM-NEG.d,,Find by MRM,,
305,DGJZT_BS_153_2,,,445.2,,,,,100,,,,9.941,,,107,0.233,752,,,,,Acq,,,,,,,,,,,,,,,30,,0225-DGJZT-DG-YIN-DMRM-NEG.d,,Find by MRM,,
306,DGJZT_BS_156_1,,,569.2,,,,,100,,,,10.012,,,1769,0.371,13249,,,,,Acq,,,,,,,,,,,,,,,30,,0225-DGJZT-DG-YIN-DMRM-NEG.d,,Find by MRM,,
307,DGJZT_BS_156_2,,,569.2,,,,,100,,,,10.013,,,1699,0.318,12057,,,,,Acq,,,,,,,,,,,,,,,30,,0225-DGJZT-DG-YIN-DMRM-NEG.d,,Find by MRM,,
308,DGJZT_BS_150_2,,,493.2,,,,,100,,,,9.847,,,91,0.254,780,,,,,Acq,,,,,,,,,,,,,,,30,,0225-DGJZT-DG-YIN-DMRM-NEG.d,,Find by MRM,,
309,DGJZT_DG_73_2,,,429.1,,,,,100,,,,9.925,,,5,0.083,11,,,,,Acq,,,,,,,,,,,,,,,30,,0225-DGJZT-DG-YIN-DMRM-NEG.d,,Find by MRM,,
310,DGJZT_BS_155_3,,,507.2,,,,,100,,,,10.005,,,125,0.202,714,,,,,Acq,,,,,,,,,,,,,,,30,,0225-DGJZT-DG-YIN-DMRM-NEG.d,,Find by MRM,,
311,DGJZT_CGC_129_1,,,999.4,,,,,100,,,,10.086,,,279,0.39,2088,,,,,Acq,,,,,,,,,,,,,,,30,,0225-DGJZT-DG-YIN-DMRM-NEG.d,,Find by MRM,,
312,DGJZT_GZ_25_1,,,593.1,,,,,100,,,,10.079,,,346,0.337,3036,,,,,Acq,,,,,,,,,,,,,,,30,,0225-DGJZT-DG-YIN-DMRM-NEG.d,,Find by MRM,,
313,DGJZT_BS_157_1,,,567.2,,,,,100,,,,10.123,,,742,0.348,5957,,,,,Acq,,,,,,,,,,,,,,,30,,0225-DGJZT-DG-YIN-DMRM-NEG.d,,Find by MRM,,
314,DGJZT_BS_152_1,,,521.3,,,,,100,,,,10.114,,,136,0.229,1123,,,,,Acq,,,,,,,,,,,,,,,30,,0225-DGJZT-DG-YIN-DMRM-NEG.d,,Find by MRM,,
315,DGJZT_CGC_132_1,,,837.4,,,,,100,,,,10.129,,,833,0.313,6214,,,,,Acq,,,,,,,,,,,,,,,30,,0225-DGJZT-DG-YIN-DMRM-NEG.d,,Find by MRM,,
316,DGJZT_CGC_125_1,,,692.2,,,,,100,,,,10.138,,,802,0.368,6232,,,,,Acq,,,,,,,,,,,,,,,30,,0225-DGJZT-DG-YIN-DMRM-NEG.d,,Find by MRM,,
317,DGJZT_CGC_122_1,,,459.1,,,,,100,,,,10.143,,,99,0.396,826,,,,,Acq,,,,,,,,,,,,,,,30,,0225-DGJZT-DG-YIN-DMRM-NEG.d,,Find by MRM,,
318,DGJZT_GZ_26_3,,,421.1,,,,,100,,,,10.127,,,127,0.376,1105,,,,,Acq,,,,,,,,,,,,,,,30,,0225-DGJZT-DG-YIN-DMRM-NEG.d,,Find by MRM,,
319,DGJZT_BS_160_1,,,507.2,,,,,100,,,,10.26,,,291,0.349,2550,,,,,Acq,,,,,,,,,,,,,,,30,,0225-DGJZT-DG-YIN-DMRM-NEG.d,,Find by MRM,,
320,DGJZT_CGC_148_1,,,835.4,,,,,100,,,,10.29,,,168,0.319,1388,,,,,Acq,,,,,,,,,,,,,,,30,,0225-DGJZT-DG-YIN-DMRM-NEG.d,,Find by MRM,,
321,DGJZT_BS_160_3,,,507.2,,,,,100,,,,10.277,,,549,0.482,4806,,,,,Acq,,,,,,,,,,,,,,,30,,0225-DGJZT-DG-YIN-DMRM-NEG.d,,Find by MRM,,
322,DGJZT_BS_160_2,,,507.2,,,,,100,,,,10.252,,,224,0.436,2072,,,,,Acq,,,,,,,,,,,,,,,30,,0225-DGJZT-DG-YIN-DMRM-NEG.d,,Find by MRM,,
323,DGJZT_CGC_150_1,,,695.2,,,,,100,,,,10.358,,,543,0.351,3978,,,,,Acq,,,,,,,,,,,,,,,30,,0225-DGJZT-DG-YIN-DMRM-NEG.d,,Find by MRM,,
324,DGJZT_CGC_152_1,,,953.5,,,,,100,,,,10.305,,,381,0.298,2561,,,,,Acq,,,,,,,,,,,,,,,30,,0225-DGJZT-DG-YIN-DMRM-NEG.d,,Find by MRM,,
325,DGJZT_CGC_151_1,,,725.2,,,,,100,,,,10.349,,,483,0.371,3319,,,,,Acq,,,,,,,,,,,,,,,30,,0225-DGJZT-DG-YIN-DMRM-NEG.d,,Find by MRM,,
326,DGJZT_CGC_156_1,,,895.4,,,,,100,,,,10.381,,,1069,0.233,7319,,,,,Acq,,,,,,,,,,,,,,,30,,0225-DGJZT-DG-YIN-DMRM-NEG.d,,Find by MRM,,
327,DGJZT_CGC_161_1,,,853.4,,,,,100,,,,10.423,,,1151,0.303,8525,,,,,Acq,,,,,,,,,,,,,,,30,,0225-DGJZT-DG-YIN-DMRM-NEG.d,,Find by MRM,,
328,DGJZT_CGC_163_1,,,983.5,,,,,100,,,,10.43,,,1422,0.382,11275,,,,,Acq,,,,,,,,,,,,,,,30,,0225-DGJZT-DG-YIN-DMRM-NEG.d,,Find by MRM,,
329,DGJZT_CGC_163_2,,,983.5,,,,,100,,,,10.43,,,1134,0.32,8438,,,,,Acq,,,,,,,,,,,,,,,30,,0225-DGJZT-DG-YIN-DMRM-NEG.d,,Find by MRM,,
330,DGJZT_BS_159_1,,,597.2,,,,,100,,,,10.486,,,531,0.243,3554,,,,,Acq,,,,,,,,,,,,,,,30,,0225-DGJZT-DG-YIN-DMRM-NEG.d,,Find by MRM,,
331,DGJZT_CGC_175_1,,,669.2,,,,,100,,,,10.585,,,5420,0.312,37922,,,,,Acq,,,,,,,,,,,,,,,30,,0225-DGJZT-DG-YIN-DMRM-NEG.d,,Find by MRM,,
332,DGJZT_BS_164_3,,,661.3,,,,,100,,,,10.602,,,366,0.266,2628,,,,,Acq,,,,,,,,,,,,,,,30,,0225-DGJZT-DG-YIN-DMRM-NEG.d,,Find by MRM,,
333,DGJZT_BS_164_1,,,661.3,,,,,100,,,,10.603,,,227,0.266,1607,,,,,Acq,,,,,,,,,,,,,,,30,,0225-DGJZT-DG-YIN-DMRM-NEG.d,,Find by MRM,,
334,DGJZT_BS_164_2,,,661.3,,,,,100,,,,10.628,,,205,0.281,1346,,,,,Acq,,,,,,,,,,,,,,,30,,0225-DGJZT-DG-YIN-DMRM-NEG.d,,Find by MRM,,
335,DGJZT_BS_162_3,,,629.2,,,,,100,,,,10.712,,,4975,0.306,36126,,,,,Acq,,,,,,,,,,,,,,,30,,0225-DGJZT-DG-YIN-DMRM-NEG.d,,Find by MRM,,
336,DGJZT_BS_162_1,,,629.2,,,,,100,,,,10.712,,,52960,0.306,405712,,,,,Acq,,,,,,,,,,,,,,,30,,0225-DGJZT-DG-YIN-DMRM-NEG.d,,Find by MRM,,
337,DGJZT_BS_167_3,,,629.2,,,,,100,,,,10.713,,,4915,0.397,37479,,,,,Acq,,,,,,,,,,,,,,,30,,0225-DGJZT-DG-YIN-DMRM-NEG.d,,Find by MRM,,
338,DGJZT_BS_167_1,,,629.2,,,,,100,,,,10.713,,,54075,0.421,438432,,,,,Acq,,,,,,,,,,,,,,,30,,0225-DGJZT-DG-YIN-DMRM-NEG.d,,Find by MRM,,
339,DGJZT_BS_166_1,,,553.2,,,,,100,,,,10.714,,,510,0.383,3966,,,,,Acq,,,,,,,,,,,,,,,30,,0225-DGJZT-DG-YIN-DMRM-NEG.d,,Find by MRM,,
340,DGJZT_CGC_190_1,,,879.4,,,,,100,,,,10.765,,,5077,0.328,35794,,,,,Acq,,,,,,,,,,,,,,,30,,0225-DGJZT-DG-YIN-DMRM-NEG.d,,Find by MRM,,
341,DGJZT_CGC_190_3,,,879.4,,,,,100,,,,10.774,,,593,0.29,4145,,,,,Acq,,,,,,,,,,,,,,,30,,0225-DGJZT-DG-YIN-DMRM-NEG.d,,Find by MRM,,
342,DGJZT_CGC_200_1,,,837.4,,,,,100,,,,10.834,,,4084,0.361,40971,,,,,Acq,,,,,,,,,,,,,,,30,,0225-DGJZT-DG-YIN-DMRM-NEG.d,,Find by MRM,,
343,DGJZT_CGC_200_3,,,837.4,,,,,100,,,,10.826,,,532,0.38,5350,,,,,Acq,,,,,,,,,,,,,,,30,,0225-DGJZT-DG-YIN-DMRM-NEG.d,,Find by MRM,,
344,DGJZT_CGC_200_2,,,837.4,,,,,100,,,,10.818,,,238,0.371,2259,,,,,Acq,,,,,,,,,,,,,,,30,,0225-DGJZT-DG-YIN-DMRM-NEG.d,,Find by MRM,,
345,DGJZT_CGC_207_1,,,1027.5,,,,,100,,,,10.882,,,149,0.193,931,,,,,Acq,,,,,,,,,,,,,,,30,,0225-DGJZT-DG-YIN-DMRM-NEG.d,,Find by MRM,,
346,DGJZT_CGC_209_1,,,835.4,,,,,100,,,,10.919,,,955,0.253,6096,,,,,Acq,,,,,,,,,,,,,,,30,,0225-DGJZT-DG-YIN-DMRM-NEG.d,,Find by MRM,,
347,DGJZT_CGC_218_1,,,865.4,,,,,100,,,,10.992,,,235,0.335,1734,,,,,Acq,,,,,,,,,,,,,,,30,,0225-DGJZT-DG-YIN-DMRM-NEG.d,,Find by MRM,,
348,DGJZT_SJ_9_2,,,433.2,,,,,100,,,,11.03,,,209,0.292,1339,,,,,Acq,,,,,,,,,,,,,,,30,,0225-DGJZT-DG-YIN-DMRM-NEG.d,,Find by MRM,,
349,DGJZT_CGC_213_1,,,807.4,,,,,100,,,,10.97,,,199,0.318,1437,,,,,Acq,,,,,,,,,,,,,,,30,,0225-DGJZT-DG-YIN-DMRM-NEG.d,,Find by MRM,,
350,DGJZT_CGC_217_1,,,297,,,,,100,,,,11.099,,,420,0.394,2886,,,,,Acq,,,,,,,,,,,,,,,30,,0225-DGJZT-DG-YIN-DMRM-NEG.d,,Find by MRM,,
351,DGJZT_CGC_224_1,,,881.4,,,,,100,,,,11.143,,,791,0.229,3869,,,,,Acq,,,,,,,,,,,,,,,30,,0225-DGJZT-DG-YIN-DMRM-NEG.d,,Find by MRM,,
352,DGJZT_DG_79_2,,,571.1,,,,,100,,,,11.281,,,3,0.109,8,,,,,Acq,,,,,,,,,,,,,,,30,,0225-DGJZT-DG-YIN-DMRM-NEG.d,,Find by MRM,,
353,DGJZT_DG_77_2,,,355.1,,,,,100,,,,11.157,,,8,0.158,20,,,,,Acq,,,,,,,,,,,,,,,30,,0225-DGJZT-DG-YIN-DMRM-NEG.d,,Find by MRM,,
354,DGJZT_DG_77_3,,,355.1,,,,,100,,,,11.199,,,8,0.193,25,,,,,Acq,,,,,,,,,,,,,,,30,,0225-DGJZT-DG-YIN-DMRM-NEG.d,,Find by MRM,,
355,DGJZT_DG_77_1,,,355.1,,,,,100,,,,11.098,,,6,0.134,23,,,,,Acq,,,,,,,,,,,,,,,30,,0225-DGJZT-DG-YIN-DMRM-NEG.d,,Find by MRM,,
356,DGJZT_CGC_229_1,,,837.4,,,,,100,,,,11.22,,,10364,0.23,76002,,,,,Acq,,,,,,,,,,,,,,,30,,0225-DGJZT-DG-YIN-DMRM-NEG.d,,Find by MRM,,
357,DGJZT_CGC_229_3,,,837.4,,,,,100,,,,11.22,,,1160,0.224,8382,,,,,Acq,,,,,,,,,,,,,,,30,,0225-DGJZT-DG-YIN-DMRM-NEG.d,,Find by MRM,,
358,DGJZT_DG_79_1,,,571.1,,,,,100,,,,11.407,,,4,0.126,15,,,,,Acq,,,,,,,,,,,,,,,30,,0225-DGJZT-DG-YIN-DMRM-NEG.d,,Find by MRM,,
359,DGJZT_CGC_229_2,,,837.4,,,,,100,,,,11.229,,,521,0.386,4090,,,,,Acq,,,,,,,,,,,,,,,30,,0225-DGJZT-DG-YIN-DMRM-NEG.d,,Find by MRM,,
360,DGJZT_CGC_238_1,,,819.4,,,,,100,,,,11.296,,,3980,0.378,31703,,,,,Acq,,,,,,,,,,,,,,,30,,0225-DGJZT-DG-YIN-DMRM-NEG.d,,Find by MRM,,
361,DGJZT_CGC_238_3,,,819.4,,,,,100,,,,11.313,,,514,0.339,4120,,,,,Acq,,,,,,,,,,,,,,,30,,0225-DGJZT-DG-YIN-DMRM-NEG.d,,Find by MRM,,
362,DGJZT_CGC_238_2,,,819.4,,,,,100,,,,11.272,,,252,0.352,1940,,,,,Acq,,,,,,,,,,,,,,,30,,0225-DGJZT-DG-YIN-DMRM-NEG.d,,Find by MRM,,
363,DGJZT_GZ_28_2,,,311.1,,,,,100,,,,11.292,,,115,0.294,859,,,,,Acq,,,,,,,,,,,,,,,30,,0225-DGJZT-DG-YIN-DMRM-NEG.d,,Find by MRM,,
364,DGJZT_GZ_28_1,,,311.1,,,,,100,,,,11.275,,,624,0.389,5074,,,,,Acq,,,,,,,,,,,,,,,30,,0225-DGJZT-DG-YIN-DMRM-NEG.d,,Find by MRM,,
365,DGJZT_CGC_240_1,,,967.5,,,,,100,,,,11.277,,,409,0.377,3102,,,,,Acq,,,,,,,,,,,,,,,30,,0225-DGJZT-DG-YIN-DMRM-NEG.d,,Find by MRM,,
366,DGJZT_CGC_244_1,,,791.4,,,,,100,,,,11.347,,,292,0.284,1877,,,,,Acq,,,,,,,,,,,,,,,30,,0225-DGJZT-DG-YIN-DMRM-NEG.d,,Find by MRM,,
367,DGJZT_BS_174_1,,,665.4,,,,,100,,,,11.365,,,381,0.274,2668,,,,,Acq,,,,,,,,,,,,,,,30,,0225-DGJZT-DG-YIN-DMRM-NEG.d,,Find by MRM,,
368,DGJZT_SJ_10_3,,,431.2,,,,,100,,,,11.383,,,154,0.361,1168,,,,,Acq,,,,,,,,,,,,,,,30,,0225-DGJZT-DG-YIN-DMRM-NEG.d,,Find by MRM,,
369,DGJZT_CGC_254_1,,,985.5,,,,,100,,,,11.377,,,1087,0.354,7158,,,,,Acq,,,,,,,,,,,,,,,30,,0225-DGJZT-DG-YIN-DMRM-NEG.d,,Find by MRM,,
370,DGJZT_CGC_254_3,,,985.5,,,,,100,,,,11.394,,,107,0.335,699,,,,,Acq,,,,,,,,,,,,,,,30,,0225-DGJZT-DG-YIN-DMRM-NEG.d,,Find by MRM,,
371,DGJZT_CGC_251_1,,,911.4,,,,,100,,,,11.386,,,981,0.267,6139,,,,,Acq,,,,,,,,,,,,,,,30,,0225-DGJZT-DG-YIN-DMRM-NEG.d,,Find by MRM,,
372,DGJZT_CGC_248_1,,,863.4,,,,,100,,,,11.386,,,1406,0.25,9337,,,,,Acq,,,,,,,,,,,,,,,30,,0225-DGJZT-DG-YIN-DMRM-NEG.d,,Find by MRM,,
373,DGJZT_CGC_250_1,,,837.4,,,,,100,,,,11.219,,,9448,0.218,64817,,,,,Acq,,,,,,,,,,,,,,,30,,0225-DGJZT-DG-YIN-DMRM-NEG.d,,Find by MRM,,
374,DGJZT_CGC_250_3,,,837.4,,,,,100,,,,11.219,,,1175,0.218,7529,,,,,Acq,,,,,,,,,,,,,,,30,,0225-DGJZT-DG-YIN-DMRM-NEG.d,,Find by MRM,,
375,DGJZT_SJ_10_1,,,431.2,,,,,100,,,,11.374,,,1968,0.349,13151,,,,,Acq,,,,,,,,,,,,,,,30,,0225-DGJZT-DG-YIN-DMRM-NEG.d,,Find by MRM,,
376,DGJZT_SJ_10_2,,,431.2,,,,,100,,,,11.357,,,507,0.403,3747,,,,,Acq,,,,,,,,,,,,,,,30,,0225-DGJZT-DG-YIN-DMRM-NEG.d,,Find by MRM,,
377,DGJZT_CGC_250_2,,,837.4,,,,,100,,,,11.412,,,119,0.159,767,,,,,Acq,,,,,,,,,,,,,,,30,,0225-DGJZT-DG-YIN-DMRM-NEG.d,,Find by MRM,,
378,DGJZT_CGC_259_1,,,299.1,,,,,100,,,,11.477,,,80,0.333,926,,,,,Acq,,,,,,,,,,,,,,,30,,0225-DGJZT-DG-YIN-DMRM-NEG.d,,Find by MRM,,
379,DGJZT_CGC_264_3,,,821.4,,,,,100,,,,11.582,,,1502,0.347,17741,,,,,Acq,,,,,,,,,,,,,,,30,,0225-DGJZT-DG-YIN-DMRM-NEG.d,,Find by MRM,,
380,DGJZT_BS_175_1,,,735.2,,,,,100,,,,11.457,,,104,0.14,345,,,,,Acq,,,,,,,,,,,,,,,30,,0225-DGJZT-DG-YIN-DMRM-NEG.d,,Find by MRM,,
381,DGJZT_CGC_264_1,,,821.4,,,,,100,,,,11.598,,,16201,0.376,235942,,,,,Acq,,,,,,,,,,,,,,,30,,0225-DGJZT-DG-YIN-DMRM-NEG.d,,Find by MRM,,
382,DGJZT_CGC_285_1,,,969.5,,,,,100,,,,11.737,,,562,0.326,4397,,,,,Acq,,,,,,,,,,,,,,,30,,0225-DGJZT-DG-YIN-DMRM-NEG.d,,Find by MRM,,
383,DGJZT_CGC_282_1,,,955.5,,,,,100,,,,11.729,,,523,0.404,4327,,,,,Acq,,,,,,,,,,,,,,,30,,0225-DGJZT-DG-YIN-DMRM-NEG.d,,Find by MRM,,
384,DGJZT_CGC_289_2,,,807.4,,,,,100,,,,11.791,,,2499,0.386,17907,,,,,Acq,,,,,,,,,,,,,,,30,,0225-DGJZT-DG-YIN-DMRM-NEG.d,,Find by MRM,,
385,DGJZT_DG_80_3,,,399.1,,,,,100,,,,11.925,,,7,0.075,15,,,,,Acq,,,,,,,,,,,,,,,30,,0225-DGJZT-DG-YIN-DMRM-NEG.d,,Find by MRM,,
386,DGJZT_DG_80_2,,,399.1,,,,,100,,,,11.958,,,12,0.066,22,,,,,Acq,,,,,,,,,,,,,,,30,,0225-DGJZT-DG-YIN-DMRM-NEG.d,,Find by MRM,,
387,DGJZT_CGC_278_1,,,255.1,,,,,100,,,,11.762,,,3852,0.374,27244,,,,,Acq,,,,,,,,,,,,,,,30,,0225-DGJZT-DG-YIN-DMRM-NEG.d,,Find by MRM,,
388,DGJZT_CGC_289_3,,,807.4,,,,,100,,,,11.783,,,342,0.29,2307,,,,,Acq,,,,,,,,,,,,,,,30,,0225-DGJZT-DG-YIN-DMRM-NEG.d,,Find by MRM,,
389,DGJZT_DG_80_1,,,399.1,,,,,100,,,,11.718,,,2,0.099,5,,,,,Acq,,,,,,,,,,,,,,,30,,0225-DGJZT-DG-YIN-DMRM-NEG.d,,Find by MRM,,
390,DGJZT_CGC_293_1,,,821.4,,,,,100,,,,11.873,,,11277,0.336,131839,,,,,Acq,,,,,,,,,,,,,,,30,,0225-DGJZT-DG-YIN-DMRM-NEG.d,,Find by MRM,,
391,DGJZT_CGC_293_3,,,821.4,,,,,100,,,,11.881,,,1013,0.291,9402,,,,,Acq,,,,,,,,,,,,,,,30,,0225-DGJZT-DG-YIN-DMRM-NEG.d,,Find by MRM,,
392,DGJZT_CGC_293_2,,,821.4,,,,,100,,,,11.882,,,369,0.193,2915,,,,,Acq,,,,,,,,,,,,,,,30,,0225-DGJZT-DG-YIN-DMRM-NEG.d,,Find by MRM,,
393,DGJZT_DG_81_2,,,357.1,,,,,100,,,,11.96,,,7,0.145,22,,,,,Acq,,,,,,,,,,,,,,,30,,0225-DGJZT-DG-YIN-DMRM-NEG.d,,Find by MRM,,
394,DGJZT_CGC_291_1,,,267.1,,,,,100,,,,11.938,,,2373,0.313,16774,,,,,Acq,,,,,,,,,,,,,,,30,,0225-DGJZT-DG-YIN-DMRM-NEG.d,,Find by MRM,,
395,DGJZT_CGC_291_2,,,267.1,,,,,100,,,,11.947,,,1548,0.394,12655,,,,,Acq,,,,,,,,,,,,,,,30,,0225-DGJZT-DG-YIN-DMRM-NEG.d,,Find by MRM,,
396,DGJZT_CGC_291_3,,,267.1,,,,,100,,,,11.947,,,693,0.356,5319,,,,,Acq,,,,,,,,,,,,,,,30,,0225-DGJZT-DG-YIN-DMRM-NEG.d,,Find by MRM,,
397,DGJZT_DG_81_1,,,357.1,,,,,100,,,,11.968,,,9,0.155,32,,,,,Acq,,,,,,,,,,,,,,,30,,0225-DGJZT-DG-YIN-DMRM-NEG.d,,Find by MRM,,
398,DGJZT_CGC_301_1,,,939.5,,,,,100,,,,12.032,,,334,0.319,2182,,,,,Acq,,,,,,,,,,,,,,,30,,0225-DGJZT-DG-YIN-DMRM-NEG.d,,Find by MRM,,
399,DGJZT_CGC_305_1,,,823.4,,,,,100,,,,12.116,,,3372,0.211,21627,,,,,Acq,,,,,,,,,,,,,,,30,,0225-DGJZT-DG-YIN-DMRM-NEG.d,,Find by MRM,,
400,DGJZT_DG_87_3,,,517.2,,,,,100,,,,12.117,,,5,0.1,11,,,,,Acq,,,,,,,,,,,,,,,30,,0225-DGJZT-DG-YIN-DMRM-NEG.d,,Find by MRM,,
401,DGJZT_SJ_12_1,,,475.2,,,,,100,,,,12.042,,,120,0.165,668,,,,,Acq,,,,,,,,,,,,,,,30,,0225-DGJZT-DG-YIN-DMRM-NEG.d,,Find by MRM,,
402,DGJZT_GZ_31_1,,,325.1,,,,,100,,,,12.262,,,67,0.151,418,,,,,Acq,,,,,,,,,,,,,,,30,,0225-DGJZT-DG-YIN-DMRM-NEG.d,,Find by MRM,,
403,DGJZT_GZ_31_2,,,325.1,,,,,100,,,,12.128,,,170,0.349,1473,,,,,Acq,,,,,,,,,,,,,,,30,,0225-DGJZT-DG-YIN-DMRM-NEG.d,,Find by MRM,,
404,DGJZT_DG_89_3,,,313.1,,,,,100,,,,12.222,,,0,0.119,1,,,,,Acq,,,,,,,,,,,,,,,30,,0225-DGJZT-DG-YIN-DMRM-NEG.d,,Find by MRM,,
405,DGJZT_GZ_29_1,,,295.1,,,,,100,,,,12.08,,,404,0.258,2998,,,,,Acq,,,,,,,,,,,,,,,30,,0225-DGJZT-DG-YIN-DMRM-NEG.d,,Find by MRM,,
406,DGJZT_GZ_29_2,,,295.1,,,,,100,,,,12.096,,,1143,0.331,8353,,,,,Acq,,,,,,,,,,,,,,,30,,0225-DGJZT-DG-YIN-DMRM-NEG.d,,Find by MRM,,
407,DGJZT_CGC_305_3,,,823.4,,,,,100,,,,12.107,,,274,0.225,1949,,,,,Acq,,,,,,,,,,,,,,,30,,0225-DGJZT-DG-YIN-DMRM-NEG.d,,Find by MRM,,
408,DGJZT_CGC_310_1,,,777.4,,,,,100,,,,12.15,,,209,0.336,1714,,,,,Acq,,,,,,,,,,,,,,,30,,0225-DGJZT-DG-YIN-DMRM-NEG.d,,Find by MRM,,
409,DGJZT_DG_90_1,,,357.1,,,,,100,,,,12.286,,,15,0.131,46,,,,,Acq,,,,,,,,,,,,,,,30,,0225-DGJZT-DG-YIN-DMRM-NEG.d,,Find by MRM,,
410,DGJZT_GZ_31_3,,,325.1,,,,,100,,,,12.103,,,112,0.176,825,,,,,Acq,,,,,,,,,,,,,,,30,,0225-DGJZT-DG-YIN-DMRM-NEG.d,,Find by MRM,,
411,DGJZT_DG_88_3,,,383.2,,,,,100,,,,12.118,,,14,0.133,42,,,,,Acq,,,,,,,,,,,,,,,30,,0225-DGJZT-DG-YIN-DMRM-NEG.d,,Find by MRM,,
412,DGJZT_GZ_32_2,,,313.2,,,,,100,,,,12.17,,,123,0.187,723,,,,,Acq,,,,,,,,,,,,,,,30,,0225-DGJZT-DG-YIN-DMRM-NEG.d,,Find by MRM,,
413,DGJZT_DG_89_1,,,313.1,,,,,100,,,,12.054,,,3,0.091,6,,,,,Acq,,,,,,,,,,,,,,,30,,0225-DGJZT-DG-YIN-DMRM-NEG.d,,Find by MRM,,
414,DGJZT_DG_89_2,,,313.1,,,,,100,,,,12.281,,,5,0.067,12,,,,,Acq,,,,,,,,,,,,,,,30,,0225-DGJZT-DG-YIN-DMRM-NEG.d,,Find by MRM,,
415,DGJZT_CGC_313_1,,,369.1,,,,,100,,,,12.176,,,164,0.324,1259,,,,,Acq,,,,,,,,,,,,,,,30,,0225-DGJZT-DG-YIN-DMRM-NEG.d,,Find by MRM,,
416,DGJZT_DG_90_2,,,357.1,,,,,100,,,,12.295,,,41,0.16,170,,,,,Acq,,,,,,,,,,,,,,,30,,0225-DGJZT-DG-YIN-DMRM-NEG.d,,Find by MRM,,
417,DGJZT_GZ_32_1,,,313.2,,,,,100,,,,12.17,,,121,0.268,800,,,,,Acq,,,,,,,,,,,,,,,30,,0225-DGJZT-DG-YIN-DMRM-NEG.d,,Find by MRM,,
418,DGJZT_DG_91_2,,,205.1,,,,,100,,,,12.006,,,0,0.081,0,,,,,Acq,,,,,,,,,,,,,,,30,,0225-DGJZT-DG-YIN-DMRM-NEG.d,,Find by MRM,,
419,DGJZT_DG_91_1,,,205.1,,,,,100,,,,12.216,,,15,0.151,48,,,,,Acq,,,,,,,,,,,,,,,30,,0225-DGJZT-DG-YIN-DMRM-NEG.d,,Find by MRM,,
420,DGJZT_CGC_314_1,,,805.4,,,,,100,,,,12.276,,,1470,0.204,10450,,,,,Acq,,,,,,,,,,,,,,,30,,0225-DGJZT-DG-YIN-DMRM-NEG.d,,Find by MRM,,
421,DGJZT_CGC_314_3,,,805.4,,,,,100,,,,12.276,,,328,0.224,2224,,,,,Acq,,,,,,,,,,,,,,,30,,0225-DGJZT-DG-YIN-DMRM-NEG.d,,Find by MRM,,
422,DGJZT_SJ_13_1,,,355.2,,,,,100,,,,12.32,,,50,0.154,229,,,,,Acq,,,,,,,,,,,,,,,30,,0225-DGJZT-DG-YIN-DMRM-NEG.d,,Find by MRM,,
423,DGJZT_GZ_33_2,,,265.1,,,,,100,,,,12.365,,,171,0.36,1199,,,,,Acq,,,,,,,,,,,,,,,30,,0225-DGJZT-DG-YIN-DMRM-NEG.d,,Find by MRM,,
424,DGJZT_GZ_33_3,,,265.1,,,,,100,,,,12.366,,,63,0.224,392,,,,,Acq,,,,,,,,,,,,,,,30,,0225-DGJZT-DG-YIN-DMRM-NEG.d,,Find by MRM,,
425,DGJZT_DG_92_1,,,203.1,,,,,100,,,,12.35,,,6,0.112,17,,,,,Acq,,,,,,,,,,,,,,,30,,0225-DGJZT-DG-YIN-DMRM-NEG.d,,Find by MRM,,
426,DGJZT_DG_92_2,,,203.1,,,,,100,,,,12.56,,,53,0.184,645,,,,,Acq,,,,,,,,,,,,,,,30,,0225-DGJZT-DG-YIN-DMRM-NEG.d,,Find by MRM,,
427,DGJZT_DG_92_3,,,203.1,,,,,100,,,,12.56,,,16,0.108,62,,,,,Acq,,,,,,,,,,,,,,,30,,0225-DGJZT-DG-YIN-DMRM-NEG.d,,Find by MRM,,
428,DGJZT_GZ_33_1,,,265.1,,,,,100,,,,12.349,,,87,0.385,674,,,,,Acq,,,,,,,,,,,,,,,30,,0225-DGJZT-DG-YIN-DMRM-NEG.d,,Find by MRM,,
429,DGJZT_CGC_324_1,,,805.4,,,,,100,,,,12.293,,,2663,0.159,17588,,,,,Acq,,,,,,,,,,,,,,,30,,0225-DGJZT-DG-YIN-DMRM-NEG.d,,Find by MRM,,
430,DGJZT_CGC_325_1,,,353.1,,,,,100,,,,12.539,,,2187,0.426,17089,,,,,Acq,,,,,,,,,,,,,,,30,,0225-DGJZT-DG-YIN-DMRM-NEG.d,,Find by MRM,,
431,DGJZT_DZ_45_1,,,517.3,,,,,100,,,,12.721,,,287,0.368,2195,,,,,Acq,,,,,,,,,,,,,,,30,,0225-DGJZT-DG-YIN-DMRM-NEG.d,,Find by MRM,,
432,DGJZT_CGC_336_1,,,367.1,,,,,100,,,,12.788,,,61776,0.351,461209,,,,,Acq,,,,,,,,,,,,,,,30,,0225-DGJZT-DG-YIN-DMRM-NEG.d,,Find by MRM,,
433,DGJZT_CGC_336_2,,,367.1,,,,,100,,,,12.789,,,17652,0.357,134262,,,,,Acq,,,,,,,,,,,,,,,30,,0225-DGJZT-DG-YIN-DMRM-NEG.d,,Find by MRM,,
434,DGJZT_CGC_336_3,,,367.1,,,,,100,,,,12.789,,,2410,0.345,18076,,,,,Acq,,,,,,,,,,,,,,,30,,0225-DGJZT-DG-YIN-DMRM-NEG.d,,Find by MRM,,
435,DGJZT_DZ_46_2,,,287.2,,,,,100,,,,12.752,,,53,0.188,291,,,,,Acq,,,,,,,,,,,,,,,30,,0225-DGJZT-DG-YIN-DMRM-NEG.d,,Find by MRM,,
436,DGJZT_CGC_337_1,,,323.1,,,,,100,,,,12.819,,,325,0.406,2378,,,,,Acq,,,,,,,,,,,,,,,30,,0225-DGJZT-DG-YIN-DMRM-NEG.d,,Find by MRM,,
437,DGJZT_CGC_338_2,,,355.1,,,,,100,,,,12.866,,,5002,0.392,37340,,,,,Acq,,,,,,,,,,,,,,,30,,0225-DGJZT-DG-YIN-DMRM-NEG.d,,Find by MRM,,
438,DGJZT_CGC_338_3,,,355.1,,,,,100,,,,12.866,,,2409,0.39,17246,,,,,Acq,,,,,,,,,,,,,,,30,,0225-DGJZT-DG-YIN-DMRM-NEG.d,,Find by MRM,,
439,DGJZT_CGC_338_1,,,355.1,,,,,100,,,,12.867,,,13138,0.397,96474,,,,,Acq,,,,,,,,,,,,,,,30,,0225-DGJZT-DG-YIN-DMRM-NEG.d,,Find by MRM,,
440,DGJZT_CGC_344_1,,,805.4,,,,,100,,,,12.929,,,631,0.313,6117,,,,,Acq,,,,,,,,,,,,,,,30,,0225-DGJZT-DG-YIN-DMRM-NEG.d,,Find by MRM,,
441,DGJZT_CGC_341_1,,,711.3,,,,,100,,,,12.913,,,6621,0.335,35329,,,,,Acq,,,,,,,,,,,,,,,30,,0225-DGJZT-DG-YIN-DMRM-NEG.d,,Find by MRM,,
442,DGJZT_CGC_346_1,,,369.1,,,,,100,,,,12.997,,,860,0.346,6449,,,,,Acq,,,,,,,,,,,,,,,30,,0225-DGJZT-DG-YIN-DMRM-NEG.d,,Find by MRM,,
443,DGJZT_CGC_347_2,,,351.1,,,,,100,,,,13.034,,,1185,0.297,7808,,,,,Acq,,,,,,,,,,,,,,,30,,0225-DGJZT-DG-YIN-DMRM-NEG.d,,Find by MRM,,
444,DGJZT_CGC_347_3,,,351.1,,,,,100,,,,13.026,,,2125,0.368,16281,,,,,Acq,,,,,,,,,,,,,,,30,,0225-DGJZT-DG-YIN-DMRM-NEG.d,,Find by MRM,,
445,DGJZT_CGC_347_1,,,351.1,,,,,100,,,,13.042,,,2388,0.345,17588,,,,,Acq,,,,,,,,,,,,,,,30,,0225-DGJZT-DG-YIN-DMRM-NEG.d,,Find by MRM,,
446,DGJZT_CGC_345_1,,,337.1,,,,,100,,,,12.994,,,93,0.365,748,,,,,Acq,,,,,,,,,,,,,,,30,,0225-DGJZT-DG-YIN-DMRM-NEG.d,,Find by MRM,,
447,DGJZT_CGC_354_1,,,823.4,,,,,100,,,,13.113,,,148,0.277,941,,,,,Acq,,,,,,,,,,,,,,,30,,0225-DGJZT-DG-YIN-DMRM-NEG.d,,Find by MRM,,
448,DGJZT_CGC_353_1,,,807.4,,,,,100,,,,13.122,,,254,0.272,1944,,,,,Acq,,,,,,,,,,,,,,,30,,0225-DGJZT-DG-YIN-DMRM-NEG.d,,Find by MRM,,
449,DGJZT_CGC_355_1,,,339.1,,,,,100,,,,13.16,,,2636,0.386,19290,,,,,Acq,,,,,,,,,,,,,,,30,,0225-DGJZT-DG-YIN-DMRM-NEG.d,,Find by MRM,,
450,DGJZT_CGC_355_2,,,339.1,,,,,100,,,,13.16,,,1743,0.381,12465,,,,,Acq,,,,,,,,,,,,,,,30,,0225-DGJZT-DG-YIN-DMRM-NEG.d,,Find by MRM,,
451,DGJZT_CGC_355_3,,,339.1,,,,,100,,,,13.161,,,871,0.31,5924,,,,,Acq,,,,,,,,,,,,,,,30,,0225-DGJZT-DG-YIN-DMRM-NEG.d,,Find by MRM,,
452,DGJZT_CGC_351_1,,,313.1,,,,,100,,,,13.171,,,2294,0.39,15924,,,,,Acq,,,,,,,,,,,,,,,30,,0225-DGJZT-DG-YIN-DMRM-NEG.d,,Find by MRM,,
453,DGJZT_CGC_351_2,,,313.1,,,,,100,,,,13.163,,,1093,0.393,7670,,,,,Acq,,,,,,,,,,,,,,,30,,0225-DGJZT-DG-YIN-DMRM-NEG.d,,Find by MRM,,
454,DGJZT_CGC_357_2,,,353.1,,,,,100,,,,13.266,,,6153,0.355,43833,,,,,Acq,,,,,,,,,,,,,,,30,,0225-DGJZT-DG-YIN-DMRM-NEG.d,,Find by MRM,,
455,DGJZT_DZ_48_1,,,487.3,,,,,100,,,,13.373,,,272,0.31,2149,,,,,Acq,,,,,,,,,,,,,,,30,,0225-DGJZT-DG-YIN-DMRM-NEG.d,,Find by MRM,,
456,DGJZT_CGC_357_3,,,353.1,,,,,100,,,,13.326,,,2752,0.396,23125,,,,,Acq,,,,,,,,,,,,,,,30,,0225-DGJZT-DG-YIN-DMRM-NEG.d,,Find by MRM,,
457,DGJZT_CGC_357_1,,,353.1,,,,,100,,,,13.327,,,51140,0.398,403570,,,,,Acq,,,,,,,,,,,,,,,30,,0225-DGJZT-DG-YIN-DMRM-NEG.d,,Find by MRM,,
458,DGJZT_CGC_359_2,,,337.1,,,,,100,,,,13.337,,,187,0.292,1384,,,,,Acq,,,,,,,,,,,,,,,30,,0225-DGJZT-DG-YIN-DMRM-NEG.d,,Find by MRM,,
459,DGJZT_CGC_364_1,,,365.1,,,,,100,,,,13.528,,,8195,0.407,61459,,,,,Acq,,,,,,,,,,,,,,,30,,0225-DGJZT-DG-YIN-DMRM-NEG.d,,Find by MRM,,
460,DGJZT_CGC_364_2,,,365.1,,,,,100,,,,13.537,,,3175,0.415,23135,,,,,Acq,,,,,,,,,,,,,,,30,,0225-DGJZT-DG-YIN-DMRM-NEG.d,,Find by MRM,,
461,DGJZT_DZ_49_3,,,501.3,,,,,100,,,,13.682,,,191,0.202,1398,,,,,Acq,,,,,,,,,,,,,,,30,,0225-DGJZT-DG-YIN-DMRM-NEG.d,,Find by MRM,,
462,DGJZT_CGC_368_1,,,337.1,,,,,100,,,,13.682,,,62,0.15,271,,,,,Acq,,,,,,,,,,,,,,,30,,0225-DGJZT-DG-YIN-DMRM-NEG.d,,Find by MRM,,
463,DGJZT_DZ_49_2,,,501.3,,,,,100,,,,13.683,,,900,0.232,6259,,,,,Acq,,,,,,,,,,,,,,,30,,0225-DGJZT-DG-YIN-DMRM-NEG.d,,Find by MRM,,
464,DGJZT_DZ_50_1,,,450.3,,,,,100,,,,13.592,,,246,0.366,2804,,,,,Acq,,,,,,,,,,,,,,,30,,0225-DGJZT-DG-YIN-DMRM-NEG.d,,Find by MRM,,
465,DGJZT_DZ_49_1,,,501.3,,,,,100,,,,13.718,,,177,0.394,2341,,,,,Acq,,,,,,,,,,,,,,,30,,0225-DGJZT-DG-YIN-DMRM-NEG.d,,Find by MRM,,
466,DGJZT_DZ_50_2,,,450.3,,,,,100,,,,13.684,,,197,0.391,2484,,,,,Acq,,,,,,,,,,,,,,,30,,0225-DGJZT-DG-YIN-DMRM-NEG.d,,Find by MRM,,
467,DGJZT_DG_96_2,,,409.2,,,,,100,,,,13.87,,,8,0.088,16,,,,,Acq,,,,,,,,,,,,,,,30,,0225-DGJZT-DG-YIN-DMRM-NEG.d,,Find by MRM,,
468,DGJZT_DG_96_3,,,409.2,,,,,100,,,,13.551,,,2,0.1,4,,,,,Acq,,,,,,,,,,,,,,,30,,0225-DGJZT-DG-YIN-DMRM-NEG.d,,Find by MRM,,
469,DGJZT_CGC_374_1,,,369.1,,,,,100,,,,13.738,,,2210,0.387,17226,,,,,Acq,,,,,,,,,,,,,,,30,,0225-DGJZT-DG-YIN-DMRM-NEG.d,,Find by MRM,,
470,DGJZT_CGC_373_1,,,339.1,,,,,100,,,,13.723,,,376,0.347,2302,,,,,Acq,,,,,,,,,,,,,,,30,,0225-DGJZT-DG-YIN-DMRM-NEG.d,,Find by MRM,,
471,DGJZT_DG_96_1,,,409.2,,,,,100,,,,13.777,,,21,0.142,89,,,,,Acq,,,,,,,,,,,,,,,30,,0225-DGJZT-DG-YIN-DMRM-NEG.d,,Find by MRM,,
472,DGJZT_CGC_374_3,,,369.1,,,,,100,,,,13.73,,,563,0.314,3859,,,,,Acq,,,,,,,,,,,,,,,30,,0225-DGJZT-DG-YIN-DMRM-NEG.d,,Find by MRM,,
473,DGJZT_CGC_374_2,,,369.1,,,,,100,,,,13.723,,,125,0.117,487,,,,,Acq,,,,,,,,,,,,,,,30,,0225-DGJZT-DG-YIN-DMRM-NEG.d,,Find by MRM,,
474,DGJZT_BS_177_1,,,723.4,,,,,100,,,,13.784,,,355,0.318,2465,,,,,Acq,,,,,,,,,,,,,,,30,,0225-DGJZT-DG-YIN-DMRM-NEG.d,,Find by MRM,,
475,DGJZT_DG_97_2,,,397.2,,,,,100,,,,13.744,,,5,0.092,11,,,,,Acq,,,,,,,,,,,,,,,30,,0225-DGJZT-DG-YIN-DMRM-NEG.d,,Find by MRM,,
476,DGJZT_CGC_375_2,,,371.1,,,,,100,,,,13.78,,,2035,0.283,13844,,,,,Acq,,,,,,,,,,,,,,,30,,0225-DGJZT-DG-YIN-DMRM-NEG.d,,Find by MRM,,
477,DGJZT_CGC_375_1,,,371.1,,,,,100,,,,13.78,,,5102,0.345,34511,,,,,Acq,,,,,,,,,,,,,,,30,,0225-DGJZT-DG-YIN-DMRM-NEG.d,,Find by MRM,,
478,DGJZT_DG_98_2,,,395.2,,,,,100,,,,13.83,,,8,0.118,18,,,,,Acq,,,,,,,,,,,,,,,30,,0225-DGJZT-DG-YIN-DMRM-NEG.d,,Find by MRM,,
479,DGJZT_DG_98_1,,,395.2,,,,,100,,,,14.075,,,42,0.067,35,,,,,Acq,,,,,,,,,,,,,,,30,,0225-DGJZT-DG-YIN-DMRM-NEG.d,,Find by MRM,,
480,DGJZT_DG_98_3,,,395.2,,,,,100,,,,13.906,,,12,0.093,23,,,,,Acq,,,,,,,,,,,,,,,30,,0225-DGJZT-DG-YIN-DMRM-NEG.d,,Find by MRM,,
481,DGJZT_DG_104_3,,,817.4,,,,,100,,,,13.716,,,3,0.101,7,,,,,Acq,,,,,,,,,,,,,,,30,,0225-DGJZT-DG-YIN-DMRM-NEG.d,,Find by MRM,,
482,DGJZT_DG_104_1,,,817.4,,,,,100,,,,13.741,,,0,0.126,1,,,,,Acq,,,,,,,,,,,,,,,30,,0225-DGJZT-DG-YIN-DMRM-NEG.d,,Find by MRM,,
483,DGJZT_DG_104_2,,,817.4,,,,,100,,,,13.918,,,0,0.195,2,,,,,Acq,,,,,,,,,,,,,,,30,,0225-DGJZT-DG-YIN-DMRM-NEG.d,,Find by MRM,,
484,DGJZT_DG_103_3,,,795.4,,,,,100,,,,13.96,,,12,0.13,26,,,,,Acq,,,,,,,,,,,,,,,30,,0225-DGJZT-DG-YIN-DMRM-NEG.d,,Find by MRM,,
485,DGJZT_DG_103_1,,,795.4,,,,,100,,,,14.002,,,0,0.102,1,,,,,Acq,,,,,,,,,,,,,,,30,,0225-DGJZT-DG-YIN-DMRM-NEG.d,,Find by MRM,,
486,DGJZT_DG_97_1,,,397.2,,,,,100,,,,13.812,,,3,0.122,10,,,,,Acq,,,,,,,,,,,,,,,30,,0225-DGJZT-DG-YIN-DMRM-NEG.d,,Find by MRM,,
487,DGJZT_DG_97_3,,,397.2,,,,,100,,,,14.09,,,14,0.107,28,,,,,Acq,,,,,,,,,,,,,,,30,,0225-DGJZT-DG-YIN-DMRM-NEG.d,,Find by MRM,,
488,DGJZT_DG_101_2,,,397.2,,,,,100,,,,13.939,,,3,0.115,8,,,,,Acq,,,,,,,,,,,,,,,30,,0225-DGJZT-DG-YIN-DMRM-NEG.d,,Find by MRM,,
489,DGJZT_DG_101_3,,,397.2,,,,,100,,,,13.948,,,5,0.101,10,,,,,Acq,,,,,,,,,,,,,,,30,,0225-DGJZT-DG-YIN-DMRM-NEG.d,,Find by MRM,,
490,DGJZT_DG_103_2,,,795.4,,,,,100,,,,14.019,,,0,0.16,1,,,,,Acq,,,,,,,,,,,,,,,30,,0225-DGJZT-DG-YIN-DMRM-NEG.d,,Find by MRM,,
491,DGJZT_DG_102_2,,,497.1,,,,,100,,,,14.122,,,3,0.096,6,,,,,Acq,,,,,,,,,,,,,,,30,,0225-DGJZT-DG-YIN-DMRM-NEG.d,,Find by MRM,,
492,DGJZT_DG_102_1,,,497.1,,,,,100,,,,13.97,,,5,0.084,9,,,,,Acq,,,,,,,,,,,,,,,30,,0225-DGJZT-DG-YIN-DMRM-NEG.d,,Find by MRM,,
493,DGJZT_DG_101_1,,,397.2,,,,,100,,,,13.93,,,29,0.117,108,,,,,Acq,,,,,,,,,,,,,,,30,,0225-DGJZT-DG-YIN-DMRM-NEG.d,,Find by MRM,,
494,DGJZT_DG_100_2,,,353.2,,,,,100,,,,13.781,,,19,0.092,52,,,,,Acq,,,,,,,,,,,,,,,30,,0225-DGJZT-DG-YIN-DMRM-NEG.d,,Find by MRM,,
495,DGJZT_DG_100_1,,,353.2,,,,,100,,,,13.765,,,84,0.109,355,,,,,Acq,,,,,,,,,,,,,,,30,,0225-DGJZT-DG-YIN-DMRM-NEG.d,,Find by MRM,,
496,DGJZT_DG_100_3,,,353.2,,,,,100,,,,13.756,,,17,0.059,28,,,,,Acq,,,,,,,,,,,,,,,30,,0225-DGJZT-DG-YIN-DMRM-NEG.d,,Find by MRM,,
497,DGJZT_CGC_379_2,,,351.1,,,,,100,,,,13.975,,,27401,0.379,211006,,,,,Acq,,,,,,,,,,,,,,,30,,0225-DGJZT-DG-YIN-DMRM-NEG.d,,Find by MRM,,
498,DGJZT_CGC_379_3,,,351.1,,,,,100,,,,13.976,,,8659,0.355,69512,,,,,Acq,,,,,,,,,,,,,,,30,,0225-DGJZT-DG-YIN-DMRM-NEG.d,,Find by MRM,,
499,DGJZT_CGC_379_1,,,351.1,,,,,100,,,,13.967,,,7792,0.375,62320,,,,,Acq,,,,,,,,,,,,,,,30,,0225-DGJZT-DG-YIN-DMRM-NEG.d,,Find by MRM,,
500,DGJZT_DG_105_3,,,411.2,,,,,100,,,,14.165,,,4,0.084,10,,,,,Acq,,,,,,,,,,,,,,,30,,0225-DGJZT-DG-YIN-DMRM-NEG.d,,Find by MRM,,
501,DGJZT_DG_105_1,,,411.2,,,,,100,,,,14.224,,,10,0.134,56,,,,,Acq,,,,,,,,,,,,,,,30,,0225-DGJZT-DG-YIN-DMRM-NEG.d,,Find by MRM,,
502,DGJZT_DG_105_2,,,411.2,,,,,100,,,,14.19,,,10,0.144,28,,,,,Acq,,,,,,,,,,,,,,,30,,0225-DGJZT-DG-YIN-DMRM-NEG.d,,Find by MRM,,
503,DGJZT_CGC_386_1,,,391.2,,,,,100,,,,14.084,,,3563,0.379,23846,,,,,Acq,,,,,,,,,,,,,,,30,,0225-DGJZT-DG-YIN-DMRM-NEG.d,,Find by MRM,,
504,DGJZT_CGC_386_2,,,391.2,,,,,100,,,,14.092,,,718,0.351,5025,,,,,Acq,,,,,,,,,,,,,,,30,,0225-DGJZT-DG-YIN-DMRM-NEG.d,,Find by MRM,,
505,DGJZT_DG_107_3,,,649.3,,,,,100,,,,14.147,,,7,0.091,19,,,,,Acq,,,,,,,,,,,,,,,30,,0225-DGJZT-DG-YIN-DMRM-NEG.d,,Find by MRM,,
506,DGJZT_DG_106_3,,,721.3,,,,,100,,,,14.146,,,13,0.109,46,,,,,Acq,,,,,,,,,,,,,,,30,,0225-DGJZT-DG-YIN-DMRM-NEG.d,,Find by MRM,,
507,DGJZT_DG_107_2,,,649.3,,,,,100,,,,14.113,,,9,0.092,34,,,,,Acq,,,,,,,,,,,,,,,30,,0225-DGJZT-DG-YIN-DMRM-NEG.d,,Find by MRM,,
508,DGJZT_DG_108_1,,,399.2,,,,,100,,,,14.065,,,4,0.145,13,,,,,Acq,,,,,,,,,,,,,,,30,,0225-DGJZT-DG-YIN-DMRM-NEG.d,,Find by MRM,,
509,DGJZT_DG_107_1,,,649.3,,,,,100,,,,14.28,,,27,0.106,92,,,,,Acq,,,,,,,,,,,,,,,30,,0225-DGJZT-DG-YIN-DMRM-NEG.d,,Find by MRM,,
510,DGJZT_DZ_53_1,,,485.3,,,,,100,,,,14.298,,,616,0.33,4099,,,,,Acq,,,,,,,,,,,,,,,30,,0225-DGJZT-DG-YIN-DMRM-NEG.d,,Find by MRM,,
511,DGJZT_DZ_53_3,,,485.3,,,,,100,,,,14.315,,,99,0.135,414,,,,,Acq,,,,,,,,,,,,,,,30,,0225-DGJZT-DG-YIN-DMRM-NEG.d,,Find by MRM,,
512,DGJZT_DG_106_1,,,721.3,,,,,100,,,,14.212,,,14,0.195,67,,,,,Acq,,,,,,,,,,,,,,,30,,0225-DGJZT-DG-YIN-DMRM-NEG.d,,Find by MRM,,
513,DGJZT_CGC_391_1,,,367.2,,,,,100,,,,14.345,,,3584,0.358,22849,,,,,Acq,,,,,,,,,,,,,,,30,,0225-DGJZT-DG-YIN-DMRM-NEG.d,,Find by MRM,,
514,DGJZT_CGC_391_2,,,367.2,,,,,100,,,,14.345,,,843,0.386,5720,,,,,Acq,,,,,,,,,,,,,,,30,,0225-DGJZT-DG-YIN-DMRM-NEG.d,,Find by MRM,,
515,DGJZT_CGC_393_2,,,423.2,,,,,100,,,,14.239,,,8766,0.126,38282,,,,,Acq,,,,,,,,,,,,,,,30,,0225-DGJZT-DG-YIN-DMRM-NEG.d,,Find by MRM,,
516,DGJZT_CGC_393_1,,,423.2,,,,,100,,,,14.24,,,17238,0.15,79814,,,,,Acq,,,,,,,,,,,,,,,30,,0225-DGJZT-DG-YIN-DMRM-NEG.d,,Find by MRM,,
517,DGJZT_CGC_393_3,,,423.2,,,,,100,,,,14.24,,,2032,0.16,9224,,,,,Acq,,,,,,,,,,,,,,,30,,0225-DGJZT-DG-YIN-DMRM-NEG.d,,Find by MRM,,
518,DGJZT_DG_111_2,,,625.3,,,,,100,,,,14.514,,,8,0.162,27,,,,,Acq,,,,,,,,,,,,,,,30,,0225-DGJZT-DG-YIN-DMRM-NEG.d,,Find by MRM,,
519,DGJZT_DG_111_1,,,625.3,,,,,100,,,,14.564,,,7,0.129,32,,,,,Acq,,,,,,,,,,,,,,,30,,0225-DGJZT-DG-YIN-DMRM-NEG.d,,Find by MRM,,
520,DGJZT_CGC_395_2,,,421.2,,,,,100,,,,14.751,,,1131,0.308,7335,,,,,Acq,,,,,,,,,,,,,,,30,,0225-DGJZT-DG-YIN-DMRM-NEG.d,,Find by MRM,,
521,DGJZT_CGC_395_1,,,421.2,,,,,100,,,,14.744,,,11459,0.337,73899,,,,,Acq,,,,,,,,,,,,,,,30,,0225-DGJZT-DG-YIN-DMRM-NEG.d,,Find by MRM,,
522,DGJZT_CGC_395_3,,,421.2,,,,,100,,,,14.754,,,1086,0.266,6591,,,,,Acq,,,,,,,,,,,,,,,30,,0225-DGJZT-DG-YIN-DMRM-NEG.d,,Find by MRM,,
523,DGJZT_CGC_398_1,,,421.2,,,,,100,,,,14.75,,,11530,0.445,75933,,,,,Acq,,,,,,,,,,,,,,,30,,0225-DGJZT-DG-YIN-DMRM-NEG.d,,Find by MRM,,
524,DGJZT_DG_113_2,,,216.9,,,,,100,,,,15.125,,,44,0.431,685,,,,,Acq,,,,,,,,,,,,,,,30,,0225-DGJZT-DG-YIN-DMRM-NEG.d,,Find by MRM,,
525,DGJZT_DG_113_1,,,216.9,,,,,100,,,,15.128,,,23,0.372,259,,,,,Acq,,,,,,,,,,,,,,,30,,0225-DGJZT-DG-YIN-DMRM-NEG.d,,Find by MRM,,
526,DGJZT_DG_113_3,,,216.9,,,,,100,,,,15.164,,,30,0.46,421,,,,,Acq,,,,,,,,,,,,,,,30,,0225-DGJZT-DG-YIN-DMRM-NEG.d,,Find by MRM,,

