﻿#化合物列表: 526 found
#
Cpd,Name,Formula,Purity Result,Precursor,Mass,Diff (ppm),Score (Tgt),Flags (Tgt),Score,Std Dev,Relative Mass Difference (MFG),Base Peak,RT,RT Diff,Target Retention Time Difference,Height,Width,Area,Volume,Vol %,Ions,Saturated,ID Source,Score (MFG),Score (DB),Hit Count,Tgt MFG Hit,FV,Purity Value,Purity Comments,ADC% Area,EIC/TIC% Area,TIC% Area,UVA% Area,Score (Lib),CAS ID,Relative Reference Mass difference,CE,MS/MS Count,File,Notes,Algorithm,Lib/DB
1,DGJZT_SJ_1_3,,,308.1,,,,,100,,,,0.991,,,100,0.209,879,,,,,Acq,,,,,,,,,,,,,,,30,,0225-DGJZT-DG-DMRM-NEG.d,,Find by MRM,,
2,DGJZT_SJ_1_1,,,308.1,,,,,100,,,,1.025,,,51,0.108,252,,,,,Acq,,,,,,,,,,,,,,,30,,0225-DGJZT-DG-DMRM-NEG.d,,Find by MRM,,
3,DGJZT_SJ_1_2,,,308.1,,,,,100,,,,1.009,,,56,0.248,385,,,,,Acq,,,,,,,,,,,,,,,30,,0225-DGJZT-DG-DMRM-NEG.d,,Find by MRM,,
4,DGJZT_DZ_4_3,,,618.2,,,,,100,,,,1.087,,,66,0.301,604,,,,,Acq,,,,,,,,,,,,,,,30,,0225-DGJZT-DG-DMRM-NEG.d,,Find by MRM,,
5,DGJZT_DZ_4_1,,,618.2,,,,,100,,,,1.054,,,91,0.138,513,,,,,Acq,,,,,,,,,,,,,,,30,,0225-DGJZT-DG-DMRM-NEG.d,,Find by MRM,,
6,DGJZT_DZ_4_2,,,618.2,,,,,100,,,,1.088,,,27,0.092,109,,,,,Acq,,,,,,,,,,,,,,,30,,0225-DGJZT-DG-DMRM-NEG.d,,Find by MRM,,
7,DGJZT_DZ_6_1,,,353.1,,,,,100,,,,1.149,,,56,0.276,559,,,,,Acq,,,,,,,,,,,,,,,30,,0225-DGJZT-DG-DMRM-NEG.d,,Find by MRM,,
8,DGJZT_DZ_6_3,,,353.1,,,,,100,,,,1.116,,,47,0.213,338,,,,,Acq,,,,,,,,,,,,,,,30,,0225-DGJZT-DG-DMRM-NEG.d,,Find by MRM,,
9,DGJZT_DG_6_1,,,470.2,,,,,100,,,,1.114,,,7117,0.423,86321,,,,,Acq,,,,,,,,,,,,,,,30,,0225-DGJZT-DG-DMRM-NEG.d,,Find by MRM,,
10,DGJZT_DZ_9_1,,,618.2,,,,,100,,,,1.035,,,99,0.205,639,,,,,Acq,,,,,,,,,,,,,,,30,,0225-DGJZT-DG-DMRM-NEG.d,,Find by MRM,,
11,DGJZT_DZ_9_2,,,618.2,,,,,100,,,,1.044,,,35,0.265,267,,,,,Acq,,,,,,,,,,,,,,,30,,0225-DGJZT-DG-DMRM-NEG.d,,Find by MRM,,
12,DGJZT_DG_9_3,,,387.1,,,,,100,,,,0.997,,,550,0.071,1391,,,,,Acq,,,,,,,,,,,,,,,30,,0225-DGJZT-DG-DMRM-NEG.d,,Find by MRM,,
13,DGJZT_DZ_9_3,,,618.2,,,,,100,,,,1.144,,,38,0.117,205,,,,,Acq,,,,,,,,,,,,,,,30,,0225-DGJZT-DG-DMRM-NEG.d,,Find by MRM,,
14,DGJZT_DG_10_1,,,527.1,,,,,100,,,,1.205,,,582,0.457,6934,,,,,Acq,,,,,,,,,,,,,,,30,,0225-DGJZT-DG-DMRM-NEG.d,,Find by MRM,,
15,DGJZT_DG_9_2,,,387.1,,,,,100,,,,1.415,,,867,0.264,10395,,,,,Acq,,,,,,,,,,,,,,,30,,0225-DGJZT-DG-DMRM-NEG.d,,Find by MRM,,
16,DGJZT_DG_9_1,,,387.1,,,,,100,,,,1.441,,,402,0.219,3308,,,,,Acq,,,,,,,,,,,,,,,30,,0225-DGJZT-DG-DMRM-NEG.d,,Find by MRM,,
17,DGJZT_DZ_10_2,,,353.1,,,,,100,,,,1.525,,,82,0.227,492,,,,,Acq,,,,,,,,,,,,,,,30,,0225-DGJZT-DG-DMRM-NEG.d,,Find by MRM,,
18,DGJZT_DZ_10_1,,,353.1,,,,,100,,,,1.518,,,62,0.297,422,,,,,Acq,,,,,,,,,,,,,,,30,,0225-DGJZT-DG-DMRM-NEG.d,,Find by MRM,,
19,DGJZT_DG_16_1,,,470.2,,,,,100,,,,1.613,,,4466,0.343,39576,,,,,Acq,,,,,,,,,,,,,,,30,,0225-DGJZT-DG-DMRM-NEG.d,,Find by MRM,,
20,DGJZT_DG_17_2,,,372.1,,,,,100,,,,1.607,,,284,0.215,1585,,,,,Acq,,,,,,,,,,,,,,,30,,0225-DGJZT-DG-DMRM-NEG.d,,Find by MRM,,
21,DGJZT_DG_17_1,,,372.1,,,,,100,,,,1.608,,,213,0.23,1243,,,,,Acq,,,,,,,,,,,,,,,30,,0225-DGJZT-DG-DMRM-NEG.d,,Find by MRM,,
22,DGJZT_BS_3_1,,,343.1,,,,,100,,,,1.626,,,3,0.074,8,,,,,Acq,,,,,,,,,,,,,,,30,,0225-DGJZT-DG-DMRM-NEG.d,,Find by MRM,,
23,DGJZT_BS_5_1,,,331.1,,,,,100,,,,1.695,,,1,0.081,2,,,,,Acq,,,,,,,,,,,,,,,30,,0225-DGJZT-DG-DMRM-NEG.d,,Find by MRM,,
24,DGJZT_DG_25_1,,,527.1,,,,,100,,,,1.838,,,1957,0.41,19716,,,,,Acq,,,,,,,,,,,,,,,30,,0225-DGJZT-DG-DMRM-NEG.d,,Find by MRM,,
25,DGJZT_BS_5_3,,,331.1,,,,,100,,,,2.077,,,3,0.083,11,,,,,Acq,,,,,,,,,,,,,,,30,,0225-DGJZT-DG-DMRM-NEG.d,,Find by MRM,,
26,DGJZT_BS_5_2,,,331.1,,,,,100,,,,1.985,,,4,0.168,15,,,,,Acq,,,,,,,,,,,,,,,30,,0225-DGJZT-DG-DMRM-NEG.d,,Find by MRM,,
27,DGJZT_DG_26_1,,,497.1,,,,,100,,,,1.94,,,467,0.308,4280,,,,,Acq,,,,,,,,,,,,,,,30,,0225-DGJZT-DG-DMRM-NEG.d,,Find by MRM,,
28,DGJZT_DG_26_3,,,497.1,,,,,100,,,,1.981,,,289,0.38,2984,,,,,Acq,,,,,,,,,,,,,,,30,,0225-DGJZT-DG-DMRM-NEG.d,,Find by MRM,,
29,DGJZT_BS_6_2,,,331.1,,,,,100,,,,2.235,,,9,0.058,13,,,,,Acq,,,,,,,,,,,,,,,30,,0225-DGJZT-DG-DMRM-NEG.d,,Find by MRM,,
30,DGJZT_BS_6_1,,,331.1,,,,,100,,,,2.194,,,5,0.067,12,,,,,Acq,,,,,,,,,,,,,,,30,,0225-DGJZT-DG-DMRM-NEG.d,,Find by MRM,,
31,DGJZT_BS_6_3,,,331.1,,,,,100,,,,1.996,,,4,0.117,8,,,,,Acq,,,,,,,,,,,,,,,30,,0225-DGJZT-DG-DMRM-NEG.d,,Find by MRM,,
32,DGJZT_BS_8_2,,,567.2,,,,,100,,,,1.796,,,4,0.065,6,,,,,Acq,,,,,,,,,,,,,,,30,,0225-DGJZT-DG-DMRM-NEG.d,,Find by MRM,,
33,DGJZT_BS_9_3,,,421.1,,,,,100,,,,2.109,,,14,0.193,78,,,,,Acq,,,,,,,,,,,,,,,30,,0225-DGJZT-DG-DMRM-NEG.d,,Find by MRM,,
34,DGJZT_DG_29_3,,,341.1,,,,,100,,,,2.151,,,167,0.441,2403,,,,,Acq,,,,,,,,,,,,,,,30,,0225-DGJZT-DG-DMRM-NEG.d,,Find by MRM,,
35,DGJZT_DG_29_1,,,341.1,,,,,100,,,,2.085,,,156,0.403,2579,,,,,Acq,,,,,,,,,,,,,,,30,,0225-DGJZT-DG-DMRM-NEG.d,,Find by MRM,,
36,DGJZT_DG_29_2,,,341.1,,,,,100,,,,2.076,,,164,0.418,2278,,,,,Acq,,,,,,,,,,,,,,,30,,0225-DGJZT-DG-DMRM-NEG.d,,Find by MRM,,
37,DGJZT_BS_13_1,,,529.2,,,,,100,,,,2.457,,,3,0.088,6,,,,,Acq,,,,,,,,,,,,,,,30,,0225-DGJZT-DG-DMRM-NEG.d,,Find by MRM,,
38,DGJZT_BS_16_1,,,493.1,,,,,100,,,,2.282,,,3,0.05,5,,,,,Acq,,,,,,,,,,,,,,,30,,0225-DGJZT-DG-DMRM-NEG.d,,Find by MRM,,
39,DGJZT_BS_16_2,,,493.1,,,,,100,,,,2.341,,,2,0.087,6,,,,,Acq,,,,,,,,,,,,,,,30,,0225-DGJZT-DG-DMRM-NEG.d,,Find by MRM,,
40,DGJZT_BS_16_3,,,493.1,,,,,100,,,,2.518,,,1,0.083,2,,,,,Acq,,,,,,,,,,,,,,,30,,0225-DGJZT-DG-DMRM-NEG.d,,Find by MRM,,
41,DGJZT_BS_14_1,,,169,,,,,100,,,,2.347,,,19,0.284,178,,,,,Acq,,,,,,,,,,,,,,,30,,0225-DGJZT-DG-DMRM-NEG.d,,Find by MRM,,
42,DGJZT_BS_14_2,,,169,,,,,100,,,,2.347,,,8,0.1,37,,,,,Acq,,,,,,,,,,,,,,,30,,0225-DGJZT-DG-DMRM-NEG.d,,Find by MRM,,
43,DGJZT_BS_17_1,,,331.1,,,,,100,,,,2.402,,,3,0.159,18,,,,,Acq,,,,,,,,,,,,,,,30,,0225-DGJZT-DG-DMRM-NEG.d,,Find by MRM,,
44,DGJZT_BS_17_2,,,331.1,,,,,100,,,,2.32,,,6,0.073,15,,,,,Acq,,,,,,,,,,,,,,,30,,0225-DGJZT-DG-DMRM-NEG.d,,Find by MRM,,
45,DGJZT_BS_17_3,,,331.1,,,,,100,,,,2.379,,,2,0.184,7,,,,,Acq,,,,,,,,,,,,,,,30,,0225-DGJZT-DG-DMRM-NEG.d,,Find by MRM,,
46,DGJZT_BS_18_1,,,526.2,,,,,100,,,,2.675,,,1,0.135,4,,,,,Acq,,,,,,,,,,,,,,,30,,0225-DGJZT-DG-DMRM-NEG.d,,Find by MRM,,
47,DGJZT_DG_33_3,,,423.1,,,,,100,,,,2.702,,,301,0.38,2636,,,,,Acq,,,,,,,,,,,,,,,30,,0225-DGJZT-DG-DMRM-NEG.d,,Find by MRM,,
48,DGJZT_DG_33_2,,,423.1,,,,,100,,,,2.694,,,282,0.473,2739,,,,,Acq,,,,,,,,,,,,,,,30,,0225-DGJZT-DG-DMRM-NEG.d,,Find by MRM,,
49,DGJZT_DG_33_1,,,423.1,,,,,100,,,,2.696,,,218,0.502,2029,,,,,Acq,,,,,,,,,,,,,,,30,,0225-DGJZT-DG-DMRM-NEG.d,,Find by MRM,,
50,DGJZT_BS_20_1,,,403.1,,,,,100,,,,2.862,,,2,0.483,21,,,,,Acq,,,,,,,,,,,,,,,30,,0225-DGJZT-DG-DMRM-NEG.d,,Find by MRM,,
51,DGJZT_BS_20_2,,,403.1,,,,,100,,,,2.853,,,3,0.136,7,,,,,Acq,,,,,,,,,,,,,,,30,,0225-DGJZT-DG-DMRM-NEG.d,,Find by MRM,,
52,DGJZT_BS_22_1,,,527.1,,,,,100,,,,3.052,,,2,0.092,4,,,,,Acq,,,,,,,,,,,,,,,30,,0225-DGJZT-DG-DMRM-NEG.d,,Find by MRM,,
53,DGJZT_DZ_18_2,,,240.1,,,,,100,,,,2.999,,,26,0.284,185,,,,,Acq,,,,,,,,,,,,,,,30,,0225-DGJZT-DG-DMRM-NEG.d,,Find by MRM,,
54,DGJZT_BS_23_2,,,315.1,,,,,100,,,,3.021,,,24,0.187,164,,,,,Acq,,,,,,,,,,,,,,,30,,0225-DGJZT-DG-DMRM-NEG.d,,Find by MRM,,
55,DGJZT_BS_23_1,,,315.1,,,,,100,,,,2.997,,,18,0.083,46,,,,,Acq,,,,,,,,,,,,,,,30,,0225-DGJZT-DG-DMRM-NEG.d,,Find by MRM,,
56,DGJZT_DZ_19_2,,,297.1,,,,,100,,,,2.972,,,3,0.125,11,,,,,Acq,,,,,,,,,,,,,,,30,,0225-DGJZT-DG-DMRM-NEG.d,,Find by MRM,,
57,DGJZT_DZ_19_1,,,297.1,,,,,100,,,,2.84,,,2,0.092,6,,,,,Acq,,,,,,,,,,,,,,,30,,0225-DGJZT-DG-DMRM-NEG.d,,Find by MRM,,
58,DGJZT_DZ_21_1,,,221.1,,,,,100,,,,3.376,,,2,0.063,4,,,,,Acq,,,,,,,,,,,,,,,30,,0225-DGJZT-DG-DMRM-NEG.d,,Find by MRM,,
59,DGJZT_BS_26_3,,,389.1,,,,,100,,,,3.22,,,9,0.124,23,,,,,Acq,,,,,,,,,,,,,,,30,,0225-DGJZT-DG-DMRM-NEG.d,,Find by MRM,,
60,DGJZT_BS_25_2,,,527.1,,,,,100,,,,3.445,,,4,0.088,10,,,,,Acq,,,,,,,,,,,,,,,30,,0225-DGJZT-DG-DMRM-NEG.d,,Find by MRM,,
61,DGJZT_BS_25_1,,,527.1,,,,,100,,,,3.186,,,8,0.286,38,,,,,Acq,,,,,,,,,,,,,,,30,,0225-DGJZT-DG-DMRM-NEG.d,,Find by MRM,,
62,DGJZT_BS_26_2,,,389.1,,,,,100,,,,3.288,,,3,0.158,14,,,,,Acq,,,,,,,,,,,,,,,30,,0225-DGJZT-DG-DMRM-NEG.d,,Find by MRM,,
63,DGJZT_BS_27_1,,,633.1,,,,,100,,,,3.361,,,2,0.109,5,,,,,Acq,,,,,,,,,,,,,,,30,,0225-DGJZT-DG-DMRM-NEG.d,,Find by MRM,,
64,DGJZT_BS_26_1,,,389.1,,,,,100,,,,3.498,,,5,0.074,11,,,,,Acq,,,,,,,,,,,,,,,30,,0225-DGJZT-DG-DMRM-NEG.d,,Find by MRM,,
65,DGJZT_DG_36_2,,,353.1,,,,,100,,,,3.306,,,1599,0.435,15455,,,,,Acq,,,,,,,,,,,,,,,30,,0225-DGJZT-DG-DMRM-NEG.d,,Find by MRM,,
66,DGJZT_DG_36_1,,,353.1,,,,,100,,,,3.307,,,1297,0.461,12226,,,,,Acq,,,,,,,,,,,,,,,30,,0225-DGJZT-DG-DMRM-NEG.d,,Find by MRM,,
67,DGJZT_DG_36_3,,,353.1,,,,,100,,,,3.307,,,653,0.5,6328,,,,,Acq,,,,,,,,,,,,,,,30,,0225-DGJZT-DG-DMRM-NEG.d,,Find by MRM,,
68,DGJZT_BS_28_3,,,287.1,,,,,100,,,,3.417,,,2,0.135,10,,,,,Acq,,,,,,,,,,,,,,,30,,0225-DGJZT-DG-DMRM-NEG.d,,Find by MRM,,
69,DGJZT_BS_28_1,,,287.1,,,,,100,,,,3.417,,,1,0.077,1,,,,,Acq,,,,,,,,,,,,,,,30,,0225-DGJZT-DG-DMRM-NEG.d,,Find by MRM,,
70,DGJZT_BS_28_2,,,287.1,,,,,100,,,,3.535,,,3,0.127,11,,,,,Acq,,,,,,,,,,,,,,,30,,0225-DGJZT-DG-DMRM-NEG.d,,Find by MRM,,
71,DGJZT_DG_39_2,,,658.2,,,,,100,,,,3.444,,,931,0.407,7427,,,,,Acq,,,,,,,,,,,,,,,30,,0225-DGJZT-DG-DMRM-NEG.d,,Find by MRM,,
72,DGJZT_DG_39_1,,,658.2,,,,,100,,,,3.453,,,1145,0.391,9650,,,,,Acq,,,,,,,,,,,,,,,30,,0225-DGJZT-DG-DMRM-NEG.d,,Find by MRM,,
73,DGJZT_BS_29_1,,,451.1,,,,,100,,,,3.236,,,7,0.055,14,,,,,Acq,,,,,,,,,,,,,,,30,,0225-DGJZT-DG-DMRM-NEG.d,,Find by MRM,,
74,DGJZT_BS_37_1,,,483.1,,,,,100,,,,3.832,,,20,0.076,20,,,,,Acq,,,,,,,,,,,,,,,30,,0225-DGJZT-DG-DMRM-NEG.d,,Find by MRM,,
75,DGJZT_BS_37_3,,,483.1,,,,,100,,,,3.773,,,4,0.134,15,,,,,Acq,,,,,,,,,,,,,,,30,,0225-DGJZT-DG-DMRM-NEG.d,,Find by MRM,,
76,DGJZT_DG_41_2,,,355.1,,,,,100,,,,3.693,,,729,0.31,5463,,,,,Acq,,,,,,,,,,,,,,,30,,0225-DGJZT-DG-DMRM-NEG.d,,Find by MRM,,
77,DGJZT_DG_41_3,,,355.1,,,,,100,,,,3.692,,,582,0.403,4914,,,,,Acq,,,,,,,,,,,,,,,30,,0225-DGJZT-DG-DMRM-NEG.d,,Find by MRM,,
78,DGJZT_DG_41_1,,,355.1,,,,,100,,,,3.685,,,2879,0.403,23050,,,,,Acq,,,,,,,,,,,,,,,30,,0225-DGJZT-DG-DMRM-NEG.d,,Find by MRM,,
79,DGJZT_DG_42_3,,,491.1,,,,,100,,,,3.797,,,1478,0.355,18735,,,,,Acq,,,,,,,,,,,,,,,30,,0225-DGJZT-DG-DMRM-NEG.d,,Find by MRM,,
80,DGJZT_DG_42_1,,,491.1,,,,,100,,,,3.781,,,395,0.233,3091,,,,,Acq,,,,,,,,,,,,,,,30,,0225-DGJZT-DG-DMRM-NEG.d,,Find by MRM,,
81,DGJZT_BS_40_2,,,391.2,,,,,100,,,,3.666,,,14,0.16,73,,,,,Acq,,,,,,,,,,,,,,,30,,0225-DGJZT-DG-DMRM-NEG.d,,Find by MRM,,
82,DGJZT_BS_40_3,,,391.2,,,,,100,,,,3.632,,,9,0.144,38,,,,,Acq,,,,,,,,,,,,,,,30,,0225-DGJZT-DG-DMRM-NEG.d,,Find by MRM,,
83,DGJZT_GZ_4_1,,,349.1,,,,,100,,,,3.921,,,4,0.134,9,,,,,Acq,,,,,,,,,,,,,,,30,,0225-DGJZT-DG-DMRM-NEG.d,,Find by MRM,,
84,DGJZT_DG_43_1,,,293.1,,,,,100,,,,3.82,,,294,0.2,1839,,,,,Acq,,,,,,,,,,,,,,,30,,0225-DGJZT-DG-DMRM-NEG.d,,Find by MRM,,
85,DGJZT_CGC_7_1,,,631.1,,,,,100,,,,3.805,,,3,0.093,6,,,,,Acq,,,,,,,,,,,,,,,30,,0225-DGJZT-DG-DMRM-NEG.d,,Find by MRM,,
86,DGJZT_DG_42_2,,,491.1,,,,,100,,,,3.788,,,1367,0.331,15312,,,,,Acq,,,,,,,,,,,,,,,30,,0225-DGJZT-DG-DMRM-NEG.d,,Find by MRM,,
87,DGJZT_BS_45_1,,,635.1,,,,,100,,,,3.864,,,4,0.124,11,,,,,Acq,,,,,,,,,,,,,,,30,,0225-DGJZT-DG-DMRM-NEG.d,,Find by MRM,,
88,DGJZT_DZ_23_1,,,477.2,,,,,100,,,,3.908,,,7,0.227,48,,,,,Acq,,,,,,,,,,,,,,,30,,0225-DGJZT-DG-DMRM-NEG.d,,Find by MRM,,
89,DGJZT_DZ_24_2,,,431.2,,,,,100,,,,3.934,,,5,0.168,31,,,,,Acq,,,,,,,,,,,,,,,30,,0225-DGJZT-DG-DMRM-NEG.d,,Find by MRM,,
90,DGJZT_DZ_24_1,,,431.2,,,,,100,,,,3.909,,,11,0.168,37,,,,,Acq,,,,,,,,,,,,,,,30,,0225-DGJZT-DG-DMRM-NEG.d,,Find by MRM,,
91,DGJZT_DZ_25_2,,,639.2,,,,,100,,,,4.073,,,0,0.049,0,,,,,Acq,,,,,,,,,,,,,,,30,,0225-DGJZT-DG-DMRM-NEG.d,,Find by MRM,,
92,DGJZT_DG_46_2,,,353.1,,,,,100,,,,4.029,,,7728,0.411,76762,,,,,Acq,,,,,,,,,,,,,,,30,,0225-DGJZT-DG-DMRM-NEG.d,,Find by MRM,,
93,DGJZT_DG_46_1,,,353.1,,,,,100,,,,4.037,,,5406,0.373,51808,,,,,Acq,,,,,,,,,,,,,,,30,,0225-DGJZT-DG-DMRM-NEG.d,,Find by MRM,,
94,DGJZT_DZ_25_3,,,639.2,,,,,100,,,,4.2,,,0,0.086,1,,,,,Acq,,,,,,,,,,,,,,,30,,0225-DGJZT-DG-DMRM-NEG.d,,Find by MRM,,
95,DGJZT_DZ_25_1,,,639.2,,,,,100,,,,4.074,,,2,0.077,3,,,,,Acq,,,,,,,,,,,,,,,30,,0225-DGJZT-DG-DMRM-NEG.d,,Find by MRM,,
96,DGJZT_BS_44_1,,,511.1,,,,,100,,,,3.864,,,5,0.063,8,,,,,Acq,,,,,,,,,,,,,,,30,,0225-DGJZT-DG-DMRM-NEG.d,,Find by MRM,,
97,DGJZT_CGC_13_1,,,789.2,,,,,100,,,,4.064,,,4,0.092,8,,,,,Acq,,,,,,,,,,,,,,,30,,0225-DGJZT-DG-DMRM-NEG.d,,Find by MRM,,
98,DGJZT_CGC_16_1,,,625.2,,,,,100,,,,4.05,,,4,0.059,8,,,,,Acq,,,,,,,,,,,,,,,30,,0225-DGJZT-DG-DMRM-NEG.d,,Find by MRM,,
99,DGJZT_BS_46_3,,,525.2,,,,,100,,,,3.966,,,5,0.114,13,,,,,Acq,,,,,,,,,,,,,,,30,,0225-DGJZT-DG-DMRM-NEG.d,,Find by MRM,,
100,DGJZT_CGC_14_1,,,417.1,,,,,100,,,,4.137,,,13,0.138,40,,,,,Acq,,,,,,,,,,,,,,,30,,0225-DGJZT-DG-DMRM-NEG.d,,Find by MRM,,
101,DGJZT_CGC_18_1,,,711.2,,,,,100,,,,4.249,,,2,0.092,3,,,,,Acq,,,,,,,,,,,,,,,30,,0225-DGJZT-DG-DMRM-NEG.d,,Find by MRM,,
102,DGJZT_CGC_14_3,,,417.1,,,,,100,,,,4.052,,,7,0.186,24,,,,,Acq,,,,,,,,,,,,,,,30,,0225-DGJZT-DG-DMRM-NEG.d,,Find by MRM,,
103,DGJZT_CGC_14_2,,,417.1,,,,,100,,,,3.96,,,4,0.13,14,,,,,Acq,,,,,,,,,,,,,,,30,,0225-DGJZT-DG-DMRM-NEG.d,,Find by MRM,,
104,DGJZT_CGC_18_3,,,711.2,,,,,100,,,,4.199,,,9,0.201,43,,,,,Acq,,,,,,,,,,,,,,,30,,0225-DGJZT-DG-DMRM-NEG.d,,Find by MRM,,
105,DGJZT_CGC_17_1,,,549.2,,,,,100,,,,4.016,,,6,0.118,21,,,,,Acq,,,,,,,,,,,,,,,30,,0225-DGJZT-DG-DMRM-NEG.d,,Find by MRM,,
106,DGJZT_BS_53_1,,,635.1,,,,,100,,,,4.343,,,4,0.149,14,,,,,Acq,,,,,,,,,,,,,,,30,,0225-DGJZT-DG-DMRM-NEG.d,,Find by MRM,,
107,DGJZT_BS_51_2,,,183,,,,,100,,,,4.273,,,14,0.109,40,,,,,Acq,,,,,,,,,,,,,,,30,,0225-DGJZT-DG-DMRM-NEG.d,,Find by MRM,,
108,DGJZT_BS_51_1,,,183,,,,,100,,,,4.34,,,9,0.117,29,,,,,Acq,,,,,,,,,,,,,,,30,,0225-DGJZT-DG-DMRM-NEG.d,,Find by MRM,,
109,DGJZT_DZ_26_2,,,755.3,,,,,100,,,,4.383,,,3,0.125,10,,,,,Acq,,,,,,,,,,,,,,,30,,0225-DGJZT-DG-DMRM-NEG.d,,Find by MRM,,
110,DGJZT_BS_56_1,,,687.2,,,,,100,,,,4.392,,,6,0.114,20,,,,,Acq,,,,,,,,,,,,,,,30,,0225-DGJZT-DG-DMRM-NEG.d,,Find by MRM,,
111,DGJZT_BS_54_1,,,327.1,,,,,100,,,,4.505,,,3,0.127,8,,,,,Acq,,,,,,,,,,,,,,,30,,0225-DGJZT-DG-DMRM-NEG.d,,Find by MRM,,
112,DGJZT_DG_49_1,,,215.1,,,,,100,,,,4.438,,,251,0.371,2164,,,,,Acq,,,,,,,,,,,,,,,30,,0225-DGJZT-DG-DMRM-NEG.d,,Find by MRM,,
113,DGJZT_DG_49_2,,,215.1,,,,,100,,,,4.422,,,432,0.43,4134,,,,,Acq,,,,,,,,,,,,,,,30,,0225-DGJZT-DG-DMRM-NEG.d,,Find by MRM,,
114,DGJZT_CGC_19_1,,,593.2,,,,,100,,,,4.645,,,2,0.108,5,,,,,Acq,,,,,,,,,,,,,,,30,,0225-DGJZT-DG-DMRM-NEG.d,,Find by MRM,,
115,DGJZT_BS_60_1,,,631.2,,,,,100,,,,4.677,,,4,0.075,11,,,,,Acq,,,,,,,,,,,,,,,30,,0225-DGJZT-DG-DMRM-NEG.d,,Find by MRM,,
116,DGJZT_BS_60_3,,,631.2,,,,,100,,,,4.611,,,6,0.167,20,,,,,Acq,,,,,,,,,,,,,,,30,,0225-DGJZT-DG-DMRM-NEG.d,,Find by MRM,,
117,DGJZT_BS_61_1,,,491.1,,,,,100,,,,4.846,,,5,0.109,12,,,,,Acq,,,,,,,,,,,,,,,30,,0225-DGJZT-DG-DMRM-NEG.d,,Find by MRM,,
118,DGJZT_GZ_6_2,,,415.1,,,,,100,,,,4.838,,,3,0.134,7,,,,,Acq,,,,,,,,,,,,,,,30,,0225-DGJZT-DG-DMRM-NEG.d,,Find by MRM,,
119,DGJZT_GZ_6_1,,,415.1,,,,,100,,,,4.564,,,2,0.106,4,,,,,Acq,,,,,,,,,,,,,,,30,,0225-DGJZT-DG-DMRM-NEG.d,,Find by MRM,,
120,DGJZT_BS_62_2,,,519.2,,,,,100,,,,4.828,,,5,0.067,12,,,,,Acq,,,,,,,,,,,,,,,30,,0225-DGJZT-DG-DMRM-NEG.d,,Find by MRM,,
121,DGJZT_BS_62_1,,,519.2,,,,,100,,,,4.754,,,4,0.124,14,,,,,Acq,,,,,,,,,,,,,,,30,,0225-DGJZT-DG-DMRM-NEG.d,,Find by MRM,,
122,DGJZT_BS_66_3,,,687.2,,,,,100,,,,4.792,,,4,0.207,24,,,,,Acq,,,,,,,,,,,,,,,30,,0225-DGJZT-DG-DMRM-NEG.d,,Find by MRM,,
123,DGJZT_BS_66_1,,,687.2,,,,,100,,,,4.835,,,12,0.185,56,,,,,Acq,,,,,,,,,,,,,,,30,,0225-DGJZT-DG-DMRM-NEG.d,,Find by MRM,,
124,DGJZT_BS_66_2,,,687.2,,,,,100,,,,4.952,,,2,0.101,3,,,,,Acq,,,,,,,,,,,,,,,30,,0225-DGJZT-DG-DMRM-NEG.d,,Find by MRM,,
125,DGJZT_GZ_8_2,,,327.1,,,,,100,,,,4.824,,,7,0.118,22,,,,,Acq,,,,,,,,,,,,,,,30,,0225-DGJZT-DG-DMRM-NEG.d,,Find by MRM,,
126,DGJZT_GZ_8_1,,,327.1,,,,,100,,,,4.917,,,4,0.1,11,,,,,Acq,,,,,,,,,,,,,,,30,,0225-DGJZT-DG-DMRM-NEG.d,,Find by MRM,,
127,DGJZT_GZ_8_3,,,327.1,,,,,100,,,,5.11,,,3,0.092,5,,,,,Acq,,,,,,,,,,,,,,,30,,0225-DGJZT-DG-DMRM-NEG.d,,Find by MRM,,
128,DGJZT_GZ_9_3,,,363.1,,,,,100,,,,5.259,,,12,0.06,10,,,,,Acq,,,,,,,,,,,,,,,30,,0225-DGJZT-DG-DMRM-NEG.d,,Find by MRM,,
129,DGJZT_DZ_28_3,,,340.2,,,,,100,,,,5.075,,,6,0.109,15,,,,,Acq,,,,,,,,,,,,,,,30,,0225-DGJZT-DG-DMRM-NEG.d,,Find by MRM,,
130,DGJZT_DZ_28_2,,,340.2,,,,,100,,,,5.091,,,6,0.173,20,,,,,Acq,,,,,,,,,,,,,,,30,,0225-DGJZT-DG-DMRM-NEG.d,,Find by MRM,,
131,DGJZT_DZ_28_1,,,340.2,,,,,100,,,,5.083,,,6,0.1,14,,,,,Acq,,,,,,,,,,,,,,,30,,0225-DGJZT-DG-DMRM-NEG.d,,Find by MRM,,
132,DGJZT_BS_75_1,,,525.2,,,,,100,,,,5.09,,,80,0.157,389,,,,,Acq,,,,,,,,,,,,,,,30,,0225-DGJZT-DG-DMRM-NEG.d,,Find by MRM,,
133,DGJZT_DZ_30_1,,,579.3,,,,,100,,,,5.213,,,3,0.114,6,,,,,Acq,,,,,,,,,,,,,,,30,,0225-DGJZT-DG-DMRM-NEG.d,,Find by MRM,,
134,DGJZT_BS_79_1,,,787.1,,,,,100,,,,5.212,,,5,0.175,19,,,,,Acq,,,,,,,,,,,,,,,30,,0225-DGJZT-DG-DMRM-NEG.d,,Find by MRM,,
135,DGJZT_SJ_4_1,,,519.2,,,,,100,,,,5.123,,,3,0.083,7,,,,,Acq,,,,,,,,,,,,,,,30,,0225-DGJZT-DG-DMRM-NEG.d,,Find by MRM,,
136,DGJZT_BS_80_2,,,631.2,,,,,100,,,,5.271,,,8,0.159,27,,,,,Acq,,,,,,,,,,,,,,,30,,0225-DGJZT-DG-DMRM-NEG.d,,Find by MRM,,
137,DGJZT_BS_80_1,,,631.2,,,,,100,,,,5.506,,,6,0.079,9,,,,,Acq,,,,,,,,,,,,,,,30,,0225-DGJZT-DG-DMRM-NEG.d,,Find by MRM,,
138,DGJZT_DZ_31_1,,,741.2,,,,,100,,,,5.379,,,0,0.127,1,,,,,Acq,,,,,,,,,,,,,,,30,,0225-DGJZT-DG-DMRM-NEG.d,,Find by MRM,,
139,DGJZT_BS_81_2,,,541.2,,,,,100,,,,5.516,,,2,0.106,4,,,,,Acq,,,,,,,,,,,,,,,30,,0225-DGJZT-DG-DMRM-NEG.d,,Find by MRM,,
140,DGJZT_BS_81_1,,,541.2,,,,,100,,,,5.458,,,2,0.109,5,,,,,Acq,,,,,,,,,,,,,,,30,,0225-DGJZT-DG-DMRM-NEG.d,,Find by MRM,,
141,DGJZT_DG_58_2,,,367.1,,,,,100,,,,5.378,,,589,0.401,5176,,,,,Acq,,,,,,,,,,,,,,,30,,0225-DGJZT-DG-DMRM-NEG.d,,Find by MRM,,
142,DGJZT_DG_58_1,,,367.1,,,,,100,,,,5.386,,,1170,0.384,10503,,,,,Acq,,,,,,,,,,,,,,,30,,0225-DGJZT-DG-DMRM-NEG.d,,Find by MRM,,
143,DGJZT_DG_58_3,,,367.1,,,,,100,,,,5.378,,,710,0.439,6590,,,,,Acq,,,,,,,,,,,,,,,30,,0225-DGJZT-DG-DMRM-NEG.d,,Find by MRM,,
144,DGJZT_BS_86_3,,,525.2,,,,,100,,,,5.492,,,142,0.295,1137,,,,,Acq,,,,,,,,,,,,,,,30,,0225-DGJZT-DG-DMRM-NEG.d,,Find by MRM,,
145,DGJZT_BS_86_2,,,525.2,,,,,100,,,,5.55,,,2,0.135,6,,,,,Acq,,,,,,,,,,,,,,,30,,0225-DGJZT-DG-DMRM-NEG.d,,Find by MRM,,
146,DGJZT_BS_86_1,,,525.2,,,,,100,,,,5.501,,,713,0.342,6569,,,,,Acq,,,,,,,,,,,,,,,30,,0225-DGJZT-DG-DMRM-NEG.d,,Find by MRM,,
147,DGJZT_BS_85_3,,,449.1,,,,,100,,,,5.444,,,4,0.076,10,,,,,Acq,,,,,,,,,,,,,,,30,,0225-DGJZT-DG-DMRM-NEG.d,,Find by MRM,,
148,DGJZT_BS_85_2,,,449.1,,,,,100,,,,5.41,,,0,0.103,0,,,,,Acq,,,,,,,,,,,,,,,30,,0225-DGJZT-DG-DMRM-NEG.d,,Find by MRM,,
149,DGJZT_BS_85_1,,,449.1,,,,,100,,,,5.461,,,38,0.294,249,,,,,Acq,,,,,,,,,,,,,,,30,,0225-DGJZT-DG-DMRM-NEG.d,,Find by MRM,,
150,DGJZT_BS_82_3,,,327.1,,,,,100,,,,5.571,,,3,0.07,6,,,,,Acq,,,,,,,,,,,,,,,30,,0225-DGJZT-DG-DMRM-NEG.d,,Find by MRM,,
151,DGJZT_BS_96_3,,,497.2,,,,,100,,,,5.451,,,4,0.117,8,,,,,Acq,,,,,,,,,,,,,,,30,,0225-DGJZT-DG-DMRM-NEG.d,,Find by MRM,,
152,DGJZT_CGC_24_2,,,579.2,,,,,100,,,,5.7,,,4,0.101,12,,,,,Acq,,,,,,,,,,,,,,,30,,0225-DGJZT-DG-DMRM-NEG.d,,Find by MRM,,
153,DGJZT_BS_96_2,,,497.2,,,,,100,,,,5.913,,,10,0.025,5,,,,,Acq,,,,,,,,,,,,,,,30,,0225-DGJZT-DG-DMRM-NEG.d,,Find by MRM,,
154,DGJZT_GZ_11_3,,,581.2,,,,,100,,,,5.708,,,3,0.092,5,,,,,Acq,,,,,,,,,,,,,,,30,,0225-DGJZT-DG-DMRM-NEG.d,,Find by MRM,,
155,DGJZT_CGC_24_1,,,579.2,,,,,100,,,,5.474,,,2,0.113,4,,,,,Acq,,,,,,,,,,,,,,,30,,0225-DGJZT-DG-DMRM-NEG.d,,Find by MRM,,
156,DGJZT_CGC_27_1,,,737.2,,,,,100,,,,6.017,,,3,0.135,7,,,,,Acq,,,,,,,,,,,,,,,30,,0225-DGJZT-DG-DMRM-NEG.d,,Find by MRM,,
157,DGJZT_BS_97_1,,,495.2,,,,,100,,,,5.83,,,11,0.144,59,,,,,Acq,,,,,,,,,,,,,,,30,,0225-DGJZT-DG-DMRM-NEG.d,,Find by MRM,,
158,DGJZT_CGC_26_1,,,737.2,,,,,100,,,,5.883,,,4,0.16,10,,,,,Acq,,,,,,,,,,,,,,,30,,0225-DGJZT-DG-DMRM-NEG.d,,Find by MRM,,
159,DGJZT_CGC_28_1,,,625.2,,,,,100,,,,,,,,,,,,,,Acq,,,,,,,,,,,,,,,30,,0225-DGJZT-DG-DMRM-NEG.d,,Find by MRM,,
160,DGJZT_BS_101_1,,,787.1,,,,,100,,,,6.243,,,9,0.16,36,,,,,Acq,,,,,,,,,,,,,,,30,,0225-DGJZT-DG-DMRM-NEG.d,,Find by MRM,,
161,DGJZT_BS_102_2,,,519.2,,,,,100,,,,5.996,,,2,0.126,5,,,,,Acq,,,,,,,,,,,,,,,30,,0225-DGJZT-DG-DMRM-NEG.d,,Find by MRM,,
162,DGJZT_BS_102_1,,,519.2,,,,,100,,,,5.871,,,2,0.043,3,,,,,Acq,,,,,,,,,,,,,,,30,,0225-DGJZT-DG-DMRM-NEG.d,,Find by MRM,,
163,DGJZT_CGC_29_1,,,415.1,,,,,100,,,,6.166,,,11,0.045,8,,,,,Acq,,,,,,,,,,,,,,,30,,0225-DGJZT-DG-DMRM-NEG.d,,Find by MRM,,
164,DGJZT_DZ_32_2,,,623.3,,,,,100,,,,5.825,,,8,0.101,20,,,,,Acq,,,,,,,,,,,,,,,30,,0225-DGJZT-DG-DMRM-NEG.d,,Find by MRM,,
165,DGJZT_DZ_32_1,,,623.3,,,,,100,,,,5.927,,,0,0.076,1,,,,,Acq,,,,,,,,,,,,,,,30,,0225-DGJZT-DG-DMRM-NEG.d,,Find by MRM,,
166,DGJZT_BS_103_2,,,787.1,,,,,100,,,,6.158,,,6,0.107,20,,,,,Acq,,,,,,,,,,,,,,,30,,0225-DGJZT-DG-DMRM-NEG.d,,Find by MRM,,
167,DGJZT_BS_103_1,,,787.1,,,,,100,,,,6.058,,,10,0.083,28,,,,,Acq,,,,,,,,,,,,,,,30,,0225-DGJZT-DG-DMRM-NEG.d,,Find by MRM,,
168,DGJZT_DG_61_2,,,527.2,,,,,100,,,,6.147,,,435,0.435,3621,,,,,Acq,,,,,,,,,,,,,,,30,,0225-DGJZT-DG-DMRM-NEG.d,,Find by MRM,,
169,DGJZT_BS_104_2,,,477.1,,,,,100,,,,6.191,,,2,0.118,5,,,,,Acq,,,,,,,,,,,,,,,30,,0225-DGJZT-DG-DMRM-NEG.d,,Find by MRM,,
170,DGJZT_DZ_33_3,,,609.1,,,,,100,,,,6.336,,,146,0.309,1305,,,,,Acq,,,,,,,,,,,,,,,30,,0225-DGJZT-DG-DMRM-NEG.d,,Find by MRM,,
171,DGJZT_DZ_33_1,,,609.1,,,,,100,,,,6.337,,,272,0.359,2003,,,,,Acq,,,,,,,,,,,,,,,30,,0225-DGJZT-DG-DMRM-NEG.d,,Find by MRM,,
172,DGJZT_CGC_33_1,,,579.2,,,,,100,,,,6.462,,,12,0.15,40,,,,,Acq,,,,,,,,,,,,,,,30,,0225-DGJZT-DG-DMRM-NEG.d,,Find by MRM,,
173,DGJZT_CGC_33_2,,,579.2,,,,,100,,,,6.296,,,7,0.109,22,,,,,Acq,,,,,,,,,,,,,,,30,,0225-DGJZT-DG-DMRM-NEG.d,,Find by MRM,,
174,DGJZT_GZ_15_1,,,559.2,,,,,100,,,,6.355,,,6,0.099,13,,,,,Acq,,,,,,,,,,,,,,,30,,0225-DGJZT-DG-DMRM-NEG.d,,Find by MRM,,
175,DGJZT_DZ_33_2,,,609.1,,,,,100,,,,6.403,,,10,0.083,23,,,,,Acq,,,,,,,,,,,,,,,30,,0225-DGJZT-DG-DMRM-NEG.d,,Find by MRM,,
176,DGJZT_CGC_31_1,,,549.2,,,,,100,,,,6.414,,,102,0.199,602,,,,,Acq,,,,,,,,,,,,,,,30,,0225-DGJZT-DG-DMRM-NEG.d,,Find by MRM,,
177,DGJZT_CGC_31_2,,,549.2,,,,,100,,,,6.405,,,33,0.082,84,,,,,Acq,,,,,,,,,,,,,,,30,,0225-DGJZT-DG-DMRM-NEG.d,,Find by MRM,,
178,DGJZT_CGC_31_3,,,549.2,,,,,100,,,,6.381,,,8,0.199,34,,,,,Acq,,,,,,,,,,,,,,,30,,0225-DGJZT-DG-DMRM-NEG.d,,Find by MRM,,
179,DGJZT_CGC_40_2,,,1099.3,,,,,100,,,,6.376,,,0,0.117,1,,,,,Acq,,,,,,,,,,,,,,,30,,0225-DGJZT-DG-DMRM-NEG.d,,Find by MRM,,
180,DGJZT_CGC_36_1,,,549.2,,,,,100,,,,6.421,,,128,0.224,902,,,,,Acq,,,,,,,,,,,,,,,30,,0225-DGJZT-DG-DMRM-NEG.d,,Find by MRM,,
181,DGJZT_CGC_36_2,,,549.2,,,,,100,,,,6.463,,,14,0.209,103,,,,,Acq,,,,,,,,,,,,,,,30,,0225-DGJZT-DG-DMRM-NEG.d,,Find by MRM,,
182,DGJZT_CGC_36_3,,,549.2,,,,,100,,,,6.506,,,10,0.2,71,,,,,Acq,,,,,,,,,,,,,,,30,,0225-DGJZT-DG-DMRM-NEG.d,,Find by MRM,,
183,DGJZT_CGC_43_3,,,707.2,,,,,100,,,,6.377,,,6,0.13,21,,,,,Acq,,,,,,,,,,,,,,,30,,0225-DGJZT-DG-DMRM-NEG.d,,Find by MRM,,
184,DGJZT_CGC_43_1,,,707.2,,,,,100,,,,6.31,,,4,0.226,11,,,,,Acq,,,,,,,,,,,,,,,30,,0225-DGJZT-DG-DMRM-NEG.d,,Find by MRM,,
185,DGJZT_BS_105_1,,,441.1,,,,,100,,,,6.607,,,0,0.183,1,,,,,Acq,,,,,,,,,,,,,,,30,,0225-DGJZT-DG-DMRM-NEG.d,,Find by MRM,,
186,DGJZT_CGC_43_2,,,707.2,,,,,100,,,,6.419,,,0,0.186,1,,,,,Acq,,,,,,,,,,,,,,,30,,0225-DGJZT-DG-DMRM-NEG.d,,Find by MRM,,
187,DGJZT_CGC_47_2,,,417.1,,,,,100,,,,6.608,,,40,0.231,274,,,,,Acq,,,,,,,,,,,,,,,30,,0225-DGJZT-DG-DMRM-NEG.d,,Find by MRM,,
188,DGJZT_CGC_47_3,,,417.1,,,,,100,,,,6.574,,,85,0.12,355,,,,,Acq,,,,,,,,,,,,,,,30,,0225-DGJZT-DG-DMRM-NEG.d,,Find by MRM,,
189,DGJZT_CGC_47_1,,,417.1,,,,,100,,,,6.599,,,83,0.408,708,,,,,Acq,,,,,,,,,,,,,,,30,,0225-DGJZT-DG-DMRM-NEG.d,,Find by MRM,,
190,DGJZT_BS_106_2,,,301,,,,,100,,,,6.551,,,10,0.092,30,,,,,Acq,,,,,,,,,,,,,,,30,,0225-DGJZT-DG-DMRM-NEG.d,,Find by MRM,,
191,DGJZT_CGC_54_1,,,565.2,,,,,100,,,,6.621,,,0,0.1,1,,,,,Acq,,,,,,,,,,,,,,,30,,0225-DGJZT-DG-DMRM-NEG.d,,Find by MRM,,
192,DGJZT_GZ_16_1,,,475.2,,,,,100,,,,6.832,,,4,0.093,9,,,,,Acq,,,,,,,,,,,,,,,30,,0225-DGJZT-DG-DMRM-NEG.d,,Find by MRM,,
193,DGJZT_BS_107_2,,,309.1,,,,,100,,,,6.492,,,5,0.091,10,,,,,Acq,,,,,,,,,,,,,,,30,,0225-DGJZT-DG-DMRM-NEG.d,,Find by MRM,,
194,DGJZT_BS_107_1,,,309.1,,,,,100,,,,6.792,,,3,0.108,5,,,,,Acq,,,,,,,,,,,,,,,30,,0225-DGJZT-DG-DMRM-NEG.d,,Find by MRM,,
195,DGJZT_BS_106_3,,,301,,,,,100,,,,6.617,,,14,0.192,77,,,,,Acq,,,,,,,,,,,,,,,30,,0225-DGJZT-DG-DMRM-NEG.d,,Find by MRM,,
196,DGJZT_BS_106_1,,,301,,,,,100,,,,6.601,,,9,0.073,21,,,,,Acq,,,,,,,,,,,,,,,30,,0225-DGJZT-DG-DMRM-NEG.d,,Find by MRM,,
197,DGJZT_BS_108_2,,,631.2,,,,,100,,,,6.823,,,4,0.101,8,,,,,Acq,,,,,,,,,,,,,,,30,,0225-DGJZT-DG-DMRM-NEG.d,,Find by MRM,,
198,DGJZT_SJ_5_3,,,475.2,,,,,100,,,,6.951,,,13,0.126,45,,,,,Acq,,,,,,,,,,,,,,,30,,0225-DGJZT-DG-DMRM-NEG.d,,Find by MRM,,
199,DGJZT_BS_108_3,,,631.2,,,,,100,,,,6.822,,,23,0.151,132,,,,,Acq,,,,,,,,,,,,,,,30,,0225-DGJZT-DG-DMRM-NEG.d,,Find by MRM,,
200,DGJZT_BS_108_1,,,631.2,,,,,100,,,,6.873,,,15,0.102,55,,,,,Acq,,,,,,,,,,,,,,,30,,0225-DGJZT-DG-DMRM-NEG.d,,Find by MRM,,
201,DGJZT_DG_65_1,,,193,,,,,100,,,,6.827,,,3492,0.466,37598,,,,,Acq,,,,,,,,,,,,,,,30,,0225-DGJZT-DG-DMRM-NEG.d,,Find by MRM,,
202,DGJZT_DG_64_1,,,178,,,,,100,,,,6.82,,,3785,0.46,38414,,,,,Acq,,,,,,,,,,,,,,,30,,0225-DGJZT-DG-DMRM-NEG.d,,Find by MRM,,
203,DGJZT_DG_64_2,,,178,,,,,100,,,,6.828,,,3436,0.447,36309,,,,,Acq,,,,,,,,,,,,,,,30,,0225-DGJZT-DG-DMRM-NEG.d,,Find by MRM,,
204,DGJZT_DG_65_3,,,193,,,,,100,,,,6.828,,,2714,0.473,28770,,,,,Acq,,,,,,,,,,,,,,,30,,0225-DGJZT-DG-DMRM-NEG.d,,Find by MRM,,
205,DGJZT_BS_118_1,,,939.1,,,,,100,,,,6.979,,,14,0.151,63,,,,,Acq,,,,,,,,,,,,,,,30,,0225-DGJZT-DG-DMRM-NEG.d,,Find by MRM,,
206,DGJZT_BS_118_2,,,939.1,,,,,100,,,,7.106,,,3,0.08,5,,,,,Acq,,,,,,,,,,,,,,,30,,0225-DGJZT-DG-DMRM-NEG.d,,Find by MRM,,
207,DGJZT_BS_115_1,,,769.1,,,,,100,,,,6.872,,,2,0.078,3,,,,,Acq,,,,,,,,,,,,,,,30,,0225-DGJZT-DG-DMRM-NEG.d,,Find by MRM,,
208,DGJZT_BS_118_3,,,939.1,,,,,100,,,,6.905,,,5,0.126,12,,,,,Acq,,,,,,,,,,,,,,,30,,0225-DGJZT-DG-DMRM-NEG.d,,Find by MRM,,
209,DGJZT_BS_120_2,,,509.2,,,,,100,,,,7,,,0,0.194,1,,,,,Acq,,,,,,,,,,,,,,,30,,0225-DGJZT-DG-DMRM-NEG.d,,Find by MRM,,
210,DGJZT_DZ_34_2,,,204.1,,,,,100,,,,7.146,,,18,0.233,122,,,,,Acq,,,,,,,,,,,,,,,30,,0225-DGJZT-DG-DMRM-NEG.d,,Find by MRM,,
211,DGJZT_DZ_36_2,,,637.3,,,,,100,,,,7.307,,,3,0.109,7,,,,,Acq,,,,,,,,,,,,,,,30,,0225-DGJZT-DG-DMRM-NEG.d,,Find by MRM,,
212,DGJZT_DZ_36_1,,,637.3,,,,,100,,,,7.107,,,6,0.072,13,,,,,Acq,,,,,,,,,,,,,,,30,,0225-DGJZT-DG-DMRM-NEG.d,,Find by MRM,,
213,DGJZT_DZ_34_1,,,204.1,,,,,100,,,,7.146,,,14,0.346,105,,,,,Acq,,,,,,,,,,,,,,,30,,0225-DGJZT-DG-DMRM-NEG.d,,Find by MRM,,
214,DGJZT_DZ_34_3,,,204.1,,,,,100,,,,7.138,,,8,0.169,37,,,,,Acq,,,,,,,,,,,,,,,30,,0225-DGJZT-DG-DMRM-NEG.d,,Find by MRM,,
215,DGJZT_DZ_36_3,,,637.3,,,,,100,,,,7.107,,,4,0.101,9,,,,,Acq,,,,,,,,,,,,,,,30,,0225-DGJZT-DG-DMRM-NEG.d,,Find by MRM,,
216,DGJZT_SJ_6_2,,,375.1,,,,,100,,,,7.127,,,5,0.091,13,,,,,Acq,,,,,,,,,,,,,,,30,,0225-DGJZT-DG-DMRM-NEG.d,,Find by MRM,,
217,DGJZT_SJ_6_1,,,375.1,,,,,100,,,,7.187,,,11,0.113,33,,,,,Acq,,,,,,,,,,,,,,,30,,0225-DGJZT-DG-DMRM-NEG.d,,Find by MRM,,
218,DGJZT_DG_66_1,,,209.1,,,,,100,,,,7.246,,,394,0.37,3489,,,,,Acq,,,,,,,,,,,,,,,30,,0225-DGJZT-DG-DMRM-NEG.d,,Find by MRM,,
219,DGJZT_DG_66_3,,,209.1,,,,,100,,,,7.27,,,216,0.488,2033,,,,,Acq,,,,,,,,,,,,,,,30,,0225-DGJZT-DG-DMRM-NEG.d,,Find by MRM,,
220,DGJZT_GZ_18_3,,,557.2,,,,,100,,,,7.3,,,7,0.138,17,,,,,Acq,,,,,,,,,,,,,,,30,,0225-DGJZT-DG-DMRM-NEG.d,,Find by MRM,,
221,DGJZT_GZ_18_2,,,557.2,,,,,100,,,,7.453,,,8,0.106,17,,,,,Acq,,,,,,,,,,,,,,,30,,0225-DGJZT-DG-DMRM-NEG.d,,Find by MRM,,
222,DGJZT_GZ_18_1,,,557.2,,,,,100,,,,7.529,,,2,0.118,5,,,,,Acq,,,,,,,,,,,,,,,30,,0225-DGJZT-DG-DMRM-NEG.d,,Find by MRM,,
223,DGJZT_BS_123_1,,,507.2,,,,,100,,,,7.538,,,4,0.129,14,,,,,Acq,,,,,,,,,,,,,,,30,,0225-DGJZT-DG-DMRM-NEG.d,,Find by MRM,,
224,DGJZT_BS_125_3,,,567.2,,,,,100,,,,7.426,,,2,0.093,4,,,,,Acq,,,,,,,,,,,,,,,30,,0225-DGJZT-DG-DMRM-NEG.d,,Find by MRM,,
225,DGJZT_BS_125_1,,,567.2,,,,,100,,,,7.637,,,2,0.06,4,,,,,Acq,,,,,,,,,,,,,,,30,,0225-DGJZT-DG-DMRM-NEG.d,,Find by MRM,,
226,DGJZT_BS_126_3,,,631.2,,,,,100,,,,7.408,,,4,0.108,8,,,,,Acq,,,,,,,,,,,,,,,30,,0225-DGJZT-DG-DMRM-NEG.d,,Find by MRM,,
227,DGJZT_BS_126_2,,,631.2,,,,,100,,,,7.559,,,3,0.101,5,,,,,Acq,,,,,,,,,,,,,,,30,,0225-DGJZT-DG-DMRM-NEG.d,,Find by MRM,,
228,DGJZT_BS_126_1,,,631.2,,,,,100,,,,7.608,,,3,0.084,10,,,,,Acq,,,,,,,,,,,,,,,30,,0225-DGJZT-DG-DMRM-NEG.d,,Find by MRM,,
229,DGJZT_GZ_19_1,,,421.2,,,,,100,,,,7.808,,,4,0.108,8,,,,,Acq,,,,,,,,,,,,,,,30,,0225-DGJZT-DG-DMRM-NEG.d,,Find by MRM,,
230,DGJZT_CGC_65_1,,,635.2,,,,,100,,,,7.708,,,7,0.094,18,,,,,Acq,,,,,,,,,,,,,,,30,,0225-DGJZT-DG-DMRM-NEG.d,,Find by MRM,,
231,DGJZT_CGC_64_1,,,591.2,,,,,100,,,,7.895,,,2,0.125,8,,,,,Acq,,,,,,,,,,,,,,,30,,0225-DGJZT-DG-DMRM-NEG.d,,Find by MRM,,
232,DGJZT_CGC_64_2,,,591.2,,,,,100,,,,7.895,,,1,0.099,2,,,,,Acq,,,,,,,,,,,,,,,30,,0225-DGJZT-DG-DMRM-NEG.d,,Find by MRM,,
233,DGJZT_BS_127_1,,,345.2,,,,,100,,,,7.825,,,4,0.479,37,,,,,Acq,,,,,,,,,,,,,,,30,,0225-DGJZT-DG-DMRM-NEG.d,,Find by MRM,,
234,DGJZT_BS_128_2,,,503.2,,,,,100,,,,7.622,,,5,0.141,14,,,,,Acq,,,,,,,,,,,,,,,30,,0225-DGJZT-DG-DMRM-NEG.d,,Find by MRM,,
235,DGJZT_BS_128_1,,,503.2,,,,,100,,,,7.739,,,3,0.158,9,,,,,Acq,,,,,,,,,,,,,,,30,,0225-DGJZT-DG-DMRM-NEG.d,,Find by MRM,,
236,DGJZT_CGC_66_1,,,431.1,,,,,100,,,,7.975,,,2,0.123,5,,,,,Acq,,,,,,,,,,,,,,,30,,0225-DGJZT-DG-DMRM-NEG.d,,Find by MRM,,
237,DGJZT_CGC_67_1,,,459.1,,,,,100,,,,8.082,,,3,0.107,10,,,,,Acq,,,,,,,,,,,,,,,30,,0225-DGJZT-DG-DMRM-NEG.d,,Find by MRM,,
238,DGJZT_CGC_67_2,,,459.1,,,,,100,,,,8.058,,,5,0.142,16,,,,,Acq,,,,,,,,,,,,,,,30,,0225-DGJZT-DG-DMRM-NEG.d,,Find by MRM,,
239,DGJZT_DZ_37_3,,,671.3,,,,,100,,,,8.127,,,3,0.1,5,,,,,Acq,,,,,,,,,,,,,,,30,,0225-DGJZT-DG-DMRM-NEG.d,,Find by MRM,,
240,DGJZT_DZ_37_2,,,671.3,,,,,100,,,,8.144,,,3,0.09,7,,,,,Acq,,,,,,,,,,,,,,,30,,0225-DGJZT-DG-DMRM-NEG.d,,Find by MRM,,
241,DGJZT_DZ_37_1,,,671.3,,,,,100,,,,8.187,,,0,0.146,1,,,,,Acq,,,,,,,,,,,,,,,30,,0225-DGJZT-DG-DMRM-NEG.d,,Find by MRM,,
242,DGJZT_BS_130_1,,,645.2,,,,,100,,,,8.087,,,2,0.123,6,,,,,Acq,,,,,,,,,,,,,,,30,,0225-DGJZT-DG-DMRM-NEG.d,,Find by MRM,,
243,DGJZT_CGC_69_1,,,433.1,,,,,100,,,,8.033,,,4,0.112,12,,,,,Acq,,,,,,,,,,,,,,,30,,0225-DGJZT-DG-DMRM-NEG.d,,Find by MRM,,
244,DGJZT_DG_68_2,,,515.1,,,,,100,,,,8.046,,,1228,0.372,10835,,,,,Acq,,,,,,,,,,,,,,,30,,0225-DGJZT-DG-DMRM-NEG.d,,Find by MRM,,
245,DGJZT_DG_68_1,,,515.1,,,,,100,,,,8.039,,,1799,0.401,15750,,,,,Acq,,,,,,,,,,,,,,,30,,0225-DGJZT-DG-DMRM-NEG.d,,Find by MRM,,
246,DGJZT_DG_68_3,,,515.1,,,,,100,,,,8.039,,,178,0.502,1655,,,,,Acq,,,,,,,,,,,,,,,30,,0225-DGJZT-DG-DMRM-NEG.d,,Find by MRM,,
247,DGJZT_BS_132_1,,,525.2,,,,,100,,,,8.163,,,16,0.205,105,,,,,Acq,,,,,,,,,,,,,,,30,,0225-DGJZT-DG-DMRM-NEG.d,,Find by MRM,,
248,DGJZT_BS_132_3,,,525.2,,,,,100,,,,8.104,,,22,0.282,215,,,,,Acq,,,,,,,,,,,,,,,30,,0225-DGJZT-DG-DMRM-NEG.d,,Find by MRM,,
249,DGJZT_BS_134_1,,,509.2,,,,,100,,,,8.174,,,5,0.076,10,,,,,Acq,,,,,,,,,,,,,,,30,,0225-DGJZT-DG-DMRM-NEG.d,,Find by MRM,,
250,DGJZT_CGC_71_1,,,301.1,,,,,100,,,,8.293,,,5,0.142,19,,,,,Acq,,,,,,,,,,,,,,,30,,0225-DGJZT-DG-DMRM-NEG.d,,Find by MRM,,
251,DGJZT_CGC_76_1,,,561.2,,,,,100,,,,8.573,,,8,0.15,25,,,,,Acq,,,,,,,,,,,,,,,30,,0225-DGJZT-DG-DMRM-NEG.d,,Find by MRM,,
252,DGJZT_CGC_76_2,,,561.2,,,,,100,,,,8.497,,,0,0.237,2,,,,,Acq,,,,,,,,,,,,,,,30,,0225-DGJZT-DG-DMRM-NEG.d,,Find by MRM,,
253,DGJZT_GZ_20_2,,,361.2,,,,,100,,,,8.585,,,110,0.445,1111,,,,,Acq,,,,,,,,,,,,,,,30,,0225-DGJZT-DG-DMRM-NEG.d,,Find by MRM,,
254,DGJZT_CGC_80_1,,,549.2,,,,,100,,,,8.616,,,11,0.184,55,,,,,Acq,,,,,,,,,,,,,,,30,,0225-DGJZT-DG-DMRM-NEG.d,,Find by MRM,,
255,DGJZT_CGC_80_2,,,549.2,,,,,100,,,,8.658,,,5,0.224,31,,,,,Acq,,,,,,,,,,,,,,,30,,0225-DGJZT-DG-DMRM-NEG.d,,Find by MRM,,
256,DGJZT_GZ_20_1,,,361.2,,,,,100,,,,8.544,,,57,0.411,495,,,,,Acq,,,,,,,,,,,,,,,30,,0225-DGJZT-DG-DMRM-NEG.d,,Find by MRM,,
257,DGJZT_CGC_83_1,,,591.2,,,,,100,,,,8.605,,,2,0.154,7,,,,,Acq,,,,,,,,,,,,,,,30,,0225-DGJZT-DG-DMRM-NEG.d,,Find by MRM,,
258,DGJZT_CGC_83_2,,,591.2,,,,,100,,,,8.572,,,1,0.099,2,,,,,Acq,,,,,,,,,,,,,,,30,,0225-DGJZT-DG-DMRM-NEG.d,,Find by MRM,,
259,DGJZT_BS_137_1,,,507.1,,,,,100,,,,8.742,,,5,0.213,20,,,,,Acq,,,,,,,,,,,,,,,30,,0225-DGJZT-DG-DMRM-NEG.d,,Find by MRM,,
260,DGJZT_BS_138_3,,,783.2,,,,,100,,,,8.779,,,4,0.101,7,,,,,Acq,,,,,,,,,,,,,,,30,,0225-DGJZT-DG-DMRM-NEG.d,,Find by MRM,,
261,DGJZT_BS_138_1,,,783.2,,,,,100,,,,8.856,,,2,0.1,4,,,,,Acq,,,,,,,,,,,,,,,30,,0225-DGJZT-DG-DMRM-NEG.d,,Find by MRM,,
262,DGJZT_BS_139_1,,,631.2,,,,,100,,,,8.831,,,2,0.101,4,,,,,Acq,,,,,,,,,,,,,,,30,,0225-DGJZT-DG-DMRM-NEG.d,,Find by MRM,,
263,DGJZT_BS_140_1,,,505.2,,,,,100,,,,8.86,,,2,0.1,6,,,,,Acq,,,,,,,,,,,,,,,30,,0225-DGJZT-DG-DMRM-NEG.d,,Find by MRM,,
264,DGJZT_CGC_88_1,,,549.2,,,,,100,,,,8.841,,,16,0.076,34,,,,,Acq,,,,,,,,,,,,,,,30,,0225-DGJZT-DG-DMRM-NEG.d,,Find by MRM,,
265,DGJZT_CGC_88_2,,,549.2,,,,,100,,,,8.758,,,5,0.083,10,,,,,Acq,,,,,,,,,,,,,,,30,,0225-DGJZT-DG-DMRM-NEG.d,,Find by MRM,,
266,DGJZT_CGC_90_1,,,459.1,,,,,100,,,,8.911,,,4,0.1,11,,,,,Acq,,,,,,,,,,,,,,,30,,0225-DGJZT-DG-DMRM-NEG.d,,Find by MRM,,
267,DGJZT_CGC_93_1,,,697.2,,,,,100,,,,8.864,,,2,0.102,5,,,,,Acq,,,,,,,,,,,,,,,30,,0225-DGJZT-DG-DMRM-NEG.d,,Find by MRM,,
268,DGJZT_CGC_94_2,,,475.1,,,,,100,,,,9.059,,,14,0.266,86,,,,,Acq,,,,,,,,,,,,,,,30,,0225-DGJZT-DG-DMRM-NEG.d,,Find by MRM,,
269,DGJZT_CGC_94_1,,,475.1,,,,,100,,,,9.019,,,4,0.224,19,,,,,Acq,,,,,,,,,,,,,,,30,,0225-DGJZT-DG-DMRM-NEG.d,,Find by MRM,,
270,DGJZT_CGC_96_1,,,669.2,,,,,100,,,,9.166,,,1,0.143,2,,,,,Acq,,,,,,,,,,,,,,,30,,0225-DGJZT-DG-DMRM-NEG.d,,Find by MRM,,
271,DGJZT_CGC_100_1,,,835.2,,,,,100,,,,9.223,,,2,0.12,4,,,,,Acq,,,,,,,,,,,,,,,30,,0225-DGJZT-DG-DMRM-NEG.d,,Find by MRM,,
272,DGJZT_SJ_7_2,,,389.2,,,,,100,,,,9.037,,,7,0.121,26,,,,,Acq,,,,,,,,,,,,,,,30,,0225-DGJZT-DG-DMRM-NEG.d,,Find by MRM,,
273,DGJZT_SJ_7_1,,,389.2,,,,,100,,,,8.98,,,7,0.109,34,,,,,Acq,,,,,,,,,,,,,,,30,,0225-DGJZT-DG-DMRM-NEG.d,,Find by MRM,,
274,DGJZT_CGC_99_1,,,417.1,,,,,100,,,,9.06,,,18,0.315,137,,,,,Acq,,,,,,,,,,,,,,,30,,0225-DGJZT-DG-DMRM-NEG.d,,Find by MRM,,
275,DGJZT_BS_143_1,,,615.2,,,,,100,,,,9.074,,,2,0.101,5,,,,,Acq,,,,,,,,,,,,,,,30,,0225-DGJZT-DG-DMRM-NEG.d,,Find by MRM,,
276,DGJZT_DG_70_2,,,237.1,,,,,100,,,,9.271,,,514,0.388,5605,,,,,Acq,,,,,,,,,,,,,,,30,,0225-DGJZT-DG-DMRM-NEG.d,,Find by MRM,,
277,DGJZT_DG_69_1,,,193.1,,,,,100,,,,9.281,,,5102,0.47,59172,,,,,Acq,,,,,,,,,,,,,,,30,,0225-DGJZT-DG-DMRM-NEG.d,,Find by MRM,,
278,DGJZT_DG_70_3,,,237.1,,,,,100,,,,9.287,,,1184,0.469,13605,,,,,Acq,,,,,,,,,,,,,,,30,,0225-DGJZT-DG-DMRM-NEG.d,,Find by MRM,,
279,DGJZT_DG_69_2,,,193.1,,,,,100,,,,9.272,,,436,0.445,5089,,,,,Acq,,,,,,,,,,,,,,,30,,0225-DGJZT-DG-DMRM-NEG.d,,Find by MRM,,
280,DGJZT_DG_70_1,,,237.1,,,,,100,,,,9.288,,,3856,0.488,46511,,,,,Acq,,,,,,,,,,,,,,,30,,0225-DGJZT-DG-DMRM-NEG.d,,Find by MRM,,
281,DGJZT_DG_69_3,,,193.1,,,,,100,,,,9.322,,,235,0.407,2724,,,,,Acq,,,,,,,,,,,,,,,30,,0225-DGJZT-DG-DMRM-NEG.d,,Find by MRM,,
282,DGJZT_CGC_106_1,,,695.2,,,,,100,,,,9.266,,,3,0.125,7,,,,,Acq,,,,,,,,,,,,,,,30,,0225-DGJZT-DG-DMRM-NEG.d,,Find by MRM,,
283,DGJZT_CGC_106_2,,,695.2,,,,,100,,,,9.416,,,2,0.104,3,,,,,Acq,,,,,,,,,,,,,,,30,,0225-DGJZT-DG-DMRM-NEG.d,,Find by MRM,,
284,DGJZT_BS_144_2,,,493.2,,,,,100,,,,9.342,,,16,0.092,50,,,,,Acq,,,,,,,,,,,,,,,30,,0225-DGJZT-DG-DMRM-NEG.d,,Find by MRM,,
285,DGJZT_CGC_108_1,,,725.2,,,,,100,,,,9.466,,,5,0.084,14,,,,,Acq,,,,,,,,,,,,,,,30,,0225-DGJZT-DG-DMRM-NEG.d,,Find by MRM,,
286,DGJZT_BS_144_1,,,493.2,,,,,100,,,,9.477,,,4,0.106,11,,,,,Acq,,,,,,,,,,,,,,,30,,0225-DGJZT-DG-DMRM-NEG.d,,Find by MRM,,
287,DGJZT_BS_147_3,,,491.2,,,,,100,,,,9.394,,,9,0.143,33,,,,,Acq,,,,,,,,,,,,,,,30,,0225-DGJZT-DG-DMRM-NEG.d,,Find by MRM,,
288,DGJZT_BS_147_1,,,491.2,,,,,100,,,,9.411,,,17,0.144,65,,,,,Acq,,,,,,,,,,,,,,,30,,0225-DGJZT-DG-DMRM-NEG.d,,Find by MRM,,
289,DGJZT_DG_72_2,,,251.1,,,,,100,,,,9.581,,,1116,0.435,12826,,,,,Acq,,,,,,,,,,,,,,,30,,0225-DGJZT-DG-DMRM-NEG.d,,Find by MRM,,
290,DGJZT_DG_72_1,,,251.1,,,,,100,,,,9.582,,,1045,0.42,12216,,,,,Acq,,,,,,,,,,,,,,,30,,0225-DGJZT-DG-DMRM-NEG.d,,Find by MRM,,
291,DGJZT_DG_72_3,,,251.1,,,,,100,,,,9.572,,,475,0.411,5666,,,,,Acq,,,,,,,,,,,,,,,30,,0225-DGJZT-DG-DMRM-NEG.d,,Find by MRM,,
292,DGJZT_BS_147_2,,,491.2,,,,,100,,,,9.427,,,13,0.092,50,,,,,Acq,,,,,,,,,,,,,,,30,,0225-DGJZT-DG-DMRM-NEG.d,,Find by MRM,,
293,DGJZT_BS_149_2,,,507.2,,,,,100,,,,9.871,,,7,0.172,27,,,,,Acq,,,,,,,,,,,,,,,30,,0225-DGJZT-DG-DMRM-NEG.d,,Find by MRM,,
294,DGJZT_BS_149_1,,,507.2,,,,,100,,,,9.871,,,3,0.094,11,,,,,Acq,,,,,,,,,,,,,,,30,,0225-DGJZT-DG-DMRM-NEG.d,,Find by MRM,,
295,DGJZT_CGC_113_2,,,591.2,,,,,100,,,,9.668,,,2,0.132,3,,,,,Acq,,,,,,,,,,,,,,,30,,0225-DGJZT-DG-DMRM-NEG.d,,Find by MRM,,
296,DGJZT_BS_150_3,,,493.2,,,,,100,,,,9.803,,,14,0.133,51,,,,,Acq,,,,,,,,,,,,,,,30,,0225-DGJZT-DG-DMRM-NEG.d,,Find by MRM,,
297,DGJZT_BS_150_1,,,493.2,,,,,100,,,,9.839,,,11,0.167,51,,,,,Acq,,,,,,,,,,,,,,,30,,0225-DGJZT-DG-DMRM-NEG.d,,Find by MRM,,
298,DGJZT_GZ_24_1,,,263.1,,,,,100,,,,9.976,,,4,0.126,9,,,,,Acq,,,,,,,,,,,,,,,30,,0225-DGJZT-DG-DMRM-NEG.d,,Find by MRM,,
299,DGJZT_BS_154_2,,,491.2,,,,,100,,,,9.84,,,7,0.186,26,,,,,Acq,,,,,,,,,,,,,,,30,,0225-DGJZT-DG-DMRM-NEG.d,,Find by MRM,,
300,DGJZT_BS_153_1,,,445.2,,,,,100,,,,10.109,,,1,0.051,2,,,,,Acq,,,,,,,,,,,,,,,30,,0225-DGJZT-DG-DMRM-NEG.d,,Find by MRM,,
301,DGJZT_GZ_24_2,,,263.1,,,,,100,,,,9.851,,,8,0.209,32,,,,,Acq,,,,,,,,,,,,,,,30,,0225-DGJZT-DG-DMRM-NEG.d,,Find by MRM,,
302,DGJZT_BS_155_2,,,507.2,,,,,100,,,,9.863,,,3,0.058,5,,,,,Acq,,,,,,,,,,,,,,,30,,0225-DGJZT-DG-DMRM-NEG.d,,Find by MRM,,
303,DGJZT_BS_154_3,,,491.2,,,,,100,,,,9.932,,,10,0.126,24,,,,,Acq,,,,,,,,,,,,,,,30,,0225-DGJZT-DG-DMRM-NEG.d,,Find by MRM,,
304,DGJZT_BS_154_1,,,491.2,,,,,100,,,,10.008,,,5,0.126,16,,,,,Acq,,,,,,,,,,,,,,,30,,0225-DGJZT-DG-DMRM-NEG.d,,Find by MRM,,
305,DGJZT_BS_153_2,,,445.2,,,,,100,,,,10.059,,,6,0.084,20,,,,,Acq,,,,,,,,,,,,,,,30,,0225-DGJZT-DG-DMRM-NEG.d,,Find by MRM,,
306,DGJZT_BS_156_1,,,569.2,,,,,100,,,,10.131,,,6,0.136,23,,,,,Acq,,,,,,,,,,,,,,,30,,0225-DGJZT-DG-DMRM-NEG.d,,Find by MRM,,
307,DGJZT_BS_156_2,,,569.2,,,,,100,,,,10.157,,,7,0.165,32,,,,,Acq,,,,,,,,,,,,,,,30,,0225-DGJZT-DG-DMRM-NEG.d,,Find by MRM,,
308,DGJZT_BS_150_2,,,493.2,,,,,100,,,,9.998,,,7,0.118,19,,,,,Acq,,,,,,,,,,,,,,,30,,0225-DGJZT-DG-DMRM-NEG.d,,Find by MRM,,
309,DGJZT_DG_73_2,,,429.1,,,,,100,,,,9.975,,,364,0.398,2838,,,,,Acq,,,,,,,,,,,,,,,30,,0225-DGJZT-DG-DMRM-NEG.d,,Find by MRM,,
310,DGJZT_BS_155_3,,,507.2,,,,,100,,,,9.846,,,5,0.128,11,,,,,Acq,,,,,,,,,,,,,,,30,,0225-DGJZT-DG-DMRM-NEG.d,,Find by MRM,,
311,DGJZT_CGC_129_1,,,999.4,,,,,100,,,,9.927,,,5,0.109,11,,,,,Acq,,,,,,,,,,,,,,,30,,0225-DGJZT-DG-DMRM-NEG.d,,Find by MRM,,
312,DGJZT_GZ_25_1,,,593.1,,,,,100,,,,9.986,,,3,0.118,6,,,,,Acq,,,,,,,,,,,,,,,30,,0225-DGJZT-DG-DMRM-NEG.d,,Find by MRM,,
313,DGJZT_BS_157_1,,,567.2,,,,,100,,,,9.879,,,9,0.156,27,,,,,Acq,,,,,,,,,,,,,,,30,,0225-DGJZT-DG-DMRM-NEG.d,,Find by MRM,,
314,DGJZT_BS_152_1,,,521.3,,,,,100,,,,10.234,,,3,0.076,6,,,,,Acq,,,,,,,,,,,,,,,30,,0225-DGJZT-DG-DMRM-NEG.d,,Find by MRM,,
315,DGJZT_CGC_132_1,,,837.4,,,,,100,,,,9.935,,,4,0.127,8,,,,,Acq,,,,,,,,,,,,,,,30,,0225-DGJZT-DG-DMRM-NEG.d,,Find by MRM,,
316,DGJZT_CGC_125_1,,,692.2,,,,,100,,,,10.19,,,4,0.101,8,,,,,Acq,,,,,,,,,,,,,,,30,,0225-DGJZT-DG-DMRM-NEG.d,,Find by MRM,,
317,DGJZT_CGC_122_1,,,459.1,,,,,100,,,,10.083,,,8,0.175,27,,,,,Acq,,,,,,,,,,,,,,,30,,0225-DGJZT-DG-DMRM-NEG.d,,Find by MRM,,
318,DGJZT_GZ_26_3,,,421.1,,,,,100,,,,10.11,,,8,0.051,15,,,,,Acq,,,,,,,,,,,,,,,30,,0225-DGJZT-DG-DMRM-NEG.d,,Find by MRM,,
319,DGJZT_BS_160_1,,,507.2,,,,,100,,,,10.023,,,5,0.114,10,,,,,Acq,,,,,,,,,,,,,,,30,,0225-DGJZT-DG-DMRM-NEG.d,,Find by MRM,,
320,DGJZT_CGC_148_1,,,835.4,,,,,100,,,,10.07,,,1,0.088,1,,,,,Acq,,,,,,,,,,,,,,,30,,0225-DGJZT-DG-DMRM-NEG.d,,Find by MRM,,
321,DGJZT_BS_160_3,,,507.2,,,,,100,,,,10.513,,,10,0.057,8,,,,,Acq,,,,,,,,,,,,,,,30,,0225-DGJZT-DG-DMRM-NEG.d,,Find by MRM,,
322,DGJZT_BS_160_2,,,507.2,,,,,100,,,,10.361,,,0,0.059,0,,,,,Acq,,,,,,,,,,,,,,,30,,0225-DGJZT-DG-DMRM-NEG.d,,Find by MRM,,
323,DGJZT_CGC_150_1,,,695.2,,,,,100,,,,10.232,,,3,0.084,5,,,,,Acq,,,,,,,,,,,,,,,30,,0225-DGJZT-DG-DMRM-NEG.d,,Find by MRM,,
324,DGJZT_CGC_152_1,,,953.5,,,,,100,,,,10.145,,,2,0.093,4,,,,,Acq,,,,,,,,,,,,,,,30,,0225-DGJZT-DG-DMRM-NEG.d,,Find by MRM,,
325,DGJZT_CGC_151_1,,,725.2,,,,,100,,,,10.618,,,2,0.062,4,,,,,Acq,,,,,,,,,,,,,,,30,,0225-DGJZT-DG-DMRM-NEG.d,,Find by MRM,,
326,DGJZT_CGC_156_1,,,895.4,,,,,100,,,,10.465,,,3,0.142,14,,,,,Acq,,,,,,,,,,,,,,,30,,0225-DGJZT-DG-DMRM-NEG.d,,Find by MRM,,
327,DGJZT_CGC_161_1,,,853.4,,,,,100,,,,10.448,,,2,0.174,7,,,,,Acq,,,,,,,,,,,,,,,30,,0225-DGJZT-DG-DMRM-NEG.d,,Find by MRM,,
328,DGJZT_CGC_163_1,,,983.5,,,,,100,,,,10.38,,,7,0.1,18,,,,,Acq,,,,,,,,,,,,,,,30,,0225-DGJZT-DG-DMRM-NEG.d,,Find by MRM,,
329,DGJZT_CGC_163_2,,,983.5,,,,,100,,,,10.472,,,5,0.1,10,,,,,Acq,,,,,,,,,,,,,,,30,,0225-DGJZT-DG-DMRM-NEG.d,,Find by MRM,,
330,DGJZT_BS_159_1,,,597.2,,,,,100,,,,10.563,,,3,0.101,7,,,,,Acq,,,,,,,,,,,,,,,30,,0225-DGJZT-DG-DMRM-NEG.d,,Find by MRM,,
331,DGJZT_CGC_175_1,,,669.2,,,,,100,,,,10.559,,,6,0.066,10,,,,,Acq,,,,,,,,,,,,,,,30,,0225-DGJZT-DG-DMRM-NEG.d,,Find by MRM,,
332,DGJZT_BS_164_3,,,661.3,,,,,100,,,,10.752,,,2,0.09,3,,,,,Acq,,,,,,,,,,,,,,,30,,0225-DGJZT-DG-DMRM-NEG.d,,Find by MRM,,
333,DGJZT_BS_164_1,,,661.3,,,,,100,,,,10.603,,,3,0.109,6,,,,,Acq,,,,,,,,,,,,,,,30,,0225-DGJZT-DG-DMRM-NEG.d,,Find by MRM,,
334,DGJZT_BS_164_2,,,661.3,,,,,100,,,,10.552,,,1,0.091,2,,,,,Acq,,,,,,,,,,,,,,,30,,0225-DGJZT-DG-DMRM-NEG.d,,Find by MRM,,
335,DGJZT_BS_162_3,,,629.2,,,,,100,,,,10.704,,,8,0.502,97,,,,,Acq,,,,,,,,,,,,,,,30,,0225-DGJZT-DG-DMRM-NEG.d,,Find by MRM,,
336,DGJZT_BS_162_1,,,629.2,,,,,100,,,,10.712,,,60,0.25,399,,,,,Acq,,,,,,,,,,,,,,,30,,0225-DGJZT-DG-DMRM-NEG.d,,Find by MRM,,
337,DGJZT_BS_167_3,,,629.2,,,,,100,,,,10.78,,,9,0.325,81,,,,,Acq,,,,,,,,,,,,,,,30,,0225-DGJZT-DG-DMRM-NEG.d,,Find by MRM,,
338,DGJZT_BS_167_1,,,629.2,,,,,100,,,,10.73,,,64,0.415,519,,,,,Acq,,,,,,,,,,,,,,,30,,0225-DGJZT-DG-DMRM-NEG.d,,Find by MRM,,
339,DGJZT_BS_166_1,,,553.2,,,,,100,,,,10.697,,,5,0.108,11,,,,,Acq,,,,,,,,,,,,,,,30,,0225-DGJZT-DG-DMRM-NEG.d,,Find by MRM,,
340,DGJZT_CGC_190_1,,,879.4,,,,,100,,,,10.707,,,9,0.083,24,,,,,Acq,,,,,,,,,,,,,,,30,,0225-DGJZT-DG-DMRM-NEG.d,,Find by MRM,,
341,DGJZT_CGC_190_3,,,879.4,,,,,100,,,,10.942,,,2,0.078,4,,,,,Acq,,,,,,,,,,,,,,,30,,0225-DGJZT-DG-DMRM-NEG.d,,Find by MRM,,
342,DGJZT_CGC_200_1,,,837.4,,,,,100,,,,10.808,,,19,0.126,59,,,,,Acq,,,,,,,,,,,,,,,30,,0225-DGJZT-DG-DMRM-NEG.d,,Find by MRM,,
343,DGJZT_CGC_200_3,,,837.4,,,,,100,,,,10.775,,,4,0.075,7,,,,,Acq,,,,,,,,,,,,,,,30,,0225-DGJZT-DG-DMRM-NEG.d,,Find by MRM,,
344,DGJZT_CGC_200_2,,,837.4,,,,,100,,,,10.986,,,3,0.109,6,,,,,Acq,,,,,,,,,,,,,,,30,,0225-DGJZT-DG-DMRM-NEG.d,,Find by MRM,,
345,DGJZT_CGC_207_1,,,1027.5,,,,,100,,,,10.689,,,0,0.126,0,,,,,Acq,,,,,,,,,,,,,,,30,,0225-DGJZT-DG-DMRM-NEG.d,,Find by MRM,,
346,DGJZT_CGC_209_1,,,835.4,,,,,100,,,,11.103,,,5,0.041,7,,,,,Acq,,,,,,,,,,,,,,,30,,0225-DGJZT-DG-DMRM-NEG.d,,Find by MRM,,
347,DGJZT_CGC_218_1,,,865.4,,,,,100,,,,11.092,,,5,0.13,10,,,,,Acq,,,,,,,,,,,,,,,30,,0225-DGJZT-DG-DMRM-NEG.d,,Find by MRM,,
348,DGJZT_SJ_9_2,,,433.2,,,,,100,,,,10.781,,,12,0.207,62,,,,,Acq,,,,,,,,,,,,,,,30,,0225-DGJZT-DG-DMRM-NEG.d,,Find by MRM,,
349,DGJZT_CGC_213_1,,,807.4,,,,,100,,,,10.978,,,4,0.101,8,,,,,Acq,,,,,,,,,,,,,,,30,,0225-DGJZT-DG-DMRM-NEG.d,,Find by MRM,,
350,DGJZT_CGC_217_1,,,297,,,,,100,,,,11.251,,,7,0.101,14,,,,,Acq,,,,,,,,,,,,,,,30,,0225-DGJZT-DG-DMRM-NEG.d,,Find by MRM,,
351,DGJZT_CGC_224_1,,,881.4,,,,,100,,,,11.151,,,4,0.084,9,,,,,Acq,,,,,,,,,,,,,,,30,,0225-DGJZT-DG-DMRM-NEG.d,,Find by MRM,,
352,DGJZT_DG_79_2,,,571.1,,,,,100,,,,11.188,,,284,0.197,1841,,,,,Acq,,,,,,,,,,,,,,,30,,0225-DGJZT-DG-DMRM-NEG.d,,Find by MRM,,
353,DGJZT_DG_77_2,,,355.1,,,,,100,,,,11.148,,,264,0.256,1639,,,,,Acq,,,,,,,,,,,,,,,30,,0225-DGJZT-DG-DMRM-NEG.d,,Find by MRM,,
354,DGJZT_DG_77_3,,,355.1,,,,,100,,,,11.148,,,217,0.31,1451,,,,,Acq,,,,,,,,,,,,,,,30,,0225-DGJZT-DG-DMRM-NEG.d,,Find by MRM,,
355,DGJZT_DG_77_1,,,355.1,,,,,100,,,,11.149,,,572,0.326,3981,,,,,Acq,,,,,,,,,,,,,,,30,,0225-DGJZT-DG-DMRM-NEG.d,,Find by MRM,,
356,DGJZT_CGC_229_1,,,837.4,,,,,100,,,,11.237,,,24,0.109,67,,,,,Acq,,,,,,,,,,,,,,,30,,0225-DGJZT-DG-DMRM-NEG.d,,Find by MRM,,
357,DGJZT_CGC_229_3,,,837.4,,,,,100,,,,11.178,,,5,0.127,22,,,,,Acq,,,,,,,,,,,,,,,30,,0225-DGJZT-DG-DMRM-NEG.d,,Find by MRM,,
358,DGJZT_DG_79_1,,,571.1,,,,,100,,,,11.189,,,875,0.411,6863,,,,,Acq,,,,,,,,,,,,,,,30,,0225-DGJZT-DG-DMRM-NEG.d,,Find by MRM,,
359,DGJZT_CGC_229_2,,,837.4,,,,,100,,,,11.187,,,5,0.145,17,,,,,Acq,,,,,,,,,,,,,,,30,,0225-DGJZT-DG-DMRM-NEG.d,,Find by MRM,,
360,DGJZT_CGC_238_1,,,819.4,,,,,100,,,,11.288,,,12,0.126,44,,,,,Acq,,,,,,,,,,,,,,,30,,0225-DGJZT-DG-DMRM-NEG.d,,Find by MRM,,
361,DGJZT_CGC_238_3,,,819.4,,,,,100,,,,11.17,,,2,0.105,4,,,,,Acq,,,,,,,,,,,,,,,30,,0225-DGJZT-DG-DMRM-NEG.d,,Find by MRM,,
362,DGJZT_CGC_238_2,,,819.4,,,,,100,,,,11.491,,,3,0.067,5,,,,,Acq,,,,,,,,,,,,,,,30,,0225-DGJZT-DG-DMRM-NEG.d,,Find by MRM,,
363,DGJZT_GZ_28_2,,,311.1,,,,,100,,,,11.242,,,11,0.075,22,,,,,Acq,,,,,,,,,,,,,,,30,,0225-DGJZT-DG-DMRM-NEG.d,,Find by MRM,,
364,DGJZT_GZ_28_1,,,311.1,,,,,100,,,,11.199,,,5,0.058,10,,,,,Acq,,,,,,,,,,,,,,,30,,0225-DGJZT-DG-DMRM-NEG.d,,Find by MRM,,
365,DGJZT_CGC_240_1,,,967.5,,,,,100,,,,11.361,,,4,0.126,8,,,,,Acq,,,,,,,,,,,,,,,30,,0225-DGJZT-DG-DMRM-NEG.d,,Find by MRM,,
366,DGJZT_CGC_244_1,,,791.4,,,,,100,,,,11.483,,,5,0.109,11,,,,,Acq,,,,,,,,,,,,,,,30,,0225-DGJZT-DG-DMRM-NEG.d,,Find by MRM,,
367,DGJZT_BS_174_1,,,665.4,,,,,100,,,,11.483,,,5,0.1,16,,,,,Acq,,,,,,,,,,,,,,,30,,0225-DGJZT-DG-DMRM-NEG.d,,Find by MRM,,
368,DGJZT_SJ_10_3,,,431.2,,,,,100,,,,11.61,,,26,0.076,33,,,,,Acq,,,,,,,,,,,,,,,30,,0225-DGJZT-DG-DMRM-NEG.d,,Find by MRM,,
369,DGJZT_CGC_254_1,,,985.5,,,,,100,,,,11.427,,,2,0.151,6,,,,,Acq,,,,,,,,,,,,,,,30,,0225-DGJZT-DG-DMRM-NEG.d,,Find by MRM,,
370,DGJZT_CGC_254_3,,,985.5,,,,,100,,,,11.285,,,0,0.122,1,,,,,Acq,,,,,,,,,,,,,,,30,,0225-DGJZT-DG-DMRM-NEG.d,,Find by MRM,,
371,DGJZT_CGC_251_1,,,911.4,,,,,100,,,,11.302,,,0,0.125,1,,,,,Acq,,,,,,,,,,,,,,,30,,0225-DGJZT-DG-DMRM-NEG.d,,Find by MRM,,
372,DGJZT_CGC_248_1,,,863.4,,,,,100,,,,11.589,,,11,0.139,33,,,,,Acq,,,,,,,,,,,,,,,30,,0225-DGJZT-DG-DMRM-NEG.d,,Find by MRM,,
373,DGJZT_CGC_250_1,,,837.4,,,,,100,,,,11.228,,,43,0.142,155,,,,,Acq,,,,,,,,,,,,,,,30,,0225-DGJZT-DG-DMRM-NEG.d,,Find by MRM,,
374,DGJZT_CGC_250_3,,,837.4,,,,,100,,,,11.203,,,8,0.107,24,,,,,Acq,,,,,,,,,,,,,,,30,,0225-DGJZT-DG-DMRM-NEG.d,,Find by MRM,,
375,DGJZT_SJ_10_1,,,431.2,,,,,100,,,,11.374,,,7,0.177,36,,,,,Acq,,,,,,,,,,,,,,,30,,0225-DGJZT-DG-DMRM-NEG.d,,Find by MRM,,
376,DGJZT_SJ_10_2,,,431.2,,,,,100,,,,11.593,,,20,0.184,136,,,,,Acq,,,,,,,,,,,,,,,30,,0225-DGJZT-DG-DMRM-NEG.d,,Find by MRM,,
377,DGJZT_CGC_250_2,,,837.4,,,,,100,,,,11.48,,,11,0.118,30,,,,,Acq,,,,,,,,,,,,,,,30,,0225-DGJZT-DG-DMRM-NEG.d,,Find by MRM,,
378,DGJZT_CGC_259_1,,,299.1,,,,,100,,,,11.494,,,11,0.1,36,,,,,Acq,,,,,,,,,,,,,,,30,,0225-DGJZT-DG-DMRM-NEG.d,,Find by MRM,,
379,DGJZT_CGC_264_3,,,821.4,,,,,100,,,,11.523,,,13,0.158,56,,,,,Acq,,,,,,,,,,,,,,,30,,0225-DGJZT-DG-DMRM-NEG.d,,Find by MRM,,
380,DGJZT_BS_175_1,,,735.2,,,,,100,,,,11.549,,,7,0.176,20,,,,,Acq,,,,,,,,,,,,,,,30,,0225-DGJZT-DG-DMRM-NEG.d,,Find by MRM,,
381,DGJZT_CGC_264_1,,,821.4,,,,,100,,,,11.531,,,127,0.24,888,,,,,Acq,,,,,,,,,,,,,,,30,,0225-DGJZT-DG-DMRM-NEG.d,,Find by MRM,,
382,DGJZT_CGC_285_1,,,969.5,,,,,100,,,,11.804,,,4,0.104,8,,,,,Acq,,,,,,,,,,,,,,,30,,0225-DGJZT-DG-DMRM-NEG.d,,Find by MRM,,
383,DGJZT_CGC_282_1,,,955.5,,,,,100,,,,11.746,,,6,0.124,17,,,,,Acq,,,,,,,,,,,,,,,30,,0225-DGJZT-DG-DMRM-NEG.d,,Find by MRM,,
384,DGJZT_CGC_289_2,,,807.4,,,,,100,,,,11.724,,,5,0.14,16,,,,,Acq,,,,,,,,,,,,,,,30,,0225-DGJZT-DG-DMRM-NEG.d,,Find by MRM,,
385,DGJZT_DG_80_3,,,399.1,,,,,100,,,,11.784,,,464,0.355,4124,,,,,Acq,,,,,,,,,,,,,,,30,,0225-DGJZT-DG-DMRM-NEG.d,,Find by MRM,,
386,DGJZT_DG_80_2,,,399.1,,,,,100,,,,11.793,,,287,0.295,2109,,,,,Acq,,,,,,,,,,,,,,,30,,0225-DGJZT-DG-DMRM-NEG.d,,Find by MRM,,
387,DGJZT_CGC_278_1,,,255.1,,,,,100,,,,11.779,,,39,0.243,226,,,,,Acq,,,,,,,,,,,,,,,30,,0225-DGJZT-DG-DMRM-NEG.d,,Find by MRM,,
388,DGJZT_CGC_289_3,,,807.4,,,,,100,,,,11.667,,,4,0.158,15,,,,,Acq,,,,,,,,,,,,,,,30,,0225-DGJZT-DG-DMRM-NEG.d,,Find by MRM,,
389,DGJZT_DG_80_1,,,399.1,,,,,100,,,,11.776,,,352,0.422,3194,,,,,Acq,,,,,,,,,,,,,,,30,,0225-DGJZT-DG-DMRM-NEG.d,,Find by MRM,,
390,DGJZT_CGC_293_1,,,821.4,,,,,100,,,,11.906,,,34,0.151,134,,,,,Acq,,,,,,,,,,,,,,,30,,0225-DGJZT-DG-DMRM-NEG.d,,Find by MRM,,
391,DGJZT_CGC_293_3,,,821.4,,,,,100,,,,11.839,,,10,0.117,33,,,,,Acq,,,,,,,,,,,,,,,30,,0225-DGJZT-DG-DMRM-NEG.d,,Find by MRM,,
392,DGJZT_CGC_293_2,,,821.4,,,,,100,,,,11.624,,,12,0.132,27,,,,,Acq,,,,,,,,,,,,,,,30,,0225-DGJZT-DG-DMRM-NEG.d,,Find by MRM,,
393,DGJZT_DG_81_2,,,357.1,,,,,100,,,,11.935,,,1564,0.443,14143,,,,,Acq,,,,,,,,,,,,,,,30,,0225-DGJZT-DG-DMRM-NEG.d,,Find by MRM,,
394,DGJZT_CGC_291_1,,,267.1,,,,,100,,,,12.13,,,13,0.084,28,,,,,Acq,,,,,,,,,,,,,,,30,,0225-DGJZT-DG-DMRM-NEG.d,,Find by MRM,,
395,DGJZT_CGC_291_2,,,267.1,,,,,100,,,,11.921,,,16,0.219,66,,,,,Acq,,,,,,,,,,,,,,,30,,0225-DGJZT-DG-DMRM-NEG.d,,Find by MRM,,
396,DGJZT_CGC_291_3,,,267.1,,,,,100,,,,12.181,,,26,0.025,25,,,,,Acq,,,,,,,,,,,,,,,30,,0225-DGJZT-DG-DMRM-NEG.d,,Find by MRM,,
397,DGJZT_DG_81_1,,,357.1,,,,,100,,,,11.968,,,612,0.474,9763,,,,,Acq,,,,,,,,,,,,,,,30,,0225-DGJZT-DG-DMRM-NEG.d,,Find by MRM,,
398,DGJZT_CGC_301_1,,,939.5,,,,,100,,,,11.797,,,2,0.086,4,,,,,Acq,,,,,,,,,,,,,,,30,,0225-DGJZT-DG-DMRM-NEG.d,,Find by MRM,,
399,DGJZT_CGC_305_1,,,823.4,,,,,100,,,,12.082,,,13,0.125,44,,,,,Acq,,,,,,,,,,,,,,,30,,0225-DGJZT-DG-DMRM-NEG.d,,Find by MRM,,
400,DGJZT_DG_87_3,,,517.2,,,,,100,,,,12.067,,,189,0.206,946,,,,,Acq,,,,,,,,,,,,,,,30,,0225-DGJZT-DG-DMRM-NEG.d,,Find by MRM,,
401,DGJZT_SJ_12_1,,,475.2,,,,,100,,,,12.269,,,25,0.042,13,,,,,Acq,,,,,,,,,,,,,,,30,,0225-DGJZT-DG-DMRM-NEG.d,,Find by MRM,,
402,DGJZT_GZ_31_1,,,325.1,,,,,100,,,,11.943,,,59,0.182,306,,,,,Acq,,,,,,,,,,,,,,,30,,0225-DGJZT-DG-DMRM-NEG.d,,Find by MRM,,
403,DGJZT_GZ_31_2,,,325.1,,,,,100,,,,11.843,,,8,0.143,18,,,,,Acq,,,,,,,,,,,,,,,30,,0225-DGJZT-DG-DMRM-NEG.d,,Find by MRM,,
404,DGJZT_DG_89_3,,,313.1,,,,,100,,,,12.104,,,250,0.251,1616,,,,,Acq,,,,,,,,,,,,,,,30,,0225-DGJZT-DG-DMRM-NEG.d,,Find by MRM,,
405,DGJZT_GZ_29_1,,,295.1,,,,,100,,,,12.306,,,19,0.042,14,,,,,Acq,,,,,,,,,,,,,,,30,,0225-DGJZT-DG-DMRM-NEG.d,,Find by MRM,,
406,DGJZT_GZ_29_2,,,295.1,,,,,100,,,,12.105,,,1,0.192,3,,,,,Acq,,,,,,,,,,,,,,,30,,0225-DGJZT-DG-DMRM-NEG.d,,Find by MRM,,
407,DGJZT_CGC_305_3,,,823.4,,,,,100,,,,12.251,,,7,0.05,12,,,,,Acq,,,,,,,,,,,,,,,30,,0225-DGJZT-DG-DMRM-NEG.d,,Find by MRM,,
408,DGJZT_CGC_310_1,,,777.4,,,,,100,,,,12.042,,,0,0.118,2,,,,,Acq,,,,,,,,,,,,,,,30,,0225-DGJZT-DG-DMRM-NEG.d,,Find by MRM,,
409,DGJZT_DG_90_1,,,357.1,,,,,100,,,,11.959,,,676,0.193,5737,,,,,Acq,,,,,,,,,,,,,,,30,,0225-DGJZT-DG-DMRM-NEG.d,,Find by MRM,,
410,DGJZT_GZ_31_3,,,325.1,,,,,100,,,,12.203,,,7,0.143,21,,,,,Acq,,,,,,,,,,,,,,,30,,0225-DGJZT-DG-DMRM-NEG.d,,Find by MRM,,
411,DGJZT_DG_88_3,,,383.2,,,,,100,,,,12.043,,,309,0.302,3294,,,,,Acq,,,,,,,,,,,,,,,30,,0225-DGJZT-DG-DMRM-NEG.d,,Find by MRM,,
412,DGJZT_GZ_32_2,,,313.2,,,,,100,,,,12.204,,,7,0.096,15,,,,,Acq,,,,,,,,,,,,,,,30,,0225-DGJZT-DG-DMRM-NEG.d,,Find by MRM,,
413,DGJZT_DG_89_1,,,313.1,,,,,100,,,,12.129,,,3896,0.39,28013,,,,,Acq,,,,,,,,,,,,,,,30,,0225-DGJZT-DG-DMRM-NEG.d,,Find by MRM,,
414,DGJZT_DG_89_2,,,313.1,,,,,100,,,,12.121,,,500,0.268,3116,,,,,Acq,,,,,,,,,,,,,,,30,,0225-DGJZT-DG-DMRM-NEG.d,,Find by MRM,,
415,DGJZT_CGC_313_1,,,369.1,,,,,100,,,,11.951,,,7,0.175,20,,,,,Acq,,,,,,,,,,,,,,,30,,0225-DGJZT-DG-DMRM-NEG.d,,Find by MRM,,
416,DGJZT_DG_90_2,,,357.1,,,,,100,,,,12.134,,,143,0.226,792,,,,,Acq,,,,,,,,,,,,,,,30,,0225-DGJZT-DG-DMRM-NEG.d,,Find by MRM,,
417,DGJZT_GZ_32_1,,,313.2,,,,,100,,,,12.255,,,3,0.116,7,,,,,Acq,,,,,,,,,,,,,,,30,,0225-DGJZT-DG-DMRM-NEG.d,,Find by MRM,,
418,DGJZT_DG_91_2,,,205.1,,,,,100,,,,12.207,,,106,0.342,850,,,,,Acq,,,,,,,,,,,,,,,30,,0225-DGJZT-DG-DMRM-NEG.d,,Find by MRM,,
419,DGJZT_DG_91_1,,,205.1,,,,,100,,,,12.199,,,283,0.364,2110,,,,,Acq,,,,,,,,,,,,,,,30,,0225-DGJZT-DG-DMRM-NEG.d,,Find by MRM,,
420,DGJZT_CGC_314_1,,,805.4,,,,,100,,,,12.327,,,12,0.151,37,,,,,Acq,,,,,,,,,,,,,,,30,,0225-DGJZT-DG-DMRM-NEG.d,,Find by MRM,,
421,DGJZT_CGC_314_3,,,805.4,,,,,100,,,,12.276,,,5,0.143,11,,,,,Acq,,,,,,,,,,,,,,,30,,0225-DGJZT-DG-DMRM-NEG.d,,Find by MRM,,
422,DGJZT_SJ_13_1,,,355.2,,,,,100,,,,12.16,,,11,0.141,43,,,,,Acq,,,,,,,,,,,,,,,30,,0225-DGJZT-DG-DMRM-NEG.d,,Find by MRM,,
423,DGJZT_GZ_33_2,,,265.1,,,,,100,,,,12.565,,,1,0.066,2,,,,,Acq,,,,,,,,,,,,,,,30,,0225-DGJZT-DG-DMRM-NEG.d,,Find by MRM,,
424,DGJZT_GZ_33_3,,,265.1,,,,,100,,,,12.44,,,22,0.287,135,,,,,Acq,,,,,,,,,,,,,,,30,,0225-DGJZT-DG-DMRM-NEG.d,,Find by MRM,,
425,DGJZT_DG_92_1,,,203.1,,,,,100,,,,12.609,,,3319,0.176,76452,,,,,Acq,,,,,,,,,,,,,,,30,,0225-DGJZT-DG-DMRM-NEG.d,,Find by MRM,,
426,DGJZT_DG_92_2,,,203.1,,,,,100,,,,12.576,,,8749,0.184,164248,,,,,Acq,,,,,,,,,,,,,,,30,,0225-DGJZT-DG-DMRM-NEG.d,,Find by MRM,,
427,DGJZT_DG_92_3,,,203.1,,,,,100,,,,12.577,,,1497,0.121,8777,,,,,Acq,,,,,,,,,,,,,,,30,,0225-DGJZT-DG-DMRM-NEG.d,,Find by MRM,,
428,DGJZT_GZ_33_1,,,265.1,,,,,100,,,,12.307,,,0,0.141,1,,,,,Acq,,,,,,,,,,,,,,,30,,0225-DGJZT-DG-DMRM-NEG.d,,Find by MRM,,
429,DGJZT_CGC_324_1,,,805.4,,,,,100,,,,12.268,,,15,0.101,40,,,,,Acq,,,,,,,,,,,,,,,30,,0225-DGJZT-DG-DMRM-NEG.d,,Find by MRM,,
430,DGJZT_CGC_325_1,,,353.1,,,,,100,,,,12.48,,,11,0.092,29,,,,,Acq,,,,,,,,,,,,,,,30,,0225-DGJZT-DG-DMRM-NEG.d,,Find by MRM,,
431,DGJZT_DZ_45_1,,,517.3,,,,,100,,,,12.688,,,2,0.118,8,,,,,Acq,,,,,,,,,,,,,,,30,,0225-DGJZT-DG-DMRM-NEG.d,,Find by MRM,,
432,DGJZT_CGC_336_1,,,367.1,,,,,100,,,,12.788,,,85,0.344,609,,,,,Acq,,,,,,,,,,,,,,,30,,0225-DGJZT-DG-DMRM-NEG.d,,Find by MRM,,
433,DGJZT_CGC_336_2,,,367.1,,,,,100,,,,12.797,,,22,0.289,157,,,,,Acq,,,,,,,,,,,,,,,30,,0225-DGJZT-DG-DMRM-NEG.d,,Find by MRM,,
434,DGJZT_CGC_336_3,,,367.1,,,,,100,,,,12.957,,,5,0.126,15,,,,,Acq,,,,,,,,,,,,,,,30,,0225-DGJZT-DG-DMRM-NEG.d,,Find by MRM,,
435,DGJZT_DZ_46_2,,,287.2,,,,,100,,,,12.928,,,6,0.151,25,,,,,Acq,,,,,,,,,,,,,,,30,,0225-DGJZT-DG-DMRM-NEG.d,,Find by MRM,,
436,DGJZT_CGC_337_1,,,323.1,,,,,100,,,,12.794,,,2,0.201,8,,,,,Acq,,,,,,,,,,,,,,,30,,0225-DGJZT-DG-DMRM-NEG.d,,Find by MRM,,
437,DGJZT_CGC_338_2,,,355.1,,,,,100,,,,12.999,,,6,0.06,10,,,,,Acq,,,,,,,,,,,,,,,30,,0225-DGJZT-DG-DMRM-NEG.d,,Find by MRM,,
438,DGJZT_CGC_338_3,,,355.1,,,,,100,,,,12.892,,,7,0.125,27,,,,,Acq,,,,,,,,,,,,,,,30,,0225-DGJZT-DG-DMRM-NEG.d,,Find by MRM,,
439,DGJZT_CGC_338_1,,,355.1,,,,,100,,,,12.909,,,27,0.2,145,,,,,Acq,,,,,,,,,,,,,,,30,,0225-DGJZT-DG-DMRM-NEG.d,,Find by MRM,,
440,DGJZT_CGC_344_1,,,805.4,,,,,100,,,,12.929,,,3,0.1,6,,,,,Acq,,,,,,,,,,,,,,,30,,0225-DGJZT-DG-DMRM-NEG.d,,Find by MRM,,
441,DGJZT_CGC_341_1,,,711.3,,,,,100,,,,12.955,,,5,0.185,24,,,,,Acq,,,,,,,,,,,,,,,30,,0225-DGJZT-DG-DMRM-NEG.d,,Find by MRM,,
442,DGJZT_CGC_346_1,,,369.1,,,,,100,,,,12.997,,,21,0.485,214,,,,,Acq,,,,,,,,,,,,,,,30,,0225-DGJZT-DG-DMRM-NEG.d,,Find by MRM,,
443,DGJZT_CGC_347_2,,,351.1,,,,,100,,,,13.008,,,10,0.117,34,,,,,Acq,,,,,,,,,,,,,,,30,,0225-DGJZT-DG-DMRM-NEG.d,,Find by MRM,,
444,DGJZT_CGC_347_3,,,351.1,,,,,100,,,,13.059,,,7,0.117,21,,,,,Acq,,,,,,,,,,,,,,,30,,0225-DGJZT-DG-DMRM-NEG.d,,Find by MRM,,
445,DGJZT_CGC_347_1,,,351.1,,,,,100,,,,13.051,,,10,0.076,28,,,,,Acq,,,,,,,,,,,,,,,30,,0225-DGJZT-DG-DMRM-NEG.d,,Find by MRM,,
446,DGJZT_CGC_345_1,,,337.1,,,,,100,,,,13.212,,,5,0.116,14,,,,,Acq,,,,,,,,,,,,,,,30,,0225-DGJZT-DG-DMRM-NEG.d,,Find by MRM,,
447,DGJZT_CGC_354_1,,,823.4,,,,,100,,,,13.222,,,4,0.117,10,,,,,Acq,,,,,,,,,,,,,,,30,,0225-DGJZT-DG-DMRM-NEG.d,,Find by MRM,,
448,DGJZT_CGC_353_1,,,807.4,,,,,100,,,,13.08,,,4,0.109,9,,,,,Acq,,,,,,,,,,,,,,,30,,0225-DGJZT-DG-DMRM-NEG.d,,Find by MRM,,
449,DGJZT_CGC_355_1,,,339.1,,,,,100,,,,13.119,,,14,0.149,66,,,,,Acq,,,,,,,,,,,,,,,30,,0225-DGJZT-DG-DMRM-NEG.d,,Find by MRM,,
450,DGJZT_CGC_355_2,,,339.1,,,,,100,,,,13.094,,,11,0.112,30,,,,,Acq,,,,,,,,,,,,,,,30,,0225-DGJZT-DG-DMRM-NEG.d,,Find by MRM,,
451,DGJZT_CGC_355_3,,,339.1,,,,,100,,,,13.394,,,23,0.124,47,,,,,Acq,,,,,,,,,,,,,,,30,,0225-DGJZT-DG-DMRM-NEG.d,,Find by MRM,,
452,DGJZT_CGC_351_1,,,313.1,,,,,100,,,,13.179,,,9,0.307,72,,,,,Acq,,,,,,,,,,,,,,,30,,0225-DGJZT-DG-DMRM-NEG.d,,Find by MRM,,
453,DGJZT_CGC_351_2,,,313.1,,,,,100,,,,13.146,,,4,0.13,17,,,,,Acq,,,,,,,,,,,,,,,30,,0225-DGJZT-DG-DMRM-NEG.d,,Find by MRM,,
454,DGJZT_CGC_357_2,,,353.1,,,,,100,,,,13.292,,,22,0.267,146,,,,,Acq,,,,,,,,,,,,,,,30,,0225-DGJZT-DG-DMRM-NEG.d,,Find by MRM,,
455,DGJZT_DZ_48_1,,,487.3,,,,,100,,,,13.356,,,5,0.177,19,,,,,Acq,,,,,,,,,,,,,,,30,,0225-DGJZT-DG-DMRM-NEG.d,,Find by MRM,,
456,DGJZT_CGC_357_3,,,353.1,,,,,100,,,,13.342,,,5,0.084,17,,,,,Acq,,,,,,,,,,,,,,,30,,0225-DGJZT-DG-DMRM-NEG.d,,Find by MRM,,
457,DGJZT_CGC_357_1,,,353.1,,,,,100,,,,13.335,,,72,0.299,582,,,,,Acq,,,,,,,,,,,,,,,30,,0225-DGJZT-DG-DMRM-NEG.d,,Find by MRM,,
458,DGJZT_CGC_359_2,,,337.1,,,,,100,,,,13.278,,,3,0.045,4,,,,,Acq,,,,,,,,,,,,,,,30,,0225-DGJZT-DG-DMRM-NEG.d,,Find by MRM,,
459,DGJZT_CGC_364_1,,,365.1,,,,,100,,,,13.511,,,39,0.274,268,,,,,Acq,,,,,,,,,,,,,,,30,,0225-DGJZT-DG-DMRM-NEG.d,,Find by MRM,,
460,DGJZT_CGC_364_2,,,365.1,,,,,100,,,,13.503,,,20,0.188,95,,,,,Acq,,,,,,,,,,,,,,,30,,0225-DGJZT-DG-DMRM-NEG.d,,Find by MRM,,
461,DGJZT_DZ_49_3,,,501.3,,,,,100,,,,13.674,,,8,0.135,24,,,,,Acq,,,,,,,,,,,,,,,30,,0225-DGJZT-DG-DMRM-NEG.d,,Find by MRM,,
462,DGJZT_CGC_368_1,,,337.1,,,,,100,,,,13.64,,,5,0.176,12,,,,,Acq,,,,,,,,,,,,,,,30,,0225-DGJZT-DG-DMRM-NEG.d,,Find by MRM,,
463,DGJZT_DZ_49_2,,,501.3,,,,,100,,,,13.683,,,13,0.102,32,,,,,Acq,,,,,,,,,,,,,,,30,,0225-DGJZT-DG-DMRM-NEG.d,,Find by MRM,,
464,DGJZT_DZ_50_1,,,450.3,,,,,100,,,,13.617,,,12,0.109,34,,,,,Acq,,,,,,,,,,,,,,,30,,0225-DGJZT-DG-DMRM-NEG.d,,Find by MRM,,
465,DGJZT_DZ_49_1,,,501.3,,,,,100,,,,13.785,,,8,0.092,15,,,,,Acq,,,,,,,,,,,,,,,30,,0225-DGJZT-DG-DMRM-NEG.d,,Find by MRM,,
466,DGJZT_DZ_50_2,,,450.3,,,,,100,,,,13.651,,,16,0.278,111,,,,,Acq,,,,,,,,,,,,,,,30,,0225-DGJZT-DG-DMRM-NEG.d,,Find by MRM,,
467,DGJZT_DG_96_2,,,409.2,,,,,100,,,,13.685,,,279,0.274,2053,,,,,Acq,,,,,,,,,,,,,,,30,,0225-DGJZT-DG-DMRM-NEG.d,,Find by MRM,,
468,DGJZT_DG_96_3,,,409.2,,,,,100,,,,13.711,,,228,0.319,1645,,,,,Acq,,,,,,,,,,,,,,,30,,0225-DGJZT-DG-DMRM-NEG.d,,Find by MRM,,
469,DGJZT_CGC_374_1,,,369.1,,,,,100,,,,13.772,,,12,0.185,38,,,,,Acq,,,,,,,,,,,,,,,30,,0225-DGJZT-DG-DMRM-NEG.d,,Find by MRM,,
470,DGJZT_CGC_373_1,,,339.1,,,,,100,,,,13.698,,,12,0.108,39,,,,,Acq,,,,,,,,,,,,,,,30,,0225-DGJZT-DG-DMRM-NEG.d,,Find by MRM,,
471,DGJZT_DG_96_1,,,409.2,,,,,100,,,,13.685,,,4369,0.345,35053,,,,,Acq,,,,,,,,,,,,,,,30,,0225-DGJZT-DG-DMRM-NEG.d,,Find by MRM,,
472,DGJZT_CGC_374_3,,,369.1,,,,,100,,,,13.672,,,9,0.142,20,,,,,Acq,,,,,,,,,,,,,,,30,,0225-DGJZT-DG-DMRM-NEG.d,,Find by MRM,,
473,DGJZT_CGC_374_2,,,369.1,,,,,100,,,,13.554,,,10,0.214,41,,,,,Acq,,,,,,,,,,,,,,,30,,0225-DGJZT-DG-DMRM-NEG.d,,Find by MRM,,
474,DGJZT_BS_177_1,,,723.4,,,,,100,,,,13.776,,,24,0.16,103,,,,,Acq,,,,,,,,,,,,,,,30,,0225-DGJZT-DG-DMRM-NEG.d,,Find by MRM,,
475,DGJZT_DG_97_2,,,397.2,,,,,100,,,,13.728,,,337,0.301,2668,,,,,Acq,,,,,,,,,,,,,,,30,,0225-DGJZT-DG-DMRM-NEG.d,,Find by MRM,,
476,DGJZT_CGC_375_2,,,371.1,,,,,100,,,,13.78,,,5,0.101,11,,,,,Acq,,,,,,,,,,,,,,,30,,0225-DGJZT-DG-DMRM-NEG.d,,Find by MRM,,
477,DGJZT_CGC_375_1,,,371.1,,,,,100,,,,13.772,,,3,0.094,7,,,,,Acq,,,,,,,,,,,,,,,30,,0225-DGJZT-DG-DMRM-NEG.d,,Find by MRM,,
478,DGJZT_DG_98_2,,,395.2,,,,,100,,,,13.855,,,469,0.358,3778,,,,,Acq,,,,,,,,,,,,,,,30,,0225-DGJZT-DG-DMRM-NEG.d,,Find by MRM,,
479,DGJZT_DG_98_1,,,395.2,,,,,100,,,,13.872,,,6398,0.329,45283,,,,,Acq,,,,,,,,,,,,,,,30,,0225-DGJZT-DG-DMRM-NEG.d,,Find by MRM,,
480,DGJZT_DG_98_3,,,395.2,,,,,100,,,,13.881,,,2014,0.361,14629,,,,,Acq,,,,,,,,,,,,,,,30,,0225-DGJZT-DG-DMRM-NEG.d,,Find by MRM,,
481,DGJZT_DG_104_3,,,817.4,,,,,100,,,,13.943,,,13074,0.376,77319,,,,,Acq,,,,,,,,,,,,,,,30,,0225-DGJZT-DG-DMRM-NEG.d,,Find by MRM,,
482,DGJZT_DG_104_1,,,817.4,,,,,100,,,,13.943,,,1515,0.352,9816,,,,,Acq,,,,,,,,,,,,,,,30,,0225-DGJZT-DG-DMRM-NEG.d,,Find by MRM,,
483,DGJZT_DG_104_2,,,817.4,,,,,100,,,,13.952,,,355,0.227,2110,,,,,Acq,,,,,,,,,,,,,,,30,,0225-DGJZT-DG-DMRM-NEG.d,,Find by MRM,,
484,DGJZT_DG_103_3,,,795.4,,,,,100,,,,13.943,,,61728,0.361,367803,,,,,Acq,,,,,,,,,,,,,,,30,,0225-DGJZT-DG-DMRM-NEG.d,,Find by MRM,,
485,DGJZT_DG_103_1,,,795.4,,,,,100,,,,13.943,,,7052,0.353,43650,,,,,Acq,,,,,,,,,,,,,,,30,,0225-DGJZT-DG-DMRM-NEG.d,,Find by MRM,,
486,DGJZT_DG_97_1,,,397.2,,,,,100,,,,13.955,,,18126,0.379,147700,,,,,Acq,,,,,,,,,,,,,,,30,,0225-DGJZT-DG-DMRM-NEG.d,,Find by MRM,,
487,DGJZT_DG_97_3,,,397.2,,,,,100,,,,13.955,,,4453,0.392,35123,,,,,Acq,,,,,,,,,,,,,,,30,,0225-DGJZT-DG-DMRM-NEG.d,,Find by MRM,,
488,DGJZT_DG_101_2,,,397.2,,,,,100,,,,13.948,,,29578,0.395,241300,,,,,Acq,,,,,,,,,,,,,,,30,,0225-DGJZT-DG-DMRM-NEG.d,,Find by MRM,,
489,DGJZT_DG_101_3,,,397.2,,,,,100,,,,13.956,,,17946,0.389,149461,,,,,Acq,,,,,,,,,,,,,,,30,,0225-DGJZT-DG-DMRM-NEG.d,,Find by MRM,,
490,DGJZT_DG_103_2,,,795.4,,,,,100,,,,13.952,,,905,0.368,5930,,,,,Acq,,,,,,,,,,,,,,,30,,0225-DGJZT-DG-DMRM-NEG.d,,Find by MRM,,
491,DGJZT_DG_102_2,,,497.1,,,,,100,,,,13.945,,,646,0.224,3981,,,,,Acq,,,,,,,,,,,,,,,30,,0225-DGJZT-DG-DMRM-NEG.d,,Find by MRM,,
492,DGJZT_DG_102_1,,,497.1,,,,,100,,,,13.937,,,2868,0.394,21657,,,,,Acq,,,,,,,,,,,,,,,30,,0225-DGJZT-DG-DMRM-NEG.d,,Find by MRM,,
493,DGJZT_DG_101_1,,,397.2,,,,,100,,,,13.955,,,69536,0.483,585273,,,,,Acq,,,,,,,,,,,,,,,30,,0225-DGJZT-DG-DMRM-NEG.d,,Find by MRM,,
494,DGJZT_DG_100_2,,,353.2,,,,,100,,,,13.95,,,1115,0.336,8816,,,,,Acq,,,,,,,,,,,,,,,30,,0225-DGJZT-DG-DMRM-NEG.d,,Find by MRM,,
495,DGJZT_DG_100_1,,,353.2,,,,,100,,,,13.958,,,910,0.477,7738,,,,,Acq,,,,,,,,,,,,,,,30,,0225-DGJZT-DG-DMRM-NEG.d,,Find by MRM,,
496,DGJZT_DG_100_3,,,353.2,,,,,100,,,,13.942,,,218,0.468,1976,,,,,Acq,,,,,,,,,,,,,,,30,,0225-DGJZT-DG-DMRM-NEG.d,,Find by MRM,,
497,DGJZT_CGC_379_2,,,351.1,,,,,100,,,,14.001,,,134,0.291,977,,,,,Acq,,,,,,,,,,,,,,,30,,0225-DGJZT-DG-DMRM-NEG.d,,Find by MRM,,
498,DGJZT_CGC_379_3,,,351.1,,,,,100,,,,13.984,,,71,0.285,397,,,,,Acq,,,,,,,,,,,,,,,30,,0225-DGJZT-DG-DMRM-NEG.d,,Find by MRM,,
499,DGJZT_CGC_379_1,,,351.1,,,,,100,,,,14.001,,,40,0.168,202,,,,,Acq,,,,,,,,,,,,,,,30,,0225-DGJZT-DG-DMRM-NEG.d,,Find by MRM,,
500,DGJZT_DG_105_3,,,411.2,,,,,100,,,,14.089,,,544,0.265,4225,,,,,Acq,,,,,,,,,,,,,,,30,,0225-DGJZT-DG-DMRM-NEG.d,,Find by MRM,,
501,DGJZT_DG_105_1,,,411.2,,,,,100,,,,14.081,,,1321,0.321,9369,,,,,Acq,,,,,,,,,,,,,,,30,,0225-DGJZT-DG-DMRM-NEG.d,,Find by MRM,,
502,DGJZT_DG_105_2,,,411.2,,,,,100,,,,14.081,,,291,0.369,2461,,,,,Acq,,,,,,,,,,,,,,,30,,0225-DGJZT-DG-DMRM-NEG.d,,Find by MRM,,
503,DGJZT_CGC_386_1,,,391.2,,,,,100,,,,14.092,,,25,0.151,107,,,,,Acq,,,,,,,,,,,,,,,30,,0225-DGJZT-DG-DMRM-NEG.d,,Find by MRM,,
504,DGJZT_CGC_386_2,,,391.2,,,,,100,,,,14.059,,,4,0.1,8,,,,,Acq,,,,,,,,,,,,,,,30,,0225-DGJZT-DG-DMRM-NEG.d,,Find by MRM,,
505,DGJZT_DG_107_3,,,649.3,,,,,100,,,,14.172,,,339,0.167,1836,,,,,Acq,,,,,,,,,,,,,,,30,,0225-DGJZT-DG-DMRM-NEG.d,,Find by MRM,,
506,DGJZT_DG_106_3,,,721.3,,,,,100,,,,14.27,,,756,0.193,4952,,,,,Acq,,,,,,,,,,,,,,,30,,0225-DGJZT-DG-DMRM-NEG.d,,Find by MRM,,
507,DGJZT_DG_107_2,,,649.3,,,,,100,,,,14.155,,,1414,0.383,10923,,,,,Acq,,,,,,,,,,,,,,,30,,0225-DGJZT-DG-DMRM-NEG.d,,Find by MRM,,
508,DGJZT_DG_108_1,,,399.2,,,,,100,,,,14.207,,,648,0.387,4381,,,,,Acq,,,,,,,,,,,,,,,30,,0225-DGJZT-DG-DMRM-NEG.d,,Find by MRM,,
509,DGJZT_DG_107_1,,,649.3,,,,,100,,,,14.28,,,4047,0.301,30916,,,,,Acq,,,,,,,,,,,,,,,30,,0225-DGJZT-DG-DMRM-NEG.d,,Find by MRM,,
510,DGJZT_DZ_53_1,,,485.3,,,,,100,,,,14.416,,,2,0.14,15,,,,,Acq,,,,,,,,,,,,,,,30,,0225-DGJZT-DG-DMRM-NEG.d,,Find by MRM,,
511,DGJZT_DZ_53_3,,,485.3,,,,,100,,,,14.08,,,15,0.134,50,,,,,Acq,,,,,,,,,,,,,,,30,,0225-DGJZT-DG-DMRM-NEG.d,,Find by MRM,,
512,DGJZT_DG_106_1,,,721.3,,,,,100,,,,14.279,,,773,0.316,5471,,,,,Acq,,,,,,,,,,,,,,,30,,0225-DGJZT-DG-DMRM-NEG.d,,Find by MRM,,
513,DGJZT_CGC_391_1,,,367.2,,,,,100,,,,14.361,,,11,0.494,125,,,,,Acq,,,,,,,,,,,,,,,30,,0225-DGJZT-DG-DMRM-NEG.d,,Find by MRM,,
514,DGJZT_CGC_391_2,,,367.2,,,,,100,,,,14.345,,,5,0.196,24,,,,,Acq,,,,,,,,,,,,,,,30,,0225-DGJZT-DG-DMRM-NEG.d,,Find by MRM,,
515,DGJZT_CGC_393_2,,,423.2,,,,,100,,,,14.223,,,26,0.186,194,,,,,Acq,,,,,,,,,,,,,,,30,,0225-DGJZT-DG-DMRM-NEG.d,,Find by MRM,,
516,DGJZT_CGC_393_1,,,423.2,,,,,100,,,,14.24,,,46,0.135,166,,,,,Acq,,,,,,,,,,,,,,,30,,0225-DGJZT-DG-DMRM-NEG.d,,Find by MRM,,
517,DGJZT_CGC_393_3,,,423.2,,,,,100,,,,14.232,,,15,0.151,67,,,,,Acq,,,,,,,,,,,,,,,30,,0225-DGJZT-DG-DMRM-NEG.d,,Find by MRM,,
518,DGJZT_DG_111_2,,,625.3,,,,,100,,,,14.53,,,560,0.253,3972,,,,,Acq,,,,,,,,,,,,,,,30,,0225-DGJZT-DG-DMRM-NEG.d,,Find by MRM,,
519,DGJZT_DG_111_1,,,625.3,,,,,100,,,,14.673,,,1301,0.326,8950,,,,,Acq,,,,,,,,,,,,,,,30,,0225-DGJZT-DG-DMRM-NEG.d,,Find by MRM,,
520,DGJZT_CGC_395_2,,,421.2,,,,,100,,,,14.751,,,7,0.264,31,,,,,Acq,,,,,,,,,,,,,,,30,,0225-DGJZT-DG-DMRM-NEG.d,,Find by MRM,,
521,DGJZT_CGC_395_1,,,421.2,,,,,100,,,,14.736,,,42,0.302,296,,,,,Acq,,,,,,,,,,,,,,,30,,0225-DGJZT-DG-DMRM-NEG.d,,Find by MRM,,
522,DGJZT_CGC_395_3,,,421.2,,,,,100,,,,14.737,,,7,0.278,44,,,,,Acq,,,,,,,,,,,,,,,30,,0225-DGJZT-DG-DMRM-NEG.d,,Find by MRM,,
523,DGJZT_CGC_398_1,,,421.2,,,,,100,,,,14.75,,,59,0.346,382,,,,,Acq,,,,,,,,,,,,,,,30,,0225-DGJZT-DG-DMRM-NEG.d,,Find by MRM,,
524,DGJZT_DG_113_2,,,216.9,,,,,100,,,,15.234,,,30,0.433,373,,,,,Acq,,,,,,,,,,,,,,,30,,0225-DGJZT-DG-DMRM-NEG.d,,Find by MRM,,
525,DGJZT_DG_113_1,,,216.9,,,,,100,,,,15.211,,,23,0.364,265,,,,,Acq,,,,,,,,,,,,,,,30,,0225-DGJZT-DG-DMRM-NEG.d,,Find by MRM,,
526,DGJZT_DG_113_3,,,216.9,,,,,100,,,,15.248,,,26,0.466,421,,,,,Acq,,,,,,,,,,,,,,,30,,0225-DGJZT-DG-DMRM-NEG.d,,Find by MRM,,

