﻿#化合物列表: 239 found
#
Cpd,Name,Formula,Purity Result,Precursor,Mass,Diff (ppm),Score (Tgt),Flags (Tgt),Score,Std Dev,Relative Mass Difference (MFG),Base Peak,RT,RT Diff,Target Retention Time Difference,Height,Width,Area,Volume,Vol %,Ions,Saturated,ID Source,Score (MFG),Score (DB),Hit Count,Tgt MFG Hit,FV,Purity Value,Purity Comments,ADC% Area,EIC/TIC% Area,TIC% Area,UVA% Area,Score (Lib),CAS ID,Relative Reference Mass difference,CE,MS/MS Count,File,Notes,Algorithm,Lib/DB
1,DGJZT_CGC_3_1,,,427.2,,,,,100,,,,0.855,,,792,0.21,4243,,,,,Acq,,,,,,,,,,,,,,,30,,0225-DGJZT-GZ-YIN-DMRM-POS.d,,Find by MRM,,
2,DGJZT_CGC_2_2,,,265.2,,,,,100,,,,0.856,,,57,0.169,278,,,,,Acq,,,,,,,,,,,,,,,30,,0225-DGJZT-GZ-YIN-DMRM-POS.d,,Find by MRM,,
3,DGJZT_CGC_2_1,,,265.2,,,,,100,,,,0.84,,,343,0.277,1711,,,,,Acq,,,,,,,,,,,,,,,30,,0225-DGJZT-GZ-YIN-DMRM-POS.d,,Find by MRM,,
4,DGJZT_DZ_4_3,,,437.2,,,,,100,,,,0.876,,,1535,0.226,9458,,,,,Acq,,,,,,,,,,,,,,,30,,0225-DGJZT-GZ-YIN-DMRM-POS.d,,Find by MRM,,
5,DGJZT_DZ_4_1,,,437.2,,,,,100,,,,0.877,,,382,0.18,2200,,,,,Acq,,,,,,,,,,,,,,,30,,0225-DGJZT-GZ-YIN-DMRM-POS.d,,Find by MRM,,
6,DGJZT_DZ_4_2,,,437.2,,,,,100,,,,0.886,,,589,0.163,3476,,,,,Acq,,,,,,,,,,,,,,,30,,0225-DGJZT-GZ-YIN-DMRM-POS.d,,Find by MRM,,
7,DGJZT_CGC_3_2,,,427.2,,,,,100,,,,0.853,,,14115,0.213,76343,,,,,Acq,,,,,,,,,,,,,,,30,,0225-DGJZT-GZ-YIN-DMRM-POS.d,,Find by MRM,,
8,DGJZT_CGC_3_3,,,427.2,,,,,100,,,,0.854,,,1377,0.213,7277,,,,,Acq,,,,,,,,,,,,,,,30,,0225-DGJZT-GZ-YIN-DMRM-POS.d,,Find by MRM,,
9,DGJZT_CGC_6_2,,,138.1,,,,,100,,,,1.051,,,56,0.284,553,,,,,Acq,,,,,,,,,,,,,,,30,,0225-DGJZT-GZ-YIN-DMRM-POS.d,,Find by MRM,,
10,DGJZT_CGC_6_1,,,138.1,,,,,100,,,,1.118,,,47,0.254,416,,,,,Acq,,,,,,,,,,,,,,,30,,0225-DGJZT-GZ-YIN-DMRM-POS.d,,Find by MRM,,
11,DGJZT_CGC_6_3,,,138.1,,,,,100,,,,1.052,,,59,0.334,763,,,,,Acq,,,,,,,,,,,,,,,30,,0225-DGJZT-GZ-YIN-DMRM-POS.d,,Find by MRM,,
12,DGJZT_DZ_17_2,,,360.2,,,,,100,,,,1.08,,,1701,0.327,18300,,,,,Acq,,,,,,,,,,,,,,,30,,0225-DGJZT-GZ-YIN-DMRM-POS.d,,Find by MRM,,
13,DGJZT_DZ_17_1,,,360.2,,,,,100,,,,1.081,,,742,0.282,5611,,,,,Acq,,,,,,,,,,,,,,,30,,0225-DGJZT-GZ-YIN-DMRM-POS.d,,Find by MRM,,
14,DGJZT_DZ_17_3,,,360.2,,,,,100,,,,1.081,,,511,0.403,6121,,,,,Acq,,,,,,,,,,,,,,,30,,0225-DGJZT-GZ-YIN-DMRM-POS.d,,Find by MRM,,
15,DGJZT_DZ_14_3,,,232.1,,,,,100,,,,1.139,,,177,0.42,2490,,,,,Acq,,,,,,,,,,,,,,,30,,0225-DGJZT-GZ-YIN-DMRM-POS.d,,Find by MRM,,
16,DGJZT_DZ_14_1,,,232.1,,,,,100,,,,1.173,,,514,0.395,7292,,,,,Acq,,,,,,,,,,,,,,,30,,0225-DGJZT-GZ-YIN-DMRM-POS.d,,Find by MRM,,
17,DGJZT_DZ_14_2,,,232.1,,,,,100,,,,1.117,,,375,0.383,4960,,,,,Acq,,,,,,,,,,,,,,,30,,0225-DGJZT-GZ-YIN-DMRM-POS.d,,Find by MRM,,
18,DGJZT_BS_5_2,,,331.1,,,,,100,,,,1.604,,,718,0.339,4984,,,,,Acq,,,,,,,,,,,,,,,30,,0225-DGJZT-GZ-YIN-DMRM-POS.d,,Find by MRM,,
19,DGJZT_BS_5_3,,,331.1,,,,,100,,,,1.605,,,584,0.318,3965,,,,,Acq,,,,,,,,,,,,,,,30,,0225-DGJZT-GZ-YIN-DMRM-POS.d,,Find by MRM,,
20,DGJZT_BS_5_1,,,331.1,,,,,100,,,,1.597,,,987,0.374,7391,,,,,Acq,,,,,,,,,,,,,,,30,,0225-DGJZT-GZ-YIN-DMRM-POS.d,,Find by MRM,,
21,DGJZT_CGC_10_1,,,163.1,,,,,100,,,,1.585,,,200,0.352,1501,,,,,Acq,,,,,,,,,,,,,,,30,,0225-DGJZT-GZ-YIN-DMRM-POS.d,,Find by MRM,,
22,DGJZT_CGC_10_2,,,163.1,,,,,100,,,,1.611,,,148,0.32,1088,,,,,Acq,,,,,,,,,,,,,,,30,,0225-DGJZT-GZ-YIN-DMRM-POS.d,,Find by MRM,,
23,DGJZT_DZ_25_1,,,330.2,,,,,100,,,,1.615,,,3084,0.331,20996,,,,,Acq,,,,,,,,,,,,,,,30,,0225-DGJZT-GZ-YIN-DMRM-POS.d,,Find by MRM,,
24,DGJZT_DZ_25_2,,,330.2,,,,,100,,,,1.616,,,1881,0.434,13309,,,,,Acq,,,,,,,,,,,,,,,30,,0225-DGJZT-GZ-YIN-DMRM-POS.d,,Find by MRM,,
25,DGJZT_DZ_25_3,,,330.2,,,,,100,,,,1.625,,,387,0.388,2969,,,,,Acq,,,,,,,,,,,,,,,30,,0225-DGJZT-GZ-YIN-DMRM-POS.d,,Find by MRM,,
26,DGJZT_DZ_27_3,,,180.1,,,,,100,,,,2.255,,,11246,0.716,118068,,,,,Acq,,,,,,,,,,,,,,,30,,0225-DGJZT-GZ-YIN-DMRM-POS.d,,Find by MRM,,
27,DGJZT_DZ_27_1,,,180.1,,,,,100,,,,2.249,,,8132,0.487,81734,,,,,Acq,,,,,,,,,,,,,,,30,,0225-DGJZT-GZ-YIN-DMRM-POS.d,,Find by MRM,,
28,DGJZT_DZ_27_2,,,180.1,,,,,100,,,,2.243,,,738,0.493,8098,,,,,Acq,,,,,,,,,,,,,,,30,,0225-DGJZT-GZ-YIN-DMRM-POS.d,,Find by MRM,,
29,DGJZT_BS_6_2,,,482.2,,,,,100,,,,2.638,,,812,0.308,6025,,,,,Acq,,,,,,,,,,,,,,,30,,0225-DGJZT-GZ-YIN-DMRM-POS.d,,Find by MRM,,
30,DGJZT_BS_6_1,,,482.2,,,,,100,,,,2.641,,,7503,0.426,61874,,,,,Acq,,,,,,,,,,,,,,,30,,0225-DGJZT-GZ-YIN-DMRM-POS.d,,Find by MRM,,
31,DGJZT_BS_6_3,,,482.2,,,,,100,,,,2.643,,,264,0.413,2103,,,,,Acq,,,,,,,,,,,,,,,30,,0225-DGJZT-GZ-YIN-DMRM-POS.d,,Find by MRM,,
32,DGJZT_DG_19_2,,,367.1,,,,,100,,,,3.273,,,35619,0.442,438625,,,,,Acq,,,,,,,,,,,,,,,30,,0225-DGJZT-GZ-YIN-DMRM-POS.d,,Find by MRM,,
33,DGJZT_DG_19_3,,,367.1,,,,,100,,,,3.282,,,19544,0.634,291396,,,,,Acq,,,,,,,,,,,,,,,30,,0225-DGJZT-GZ-YIN-DMRM-POS.d,,Find by MRM,,
34,DGJZT_DG_19_1,,,367.1,,,,,100,,,,3.283,,,1231,0.544,15313,,,,,Acq,,,,,,,,,,,,,,,30,,0225-DGJZT-GZ-YIN-DMRM-POS.d,,Find by MRM,,
35,DGJZT_CGC_15_3,,,262.2,,,,,100,,,,3.486,,,2626,0.49,25724,,,,,Acq,,,,,,,,,,,,,,,30,,0225-DGJZT-GZ-YIN-DMRM-POS.d,,Find by MRM,,
36,DGJZT_CGC_15_1,,,262.2,,,,,100,,,,3.486,,,7886,0.51,77472,,,,,Acq,,,,,,,,,,,,,,,30,,0225-DGJZT-GZ-YIN-DMRM-POS.d,,Find by MRM,,
37,DGJZT_CGC_15_2,,,262.2,,,,,100,,,,3.495,,,10172,0.446,97013,,,,,Acq,,,,,,,,,,,,,,,30,,0225-DGJZT-GZ-YIN-DMRM-POS.d,,Find by MRM,,
38,DGJZT_DZ_33_1,,,239.1,,,,,100,,,,3.522,,,59411,0.445,489704,,,,,Acq,,,,,,,,,,,,,,,30,,0225-DGJZT-GZ-YIN-DMRM-POS.d,,Find by MRM,,
39,DGJZT_DZ_33_2,,,239.1,,,,,100,,,,3.522,,,428,0.365,3387,,,,,Acq,,,,,,,,,,,,,,,30,,0225-DGJZT-GZ-YIN-DMRM-POS.d,,Find by MRM,,
40,DGJZT_BS_8_2,,,637.3,,,,,100,,,,3.749,,,281,0.37,2360,,,,,Acq,,,,,,,,,,,,,,,30,,0225-DGJZT-GZ-YIN-DMRM-POS.d,,Find by MRM,,
41,DGJZT_BS_8_3,,,637.3,,,,,100,,,,3.75,,,301,0.352,2392,,,,,Acq,,,,,,,,,,,,,,,30,,0225-DGJZT-GZ-YIN-DMRM-POS.d,,Find by MRM,,
42,DGJZT_BS_8_1,,,637.3,,,,,100,,,,3.751,,,503,0.394,3898,,,,,Acq,,,,,,,,,,,,,,,30,,0225-DGJZT-GZ-YIN-DMRM-POS.d,,Find by MRM,,
43,DGJZT_CGC_16_1,,,250.1,,,,,100,,,,3.705,,,726,0.404,6672,,,,,Acq,,,,,,,,,,,,,,,30,,0225-DGJZT-GZ-YIN-DMRM-POS.d,,Find by MRM,,
44,DGJZT_CGC_17_1,,,433.1,,,,,100,,,,4.1,,,29921,0.403,230337,,,,,Acq,,,,,,,,,,,,,,,30,,0225-DGJZT-GZ-YIN-DMRM-POS.d,,Find by MRM,,
45,DGJZT_CGC_17_2,,,433.1,,,,,100,,,,4.092,,,1599,0.346,12513,,,,,Acq,,,,,,,,,,,,,,,30,,0225-DGJZT-GZ-YIN-DMRM-POS.d,,Find by MRM,,
46,DGJZT_CGC_18_3,,,257.1,,,,,100,,,,4.148,,,2696,0.45,25675,,,,,Acq,,,,,,,,,,,,,,,30,,0225-DGJZT-GZ-YIN-DMRM-POS.d,,Find by MRM,,
47,DGJZT_CGC_18_1,,,257.1,,,,,100,,,,4.148,,,14973,0.459,145982,,,,,Acq,,,,,,,,,,,,,,,30,,0225-DGJZT-GZ-YIN-DMRM-POS.d,,Find by MRM,,
48,DGJZT_CGC_18_2,,,257.1,,,,,100,,,,4.149,,,3114,0.408,29141,,,,,Acq,,,,,,,,,,,,,,,30,,0225-DGJZT-GZ-YIN-DMRM-POS.d,,Find by MRM,,
49,DGJZT_DZ_36_2,,,314.2,,,,,100,,,,4.219,,,1460,0.428,13983,,,,,Acq,,,,,,,,,,,,,,,30,,0225-DGJZT-GZ-YIN-DMRM-POS.d,,Find by MRM,,
50,DGJZT_DZ_36_1,,,314.2,,,,,100,,,,4.219,,,9640,0.479,98047,,,,,Acq,,,,,,,,,,,,,,,30,,0225-DGJZT-GZ-YIN-DMRM-POS.d,,Find by MRM,,
51,DGJZT_DG_23_2,,,305.1,,,,,100,,,,4.246,,,696,0.372,6199,,,,,Acq,,,,,,,,,,,,,,,30,,0225-DGJZT-GZ-YIN-DMRM-POS.d,,Find by MRM,,
52,DGJZT_DZ_36_3,,,314.2,,,,,100,,,,4.21,,,1101,0.471,10936,,,,,Acq,,,,,,,,,,,,,,,30,,0225-DGJZT-GZ-YIN-DMRM-POS.d,,Find by MRM,,
53,DGJZT_DG_23_3,,,305.1,,,,,100,,,,4.245,,,2853,0.436,26812,,,,,Acq,,,,,,,,,,,,,,,30,,0225-DGJZT-GZ-YIN-DMRM-POS.d,,Find by MRM,,
54,DGJZT_DG_23_1,,,305.1,,,,,100,,,,4.245,,,1256,0.418,10968,,,,,Acq,,,,,,,,,,,,,,,30,,0225-DGJZT-GZ-YIN-DMRM-POS.d,,Find by MRM,,
55,DGJZT_DG_25_3,,,144.1,,,,,100,,,,4.44,,,10712,0.398,92925,,,,,Acq,,,,,,,,,,,,,,,30,,0225-DGJZT-GZ-YIN-DMRM-POS.d,,Find by MRM,,
56,DGJZT_DG_25_2,,,144.1,,,,,100,,,,4.441,,,1585,0.545,14101,,,,,Acq,,,,,,,,,,,,,,,30,,0225-DGJZT-GZ-YIN-DMRM-POS.d,,Find by MRM,,
57,DGJZT_DG_25_1,,,144.1,,,,,100,,,,4.433,,,14798,0.414,127114,,,,,Acq,,,,,,,,,,,,,,,30,,0225-DGJZT-GZ-YIN-DMRM-POS.d,,Find by MRM,,
58,DGJZT_GZ_5_3,,,328.2,,,,,100,,,,5.013,,,8,0.117,26,,,,,Acq,,,,,,,,,,,,,,,30,,0225-DGJZT-GZ-YIN-DMRM-POS.d,,Find by MRM,,
59,DGJZT_GZ_5_1,,,328.2,,,,,100,,,,4.871,,,20,0.193,97,,,,,Acq,,,,,,,,,,,,,,,30,,0225-DGJZT-GZ-YIN-DMRM-POS.d,,Find by MRM,,
60,DGJZT_GZ_5_2,,,328.2,,,,,100,,,,4.621,,,2,0.044,3,,,,,Acq,,,,,,,,,,,,,,,30,,0225-DGJZT-GZ-YIN-DMRM-POS.d,,Find by MRM,,
61,DGJZT_BS_12_3,,,481.2,,,,,100,,,,5.104,,,27699,0.398,285764,,,,,Acq,,,,,,,,,,,,,,,30,,0225-DGJZT-GZ-YIN-DMRM-POS.d,,Find by MRM,,
62,DGJZT_BS_12_1,,,481.2,,,,,100,,,,5.105,,,457417,0.435,4773554,,,,,Acq,,,,,,,,,,,,,,,30,,0225-DGJZT-GZ-YIN-DMRM-POS.d,,Find by MRM,,
63,DGJZT_BS_10_3,,,319.1,,,,,100,,,,5.098,,,4186,0.433,44580,,,,,Acq,,,,,,,,,,,,,,,30,,0225-DGJZT-GZ-YIN-DMRM-POS.d,,Find by MRM,,
64,DGJZT_BS_10_2,,,319.1,,,,,100,,,,5.099,,,70720,0.437,736710,,,,,Acq,,,,,,,,,,,,,,,30,,0225-DGJZT-GZ-YIN-DMRM-POS.d,,Find by MRM,,
65,DGJZT_BS_10_1,,,319.1,,,,,100,,,,5.1,,,62908,0.44,654441,,,,,Acq,,,,,,,,,,,,,,,30,,0225-DGJZT-GZ-YIN-DMRM-POS.d,,Find by MRM,,
66,DGJZT_BS_12_2,,,481.2,,,,,100,,,,5.104,,,154187,0.668,1661971,,,,,Acq,,,,,,,,,,,,,,,30,,0225-DGJZT-GZ-YIN-DMRM-POS.d,,Find by MRM,,
67,DGJZT_BS_11_2,,,197.1,,,,,100,,,,5.101,,,10065,0.439,100751,,,,,Acq,,,,,,,,,,,,,,,30,,0225-DGJZT-GZ-YIN-DMRM-POS.d,,Find by MRM,,
68,DGJZT_BS_11_1,,,197.1,,,,,100,,,,5.101,,,8950,0.425,89309,,,,,Acq,,,,,,,,,,,,,,,30,,0225-DGJZT-GZ-YIN-DMRM-POS.d,,Find by MRM,,
69,DGJZT_BS_21_1,,,503.2,,,,,100,,,,5.603,,,123,0.317,2828,,,,,Acq,,,,,,,,,,,,,,,30,,0225-DGJZT-GZ-YIN-DMRM-POS.d,,Find by MRM,,
70,DGJZT_BS_21_2,,,503.2,,,,,100,,,,5.523,,,43,0.134,210,,,,,Acq,,,,,,,,,,,,,,,30,,0225-DGJZT-GZ-YIN-DMRM-POS.d,,Find by MRM,,
71,DGJZT_DZ_38_2,,,314.2,,,,,100,,,,5.837,,,4418,0.397,39817,,,,,Acq,,,,,,,,,,,,,,,30,,0225-DGJZT-GZ-YIN-DMRM-POS.d,,Find by MRM,,
72,DGJZT_DZ_38_3,,,314.2,,,,,100,,,,5.838,,,2103,0.421,18946,,,,,Acq,,,,,,,,,,,,,,,30,,0225-DGJZT-GZ-YIN-DMRM-POS.d,,Find by MRM,,
73,DGJZT_DZ_38_1,,,314.2,,,,,100,,,,5.84,,,21462,0.423,195074,,,,,Acq,,,,,,,,,,,,,,,30,,0225-DGJZT-GZ-YIN-DMRM-POS.d,,Find by MRM,,
74,DGJZT_DZ_40_1,,,162.1,,,,,100,,,,6.1,,,1029,0.409,10805,,,,,Acq,,,,,,,,,,,,,,,30,,0225-DGJZT-GZ-YIN-DMRM-POS.d,,Find by MRM,,
75,DGJZT_DZ_40_3,,,162.1,,,,,100,,,,6.101,,,1600,0.726,18769,,,,,Acq,,,,,,,,,,,,,,,30,,0225-DGJZT-GZ-YIN-DMRM-POS.d,,Find by MRM,,
76,DGJZT_DZ_40_2,,,162.1,,,,,100,,,,6.103,,,6740,0.766,77186,,,,,Acq,,,,,,,,,,,,,,,30,,0225-DGJZT-GZ-YIN-DMRM-POS.d,,Find by MRM,,
77,DGJZT_GZ_7_2,,,249.1,,,,,100,,,,6.379,,,50,0.432,779,,,,,Acq,,,,,,,,,,,,,,,30,,0225-DGJZT-GZ-YIN-DMRM-POS.d,,Find by MRM,,
78,DGJZT_GZ_7_1,,,249.1,,,,,100,,,,6.523,,,33,0.217,229,,,,,Acq,,,,,,,,,,,,,,,30,,0225-DGJZT-GZ-YIN-DMRM-POS.d,,Find by MRM,,
79,DGJZT_GZ_7_3,,,249.1,,,,,100,,,,6.55,,,18,0.262,218,,,,,Acq,,,,,,,,,,,,,,,30,,0225-DGJZT-GZ-YIN-DMRM-POS.d,,Find by MRM,,
80,DGJZT_BS_24_1,,,771.1,,,,,100,,,,6.957,,,122681,0.415,1309319,,,,,Acq,,,,,,,,,,,,,,,30,,0225-DGJZT-GZ-YIN-DMRM-POS.d,,Find by MRM,,
81,DGJZT_BS_24_2,,,771.1,,,,,100,,,,6.959,,,1248,0.371,12597,,,,,Acq,,,,,,,,,,,,,,,30,,0225-DGJZT-GZ-YIN-DMRM-POS.d,,Find by MRM,,
82,DGJZT_BS_24_3,,,771.1,,,,,100,,,,6.972,,,99,0.353,943,,,,,Acq,,,,,,,,,,,,,,,30,,0225-DGJZT-GZ-YIN-DMRM-POS.d,,Find by MRM,,
83,DGJZT_DZ_42_2,,,639.3,,,,,100,,,,7.211,,,102,0.39,1010,,,,,Acq,,,,,,,,,,,,,,,30,,0225-DGJZT-GZ-YIN-DMRM-POS.d,,Find by MRM,,
84,DGJZT_DZ_42_1,,,639.3,,,,,100,,,,7.179,,,74,0.367,666,,,,,Acq,,,,,,,,,,,,,,,30,,0225-DGJZT-GZ-YIN-DMRM-POS.d,,Find by MRM,,
85,DGJZT_DZ_42_3,,,639.3,,,,,100,,,,7.185,,,194,0.324,1854,,,,,Acq,,,,,,,,,,,,,,,30,,0225-DGJZT-GZ-YIN-DMRM-POS.d,,Find by MRM,,
86,DGJZT_BS_25_2,,,633.2,,,,,100,,,,7.573,,,23067,0.386,201678,,,,,Acq,,,,,,,,,,,,,,,30,,0225-DGJZT-GZ-YIN-DMRM-POS.d,,Find by MRM,,
87,DGJZT_BS_25_3,,,633.2,,,,,100,,,,7.567,,,1672,0.421,14813,,,,,Acq,,,,,,,,,,,,,,,30,,0225-DGJZT-GZ-YIN-DMRM-POS.d,,Find by MRM,,
88,DGJZT_BS_25_1,,,633.2,,,,,100,,,,7.57,,,25971,0.387,227401,,,,,Acq,,,,,,,,,,,,,,,30,,0225-DGJZT-GZ-YIN-DMRM-POS.d,,Find by MRM,,
89,DGJZT_DZ_43_3,,,673.3,,,,,100,,,,7.941,,,84,0.307,775,,,,,Acq,,,,,,,,,,,,,,,30,,0225-DGJZT-GZ-YIN-DMRM-POS.d,,Find by MRM,,
90,DGJZT_DZ_43_1,,,673.3,,,,,100,,,,7.959,,,523,0.387,5372,,,,,Acq,,,,,,,,,,,,,,,30,,0225-DGJZT-GZ-YIN-DMRM-POS.d,,Find by MRM,,
91,DGJZT_DZ_43_2,,,673.3,,,,,100,,,,7.991,,,128,0.264,1144,,,,,Acq,,,,,,,,,,,,,,,30,,0225-DGJZT-GZ-YIN-DMRM-POS.d,,Find by MRM,,
92,DGJZT_CGC_30_2,,,273.1,,,,,100,,,,8.029,,,5018,0.391,43279,,,,,Acq,,,,,,,,,,,,,,,30,,0225-DGJZT-GZ-YIN-DMRM-POS.d,,Find by MRM,,
93,DGJZT_CGC_30_1,,,273.1,,,,,100,,,,8.028,,,16800,0.392,144595,,,,,Acq,,,,,,,,,,,,,,,30,,0225-DGJZT-GZ-YIN-DMRM-POS.d,,Find by MRM,,
94,DGJZT_CGC_30_3,,,273.1,,,,,100,,,,8.021,,,4280,0.424,38209,,,,,Acq,,,,,,,,,,,,,,,30,,0225-DGJZT-GZ-YIN-DMRM-POS.d,,Find by MRM,,
95,DGJZT_CGC_31_3,,,301.1,,,,,100,,,,8.068,,,2974,0.406,27842,,,,,Acq,,,,,,,,,,,,,,,30,,0225-DGJZT-GZ-YIN-DMRM-POS.d,,Find by MRM,,
96,DGJZT_CGC_31_2,,,301.1,,,,,100,,,,8.077,,,2138,0.406,19569,,,,,Acq,,,,,,,,,,,,,,,30,,0225-DGJZT-GZ-YIN-DMRM-POS.d,,Find by MRM,,
97,DGJZT_CGC_31_1,,,301.1,,,,,100,,,,8.069,,,2616,0.399,24055,,,,,Acq,,,,,,,,,,,,,,,30,,0225-DGJZT-GZ-YIN-DMRM-POS.d,,Find by MRM,,
98,DGJZT_DG_30_3,,,207.1,,,,,100,,,,8.097,,,1025,0.47,10889,,,,,Acq,,,,,,,,,,,,,,,30,,0225-DGJZT-GZ-YIN-DMRM-POS.d,,Find by MRM,,
99,DGJZT_DG_30_1,,,207.1,,,,,100,,,,8.115,,,1574,0.472,16909,,,,,Acq,,,,,,,,,,,,,,,30,,0225-DGJZT-GZ-YIN-DMRM-POS.d,,Find by MRM,,
100,DGJZT_DG_30_2,,,207.1,,,,,100,,,,8.115,,,288,0.451,2894,,,,,Acq,,,,,,,,,,,,,,,30,,0225-DGJZT-GZ-YIN-DMRM-POS.d,,Find by MRM,,
101,DGJZT_CGC_35_3,,,257.1,,,,,100,,,,8.656,,,1468,0.309,13158,,,,,Acq,,,,,,,,,,,,,,,30,,0225-DGJZT-GZ-YIN-DMRM-POS.d,,Find by MRM,,
102,DGJZT_CGC_35_2,,,257.1,,,,,100,,,,8.65,,,1736,0.303,14887,,,,,Acq,,,,,,,,,,,,,,,30,,0225-DGJZT-GZ-YIN-DMRM-POS.d,,Find by MRM,,
103,DGJZT_CGC_34_2,,,551.2,,,,,100,,,,8.634,,,56262,0.297,456882,,,,,Acq,,,,,,,,,,,,,,,30,,0225-DGJZT-GZ-YIN-DMRM-POS.d,,Find by MRM,,
104,DGJZT_CGC_34_3,,,551.2,,,,,100,,,,8.626,,,4148,0.315,34021,,,,,Acq,,,,,,,,,,,,,,,30,,0225-DGJZT-GZ-YIN-DMRM-POS.d,,Find by MRM,,
105,DGJZT_CGC_33_3,,,419.1,,,,,100,,,,8.62,,,5712,0.31,44683,,,,,Acq,,,,,,,,,,,,,,,30,,0225-DGJZT-GZ-YIN-DMRM-POS.d,,Find by MRM,,
106,DGJZT_CGC_33_2,,,419.1,,,,,100,,,,8.629,,,2070,0.303,15962,,,,,Acq,,,,,,,,,,,,,,,30,,0225-DGJZT-GZ-YIN-DMRM-POS.d,,Find by MRM,,
107,DGJZT_CGC_33_1,,,419.1,,,,,100,,,,8.622,,,4035,0.324,32857,,,,,Acq,,,,,,,,,,,,,,,30,,0225-DGJZT-GZ-YIN-DMRM-POS.d,,Find by MRM,,
108,DGJZT_CGC_34_1,,,551.2,,,,,100,,,,8.627,,,5796,0.244,43175,,,,,Acq,,,,,,,,,,,,,,,30,,0225-DGJZT-GZ-YIN-DMRM-POS.d,,Find by MRM,,
109,DGJZT_CGC_35_1,,,257.1,,,,,100,,,,8.649,,,7622,0.282,65990,,,,,Acq,,,,,,,,,,,,,,,30,,0225-DGJZT-GZ-YIN-DMRM-POS.d,,Find by MRM,,
110,DGJZT_CGC_36_1,,,431.1,,,,,100,,,,9.01,,,139973,0.408,1362599,,,,,Acq,,,,,,,,,,,,,,,30,,0225-DGJZT-GZ-YIN-DMRM-POS.d,,Find by MRM,,
111,DGJZT_CGC_36_3,,,431.1,,,,,100,,,,9.011,,,262,0.365,2337,,,,,Acq,,,,,,,,,,,,,,,30,,0225-DGJZT-GZ-YIN-DMRM-POS.d,,Find by MRM,,
112,DGJZT_CGC_37_1,,,269.1,,,,,100,,,,9.022,,,772,0.408,7142,,,,,Acq,,,,,,,,,,,,,,,30,,0225-DGJZT-GZ-YIN-DMRM-POS.d,,Find by MRM,,
113,DGJZT_CGC_37_2,,,269.1,,,,,100,,,,9.014,,,1437,0.426,14386,,,,,Acq,,,,,,,,,,,,,,,30,,0225-DGJZT-GZ-YIN-DMRM-POS.d,,Find by MRM,,
114,DGJZT_CGC_36_2,,,431.1,,,,,100,,,,8.994,,,898,0.401,8610,,,,,Acq,,,,,,,,,,,,,,,30,,0225-DGJZT-GZ-YIN-DMRM-POS.d,,Find by MRM,,
115,DGJZT_CGC_37_3,,,269.1,,,,,100,,,,9.015,,,219,0.39,1730,,,,,Acq,,,,,,,,,,,,,,,30,,0225-DGJZT-GZ-YIN-DMRM-POS.d,,Find by MRM,,
116,DGJZT_CGC_38_3,,,257.1,,,,,100,,,,9.09,,,2570,0.441,26845,,,,,Acq,,,,,,,,,,,,,,,30,,0225-DGJZT-GZ-YIN-DMRM-POS.d,,Find by MRM,,
117,DGJZT_CGC_38_2,,,257.1,,,,,100,,,,9.092,,,2822,0.476,32522,,,,,Acq,,,,,,,,,,,,,,,30,,0225-DGJZT-GZ-YIN-DMRM-POS.d,,Find by MRM,,
118,DGJZT_CGC_39_3,,,419.1,,,,,100,,,,9.095,,,69493,0.332,617392,,,,,Acq,,,,,,,,,,,,,,,30,,0225-DGJZT-GZ-YIN-DMRM-POS.d,,Find by MRM,,
119,DGJZT_CGC_39_2,,,419.1,,,,,100,,,,9.088,,,25612,0.342,230062,,,,,Acq,,,,,,,,,,,,,,,30,,0225-DGJZT-GZ-YIN-DMRM-POS.d,,Find by MRM,,
120,DGJZT_CGC_39_1,,,419.1,,,,,100,,,,9.097,,,45230,0.389,406653,,,,,Acq,,,,,,,,,,,,,,,30,,0225-DGJZT-GZ-YIN-DMRM-POS.d,,Find by MRM,,
121,DGJZT_CGC_38_1,,,257.1,,,,,100,,,,9.083,,,13141,0.433,140548,,,,,Acq,,,,,,,,,,,,,,,30,,0225-DGJZT-GZ-YIN-DMRM-POS.d,,Find by MRM,,
122,DGJZT_DG_32_3,,,207.1,,,,,100,,,,9.201,,,2325,0.441,23321,,,,,Acq,,,,,,,,,,,,,,,30,,0225-DGJZT-GZ-YIN-DMRM-POS.d,,Find by MRM,,
123,DGJZT_DG_32_1,,,207.1,,,,,100,,,,9.227,,,1254,0.39,11406,,,,,Acq,,,,,,,,,,,,,,,30,,0225-DGJZT-GZ-YIN-DMRM-POS.d,,Find by MRM,,
124,DGJZT_DG_32_2,,,207.1,,,,,100,,,,9.202,,,3072,0.428,30032,,,,,Acq,,,,,,,,,,,,,,,30,,0225-DGJZT-GZ-YIN-DMRM-POS.d,,Find by MRM,,
125,DGJZT_CGC_40_3,,,419.1,,,,,100,,,,9.362,,,15963,0.514,167603,,,,,Acq,,,,,,,,,,,,,,,30,,0225-DGJZT-GZ-YIN-DMRM-POS.d,,Find by MRM,,
126,DGJZT_CGC_40_2,,,419.1,,,,,100,,,,9.363,,,5204,0.351,52144,,,,,Acq,,,,,,,,,,,,,,,30,,0225-DGJZT-GZ-YIN-DMRM-POS.d,,Find by MRM,,
127,DGJZT_CGC_40_1,,,419.1,,,,,100,,,,9.355,,,10091,0.503,102455,,,,,Acq,,,,,,,,,,,,,,,30,,0225-DGJZT-GZ-YIN-DMRM-POS.d,,Find by MRM,,
128,DGJZT_CGC_42_2,,,287.1,,,,,100,,,,9.782,,,1343,0.384,12134,,,,,Acq,,,,,,,,,,,,,,,30,,0225-DGJZT-GZ-YIN-DMRM-POS.d,,Find by MRM,,
129,DGJZT_CGC_42_1,,,287.1,,,,,100,,,,9.784,,,19577,0.41,183600,,,,,Acq,,,,,,,,,,,,,,,30,,0225-DGJZT-GZ-YIN-DMRM-POS.d,,Find by MRM,,
130,DGJZT_CGC_42_3,,,287.1,,,,,100,,,,9.786,,,2406,0.686,24477,,,,,Acq,,,,,,,,,,,,,,,30,,0225-DGJZT-GZ-YIN-DMRM-POS.d,,Find by MRM,,
131,DGJZT_CGC_43_3,,,257.1,,,,,100,,,,10.082,,,13412,0.388,120766,,,,,Acq,,,,,,,,,,,,,,,30,,0225-DGJZT-GZ-YIN-DMRM-POS.d,,Find by MRM,,
132,DGJZT_CGC_43_1,,,257.1,,,,,100,,,,10.084,,,71111,0.595,706172,,,,,Acq,,,,,,,,,,,,,,,30,,0225-DGJZT-GZ-YIN-DMRM-POS.d,,Find by MRM,,
133,DGJZT_CGC_43_2,,,257.1,,,,,100,,,,10.086,,,16042,0.587,156686,,,,,Acq,,,,,,,,,,,,,,,30,,0225-DGJZT-GZ-YIN-DMRM-POS.d,,Find by MRM,,
134,DGJZT_CGC_77_1,,,437.3,,,,,100,,,,12.484,,,325,0.242,2479,,,,,Acq,,,,,,,,,,,,,,,30,,0225-DGJZT-GZ-YIN-DMRM-POS.d,,Find by MRM,,
135,DGJZT_CGC_77_3,,,437.3,,,,,100,,,,12.467,,,560,0.321,4427,,,,,Acq,,,,,,,,,,,,,,,30,,0225-DGJZT-GZ-YIN-DMRM-POS.d,,Find by MRM,,
136,DGJZT_CGC_77_2,,,437.3,,,,,100,,,,12.468,,,418,0.221,3022,,,,,Acq,,,,,,,,,,,,,,,30,,0225-DGJZT-GZ-YIN-DMRM-POS.d,,Find by MRM,,
137,DGJZT_CGC_79_1,,,823.4,,,,,100,,,,12.599,,,892,0.306,7131,,,,,Acq,,,,,,,,,,,,,,,30,,0225-DGJZT-GZ-YIN-DMRM-POS.d,,Find by MRM,,
138,DGJZT_DG_34_3,,,205.1,,,,,100,,,,12.58,,,756,0.148,3424,,,,,Acq,,,,,,,,,,,,,,,30,,0225-DGJZT-GZ-YIN-DMRM-POS.d,,Find by MRM,,
139,DGJZT_DG_34_1,,,205.1,,,,,100,,,,12.572,,,755,0.176,4037,,,,,Acq,,,,,,,,,,,,,,,30,,0225-DGJZT-GZ-YIN-DMRM-POS.d,,Find by MRM,,
140,DGJZT_DG_34_2,,,205.1,,,,,100,,,,12.882,,,904,0.131,14516,,,,,Acq,,,,,,,,,,,,,,,30,,0225-DGJZT-GZ-YIN-DMRM-POS.d,,Find by MRM,,
141,DGJZT_SJ_11_2,,,457.3,,,,,100,,,,12.692,,,720,0.449,6656,,,,,Acq,,,,,,,,,,,,,,,30,,0225-DGJZT-GZ-YIN-DMRM-POS.d,,Find by MRM,,
142,DGJZT_SJ_10_2,,,277.2,,,,,100,,,,12.654,,,66729,0.398,500639,,,,,Acq,,,,,,,,,,,,,,,30,,0225-DGJZT-GZ-YIN-DMRM-POS.d,,Find by MRM,,
143,DGJZT_SJ_10_1,,,277.2,,,,,100,,,,12.662,,,46670,0.41,358998,,,,,Acq,,,,,,,,,,,,,,,30,,0225-DGJZT-GZ-YIN-DMRM-POS.d,,Find by MRM,,
144,DGJZT_SJ_10_3,,,277.2,,,,,100,,,,12.654,,,10144,0.398,76986,,,,,Acq,,,,,,,,,,,,,,,30,,0225-DGJZT-GZ-YIN-DMRM-POS.d,,Find by MRM,,
145,DGJZT_SJ_9_3,,,177.1,,,,,100,,,,12.656,,,18003,0.376,134332,,,,,Acq,,,,,,,,,,,,,,,30,,0225-DGJZT-GZ-YIN-DMRM-POS.d,,Find by MRM,,
146,DGJZT_SJ_9_2,,,177.1,,,,,100,,,,12.656,,,103414,0.413,789376,,,,,Acq,,,,,,,,,,,,,,,30,,0225-DGJZT-GZ-YIN-DMRM-POS.d,,Find by MRM,,
147,DGJZT_SJ_9_1,,,177.1,,,,,100,,,,12.657,,,130667,0.412,997889,,,,,Acq,,,,,,,,,,,,,,,30,,0225-DGJZT-GZ-YIN-DMRM-POS.d,,Find by MRM,,
148,DGJZT_SJ_8_3,,,145.1,,,,,100,,,,12.657,,,596,0.373,4298,,,,,Acq,,,,,,,,,,,,,,,30,,0225-DGJZT-GZ-YIN-DMRM-POS.d,,Find by MRM,,
149,DGJZT_SJ_8_1,,,145.1,,,,,100,,,,12.658,,,15858,0.376,118317,,,,,Acq,,,,,,,,,,,,,,,30,,0225-DGJZT-GZ-YIN-DMRM-POS.d,,Find by MRM,,
150,DGJZT_SJ_11_3,,,457.3,,,,,100,,,,12.683,,,333,0.422,2825,,,,,Acq,,,,,,,,,,,,,,,30,,0225-DGJZT-GZ-YIN-DMRM-POS.d,,Find by MRM,,
151,DGJZT_SJ_11_1,,,457.3,,,,,100,,,,12.693,,,2764,0.414,23186,,,,,Acq,,,,,,,,,,,,,,,30,,0225-DGJZT-GZ-YIN-DMRM-POS.d,,Find by MRM,,
152,DGJZT_CGC_83_1,,,369.1,,,,,100,,,,12.752,,,2463,0.329,22083,,,,,Acq,,,,,,,,,,,,,,,30,,0225-DGJZT-GZ-YIN-DMRM-POS.d,,Find by MRM,,
153,DGJZT_SJ_8_2,,,145.1,,,,,100,,,,12.657,,,760,0.329,5839,,,,,Acq,,,,,,,,,,,,,,,30,,0225-DGJZT-GZ-YIN-DMRM-POS.d,,Find by MRM,,
154,DGJZT_CGC_83_3,,,369.1,,,,,100,,,,12.744,,,2530,0.387,23507,,,,,Acq,,,,,,,,,,,,,,,30,,0225-DGJZT-GZ-YIN-DMRM-POS.d,,Find by MRM,,
155,DGJZT_CGC_83_2,,,369.1,,,,,100,,,,12.777,,,2254,0.416,20789,,,,,Acq,,,,,,,,,,,,,,,30,,0225-DGJZT-GZ-YIN-DMRM-POS.d,,Find by MRM,,
156,DGJZT_CGC_80_1,,,353.1,,,,,100,,,,12.72,,,7350,0.318,55986,,,,,Acq,,,,,,,,,,,,,,,30,,0225-DGJZT-GZ-YIN-DMRM-POS.d,,Find by MRM,,
157,DGJZT_CGC_87_1,,,299.1,,,,,100,,,,12.983,,,1234,0.319,10152,,,,,Acq,,,,,,,,,,,,,,,30,,0225-DGJZT-GZ-YIN-DMRM-POS.d,,Find by MRM,,
158,DGJZT_CGC_87_2,,,299.1,,,,,100,,,,13.017,,,222,0.301,1589,,,,,Acq,,,,,,,,,,,,,,,30,,0225-DGJZT-GZ-YIN-DMRM-POS.d,,Find by MRM,,
159,DGJZT_CGC_86_3,,,353.1,,,,,100,,,,13.045,,,28182,0.295,195566,,,,,Acq,,,,,,,,,,,,,,,30,,0225-DGJZT-GZ-YIN-DMRM-POS.d,,Find by MRM,,
160,DGJZT_CGC_86_2,,,353.1,,,,,100,,,,13.08,,,77,0.19,526,,,,,Acq,,,,,,,,,,,,,,,30,,0225-DGJZT-GZ-YIN-DMRM-POS.d,,Find by MRM,,
161,DGJZT_CGC_86_1,,,353.1,,,,,100,,,,13.037,,,26780,0.329,190263,,,,,Acq,,,,,,,,,,,,,,,30,,0225-DGJZT-GZ-YIN-DMRM-POS.d,,Find by MRM,,
162,DGJZT_CGC_91_3,,,355.1,,,,,100,,,,13.271,,,64007,0.27,428020,,,,,Acq,,,,,,,,,,,,,,,30,,0225-DGJZT-GZ-YIN-DMRM-POS.d,,Find by MRM,,
163,DGJZT_CGC_87_3,,,299.1,,,,,100,,,,13.275,,,1150,0.293,8172,,,,,Acq,,,,,,,,,,,,,,,30,,0225-DGJZT-GZ-YIN-DMRM-POS.d,,Find by MRM,,
164,DGJZT_CGC_92_3,,,383.2,,,,,100,,,,13.346,,,769,0.329,5490,,,,,Acq,,,,,,,,,,,,,,,30,,0225-DGJZT-GZ-YIN-DMRM-POS.d,,Find by MRM,,
165,DGJZT_DG_37_3,,,193.1,,,,,100,,,,13.284,,,394,0.363,2883,,,,,Acq,,,,,,,,,,,,,,,30,,0225-DGJZT-GZ-YIN-DMRM-POS.d,,Find by MRM,,
166,DGJZT_DG_37_2,,,193.1,,,,,100,,,,13.285,,,2347,0.339,18136,,,,,Acq,,,,,,,,,,,,,,,30,,0225-DGJZT-GZ-YIN-DMRM-POS.d,,Find by MRM,,
167,DGJZT_DG_37_1,,,193.1,,,,,100,,,,13.285,,,3975,0.384,30844,,,,,Acq,,,,,,,,,,,,,,,30,,0225-DGJZT-GZ-YIN-DMRM-POS.d,,Find by MRM,,
168,DGJZT_CGC_91_2,,,355.1,,,,,100,,,,13.33,,,24364,0.392,181859,,,,,Acq,,,,,,,,,,,,,,,30,,0225-DGJZT-GZ-YIN-DMRM-POS.d,,Find by MRM,,
169,DGJZT_CGC_91_1,,,355.1,,,,,100,,,,13.348,,,24781,0.289,168340,,,,,Acq,,,,,,,,,,,,,,,30,,0225-DGJZT-GZ-YIN-DMRM-POS.d,,Find by MRM,,
170,DGJZT_CGC_93_3,,,327.1,,,,,100,,,,13.34,,,252,0.36,1860,,,,,Acq,,,,,,,,,,,,,,,30,,0225-DGJZT-GZ-YIN-DMRM-POS.d,,Find by MRM,,
171,DGJZT_CGC_92_2,,,383.2,,,,,100,,,,13.353,,,860,0.388,6433,,,,,Acq,,,,,,,,,,,,,,,30,,0225-DGJZT-GZ-YIN-DMRM-POS.d,,Find by MRM,,
172,DGJZT_CGC_92_1,,,383.2,,,,,100,,,,13.345,,,797,0.294,5325,,,,,Acq,,,,,,,,,,,,,,,30,,0225-DGJZT-GZ-YIN-DMRM-POS.d,,Find by MRM,,
173,DGJZT_CGC_93_2,,,327.1,,,,,100,,,,13.349,,,103,0.321,737,,,,,Acq,,,,,,,,,,,,,,,30,,0225-DGJZT-GZ-YIN-DMRM-POS.d,,Find by MRM,,
174,DGJZT_CGC_97_2,,,337.1,,,,,100,,,,13.78,,,3610,0.369,24431,,,,,Acq,,,,,,,,,,,,,,,30,,0225-DGJZT-GZ-YIN-DMRM-POS.d,,Find by MRM,,
175,DGJZT_CGC_97_1,,,337.1,,,,,100,,,,13.773,,,2911,0.318,18923,,,,,Acq,,,,,,,,,,,,,,,30,,0225-DGJZT-GZ-YIN-DMRM-POS.d,,Find by MRM,,
176,DGJZT_CGC_98_3,,,317.1,,,,,100,,,,13.781,,,3077,0.341,21100,,,,,Acq,,,,,,,,,,,,,,,30,,0225-DGJZT-GZ-YIN-DMRM-POS.d,,Find by MRM,,
177,DGJZT_CGC_98_1,,,317.1,,,,,100,,,,13.79,,,4307,0.357,29660,,,,,Acq,,,,,,,,,,,,,,,30,,0225-DGJZT-GZ-YIN-DMRM-POS.d,,Find by MRM,,
178,DGJZT_CGC_98_2,,,317.1,,,,,100,,,,13.774,,,696,0.359,4963,,,,,Acq,,,,,,,,,,,,,,,30,,0225-DGJZT-GZ-YIN-DMRM-POS.d,,Find by MRM,,
179,DGJZT_CGC_97_3,,,337.1,,,,,100,,,,13.789,,,168,0.332,1194,,,,,Acq,,,,,,,,,,,,,,,30,,0225-DGJZT-GZ-YIN-DMRM-POS.d,,Find by MRM,,
180,DGJZT_DG_41_1,,,189.1,,,,,100,,,,13.851,,,11569,0.201,67487,,,,,Acq,,,,,,,,,,,,,,,30,,0225-DGJZT-GZ-YIN-DMRM-POS.d,,Find by MRM,,
181,DGJZT_DG_41_2,,,189.1,,,,,100,,,,13.851,,,4033,0.212,23949,,,,,Acq,,,,,,,,,,,,,,,30,,0225-DGJZT-GZ-YIN-DMRM-POS.d,,Find by MRM,,
182,DGJZT_DG_41_3,,,189.1,,,,,100,,,,13.843,,,2886,0.207,17220,,,,,Acq,,,,,,,,,,,,,,,30,,0225-DGJZT-GZ-YIN-DMRM-POS.d,,Find by MRM,,
183,DGJZT_SJ_13_3,,,177.1,,,,,100,,,,13.902,,,1561,0.351,10701,,,,,Acq,,,,,,,,,,,,,,,30,,0225-DGJZT-GZ-YIN-DMRM-POS.d,,Find by MRM,,
184,DGJZT_SJ_13_2,,,177.1,,,,,100,,,,13.903,,,11314,0.391,79312,,,,,Acq,,,,,,,,,,,,,,,30,,0225-DGJZT-GZ-YIN-DMRM-POS.d,,Find by MRM,,
185,DGJZT_SJ_13_1,,,177.1,,,,,100,,,,13.903,,,10476,0.426,81156,,,,,Acq,,,,,,,,,,,,,,,30,,0225-DGJZT-GZ-YIN-DMRM-POS.d,,Find by MRM,,
186,DGJZT_CGC_100_2,,,383.1,,,,,100,,,,13.989,,,6800,0.359,45396,,,,,Acq,,,,,,,,,,,,,,,30,,0225-DGJZT-GZ-YIN-DMRM-POS.d,,Find by MRM,,
187,DGJZT_CGC_100_1,,,383.1,,,,,100,,,,13.98,,,549,0.312,3690,,,,,Acq,,,,,,,,,,,,,,,30,,0225-DGJZT-GZ-YIN-DMRM-POS.d,,Find by MRM,,
188,DGJZT_DG_47_3,,,191.1,,,,,100,,,,13.993,,,55297,0.354,426294,,,,,Acq,,,,,,,,,,,,,,,30,,0225-DGJZT-GZ-YIN-DMRM-POS.d,,Find by MRM,,
189,DGJZT_DG_47_1,,,191.1,,,,,100,,,,13.993,,,105596,0.277,766463,,,,,Acq,,,,,,,,,,,,,,,30,,0225-DGJZT-GZ-YIN-DMRM-POS.d,,Find by MRM,,
190,DGJZT_DG_47_2,,,191.1,,,,,100,,,,13.994,,,94327,0.282,693255,,,,,Acq,,,,,,,,,,,,,,,30,,0225-DGJZT-GZ-YIN-DMRM-POS.d,,Find by MRM,,
191,DGJZT_DG_45_3,,,145.1,,,,,100,,,,13.996,,,1652,0.283,11818,,,,,Acq,,,,,,,,,,,,,,,30,,0225-DGJZT-GZ-YIN-DMRM-POS.d,,Find by MRM,,
192,DGJZT_DG_45_1,,,145.1,,,,,100,,,,13.988,,,6380,0.373,53879,,,,,Acq,,,,,,,,,,,,,,,30,,0225-DGJZT-GZ-YIN-DMRM-POS.d,,Find by MRM,,
193,DGJZT_DG_45_2,,,145.1,,,,,100,,,,13.996,,,3054,0.31,22107,,,,,Acq,,,,,,,,,,,,,,,30,,0225-DGJZT-GZ-YIN-DMRM-POS.d,,Find by MRM,,
194,DGJZT_CGC_100_3,,,383.1,,,,,100,,,,13.981,,,1110,0.384,7650,,,,,Acq,,,,,,,,,,,,,,,30,,0225-DGJZT-GZ-YIN-DMRM-POS.d,,Find by MRM,,
195,DGJZT_CGC_101_2,,,371.2,,,,,100,,,,14.219,,,13585,0.378,90767,,,,,Acq,,,,,,,,,,,,,,,30,,0225-DGJZT-GZ-YIN-DMRM-POS.d,,Find by MRM,,
196,DGJZT_CGC_101_3,,,371.2,,,,,100,,,,14.227,,,407,0.312,2656,,,,,Acq,,,,,,,,,,,,,,,30,,0225-DGJZT-GZ-YIN-DMRM-POS.d,,Find by MRM,,
197,DGJZT_CGC_103_1,,,425.2,,,,,100,,,,14.248,,,4410,0.385,29923,,,,,Acq,,,,,,,,,,,,,,,30,,0225-DGJZT-GZ-YIN-DMRM-POS.d,,Find by MRM,,
198,DGJZT_CGC_103_2,,,425.2,,,,,100,,,,14.249,,,10534,0.387,70757,,,,,Acq,,,,,,,,,,,,,,,30,,0225-DGJZT-GZ-YIN-DMRM-POS.d,,Find by MRM,,
199,DGJZT_CGC_103_3,,,425.2,,,,,100,,,,14.249,,,5945,0.218,36923,,,,,Acq,,,,,,,,,,,,,,,30,,0225-DGJZT-GZ-YIN-DMRM-POS.d,,Find by MRM,,
200,DGJZT_CGC_101_1,,,371.2,,,,,100,,,,14.219,,,11594,0.469,94615,,,,,Acq,,,,,,,,,,,,,,,30,,0225-DGJZT-GZ-YIN-DMRM-POS.d,,Find by MRM,,
201,DGJZT_SJ_14_1,,,404.2,,,,,100,,,,14.277,,,1151,0.245,7490,,,,,Acq,,,,,,,,,,,,,,,30,,0225-DGJZT-GZ-YIN-DMRM-POS.d,,Find by MRM,,
202,DGJZT_SJ_14_3,,,404.2,,,,,100,,,,14.302,,,25,0.199,128,,,,,Acq,,,,,,,,,,,,,,,30,,0225-DGJZT-GZ-YIN-DMRM-POS.d,,Find by MRM,,
203,DGJZT_SJ_14_2,,,404.2,,,,,100,,,,14.278,,,1029,0.286,6787,,,,,Acq,,,,,,,,,,,,,,,30,,0225-DGJZT-GZ-YIN-DMRM-POS.d,,Find by MRM,,
204,DGJZT_CGC_106_2,,,423.2,,,,,100,,,,14.501,,,16526,0.36,124711,,,,,Acq,,,,,,,,,,,,,,,30,,0225-DGJZT-GZ-YIN-DMRM-POS.d,,Find by MRM,,
205,DGJZT_CGC_106_1,,,423.2,,,,,100,,,,14.784,,,97,0.182,647,,,,,Acq,,,,,,,,,,,,,,,30,,0225-DGJZT-GZ-YIN-DMRM-POS.d,,Find by MRM,,
206,DGJZT_DG_49_3,,,191.1,,,,,100,,,,14.646,,,1268,0.263,7950,,,,,Acq,,,,,,,,,,,,,,,30,,0225-DGJZT-GZ-YIN-DMRM-POS.d,,Find by MRM,,
207,DGJZT_DG_49_1,,,191.1,,,,,100,,,,14.647,,,3178,0.186,19163,,,,,Acq,,,,,,,,,,,,,,,30,,0225-DGJZT-GZ-YIN-DMRM-POS.d,,Find by MRM,,
208,DGJZT_DG_49_2,,,191.1,,,,,100,,,,14.647,,,2311,0.291,15559,,,,,Acq,,,,,,,,,,,,,,,30,,0225-DGJZT-GZ-YIN-DMRM-POS.d,,Find by MRM,,
209,DGJZT_GZ_24_1,,,279.1,,,,,100,,,,14.729,,,15,0.109,55,,,,,Acq,,,,,,,,,,,,,,,30,,0225-DGJZT-GZ-YIN-DMRM-POS.d,,Find by MRM,,
210,DGJZT_GZ_24_3,,,279.1,,,,,100,,,,14.722,,,6,0.053,9,,,,,Acq,,,,,,,,,,,,,,,30,,0225-DGJZT-GZ-YIN-DMRM-POS.d,,Find by MRM,,
211,DGJZT_CGC_106_3,,,423.2,,,,,100,,,,14.75,,,1140,0.299,7866,,,,,Acq,,,,,,,,,,,,,,,30,,0225-DGJZT-GZ-YIN-DMRM-POS.d,,Find by MRM,,
212,DGJZT_GZ_24_2,,,279.1,,,,,100,,,,14.771,,,24,0.09,58,,,,,Acq,,,,,,,,,,,,,,,30,,0225-DGJZT-GZ-YIN-DMRM-POS.d,,Find by MRM,,
213,DGJZT_GZ_25_2,,,309.2,,,,,100,,,,14.677,,,1,0.083,1,,,,,Acq,,,,,,,,,,,,,,,30,,0225-DGJZT-GZ-YIN-DMRM-POS.d,,Find by MRM,,
214,DGJZT_GZ_25_3,,,309.2,,,,,100,,,,14.694,,,7,0.101,19,,,,,Acq,,,,,,,,,,,,,,,30,,0225-DGJZT-GZ-YIN-DMRM-POS.d,,Find by MRM,,
215,DGJZT_GZ_25_1,,,309.2,,,,,100,,,,14.854,,,38,0.43,352,,,,,Acq,,,,,,,,,,,,,,,30,,0225-DGJZT-GZ-YIN-DMRM-POS.d,,Find by MRM,,
216,DGJZT_SJ_16_3,,,177.1,,,,,100,,,,14.799,,,510,0.318,3172,,,,,Acq,,,,,,,,,,,,,,,30,,0225-DGJZT-GZ-YIN-DMRM-POS.d,,Find by MRM,,
217,DGJZT_SJ_16_2,,,177.1,,,,,100,,,,14.799,,,3018,0.336,19252,,,,,Acq,,,,,,,,,,,,,,,30,,0225-DGJZT-GZ-YIN-DMRM-POS.d,,Find by MRM,,
218,DGJZT_SJ_16_1,,,177.1,,,,,100,,,,14.8,,,3458,0.284,21249,,,,,Acq,,,,,,,,,,,,,,,30,,0225-DGJZT-GZ-YIN-DMRM-POS.d,,Find by MRM,,
219,DGJZT_DG_50_2,,,412.3,,,,,100,,,,15.029,,,360,0.331,4178,,,,,Acq,,,,,,,,,,,,,,,30,,0225-DGJZT-GZ-YIN-DMRM-POS.d,,Find by MRM,,
220,DGJZT_DG_50_1,,,412.3,,,,,100,,,,15.07,,,23850,0.459,273509,,,,,Acq,,,,,,,,,,,,,,,30,,0225-DGJZT-GZ-YIN-DMRM-POS.d,,Find by MRM,,
221,DGJZT_DG_50_3,,,412.3,,,,,100,,,,15.037,,,1172,0.482,16724,,,,,Acq,,,,,,,,,,,,,,,30,,0225-DGJZT-GZ-YIN-DMRM-POS.d,,Find by MRM,,
222,DGJZT_DG_52_3,,,381.2,,,,,100,,,,15.065,,,23189,0.452,282999,,,,,Acq,,,,,,,,,,,,,,,30,,0225-DGJZT-GZ-YIN-DMRM-POS.d,,Find by MRM,,
223,DGJZT_DG_58_1,,,412.2,,,,,100,,,,15.072,,,23514,0.477,274726,,,,,Acq,,,,,,,,,,,,,,,30,,0225-DGJZT-GZ-YIN-DMRM-POS.d,,Find by MRM,,
224,DGJZT_DG_58_3,,,412.2,,,,,100,,,,15.063,,,1900,0.494,21548,,,,,Acq,,,,,,,,,,,,,,,30,,0225-DGJZT-GZ-YIN-DMRM-POS.d,,Find by MRM,,
225,DGJZT_DG_55_2,,,363.2,,,,,100,,,,14.989,,,112,0.394,927,,,,,Acq,,,,,,,,,,,,,,,30,,0225-DGJZT-GZ-YIN-DMRM-POS.d,,Find by MRM,,
226,DGJZT_DG_59_3,,,191.1,,,,,100,,,,15.058,,,3335,0.503,37581,,,,,Acq,,,,,,,,,,,,,,,30,,0225-DGJZT-GZ-YIN-DMRM-POS.d,,Find by MRM,,
227,DGJZT_DG_59_1,,,191.1,,,,,100,,,,15.067,,,11365,0.526,124756,,,,,Acq,,,,,,,,,,,,,,,30,,0225-DGJZT-GZ-YIN-DMRM-POS.d,,Find by MRM,,
228,DGJZT_DG_59_2,,,191.1,,,,,100,,,,15.067,,,8767,0.518,112584,,,,,Acq,,,,,,,,,,,,,,,30,,0225-DGJZT-GZ-YIN-DMRM-POS.d,,Find by MRM,,
229,DGJZT_DG_58_2,,,412.2,,,,,100,,,,15.038,,,574,0.395,6381,,,,,Acq,,,,,,,,,,,,,,,30,,0225-DGJZT-GZ-YIN-DMRM-POS.d,,Find by MRM,,
230,DGJZT_DG_52_1,,,381.2,,,,,100,,,,15.133,,,194730,0.495,2202411,,,,,Acq,,,,,,,,,,,,,,,30,,0225-DGJZT-GZ-YIN-DMRM-POS.d,,Find by MRM,,
231,DGJZT_DG_52_2,,,381.2,,,,,100,,,,15.125,,,9321,0.468,110217,,,,,Acq,,,,,,,,,,,,,,,30,,0225-DGJZT-GZ-YIN-DMRM-POS.d,,Find by MRM,,
232,DGJZT_GZ_27_1,,,448.3,,,,,100,,,,15.152,,,309,0.304,2210,,,,,Acq,,,,,,,,,,,,,,,30,,0225-DGJZT-GZ-YIN-DMRM-POS.d,,Find by MRM,,
233,DGJZT_GZ_27_2,,,448.3,,,,,100,,,,15.178,,,32,0.167,144,,,,,Acq,,,,,,,,,,,,,,,30,,0225-DGJZT-GZ-YIN-DMRM-POS.d,,Find by MRM,,
234,DGJZT_DG_61_1,,,381.2,,,,,100,,,,15.131,,,179192,0.392,1898271,,,,,Acq,,,,,,,,,,,,,,,30,,0225-DGJZT-GZ-YIN-DMRM-POS.d,,Find by MRM,,
235,DGJZT_DG_61_3,,,381.2,,,,,100,,,,15.14,,,27954,0.218,179893,,,,,Acq,,,,,,,,,,,,,,,30,,0225-DGJZT-GZ-YIN-DMRM-POS.d,,Find by MRM,,
236,DGJZT_DG_61_2,,,381.2,,,,,100,,,,15.141,,,42457,0.396,332354,,,,,Acq,,,,,,,,,,,,,,,30,,0225-DGJZT-GZ-YIN-DMRM-POS.d,,Find by MRM,,
237,DGJZT_SJ_17_1,,,432.3,,,,,100,,,,15.22,,,666,0.35,4769,,,,,Acq,,,,,,,,,,,,,,,30,,0225-DGJZT-GZ-YIN-DMRM-POS.d,,Find by MRM,,
238,DGJZT_SJ_17_3,,,432.3,,,,,100,,,,15.229,,,211,0.359,1809,,,,,Acq,,,,,,,,,,,,,,,30,,0225-DGJZT-GZ-YIN-DMRM-POS.d,,Find by MRM,,
239,DGJZT_SJ_17_2,,,432.3,,,,,100,,,,15.221,,,756,0.386,5706,,,,,Acq,,,,,,,,,,,,,,,30,,0225-DGJZT-GZ-YIN-DMRM-POS.d,,Find by MRM,,

