﻿#化合物列表: 239 found
#
Cpd,Name,Formula,Purity Result,Precursor,Mass,Diff (ppm),Score (Tgt),Flags (Tgt),Score,Std Dev,Relative Mass Difference (MFG),Base Peak,RT,RT Diff,Target Retention Time Difference,Height,Width,Area,Volume,Vol %,Ions,Saturated,ID Source,Score (MFG),Score (DB),Hit Count,Tgt MFG Hit,FV,Purity Value,Purity Comments,ADC% Area,EIC/TIC% Area,TIC% Area,UVA% Area,Score (Lib),CAS ID,Relative Reference Mass difference,CE,MS/MS Count,File,Notes,Algorithm,Lib/DB
1,DGJZT_CGC_3_1,,,427.2,,,,,100,,,,1.105,,,23,0.142,46,,,,,Acq,,,,,,,,,,,,,,,30,,0225-DGJZT-SJ-DMRM-POS.d,,Find by MRM,,
2,DGJZT_CGC_2_2,,,265.2,,,,,100,,,,1.057,,,53,0.042,42,,,,,Acq,,,,,,,,,,,,,,,30,,0225-DGJZT-SJ-DMRM-POS.d,,Find by MRM,,
3,DGJZT_CGC_2_1,,,265.2,,,,,100,,,,0.857,,,174,0.216,878,,,,,Acq,,,,,,,,,,,,,,,30,,0225-DGJZT-SJ-DMRM-POS.d,,Find by MRM,,
4,DGJZT_DZ_4_3,,,437.2,,,,,100,,,,0.86,,,6,0.093,14,,,,,Acq,,,,,,,,,,,,,,,30,,0225-DGJZT-SJ-DMRM-POS.d,,Find by MRM,,
5,DGJZT_DZ_4_1,,,437.2,,,,,100,,,,1.027,,,14,0.092,41,,,,,Acq,,,,,,,,,,,,,,,30,,0225-DGJZT-SJ-DMRM-POS.d,,Find by MRM,,
6,DGJZT_DZ_4_2,,,437.2,,,,,100,,,,1.127,,,4,0.173,24,,,,,Acq,,,,,,,,,,,,,,,30,,0225-DGJZT-SJ-DMRM-POS.d,,Find by MRM,,
7,DGJZT_CGC_3_2,,,427.2,,,,,100,,,,0.837,,,20,0.162,79,,,,,Acq,,,,,,,,,,,,,,,30,,0225-DGJZT-SJ-DMRM-POS.d,,Find by MRM,,
8,DGJZT_CGC_3_3,,,427.2,,,,,100,,,,0.87,,,6,0.142,17,,,,,Acq,,,,,,,,,,,,,,,30,,0225-DGJZT-SJ-DMRM-POS.d,,Find by MRM,,
9,DGJZT_CGC_6_2,,,138.1,,,,,100,,,,1.284,,,31,0.156,118,,,,,Acq,,,,,,,,,,,,,,,30,,0225-DGJZT-SJ-DMRM-POS.d,,Find by MRM,,
10,DGJZT_CGC_6_1,,,138.1,,,,,100,,,,0.833,,,30,0.109,112,,,,,Acq,,,,,,,,,,,,,,,30,,0225-DGJZT-SJ-DMRM-POS.d,,Find by MRM,,
11,DGJZT_CGC_6_3,,,138.1,,,,,100,,,,1.269,,,25,0.269,229,,,,,Acq,,,,,,,,,,,,,,,30,,0225-DGJZT-SJ-DMRM-POS.d,,Find by MRM,,
12,DGJZT_DZ_17_2,,,360.2,,,,,100,,,,0.955,,,14,0.088,29,,,,,Acq,,,,,,,,,,,,,,,30,,0225-DGJZT-SJ-DMRM-POS.d,,Find by MRM,,
13,DGJZT_DZ_17_1,,,360.2,,,,,100,,,,1.014,,,9,0.121,34,,,,,Acq,,,,,,,,,,,,,,,30,,0225-DGJZT-SJ-DMRM-POS.d,,Find by MRM,,
14,DGJZT_DZ_17_3,,,360.2,,,,,100,,,,1.107,,,15,0.257,91,,,,,Acq,,,,,,,,,,,,,,,30,,0225-DGJZT-SJ-DMRM-POS.d,,Find by MRM,,
15,DGJZT_DZ_14_3,,,232.1,,,,,100,,,,1.032,,,60,0.285,531,,,,,Acq,,,,,,,,,,,,,,,30,,0225-DGJZT-SJ-DMRM-POS.d,,Find by MRM,,
16,DGJZT_DZ_14_1,,,232.1,,,,,100,,,,1.033,,,619,0.475,6625,,,,,Acq,,,,,,,,,,,,,,,30,,0225-DGJZT-SJ-DMRM-POS.d,,Find by MRM,,
17,DGJZT_DZ_14_2,,,232.1,,,,,100,,,,1.084,,,54,0.316,517,,,,,Acq,,,,,,,,,,,,,,,30,,0225-DGJZT-SJ-DMRM-POS.d,,Find by MRM,,
18,DGJZT_BS_5_2,,,331.1,,,,,100,,,,1.379,,,6,0.107,16,,,,,Acq,,,,,,,,,,,,,,,30,,0225-DGJZT-SJ-DMRM-POS.d,,Find by MRM,,
19,DGJZT_BS_5_3,,,331.1,,,,,100,,,,1.596,,,5,0.242,19,,,,,Acq,,,,,,,,,,,,,,,30,,0225-DGJZT-SJ-DMRM-POS.d,,Find by MRM,,
20,DGJZT_BS_5_1,,,331.1,,,,,100,,,,1.539,,,9,0.092,34,,,,,Acq,,,,,,,,,,,,,,,30,,0225-DGJZT-SJ-DMRM-POS.d,,Find by MRM,,
21,DGJZT_CGC_10_1,,,163.1,,,,,100,,,,1.793,,,5,0.101,11,,,,,Acq,,,,,,,,,,,,,,,30,,0225-DGJZT-SJ-DMRM-POS.d,,Find by MRM,,
22,DGJZT_CGC_10_2,,,163.1,,,,,100,,,,1.519,,,4,0.15,22,,,,,Acq,,,,,,,,,,,,,,,30,,0225-DGJZT-SJ-DMRM-POS.d,,Find by MRM,,
23,DGJZT_DZ_25_1,,,330.2,,,,,100,,,,1.615,,,8,0.084,24,,,,,Acq,,,,,,,,,,,,,,,30,,0225-DGJZT-SJ-DMRM-POS.d,,Find by MRM,,
24,DGJZT_DZ_25_2,,,330.2,,,,,100,,,,1.658,,,10,0.092,38,,,,,Acq,,,,,,,,,,,,,,,30,,0225-DGJZT-SJ-DMRM-POS.d,,Find by MRM,,
25,DGJZT_DZ_25_3,,,330.2,,,,,100,,,,1.517,,,9,0.217,63,,,,,Acq,,,,,,,,,,,,,,,30,,0225-DGJZT-SJ-DMRM-POS.d,,Find by MRM,,
26,DGJZT_DZ_27_3,,,180.1,,,,,100,,,,2.096,,,8,0.163,39,,,,,Acq,,,,,,,,,,,,,,,30,,0225-DGJZT-SJ-DMRM-POS.d,,Find by MRM,,
27,DGJZT_DZ_27_1,,,180.1,,,,,100,,,,2.224,,,12,0.462,236,,,,,Acq,,,,,,,,,,,,,,,30,,0225-DGJZT-SJ-DMRM-POS.d,,Find by MRM,,
28,DGJZT_DZ_27_2,,,180.1,,,,,100,,,,2.143,,,6,0.174,34,,,,,Acq,,,,,,,,,,,,,,,30,,0225-DGJZT-SJ-DMRM-POS.d,,Find by MRM,,
29,DGJZT_BS_6_2,,,482.2,,,,,100,,,,2.605,,,2,0.188,12,,,,,Acq,,,,,,,,,,,,,,,30,,0225-DGJZT-SJ-DMRM-POS.d,,Find by MRM,,
30,DGJZT_BS_6_1,,,482.2,,,,,100,,,,2.649,,,4,0.092,15,,,,,Acq,,,,,,,,,,,,,,,30,,0225-DGJZT-SJ-DMRM-POS.d,,Find by MRM,,
31,DGJZT_BS_6_3,,,482.2,,,,,100,,,,2.793,,,2,0.078,3,,,,,Acq,,,,,,,,,,,,,,,30,,0225-DGJZT-SJ-DMRM-POS.d,,Find by MRM,,
32,DGJZT_DG_19_2,,,367.1,,,,,100,,,,3.273,,,2296,0.443,28926,,,,,Acq,,,,,,,,,,,,,,,30,,0225-DGJZT-SJ-DMRM-POS.d,,Find by MRM,,
33,DGJZT_DG_19_3,,,367.1,,,,,100,,,,3.307,,,1316,0.576,20469,,,,,Acq,,,,,,,,,,,,,,,30,,0225-DGJZT-SJ-DMRM-POS.d,,Find by MRM,,
34,DGJZT_DG_19_1,,,367.1,,,,,100,,,,3.35,,,82,0.317,555,,,,,Acq,,,,,,,,,,,,,,,30,,0225-DGJZT-SJ-DMRM-POS.d,,Find by MRM,,
35,DGJZT_CGC_15_3,,,262.2,,,,,100,,,,3.443,,,5,0.184,22,,,,,Acq,,,,,,,,,,,,,,,30,,0225-DGJZT-SJ-DMRM-POS.d,,Find by MRM,,
36,DGJZT_CGC_15_1,,,262.2,,,,,100,,,,3.57,,,4,0.124,16,,,,,Acq,,,,,,,,,,,,,,,30,,0225-DGJZT-SJ-DMRM-POS.d,,Find by MRM,,
37,DGJZT_CGC_15_2,,,262.2,,,,,100,,,,3.712,,,20,0.132,68,,,,,Acq,,,,,,,,,,,,,,,30,,0225-DGJZT-SJ-DMRM-POS.d,,Find by MRM,,
38,DGJZT_DZ_33_1,,,239.1,,,,,100,,,,3.513,,,29,0.193,194,,,,,Acq,,,,,,,,,,,,,,,30,,0225-DGJZT-SJ-DMRM-POS.d,,Find by MRM,,
39,DGJZT_DZ_33_2,,,239.1,,,,,100,,,,3.606,,,9,0.113,31,,,,,Acq,,,,,,,,,,,,,,,30,,0225-DGJZT-SJ-DMRM-POS.d,,Find by MRM,,
40,DGJZT_BS_8_2,,,637.3,,,,,100,,,,3.757,,,1,0.136,3,,,,,Acq,,,,,,,,,,,,,,,30,,0225-DGJZT-SJ-DMRM-POS.d,,Find by MRM,,
41,DGJZT_BS_8_3,,,637.3,,,,,100,,,,3.566,,,2,0.091,3,,,,,Acq,,,,,,,,,,,,,,,30,,0225-DGJZT-SJ-DMRM-POS.d,,Find by MRM,,
42,DGJZT_BS_8_1,,,637.3,,,,,100,,,,3.918,,,1,0.091,2,,,,,Acq,,,,,,,,,,,,,,,30,,0225-DGJZT-SJ-DMRM-POS.d,,Find by MRM,,
43,DGJZT_CGC_16_1,,,250.1,,,,,100,,,,3.646,,,5,0.268,38,,,,,Acq,,,,,,,,,,,,,,,30,,0225-DGJZT-SJ-DMRM-POS.d,,Find by MRM,,
44,DGJZT_CGC_17_1,,,433.1,,,,,100,,,,4.133,,,16,0.339,125,,,,,Acq,,,,,,,,,,,,,,,30,,0225-DGJZT-SJ-DMRM-POS.d,,Find by MRM,,
45,DGJZT_CGC_17_2,,,433.1,,,,,100,,,,4.293,,,3,0.042,4,,,,,Acq,,,,,,,,,,,,,,,30,,0225-DGJZT-SJ-DMRM-POS.d,,Find by MRM,,
46,DGJZT_CGC_18_3,,,257.1,,,,,100,,,,4.164,,,7,0.066,14,,,,,Acq,,,,,,,,,,,,,,,30,,0225-DGJZT-SJ-DMRM-POS.d,,Find by MRM,,
47,DGJZT_CGC_18_1,,,257.1,,,,,100,,,,4.115,,,12,0.143,53,,,,,Acq,,,,,,,,,,,,,,,30,,0225-DGJZT-SJ-DMRM-POS.d,,Find by MRM,,
48,DGJZT_CGC_18_2,,,257.1,,,,,100,,,,4.373,,,10,0.149,40,,,,,Acq,,,,,,,,,,,,,,,30,,0225-DGJZT-SJ-DMRM-POS.d,,Find by MRM,,
49,DGJZT_DZ_36_2,,,314.2,,,,,100,,,,4.094,,,7,0.166,38,,,,,Acq,,,,,,,,,,,,,,,30,,0225-DGJZT-SJ-DMRM-POS.d,,Find by MRM,,
50,DGJZT_DZ_36_1,,,314.2,,,,,100,,,,4.227,,,22,0.241,158,,,,,Acq,,,,,,,,,,,,,,,30,,0225-DGJZT-SJ-DMRM-POS.d,,Find by MRM,,
51,DGJZT_DG_23_2,,,305.1,,,,,100,,,,4.164,,,8,0.183,37,,,,,Acq,,,,,,,,,,,,,,,30,,0225-DGJZT-SJ-DMRM-POS.d,,Find by MRM,,
52,DGJZT_DZ_36_3,,,314.2,,,,,100,,,,4.334,,,3,0.124,7,,,,,Acq,,,,,,,,,,,,,,,30,,0225-DGJZT-SJ-DMRM-POS.d,,Find by MRM,,
53,DGJZT_DG_23_3,,,305.1,,,,,100,,,,4.17,,,2,0.15,12,,,,,Acq,,,,,,,,,,,,,,,30,,0225-DGJZT-SJ-DMRM-POS.d,,Find by MRM,,
54,DGJZT_DG_23_1,,,305.1,,,,,100,,,,4.071,,,2,0.123,5,,,,,Acq,,,,,,,,,,,,,,,30,,0225-DGJZT-SJ-DMRM-POS.d,,Find by MRM,,
55,DGJZT_DG_25_3,,,144.1,,,,,100,,,,4.423,,,102,0.298,721,,,,,Acq,,,,,,,,,,,,,,,30,,0225-DGJZT-SJ-DMRM-POS.d,,Find by MRM,,
56,DGJZT_DG_25_2,,,144.1,,,,,100,,,,4.507,,,12,0.255,108,,,,,Acq,,,,,,,,,,,,,,,30,,0225-DGJZT-SJ-DMRM-POS.d,,Find by MRM,,
57,DGJZT_DG_25_1,,,144.1,,,,,100,,,,4.442,,,146,0.341,1232,,,,,Acq,,,,,,,,,,,,,,,30,,0225-DGJZT-SJ-DMRM-POS.d,,Find by MRM,,
58,DGJZT_GZ_5_3,,,328.2,,,,,100,,,,4.643,,,2,0.117,4,,,,,Acq,,,,,,,,,,,,,,,30,,0225-DGJZT-SJ-DMRM-POS.d,,Find by MRM,,
59,DGJZT_GZ_5_1,,,328.2,,,,,100,,,,4.829,,,3,0.068,7,,,,,Acq,,,,,,,,,,,,,,,30,,0225-DGJZT-SJ-DMRM-POS.d,,Find by MRM,,
60,DGJZT_GZ_5_2,,,328.2,,,,,100,,,,4.922,,,3,0.092,6,,,,,Acq,,,,,,,,,,,,,,,30,,0225-DGJZT-SJ-DMRM-POS.d,,Find by MRM,,
61,DGJZT_BS_12_3,,,481.2,,,,,100,,,,5.138,,,16,0.109,68,,,,,Acq,,,,,,,,,,,,,,,30,,0225-DGJZT-SJ-DMRM-POS.d,,Find by MRM,,
62,DGJZT_BS_12_1,,,481.2,,,,,100,,,,5.087,,,285,0.436,3150,,,,,Acq,,,,,,,,,,,,,,,30,,0225-DGJZT-SJ-DMRM-POS.d,,Find by MRM,,
63,DGJZT_BS_10_3,,,319.1,,,,,100,,,,5.107,,,7,0.117,29,,,,,Acq,,,,,,,,,,,,,,,30,,0225-DGJZT-SJ-DMRM-POS.d,,Find by MRM,,
64,DGJZT_BS_10_2,,,319.1,,,,,100,,,,5.141,,,34,0.158,142,,,,,Acq,,,,,,,,,,,,,,,30,,0225-DGJZT-SJ-DMRM-POS.d,,Find by MRM,,
65,DGJZT_BS_10_1,,,319.1,,,,,100,,,,5.1,,,51,0.375,521,,,,,Acq,,,,,,,,,,,,,,,30,,0225-DGJZT-SJ-DMRM-POS.d,,Find by MRM,,
66,DGJZT_BS_12_2,,,481.2,,,,,100,,,,5.104,,,85,0.463,918,,,,,Acq,,,,,,,,,,,,,,,30,,0225-DGJZT-SJ-DMRM-POS.d,,Find by MRM,,
67,DGJZT_BS_11_2,,,197.1,,,,,100,,,,4.934,,,38,0.139,189,,,,,Acq,,,,,,,,,,,,,,,30,,0225-DGJZT-SJ-DMRM-POS.d,,Find by MRM,,
68,DGJZT_BS_11_1,,,197.1,,,,,100,,,,4.934,,,49,0.269,395,,,,,Acq,,,,,,,,,,,,,,,30,,0225-DGJZT-SJ-DMRM-POS.d,,Find by MRM,,
69,DGJZT_BS_21_1,,,503.2,,,,,100,,,,5.503,,,19,0.196,140,,,,,Acq,,,,,,,,,,,,,,,30,,0225-DGJZT-SJ-DMRM-POS.d,,Find by MRM,,
70,DGJZT_BS_21_2,,,503.2,,,,,100,,,,5.489,,,16,0.193,119,,,,,Acq,,,,,,,,,,,,,,,30,,0225-DGJZT-SJ-DMRM-POS.d,,Find by MRM,,
71,DGJZT_DZ_38_2,,,314.2,,,,,100,,,,5.845,,,4,0.125,21,,,,,Acq,,,,,,,,,,,,,,,30,,0225-DGJZT-SJ-DMRM-POS.d,,Find by MRM,,
72,DGJZT_DZ_38_3,,,314.2,,,,,100,,,,5.823,,,2,0.174,10,,,,,Acq,,,,,,,,,,,,,,,30,,0225-DGJZT-SJ-DMRM-POS.d,,Find by MRM,,
73,DGJZT_DZ_38_1,,,314.2,,,,,100,,,,5.848,,,16,0.262,116,,,,,Acq,,,,,,,,,,,,,,,30,,0225-DGJZT-SJ-DMRM-POS.d,,Find by MRM,,
74,DGJZT_DZ_40_1,,,162.1,,,,,100,,,,6.129,,,8,0.146,48,,,,,Acq,,,,,,,,,,,,,,,30,,0225-DGJZT-SJ-DMRM-POS.d,,Find by MRM,,
75,DGJZT_DZ_40_3,,,162.1,,,,,100,,,,6.182,,,9,0.143,45,,,,,Acq,,,,,,,,,,,,,,,30,,0225-DGJZT-SJ-DMRM-POS.d,,Find by MRM,,
76,DGJZT_DZ_40_2,,,162.1,,,,,100,,,,6.094,,,25,0.218,181,,,,,Acq,,,,,,,,,,,,,,,30,,0225-DGJZT-SJ-DMRM-POS.d,,Find by MRM,,
77,DGJZT_GZ_7_2,,,249.1,,,,,100,,,,6.605,,,6,0.145,23,,,,,Acq,,,,,,,,,,,,,,,30,,0225-DGJZT-SJ-DMRM-POS.d,,Find by MRM,,
78,DGJZT_GZ_7_1,,,249.1,,,,,100,,,,6.91,,,9,0.158,27,,,,,Acq,,,,,,,,,,,,,,,30,,0225-DGJZT-SJ-DMRM-POS.d,,Find by MRM,,
79,DGJZT_GZ_7_3,,,249.1,,,,,100,,,,6.82,,,9,0.155,56,,,,,Acq,,,,,,,,,,,,,,,30,,0225-DGJZT-SJ-DMRM-POS.d,,Find by MRM,,
80,DGJZT_BS_24_1,,,771.1,,,,,100,,,,6.957,,,1014,0.408,11613,,,,,Acq,,,,,,,,,,,,,,,30,,0225-DGJZT-SJ-DMRM-POS.d,,Find by MRM,,
81,DGJZT_BS_24_2,,,771.1,,,,,100,,,,6.925,,,21,0.233,165,,,,,Acq,,,,,,,,,,,,,,,30,,0225-DGJZT-SJ-DMRM-POS.d,,Find by MRM,,
82,DGJZT_BS_24_3,,,771.1,,,,,100,,,,7.022,,,2,0.184,12,,,,,Acq,,,,,,,,,,,,,,,30,,0225-DGJZT-SJ-DMRM-POS.d,,Find by MRM,,
83,DGJZT_DZ_42_2,,,639.3,,,,,100,,,,6.96,,,1,0.076,1,,,,,Acq,,,,,,,,,,,,,,,30,,0225-DGJZT-SJ-DMRM-POS.d,,Find by MRM,,
84,DGJZT_DZ_42_1,,,639.3,,,,,100,,,,7.359,,,0,0.058,0,,,,,Acq,,,,,,,,,,,,,,,30,,0225-DGJZT-SJ-DMRM-POS.d,,Find by MRM,,
85,DGJZT_DZ_42_3,,,639.3,,,,,100,,,,7.241,,,1,0.107,4,,,,,Acq,,,,,,,,,,,,,,,30,,0225-DGJZT-SJ-DMRM-POS.d,,Find by MRM,,
86,DGJZT_BS_25_2,,,633.2,,,,,100,,,,7.59,,,8,0.133,56,,,,,Acq,,,,,,,,,,,,,,,30,,0225-DGJZT-SJ-DMRM-POS.d,,Find by MRM,,
87,DGJZT_BS_25_3,,,633.2,,,,,100,,,,7.868,,,5,0.54,27,,,,,Acq,,,,,,,,,,,,,,,30,,0225-DGJZT-SJ-DMRM-POS.d,,Find by MRM,,
88,DGJZT_BS_25_1,,,633.2,,,,,100,,,,7.537,,,6,0.275,53,,,,,Acq,,,,,,,,,,,,,,,30,,0225-DGJZT-SJ-DMRM-POS.d,,Find by MRM,,
89,DGJZT_DZ_43_3,,,673.3,,,,,100,,,,8.25,,,0,0.098,2,,,,,Acq,,,,,,,,,,,,,,,30,,0225-DGJZT-SJ-DMRM-POS.d,,Find by MRM,,
90,DGJZT_DZ_43_1,,,673.3,,,,,100,,,,7.842,,,3,0.093,7,,,,,Acq,,,,,,,,,,,,,,,30,,0225-DGJZT-SJ-DMRM-POS.d,,Find by MRM,,
91,DGJZT_DZ_43_2,,,673.3,,,,,100,,,,7.798,,,0,0.116,0,,,,,Acq,,,,,,,,,,,,,,,30,,0225-DGJZT-SJ-DMRM-POS.d,,Find by MRM,,
92,DGJZT_CGC_30_2,,,273.1,,,,,100,,,,8.079,,,5,0.143,27,,,,,Acq,,,,,,,,,,,,,,,30,,0225-DGJZT-SJ-DMRM-POS.d,,Find by MRM,,
93,DGJZT_CGC_30_1,,,273.1,,,,,100,,,,7.879,,,7,0.091,21,,,,,Acq,,,,,,,,,,,,,,,30,,0225-DGJZT-SJ-DMRM-POS.d,,Find by MRM,,
94,DGJZT_CGC_30_3,,,273.1,,,,,100,,,,8.013,,,4,0.067,11,,,,,Acq,,,,,,,,,,,,,,,30,,0225-DGJZT-SJ-DMRM-POS.d,,Find by MRM,,
95,DGJZT_CGC_31_3,,,301.1,,,,,100,,,,8.001,,,5,0.084,15,,,,,Acq,,,,,,,,,,,,,,,30,,0225-DGJZT-SJ-DMRM-POS.d,,Find by MRM,,
96,DGJZT_CGC_31_2,,,301.1,,,,,100,,,,8.069,,,7,0.1,30,,,,,Acq,,,,,,,,,,,,,,,30,,0225-DGJZT-SJ-DMRM-POS.d,,Find by MRM,,
97,DGJZT_CGC_31_1,,,301.1,,,,,100,,,,8.128,,,5,0.084,14,,,,,Acq,,,,,,,,,,,,,,,30,,0225-DGJZT-SJ-DMRM-POS.d,,Find by MRM,,
98,DGJZT_DG_30_3,,,207.1,,,,,100,,,,8.072,,,12,0.076,29,,,,,Acq,,,,,,,,,,,,,,,30,,0225-DGJZT-SJ-DMRM-POS.d,,Find by MRM,,
99,DGJZT_DG_30_1,,,207.1,,,,,100,,,,8.206,,,41,0.259,493,,,,,Acq,,,,,,,,,,,,,,,30,,0225-DGJZT-SJ-DMRM-POS.d,,Find by MRM,,
100,DGJZT_DG_30_2,,,207.1,,,,,100,,,,8.09,,,10,0.069,17,,,,,Acq,,,,,,,,,,,,,,,30,,0225-DGJZT-SJ-DMRM-POS.d,,Find by MRM,,
101,DGJZT_CGC_35_3,,,257.1,,,,,100,,,,8.498,,,5,0.107,14,,,,,Acq,,,,,,,,,,,,,,,30,,0225-DGJZT-SJ-DMRM-POS.d,,Find by MRM,,
102,DGJZT_CGC_35_2,,,257.1,,,,,100,,,,8.733,,,8,0.251,66,,,,,Acq,,,,,,,,,,,,,,,30,,0225-DGJZT-SJ-DMRM-POS.d,,Find by MRM,,
103,DGJZT_CGC_34_2,,,551.2,,,,,100,,,,8.626,,,22,0.228,176,,,,,Acq,,,,,,,,,,,,,,,30,,0225-DGJZT-SJ-DMRM-POS.d,,Find by MRM,,
104,DGJZT_CGC_34_3,,,551.2,,,,,100,,,,8.677,,,4,0.142,13,,,,,Acq,,,,,,,,,,,,,,,30,,0225-DGJZT-SJ-DMRM-POS.d,,Find by MRM,,
105,DGJZT_CGC_33_3,,,419.1,,,,,100,,,,8.453,,,6,0.082,18,,,,,Acq,,,,,,,,,,,,,,,30,,0225-DGJZT-SJ-DMRM-POS.d,,Find by MRM,,
106,DGJZT_CGC_33_2,,,419.1,,,,,100,,,,8.796,,,5,0.058,8,,,,,Acq,,,,,,,,,,,,,,,30,,0225-DGJZT-SJ-DMRM-POS.d,,Find by MRM,,
107,DGJZT_CGC_33_1,,,419.1,,,,,100,,,,8.63,,,15,0.167,75,,,,,Acq,,,,,,,,,,,,,,,30,,0225-DGJZT-SJ-DMRM-POS.d,,Find by MRM,,
108,DGJZT_CGC_34_1,,,551.2,,,,,100,,,,8.452,,,9,0.094,39,,,,,Acq,,,,,,,,,,,,,,,30,,0225-DGJZT-SJ-DMRM-POS.d,,Find by MRM,,
109,DGJZT_CGC_35_1,,,257.1,,,,,100,,,,8.749,,,14,0.081,37,,,,,Acq,,,,,,,,,,,,,,,30,,0225-DGJZT-SJ-DMRM-POS.d,,Find by MRM,,
110,DGJZT_CGC_36_1,,,431.1,,,,,100,,,,9.044,,,77,0.209,453,,,,,Acq,,,,,,,,,,,,,,,30,,0225-DGJZT-SJ-DMRM-POS.d,,Find by MRM,,
111,DGJZT_CGC_36_3,,,431.1,,,,,100,,,,8.795,,,2,0.067,4,,,,,Acq,,,,,,,,,,,,,,,30,,0225-DGJZT-SJ-DMRM-POS.d,,Find by MRM,,
112,DGJZT_CGC_37_1,,,269.1,,,,,100,,,,9.047,,,4,0.1,9,,,,,Acq,,,,,,,,,,,,,,,30,,0225-DGJZT-SJ-DMRM-POS.d,,Find by MRM,,
113,DGJZT_CGC_37_2,,,269.1,,,,,100,,,,8.965,,,5,0.058,9,,,,,Acq,,,,,,,,,,,,,,,30,,0225-DGJZT-SJ-DMRM-POS.d,,Find by MRM,,
114,DGJZT_CGC_36_2,,,431.1,,,,,100,,,,9.103,,,5,0.109,12,,,,,Acq,,,,,,,,,,,,,,,30,,0225-DGJZT-SJ-DMRM-POS.d,,Find by MRM,,
115,DGJZT_CGC_37_3,,,269.1,,,,,100,,,,9.216,,,3,0.141,18,,,,,Acq,,,,,,,,,,,,,,,30,,0225-DGJZT-SJ-DMRM-POS.d,,Find by MRM,,
116,DGJZT_CGC_38_3,,,257.1,,,,,100,,,,9.04,,,6,0.149,21,,,,,Acq,,,,,,,,,,,,,,,30,,0225-DGJZT-SJ-DMRM-POS.d,,Find by MRM,,
117,DGJZT_CGC_38_2,,,257.1,,,,,100,,,,8.943,,,7,0.145,33,,,,,Acq,,,,,,,,,,,,,,,30,,0225-DGJZT-SJ-DMRM-POS.d,,Find by MRM,,
118,DGJZT_CGC_39_3,,,419.1,,,,,100,,,,9.087,,,19,0.159,105,,,,,Acq,,,,,,,,,,,,,,,30,,0225-DGJZT-SJ-DMRM-POS.d,,Find by MRM,,
119,DGJZT_CGC_39_2,,,419.1,,,,,100,,,,9.104,,,11,0.123,49,,,,,Acq,,,,,,,,,,,,,,,30,,0225-DGJZT-SJ-DMRM-POS.d,,Find by MRM,,
120,DGJZT_CGC_39_1,,,419.1,,,,,100,,,,9.013,,,149,0.382,1345,,,,,Acq,,,,,,,,,,,,,,,30,,0225-DGJZT-SJ-DMRM-POS.d,,Find by MRM,,
121,DGJZT_CGC_38_1,,,257.1,,,,,100,,,,8.883,,,21,0.138,102,,,,,Acq,,,,,,,,,,,,,,,30,,0225-DGJZT-SJ-DMRM-POS.d,,Find by MRM,,
122,DGJZT_DG_32_3,,,207.1,,,,,100,,,,9.301,,,22,0.316,218,,,,,Acq,,,,,,,,,,,,,,,30,,0225-DGJZT-SJ-DMRM-POS.d,,Find by MRM,,
123,DGJZT_DG_32_1,,,207.1,,,,,100,,,,9.285,,,24,0.306,185,,,,,Acq,,,,,,,,,,,,,,,30,,0225-DGJZT-SJ-DMRM-POS.d,,Find by MRM,,
124,DGJZT_DG_32_2,,,207.1,,,,,100,,,,9.177,,,35,0.101,159,,,,,Acq,,,,,,,,,,,,,,,30,,0225-DGJZT-SJ-DMRM-POS.d,,Find by MRM,,
125,DGJZT_CGC_40_3,,,419.1,,,,,100,,,,9.154,,,19,0.121,75,,,,,Acq,,,,,,,,,,,,,,,30,,0225-DGJZT-SJ-DMRM-POS.d,,Find by MRM,,
126,DGJZT_CGC_40_2,,,419.1,,,,,100,,,,9.413,,,5,0.183,29,,,,,Acq,,,,,,,,,,,,,,,30,,0225-DGJZT-SJ-DMRM-POS.d,,Find by MRM,,
127,DGJZT_CGC_40_1,,,419.1,,,,,100,,,,9.647,,,561,0.255,4167,,,,,Acq,,,,,,,,,,,,,,,30,,0225-DGJZT-SJ-DMRM-POS.d,,Find by MRM,,
128,DGJZT_CGC_42_2,,,287.1,,,,,100,,,,9.821,,,3,0.13,12,,,,,Acq,,,,,,,,,,,,,,,30,,0225-DGJZT-SJ-DMRM-POS.d,,Find by MRM,,
129,DGJZT_CGC_42_1,,,287.1,,,,,100,,,,9.767,,,19,0.296,177,,,,,Acq,,,,,,,,,,,,,,,30,,0225-DGJZT-SJ-DMRM-POS.d,,Find by MRM,,
130,DGJZT_CGC_42_3,,,287.1,,,,,100,,,,9.832,,,6,0.221,37,,,,,Acq,,,,,,,,,,,,,,,30,,0225-DGJZT-SJ-DMRM-POS.d,,Find by MRM,,
131,DGJZT_CGC_43_3,,,257.1,,,,,100,,,,10.09,,,13,0.386,173,,,,,Acq,,,,,,,,,,,,,,,30,,0225-DGJZT-SJ-DMRM-POS.d,,Find by MRM,,
132,DGJZT_CGC_43_1,,,257.1,,,,,100,,,,11.789,,,77,0.311,709,,,,,Acq,,,,,,,,,,,,,,,30,,0225-DGJZT-SJ-DMRM-POS.d,,Find by MRM,,
133,DGJZT_CGC_43_2,,,257.1,,,,,100,,,,11.777,,,24,0.392,227,,,,,Acq,,,,,,,,,,,,,,,30,,0225-DGJZT-SJ-DMRM-POS.d,,Find by MRM,,
134,DGJZT_CGC_77_1,,,437.3,,,,,100,,,,12.442,,,7,0.092,22,,,,,Acq,,,,,,,,,,,,,,,30,,0225-DGJZT-SJ-DMRM-POS.d,,Find by MRM,,
135,DGJZT_CGC_77_3,,,437.3,,,,,100,,,,12.442,,,3,0.111,11,,,,,Acq,,,,,,,,,,,,,,,30,,0225-DGJZT-SJ-DMRM-POS.d,,Find by MRM,,
136,DGJZT_CGC_77_2,,,437.3,,,,,100,,,,12.229,,,2,0.131,16,,,,,Acq,,,,,,,,,,,,,,,30,,0225-DGJZT-SJ-DMRM-POS.d,,Find by MRM,,
137,DGJZT_CGC_79_1,,,823.4,,,,,100,,,,12.666,,,9,0.189,45,,,,,Acq,,,,,,,,,,,,,,,30,,0225-DGJZT-SJ-DMRM-POS.d,,Find by MRM,,
138,DGJZT_DG_34_3,,,205.1,,,,,100,,,,12.798,,,8,0.134,34,,,,,Acq,,,,,,,,,,,,,,,30,,0225-DGJZT-SJ-DMRM-POS.d,,Find by MRM,,
139,DGJZT_DG_34_1,,,205.1,,,,,100,,,,12.714,,,25,0.352,301,,,,,Acq,,,,,,,,,,,,,,,30,,0225-DGJZT-SJ-DMRM-POS.d,,Find by MRM,,
140,DGJZT_DG_34_2,,,205.1,,,,,100,,,,12.89,,,101,0.537,248,,,,,Acq,,,,,,,,,,,,,,,30,,0225-DGJZT-SJ-DMRM-POS.d,,Find by MRM,,
141,DGJZT_SJ_11_2,,,457.3,,,,,100,,,,12.692,,,1622,0.41,12752,,,,,Acq,,,,,,,,,,,,,,,30,,0225-DGJZT-SJ-DMRM-POS.d,,Find by MRM,,
142,DGJZT_SJ_10_2,,,277.2,,,,,100,,,,12.662,,,110884,0.392,911710,,,,,Acq,,,,,,,,,,,,,,,30,,0225-DGJZT-SJ-DMRM-POS.d,,Find by MRM,,
143,DGJZT_SJ_10_1,,,277.2,,,,,100,,,,12.662,,,80115,0.407,664479,,,,,Acq,,,,,,,,,,,,,,,30,,0225-DGJZT-SJ-DMRM-POS.d,,Find by MRM,,
144,DGJZT_SJ_10_3,,,277.2,,,,,100,,,,12.654,,,17433,0.414,148309,,,,,Acq,,,,,,,,,,,,,,,30,,0225-DGJZT-SJ-DMRM-POS.d,,Find by MRM,,
145,DGJZT_SJ_9_3,,,177.1,,,,,100,,,,12.656,,,29389,0.357,235106,,,,,Acq,,,,,,,,,,,,,,,30,,0225-DGJZT-SJ-DMRM-POS.d,,Find by MRM,,
146,DGJZT_SJ_9_2,,,177.1,,,,,100,,,,12.656,,,172539,0.406,1431104,,,,,Acq,,,,,,,,,,,,,,,30,,0225-DGJZT-SJ-DMRM-POS.d,,Find by MRM,,
147,DGJZT_SJ_9_1,,,177.1,,,,,100,,,,12.665,,,215308,0.407,1798516,,,,,Acq,,,,,,,,,,,,,,,30,,0225-DGJZT-SJ-DMRM-POS.d,,Find by MRM,,
148,DGJZT_SJ_8_3,,,145.1,,,,,100,,,,12.674,,,1062,0.427,8607,,,,,Acq,,,,,,,,,,,,,,,30,,0225-DGJZT-SJ-DMRM-POS.d,,Find by MRM,,
149,DGJZT_SJ_8_1,,,145.1,,,,,100,,,,12.658,,,25723,0.399,211431,,,,,Acq,,,,,,,,,,,,,,,30,,0225-DGJZT-SJ-DMRM-POS.d,,Find by MRM,,
150,DGJZT_SJ_11_3,,,457.3,,,,,100,,,,12.683,,,612,0.372,4873,,,,,Acq,,,,,,,,,,,,,,,30,,0225-DGJZT-SJ-DMRM-POS.d,,Find by MRM,,
151,DGJZT_SJ_11_1,,,457.3,,,,,100,,,,12.693,,,5624,0.375,42488,,,,,Acq,,,,,,,,,,,,,,,30,,0225-DGJZT-SJ-DMRM-POS.d,,Find by MRM,,
152,DGJZT_CGC_83_1,,,369.1,,,,,100,,,,12.835,,,19,0.109,52,,,,,Acq,,,,,,,,,,,,,,,30,,0225-DGJZT-SJ-DMRM-POS.d,,Find by MRM,,
153,DGJZT_SJ_8_2,,,145.1,,,,,100,,,,12.649,,,1320,0.336,10301,,,,,Acq,,,,,,,,,,,,,,,30,,0225-DGJZT-SJ-DMRM-POS.d,,Find by MRM,,
154,DGJZT_CGC_83_3,,,369.1,,,,,100,,,,12.927,,,6,0.074,14,,,,,Acq,,,,,,,,,,,,,,,30,,0225-DGJZT-SJ-DMRM-POS.d,,Find by MRM,,
155,DGJZT_CGC_83_2,,,369.1,,,,,100,,,,12.695,,,32,0.233,220,,,,,Acq,,,,,,,,,,,,,,,30,,0225-DGJZT-SJ-DMRM-POS.d,,Find by MRM,,
156,DGJZT_CGC_80_1,,,353.1,,,,,100,,,,12.99,,,40,0.056,419,,,,,Acq,,,,,,,,,,,,,,,30,,0225-DGJZT-SJ-DMRM-POS.d,,Find by MRM,,
157,DGJZT_CGC_87_1,,,299.1,,,,,100,,,,13.149,,,4,0.126,16,,,,,Acq,,,,,,,,,,,,,,,30,,0225-DGJZT-SJ-DMRM-POS.d,,Find by MRM,,
158,DGJZT_CGC_87_2,,,299.1,,,,,100,,,,12.88,,,6,0.104,16,,,,,Acq,,,,,,,,,,,,,,,30,,0225-DGJZT-SJ-DMRM-POS.d,,Find by MRM,,
159,DGJZT_CGC_86_3,,,353.1,,,,,100,,,,13.053,,,80,0.304,586,,,,,Acq,,,,,,,,,,,,,,,30,,0225-DGJZT-SJ-DMRM-POS.d,,Find by MRM,,
160,DGJZT_CGC_86_2,,,353.1,,,,,100,,,,13.248,,,11,0.1,29,,,,,Acq,,,,,,,,,,,,,,,30,,0225-DGJZT-SJ-DMRM-POS.d,,Find by MRM,,
161,DGJZT_CGC_86_1,,,353.1,,,,,100,,,,13.062,,,77,0.257,560,,,,,Acq,,,,,,,,,,,,,,,30,,0225-DGJZT-SJ-DMRM-POS.d,,Find by MRM,,
162,DGJZT_CGC_91_3,,,355.1,,,,,100,,,,13.288,,,64,0.258,495,,,,,Acq,,,,,,,,,,,,,,,30,,0225-DGJZT-SJ-DMRM-POS.d,,Find by MRM,,
163,DGJZT_CGC_87_3,,,299.1,,,,,100,,,,13.392,,,7,0.219,36,,,,,Acq,,,,,,,,,,,,,,,30,,0225-DGJZT-SJ-DMRM-POS.d,,Find by MRM,,
164,DGJZT_CGC_92_3,,,383.2,,,,,100,,,,13.161,,,7,0.151,29,,,,,Acq,,,,,,,,,,,,,,,30,,0225-DGJZT-SJ-DMRM-POS.d,,Find by MRM,,
165,DGJZT_DG_37_3,,,193.1,,,,,100,,,,13.451,,,21,0.193,156,,,,,Acq,,,,,,,,,,,,,,,30,,0225-DGJZT-SJ-DMRM-POS.d,,Find by MRM,,
166,DGJZT_DG_37_2,,,193.1,,,,,100,,,,13.301,,,17,0.182,112,,,,,Acq,,,,,,,,,,,,,,,30,,0225-DGJZT-SJ-DMRM-POS.d,,Find by MRM,,
167,DGJZT_DG_37_1,,,193.1,,,,,100,,,,13.26,,,27,0.153,124,,,,,Acq,,,,,,,,,,,,,,,30,,0225-DGJZT-SJ-DMRM-POS.d,,Find by MRM,,
168,DGJZT_CGC_91_2,,,355.1,,,,,100,,,,13.33,,,23,0.234,162,,,,,Acq,,,,,,,,,,,,,,,30,,0225-DGJZT-SJ-DMRM-POS.d,,Find by MRM,,
169,DGJZT_CGC_91_1,,,355.1,,,,,100,,,,13.339,,,23,0.223,170,,,,,Acq,,,,,,,,,,,,,,,30,,0225-DGJZT-SJ-DMRM-POS.d,,Find by MRM,,
170,DGJZT_CGC_93_3,,,327.1,,,,,100,,,,13.348,,,2,0.174,5,,,,,Acq,,,,,,,,,,,,,,,30,,0225-DGJZT-SJ-DMRM-POS.d,,Find by MRM,,
171,DGJZT_CGC_92_2,,,383.2,,,,,100,,,,13.57,,,9,0.059,13,,,,,Acq,,,,,,,,,,,,,,,30,,0225-DGJZT-SJ-DMRM-POS.d,,Find by MRM,,
172,DGJZT_CGC_92_1,,,383.2,,,,,100,,,,13.353,,,2,0.091,5,,,,,Acq,,,,,,,,,,,,,,,30,,0225-DGJZT-SJ-DMRM-POS.d,,Find by MRM,,
173,DGJZT_CGC_93_2,,,327.1,,,,,100,,,,13.232,,,2,0.067,4,,,,,Acq,,,,,,,,,,,,,,,30,,0225-DGJZT-SJ-DMRM-POS.d,,Find by MRM,,
174,DGJZT_CGC_97_2,,,337.1,,,,,100,,,,13.738,,,14,0.1,37,,,,,Acq,,,,,,,,,,,,,,,30,,0225-DGJZT-SJ-DMRM-POS.d,,Find by MRM,,
175,DGJZT_CGC_97_1,,,337.1,,,,,100,,,,14.009,,,48,0.518,210,,,,,Acq,,,,,,,,,,,,,,,30,,0225-DGJZT-SJ-DMRM-POS.d,,Find by MRM,,
176,DGJZT_CGC_98_3,,,317.1,,,,,100,,,,13.567,,,5,0.05,8,,,,,Acq,,,,,,,,,,,,,,,30,,0225-DGJZT-SJ-DMRM-POS.d,,Find by MRM,,
177,DGJZT_CGC_98_1,,,317.1,,,,,100,,,,13.807,,,10,0.097,25,,,,,Acq,,,,,,,,,,,,,,,30,,0225-DGJZT-SJ-DMRM-POS.d,,Find by MRM,,
178,DGJZT_CGC_98_2,,,317.1,,,,,100,,,,13.959,,,10,0.133,46,,,,,Acq,,,,,,,,,,,,,,,30,,0225-DGJZT-SJ-DMRM-POS.d,,Find by MRM,,
179,DGJZT_CGC_97_3,,,337.1,,,,,100,,,,14.008,,,6,0.093,12,,,,,Acq,,,,,,,,,,,,,,,30,,0225-DGJZT-SJ-DMRM-POS.d,,Find by MRM,,
180,DGJZT_DG_41_1,,,189.1,,,,,100,,,,13.926,,,125,0.289,1452,,,,,Acq,,,,,,,,,,,,,,,30,,0225-DGJZT-SJ-DMRM-POS.d,,Find by MRM,,
181,DGJZT_DG_41_2,,,189.1,,,,,100,,,,13.893,,,45,0.239,433,,,,,Acq,,,,,,,,,,,,,,,30,,0225-DGJZT-SJ-DMRM-POS.d,,Find by MRM,,
182,DGJZT_DG_41_3,,,189.1,,,,,100,,,,13.986,,,27,0.128,111,,,,,Acq,,,,,,,,,,,,,,,30,,0225-DGJZT-SJ-DMRM-POS.d,,Find by MRM,,
183,DGJZT_SJ_13_3,,,177.1,,,,,100,,,,13.911,,,6157,0.394,45294,,,,,Acq,,,,,,,,,,,,,,,30,,0225-DGJZT-SJ-DMRM-POS.d,,Find by MRM,,
184,DGJZT_SJ_13_2,,,177.1,,,,,100,,,,13.911,,,45661,0.402,332330,,,,,Acq,,,,,,,,,,,,,,,30,,0225-DGJZT-SJ-DMRM-POS.d,,Find by MRM,,
185,DGJZT_SJ_13_1,,,177.1,,,,,100,,,,13.911,,,42984,0.427,304801,,,,,Acq,,,,,,,,,,,,,,,30,,0225-DGJZT-SJ-DMRM-POS.d,,Find by MRM,,
186,DGJZT_CGC_100_2,,,383.1,,,,,100,,,,13.98,,,21,0.237,142,,,,,Acq,,,,,,,,,,,,,,,30,,0225-DGJZT-SJ-DMRM-POS.d,,Find by MRM,,
187,DGJZT_CGC_100_1,,,383.1,,,,,100,,,,14.023,,,6,0.102,14,,,,,Acq,,,,,,,,,,,,,,,30,,0225-DGJZT-SJ-DMRM-POS.d,,Find by MRM,,
188,DGJZT_DG_47_3,,,191.1,,,,,100,,,,13.993,,,211,0.315,1557,,,,,Acq,,,,,,,,,,,,,,,30,,0225-DGJZT-SJ-DMRM-POS.d,,Find by MRM,,
189,DGJZT_DG_47_1,,,191.1,,,,,100,,,,13.993,,,432,0.265,2978,,,,,Acq,,,,,,,,,,,,,,,30,,0225-DGJZT-SJ-DMRM-POS.d,,Find by MRM,,
190,DGJZT_DG_47_2,,,191.1,,,,,100,,,,14.002,,,359,0.248,2499,,,,,Acq,,,,,,,,,,,,,,,30,,0225-DGJZT-SJ-DMRM-POS.d,,Find by MRM,,
191,DGJZT_DG_45_3,,,145.1,,,,,100,,,,13.92,,,13,0.199,82,,,,,Acq,,,,,,,,,,,,,,,30,,0225-DGJZT-SJ-DMRM-POS.d,,Find by MRM,,
192,DGJZT_DG_45_1,,,145.1,,,,,100,,,,13.912,,,5772,0.427,40400,,,,,Acq,,,,,,,,,,,,,,,30,,0225-DGJZT-SJ-DMRM-POS.d,,Find by MRM,,
193,DGJZT_DG_45_2,,,145.1,,,,,100,,,,13.804,,,21,0.076,62,,,,,Acq,,,,,,,,,,,,,,,30,,0225-DGJZT-SJ-DMRM-POS.d,,Find by MRM,,
194,DGJZT_CGC_100_3,,,383.1,,,,,100,,,,13.805,,,7,0.074,14,,,,,Acq,,,,,,,,,,,,,,,30,,0225-DGJZT-SJ-DMRM-POS.d,,Find by MRM,,
195,DGJZT_CGC_101_2,,,371.2,,,,,100,,,,14.185,,,26,0.203,136,,,,,Acq,,,,,,,,,,,,,,,30,,0225-DGJZT-SJ-DMRM-POS.d,,Find by MRM,,
196,DGJZT_CGC_101_3,,,371.2,,,,,100,,,,14.261,,,7,0.119,29,,,,,Acq,,,,,,,,,,,,,,,30,,0225-DGJZT-SJ-DMRM-POS.d,,Find by MRM,,
197,DGJZT_CGC_103_1,,,425.2,,,,,100,,,,14.256,,,14,0.187,66,,,,,Acq,,,,,,,,,,,,,,,30,,0225-DGJZT-SJ-DMRM-POS.d,,Find by MRM,,
198,DGJZT_CGC_103_2,,,425.2,,,,,100,,,,14.265,,,30,0.207,185,,,,,Acq,,,,,,,,,,,,,,,30,,0225-DGJZT-SJ-DMRM-POS.d,,Find by MRM,,
199,DGJZT_CGC_103_3,,,425.2,,,,,100,,,,14.266,,,24,0.172,129,,,,,Acq,,,,,,,,,,,,,,,30,,0225-DGJZT-SJ-DMRM-POS.d,,Find by MRM,,
200,DGJZT_CGC_101_1,,,371.2,,,,,100,,,,14.211,,,18,0.217,108,,,,,Acq,,,,,,,,,,,,,,,30,,0225-DGJZT-SJ-DMRM-POS.d,,Find by MRM,,
201,DGJZT_SJ_14_1,,,404.2,,,,,100,,,,14.277,,,6700,0.266,43552,,,,,Acq,,,,,,,,,,,,,,,30,,0225-DGJZT-SJ-DMRM-POS.d,,Find by MRM,,
202,DGJZT_SJ_14_3,,,404.2,,,,,100,,,,14.527,,,117,0.141,1967,,,,,Acq,,,,,,,,,,,,,,,30,,0225-DGJZT-SJ-DMRM-POS.d,,Find by MRM,,
203,DGJZT_SJ_14_2,,,404.2,,,,,100,,,,14.278,,,5884,0.288,39268,,,,,Acq,,,,,,,,,,,,,,,30,,0225-DGJZT-SJ-DMRM-POS.d,,Find by MRM,,
204,DGJZT_CGC_106_2,,,423.2,,,,,100,,,,14.475,,,164,0.157,793,,,,,Acq,,,,,,,,,,,,,,,30,,0225-DGJZT-SJ-DMRM-POS.d,,Find by MRM,,
205,DGJZT_CGC_106_1,,,423.2,,,,,100,,,,14.809,,,7,0.101,17,,,,,Acq,,,,,,,,,,,,,,,30,,0225-DGJZT-SJ-DMRM-POS.d,,Find by MRM,,
206,DGJZT_DG_49_3,,,191.1,,,,,100,,,,14.489,,,48,0.196,323,,,,,Acq,,,,,,,,,,,,,,,30,,0225-DGJZT-SJ-DMRM-POS.d,,Find by MRM,,
207,DGJZT_DG_49_1,,,191.1,,,,,100,,,,14.456,,,54,0.376,514,,,,,Acq,,,,,,,,,,,,,,,30,,0225-DGJZT-SJ-DMRM-POS.d,,Find by MRM,,
208,DGJZT_DG_49_2,,,191.1,,,,,100,,,,14.89,,,100,0.056,94,,,,,Acq,,,,,,,,,,,,,,,30,,0225-DGJZT-SJ-DMRM-POS.d,,Find by MRM,,
209,DGJZT_GZ_24_1,,,279.1,,,,,100,,,,14.712,,,37,0.277,265,,,,,Acq,,,,,,,,,,,,,,,30,,0225-DGJZT-SJ-DMRM-POS.d,,Find by MRM,,
210,DGJZT_GZ_24_3,,,279.1,,,,,100,,,,14.704,,,7,0.26,57,,,,,Acq,,,,,,,,,,,,,,,30,,0225-DGJZT-SJ-DMRM-POS.d,,Find by MRM,,
211,DGJZT_CGC_106_3,,,423.2,,,,,100,,,,14.742,,,16,0.125,67,,,,,Acq,,,,,,,,,,,,,,,30,,0225-DGJZT-SJ-DMRM-POS.d,,Find by MRM,,
212,DGJZT_GZ_24_2,,,279.1,,,,,100,,,,14.713,,,45,0.191,204,,,,,Acq,,,,,,,,,,,,,,,30,,0225-DGJZT-SJ-DMRM-POS.d,,Find by MRM,,
213,DGJZT_GZ_25_2,,,309.2,,,,,100,,,,14.786,,,13,0.212,72,,,,,Acq,,,,,,,,,,,,,,,30,,0225-DGJZT-SJ-DMRM-POS.d,,Find by MRM,,
214,DGJZT_GZ_25_3,,,309.2,,,,,100,,,,14.627,,,5,0.489,49,,,,,Acq,,,,,,,,,,,,,,,30,,0225-DGJZT-SJ-DMRM-POS.d,,Find by MRM,,
215,DGJZT_GZ_25_1,,,309.2,,,,,100,,,,14.812,,,94,0.211,564,,,,,Acq,,,,,,,,,,,,,,,30,,0225-DGJZT-SJ-DMRM-POS.d,,Find by MRM,,
216,DGJZT_SJ_16_3,,,177.1,,,,,100,,,,14.807,,,3622,0.299,23261,,,,,Acq,,,,,,,,,,,,,,,30,,0225-DGJZT-SJ-DMRM-POS.d,,Find by MRM,,
217,DGJZT_SJ_16_2,,,177.1,,,,,100,,,,14.799,,,22022,0.362,145292,,,,,Acq,,,,,,,,,,,,,,,30,,0225-DGJZT-SJ-DMRM-POS.d,,Find by MRM,,
218,DGJZT_SJ_16_1,,,177.1,,,,,100,,,,14.8,,,26775,0.345,171883,,,,,Acq,,,,,,,,,,,,,,,30,,0225-DGJZT-SJ-DMRM-POS.d,,Find by MRM,,
219,DGJZT_DG_50_2,,,412.3,,,,,100,,,,14.97,,,28,0.135,101,,,,,Acq,,,,,,,,,,,,,,,30,,0225-DGJZT-SJ-DMRM-POS.d,,Find by MRM,,
220,DGJZT_DG_50_1,,,412.3,,,,,100,,,,15.053,,,424,0.193,3328,,,,,Acq,,,,,,,,,,,,,,,30,,0225-DGJZT-SJ-DMRM-POS.d,,Find by MRM,,
221,DGJZT_DG_50_3,,,412.3,,,,,100,,,,14.986,,,34,0.11,155,,,,,Acq,,,,,,,,,,,,,,,30,,0225-DGJZT-SJ-DMRM-POS.d,,Find by MRM,,
222,DGJZT_DG_52_3,,,381.2,,,,,100,,,,15.108,,,137,0.368,1250,,,,,Acq,,,,,,,,,,,,,,,30,,0225-DGJZT-SJ-DMRM-POS.d,,Find by MRM,,
223,DGJZT_DG_58_1,,,412.2,,,,,100,,,,14.979,,,660,0.411,6982,,,,,Acq,,,,,,,,,,,,,,,30,,0225-DGJZT-SJ-DMRM-POS.d,,Find by MRM,,
224,DGJZT_DG_58_3,,,412.2,,,,,100,,,,15.122,,,20,0.227,190,,,,,Acq,,,,,,,,,,,,,,,30,,0225-DGJZT-SJ-DMRM-POS.d,,Find by MRM,,
225,DGJZT_DG_55_2,,,363.2,,,,,100,,,,15.167,,,3,0.125,10,,,,,Acq,,,,,,,,,,,,,,,30,,0225-DGJZT-SJ-DMRM-POS.d,,Find by MRM,,
226,DGJZT_DG_59_3,,,191.1,,,,,100,,,,15.101,,,27,0.168,223,,,,,Acq,,,,,,,,,,,,,,,30,,0225-DGJZT-SJ-DMRM-POS.d,,Find by MRM,,
227,DGJZT_DG_59_1,,,191.1,,,,,100,,,,15.033,,,111,0.413,1118,,,,,Acq,,,,,,,,,,,,,,,30,,0225-DGJZT-SJ-DMRM-POS.d,,Find by MRM,,
228,DGJZT_DG_59_2,,,191.1,,,,,100,,,,15.085,,,60,0.255,401,,,,,Acq,,,,,,,,,,,,,,,30,,0225-DGJZT-SJ-DMRM-POS.d,,Find by MRM,,
229,DGJZT_DG_58_2,,,412.2,,,,,100,,,,15.089,,,18,0.101,57,,,,,Acq,,,,,,,,,,,,,,,30,,0225-DGJZT-SJ-DMRM-POS.d,,Find by MRM,,
230,DGJZT_DG_52_1,,,381.2,,,,,100,,,,15.107,,,614,0.378,6148,,,,,Acq,,,,,,,,,,,,,,,30,,0225-DGJZT-SJ-DMRM-POS.d,,Find by MRM,,
231,DGJZT_DG_52_2,,,381.2,,,,,100,,,,15.065,,,30,0.172,153,,,,,Acq,,,,,,,,,,,,,,,30,,0225-DGJZT-SJ-DMRM-POS.d,,Find by MRM,,
232,DGJZT_GZ_27_1,,,448.3,,,,,100,,,,15.144,,,1090,0.356,7942,,,,,Acq,,,,,,,,,,,,,,,30,,0225-DGJZT-SJ-DMRM-POS.d,,Find by MRM,,
233,DGJZT_GZ_27_2,,,448.3,,,,,100,,,,15.161,,,50,0.24,307,,,,,Acq,,,,,,,,,,,,,,,30,,0225-DGJZT-SJ-DMRM-POS.d,,Find by MRM,,
234,DGJZT_DG_61_1,,,381.2,,,,,100,,,,15.106,,,743,0.36,6250,,,,,Acq,,,,,,,,,,,,,,,30,,0225-DGJZT-SJ-DMRM-POS.d,,Find by MRM,,
235,DGJZT_DG_61_3,,,381.2,,,,,100,,,,15.107,,,65,0.361,703,,,,,Acq,,,,,,,,,,,,,,,30,,0225-DGJZT-SJ-DMRM-POS.d,,Find by MRM,,
236,DGJZT_DG_61_2,,,381.2,,,,,100,,,,15.132,,,91,0.296,599,,,,,Acq,,,,,,,,,,,,,,,30,,0225-DGJZT-SJ-DMRM-POS.d,,Find by MRM,,
237,DGJZT_SJ_17_1,,,432.3,,,,,100,,,,15.22,,,9437,0.38,68314,,,,,Acq,,,,,,,,,,,,,,,30,,0225-DGJZT-SJ-DMRM-POS.d,,Find by MRM,,
238,DGJZT_SJ_17_3,,,432.3,,,,,100,,,,15.22,,,2678,0.376,23098,,,,,Acq,,,,,,,,,,,,,,,30,,0225-DGJZT-SJ-DMRM-POS.d,,Find by MRM,,
239,DGJZT_SJ_17_2,,,432.3,,,,,100,,,,15.221,,,10574,0.397,76001,,,,,Acq,,,,,,,,,,,,,,,30,,0225-DGJZT-SJ-DMRM-POS.d,,Find by MRM,,

