﻿#化合物列表: 526 found
#
Cpd,Name,Formula,Purity Result,Precursor,Mass,Diff (ppm),Score (Tgt),Flags (Tgt),Score,Std Dev,Relative Mass Difference (MFG),Base Peak,RT,RT Diff,Target Retention Time Difference,Height,Width,Area,Volume,Vol %,Ions,Saturated,ID Source,Score (MFG),Score (DB),Hit Count,Tgt MFG Hit,FV,Purity Value,Purity Comments,ADC% Area,EIC/TIC% Area,TIC% Area,UVA% Area,Score (Lib),CAS ID,Relative Reference Mass difference,CE,MS/MS Count,File,Notes,Algorithm,Lib/DB
1,DGJZT_SJ_1_3,,,308.1,,,,,100,,,,1.016,,,540,0.248,3395,,,,,Acq,,,,,,,,,,,,,,,30,,0225-DGJZT-BS-YIN-DMRM-NEG.d,,Find by MRM,,
2,DGJZT_SJ_1_1,,,308.1,,,,,100,,,,1.008,,,342,0.305,2041,,,,,Acq,,,,,,,,,,,,,,,30,,0225-DGJZT-BS-YIN-DMRM-NEG.d,,Find by MRM,,
3,DGJZT_SJ_1_2,,,308.1,,,,,100,,,,1.017,,,314,0.308,2347,,,,,Acq,,,,,,,,,,,,,,,30,,0225-DGJZT-BS-YIN-DMRM-NEG.d,,Find by MRM,,
4,DGJZT_DZ_4_3,,,618.2,,,,,100,,,,1.053,,,4562,0.249,28294,,,,,Acq,,,,,,,,,,,,,,,30,,0225-DGJZT-BS-YIN-DMRM-NEG.d,,Find by MRM,,
5,DGJZT_DZ_4_1,,,618.2,,,,,100,,,,1.054,,,9211,0.215,55205,,,,,Acq,,,,,,,,,,,,,,,30,,0225-DGJZT-BS-YIN-DMRM-NEG.d,,Find by MRM,,
6,DGJZT_DZ_4_2,,,618.2,,,,,100,,,,1.055,,,2147,0.222,13189,,,,,Acq,,,,,,,,,,,,,,,30,,0225-DGJZT-BS-YIN-DMRM-NEG.d,,Find by MRM,,
7,DGJZT_DZ_6_1,,,353.1,,,,,100,,,,1.09,,,1096,0.301,9556,,,,,Acq,,,,,,,,,,,,,,,30,,0225-DGJZT-BS-YIN-DMRM-NEG.d,,Find by MRM,,
8,DGJZT_DZ_6_3,,,353.1,,,,,100,,,,1.083,,,1170,0.298,11411,,,,,Acq,,,,,,,,,,,,,,,30,,0225-DGJZT-BS-YIN-DMRM-NEG.d,,Find by MRM,,
9,DGJZT_DG_6_1,,,470.2,,,,,100,,,,1.197,,,4424,0.359,50252,,,,,Acq,,,,,,,,,,,,,,,30,,0225-DGJZT-BS-YIN-DMRM-NEG.d,,Find by MRM,,
10,DGJZT_DZ_9_1,,,618.2,,,,,100,,,,1.052,,,11153,0.248,84159,,,,,Acq,,,,,,,,,,,,,,,30,,0225-DGJZT-BS-YIN-DMRM-NEG.d,,Find by MRM,,
11,DGJZT_DZ_9_2,,,618.2,,,,,100,,,,1.053,,,1921,0.202,10995,,,,,Acq,,,,,,,,,,,,,,,30,,0225-DGJZT-BS-YIN-DMRM-NEG.d,,Find by MRM,,
12,DGJZT_DG_9_3,,,387.1,,,,,100,,,,0.997,,,223,0.186,1187,,,,,Acq,,,,,,,,,,,,,,,30,,0225-DGJZT-BS-YIN-DMRM-NEG.d,,Find by MRM,,
13,DGJZT_DZ_9_3,,,618.2,,,,,100,,,,1.344,,,1874,0.342,25071,,,,,Acq,,,,,,,,,,,,,,,30,,0225-DGJZT-BS-YIN-DMRM-NEG.d,,Find by MRM,,
14,DGJZT_DG_10_1,,,527.1,,,,,100,,,,1.413,,,144,0.284,1095,,,,,Acq,,,,,,,,,,,,,,,30,,0225-DGJZT-BS-YIN-DMRM-NEG.d,,Find by MRM,,
15,DGJZT_DG_9_2,,,387.1,,,,,100,,,,1.366,,,705,0.285,8394,,,,,Acq,,,,,,,,,,,,,,,30,,0225-DGJZT-BS-YIN-DMRM-NEG.d,,Find by MRM,,
16,DGJZT_DG_9_1,,,387.1,,,,,100,,,,1.316,,,291,0.316,3993,,,,,Acq,,,,,,,,,,,,,,,30,,0225-DGJZT-BS-YIN-DMRM-NEG.d,,Find by MRM,,
17,DGJZT_DZ_10_2,,,353.1,,,,,100,,,,1.492,,,1052,0.204,6198,,,,,Acq,,,,,,,,,,,,,,,30,,0225-DGJZT-BS-YIN-DMRM-NEG.d,,Find by MRM,,
18,DGJZT_DZ_10_1,,,353.1,,,,,100,,,,1.484,,,912,0.212,5450,,,,,Acq,,,,,,,,,,,,,,,30,,0225-DGJZT-BS-YIN-DMRM-NEG.d,,Find by MRM,,
19,DGJZT_DG_16_1,,,470.2,,,,,100,,,,1.597,,,2141,0.349,18756,,,,,Acq,,,,,,,,,,,,,,,30,,0225-DGJZT-BS-YIN-DMRM-NEG.d,,Find by MRM,,
20,DGJZT_DG_17_2,,,372.1,,,,,100,,,,1.591,,,225,0.367,1283,,,,,Acq,,,,,,,,,,,,,,,30,,0225-DGJZT-BS-YIN-DMRM-NEG.d,,Find by MRM,,
21,DGJZT_DG_17_1,,,372.1,,,,,100,,,,1.591,,,154,0.358,891,,,,,Acq,,,,,,,,,,,,,,,30,,0225-DGJZT-BS-YIN-DMRM-NEG.d,,Find by MRM,,
22,DGJZT_BS_3_1,,,343.1,,,,,100,,,,1.767,,,6,0.125,16,,,,,Acq,,,,,,,,,,,,,,,30,,0225-DGJZT-BS-YIN-DMRM-NEG.d,,Find by MRM,,
23,DGJZT_BS_5_1,,,331.1,,,,,100,,,,1.636,,,1,0.185,5,,,,,Acq,,,,,,,,,,,,,,,30,,0225-DGJZT-BS-YIN-DMRM-NEG.d,,Find by MRM,,
24,DGJZT_DG_25_1,,,527.1,,,,,100,,,,1.847,,,1190,0.442,12148,,,,,Acq,,,,,,,,,,,,,,,30,,0225-DGJZT-BS-YIN-DMRM-NEG.d,,Find by MRM,,
25,DGJZT_BS_5_3,,,331.1,,,,,100,,,,2.019,,,17,0.109,48,,,,,Acq,,,,,,,,,,,,,,,30,,0225-DGJZT-BS-YIN-DMRM-NEG.d,,Find by MRM,,
26,DGJZT_BS_5_2,,,331.1,,,,,100,,,,2.002,,,15,0.215,96,,,,,Acq,,,,,,,,,,,,,,,30,,0225-DGJZT-BS-YIN-DMRM-NEG.d,,Find by MRM,,
27,DGJZT_DG_26_1,,,497.1,,,,,100,,,,1.915,,,513,0.35,6403,,,,,Acq,,,,,,,,,,,,,,,30,,0225-DGJZT-BS-YIN-DMRM-NEG.d,,Find by MRM,,
28,DGJZT_DG_26_3,,,497.1,,,,,100,,,,1.931,,,234,0.402,2347,,,,,Acq,,,,,,,,,,,,,,,30,,0225-DGJZT-BS-YIN-DMRM-NEG.d,,Find by MRM,,
29,DGJZT_BS_6_2,,,331.1,,,,,100,,,,2.053,,,9,0.241,60,,,,,Acq,,,,,,,,,,,,,,,30,,0225-DGJZT-BS-YIN-DMRM-NEG.d,,Find by MRM,,
30,DGJZT_BS_6_1,,,331.1,,,,,100,,,,1.995,,,17,0.3,116,,,,,Acq,,,,,,,,,,,,,,,30,,0225-DGJZT-BS-YIN-DMRM-NEG.d,,Find by MRM,,
31,DGJZT_BS_6_3,,,331.1,,,,,100,,,,2.178,,,4,0.088,11,,,,,Acq,,,,,,,,,,,,,,,30,,0225-DGJZT-BS-YIN-DMRM-NEG.d,,Find by MRM,,
32,DGJZT_BS_8_2,,,567.2,,,,,100,,,,1.921,,,7,0.067,14,,,,,Acq,,,,,,,,,,,,,,,30,,0225-DGJZT-BS-YIN-DMRM-NEG.d,,Find by MRM,,
33,DGJZT_BS_9_3,,,421.1,,,,,100,,,,1.974,,,8,0.266,79,,,,,Acq,,,,,,,,,,,,,,,30,,0225-DGJZT-BS-YIN-DMRM-NEG.d,,Find by MRM,,
34,DGJZT_DG_29_3,,,341.1,,,,,100,,,,2.093,,,64,0.117,180,,,,,Acq,,,,,,,,,,,,,,,30,,0225-DGJZT-BS-YIN-DMRM-NEG.d,,Find by MRM,,
35,DGJZT_DG_29_1,,,341.1,,,,,100,,,,2.06,,,101,0.334,921,,,,,Acq,,,,,,,,,,,,,,,30,,0225-DGJZT-BS-YIN-DMRM-NEG.d,,Find by MRM,,
36,DGJZT_DG_29_2,,,341.1,,,,,100,,,,2.017,,,148,0.357,2066,,,,,Acq,,,,,,,,,,,,,,,30,,0225-DGJZT-BS-YIN-DMRM-NEG.d,,Find by MRM,,
37,DGJZT_BS_13_1,,,529.2,,,,,100,,,,2.198,,,3,0.067,4,,,,,Acq,,,,,,,,,,,,,,,30,,0225-DGJZT-BS-YIN-DMRM-NEG.d,,Find by MRM,,
38,DGJZT_BS_16_1,,,493.1,,,,,100,,,,2.475,,,6,0.133,20,,,,,Acq,,,,,,,,,,,,,,,30,,0225-DGJZT-BS-YIN-DMRM-NEG.d,,Find by MRM,,
39,DGJZT_BS_16_2,,,493.1,,,,,100,,,,2.384,,,2,0.135,10,,,,,Acq,,,,,,,,,,,,,,,30,,0225-DGJZT-BS-YIN-DMRM-NEG.d,,Find by MRM,,
40,DGJZT_BS_16_3,,,493.1,,,,,100,,,,2.292,,,3,0.19,11,,,,,Acq,,,,,,,,,,,,,,,30,,0225-DGJZT-BS-YIN-DMRM-NEG.d,,Find by MRM,,
41,DGJZT_BS_14_1,,,169,,,,,100,,,,2.347,,,15,0.205,91,,,,,Acq,,,,,,,,,,,,,,,30,,0225-DGJZT-BS-YIN-DMRM-NEG.d,,Find by MRM,,
42,DGJZT_BS_14_2,,,169,,,,,100,,,,2.347,,,9,0.134,44,,,,,Acq,,,,,,,,,,,,,,,30,,0225-DGJZT-BS-YIN-DMRM-NEG.d,,Find by MRM,,
43,DGJZT_BS_17_1,,,331.1,,,,,100,,,,2.378,,,54,0.418,500,,,,,Acq,,,,,,,,,,,,,,,30,,0225-DGJZT-BS-YIN-DMRM-NEG.d,,Find by MRM,,
44,DGJZT_BS_17_2,,,331.1,,,,,100,,,,2.379,,,40,0.242,299,,,,,Acq,,,,,,,,,,,,,,,30,,0225-DGJZT-BS-YIN-DMRM-NEG.d,,Find by MRM,,
45,DGJZT_BS_17_3,,,331.1,,,,,100,,,,2.396,,,14,0.402,105,,,,,Acq,,,,,,,,,,,,,,,30,,0225-DGJZT-BS-YIN-DMRM-NEG.d,,Find by MRM,,
46,DGJZT_BS_18_1,,,526.2,,,,,100,,,,2.549,,,1,0.079,2,,,,,Acq,,,,,,,,,,,,,,,30,,0225-DGJZT-BS-YIN-DMRM-NEG.d,,Find by MRM,,
47,DGJZT_DG_33_3,,,423.1,,,,,100,,,,2.693,,,238,0.423,2098,,,,,Acq,,,,,,,,,,,,,,,30,,0225-DGJZT-BS-YIN-DMRM-NEG.d,,Find by MRM,,
48,DGJZT_DG_33_2,,,423.1,,,,,100,,,,2.694,,,206,0.46,2023,,,,,Acq,,,,,,,,,,,,,,,30,,0225-DGJZT-BS-YIN-DMRM-NEG.d,,Find by MRM,,
49,DGJZT_DG_33_1,,,423.1,,,,,100,,,,2.696,,,150,0.439,1403,,,,,Acq,,,,,,,,,,,,,,,30,,0225-DGJZT-BS-YIN-DMRM-NEG.d,,Find by MRM,,
50,DGJZT_BS_20_1,,,403.1,,,,,100,,,,3.003,,,6,0.057,8,,,,,Acq,,,,,,,,,,,,,,,30,,0225-DGJZT-BS-YIN-DMRM-NEG.d,,Find by MRM,,
51,DGJZT_BS_20_2,,,403.1,,,,,100,,,,2.713,,,4,0.099,12,,,,,Acq,,,,,,,,,,,,,,,30,,0225-DGJZT-BS-YIN-DMRM-NEG.d,,Find by MRM,,
52,DGJZT_BS_22_1,,,527.1,,,,,100,,,,3.152,,,16,0.116,38,,,,,Acq,,,,,,,,,,,,,,,30,,0225-DGJZT-BS-YIN-DMRM-NEG.d,,Find by MRM,,
53,DGJZT_DZ_18_2,,,240.1,,,,,100,,,,2.982,,,232,0.41,2024,,,,,Acq,,,,,,,,,,,,,,,30,,0225-DGJZT-BS-YIN-DMRM-NEG.d,,Find by MRM,,
54,DGJZT_BS_23_2,,,315.1,,,,,100,,,,2.962,,,151,0.298,1237,,,,,Acq,,,,,,,,,,,,,,,30,,0225-DGJZT-BS-YIN-DMRM-NEG.d,,Find by MRM,,
55,DGJZT_BS_23_1,,,315.1,,,,,100,,,,2.997,,,63,0.194,313,,,,,Acq,,,,,,,,,,,,,,,30,,0225-DGJZT-BS-YIN-DMRM-NEG.d,,Find by MRM,,
56,DGJZT_DZ_19_2,,,297.1,,,,,100,,,,3.022,,,309,0.226,1910,,,,,Acq,,,,,,,,,,,,,,,30,,0225-DGJZT-BS-YIN-DMRM-NEG.d,,Find by MRM,,
57,DGJZT_DZ_19_1,,,297.1,,,,,100,,,,3.023,,,194,0.218,1331,,,,,Acq,,,,,,,,,,,,,,,30,,0225-DGJZT-BS-YIN-DMRM-NEG.d,,Find by MRM,,
58,DGJZT_DZ_21_1,,,221.1,,,,,100,,,,3.184,,,91,0.325,728,,,,,Acq,,,,,,,,,,,,,,,30,,0225-DGJZT-BS-YIN-DMRM-NEG.d,,Find by MRM,,
59,DGJZT_BS_26_3,,,389.1,,,,,100,,,,3.389,,,5,0.141,17,,,,,Acq,,,,,,,,,,,,,,,30,,0225-DGJZT-BS-YIN-DMRM-NEG.d,,Find by MRM,,
60,DGJZT_BS_25_2,,,527.1,,,,,100,,,,3.453,,,4,0.047,8,,,,,Acq,,,,,,,,,,,,,,,30,,0225-DGJZT-BS-YIN-DMRM-NEG.d,,Find by MRM,,
61,DGJZT_BS_25_1,,,527.1,,,,,100,,,,3.186,,,19,0.323,143,,,,,Acq,,,,,,,,,,,,,,,30,,0225-DGJZT-BS-YIN-DMRM-NEG.d,,Find by MRM,,
62,DGJZT_BS_26_2,,,389.1,,,,,100,,,,3.212,,,7,0.125,33,,,,,Acq,,,,,,,,,,,,,,,30,,0225-DGJZT-BS-YIN-DMRM-NEG.d,,Find by MRM,,
63,DGJZT_BS_27_1,,,633.1,,,,,100,,,,3.328,,,4,0.194,11,,,,,Acq,,,,,,,,,,,,,,,30,,0225-DGJZT-BS-YIN-DMRM-NEG.d,,Find by MRM,,
64,DGJZT_BS_26_1,,,389.1,,,,,100,,,,3.153,,,3,0.041,6,,,,,Acq,,,,,,,,,,,,,,,30,,0225-DGJZT-BS-YIN-DMRM-NEG.d,,Find by MRM,,
65,DGJZT_DG_36_2,,,353.1,,,,,100,,,,3.306,,,650,0.37,5356,,,,,Acq,,,,,,,,,,,,,,,30,,0225-DGJZT-BS-YIN-DMRM-NEG.d,,Find by MRM,,
66,DGJZT_DG_36_1,,,353.1,,,,,100,,,,3.316,,,557,0.368,4406,,,,,Acq,,,,,,,,,,,,,,,30,,0225-DGJZT-BS-YIN-DMRM-NEG.d,,Find by MRM,,
67,DGJZT_DG_36_3,,,353.1,,,,,100,,,,3.307,,,244,0.279,2015,,,,,Acq,,,,,,,,,,,,,,,30,,0225-DGJZT-BS-YIN-DMRM-NEG.d,,Find by MRM,,
68,DGJZT_BS_28_3,,,287.1,,,,,100,,,,3.602,,,4,0.059,8,,,,,Acq,,,,,,,,,,,,,,,30,,0225-DGJZT-BS-YIN-DMRM-NEG.d,,Find by MRM,,
69,DGJZT_BS_28_1,,,287.1,,,,,100,,,,3.317,,,5,0.159,21,,,,,Acq,,,,,,,,,,,,,,,30,,0225-DGJZT-BS-YIN-DMRM-NEG.d,,Find by MRM,,
70,DGJZT_BS_28_2,,,287.1,,,,,100,,,,3.292,,,2,0.084,5,,,,,Acq,,,,,,,,,,,,,,,30,,0225-DGJZT-BS-YIN-DMRM-NEG.d,,Find by MRM,,
71,DGJZT_DG_39_2,,,658.2,,,,,100,,,,3.452,,,274,0.377,2092,,,,,Acq,,,,,,,,,,,,,,,30,,0225-DGJZT-BS-YIN-DMRM-NEG.d,,Find by MRM,,
72,DGJZT_DG_39_1,,,658.2,,,,,100,,,,3.444,,,362,0.373,2560,,,,,Acq,,,,,,,,,,,,,,,30,,0225-DGJZT-BS-YIN-DMRM-NEG.d,,Find by MRM,,
73,DGJZT_BS_29_1,,,451.1,,,,,100,,,,3.716,,,17,0.07,38,,,,,Acq,,,,,,,,,,,,,,,30,,0225-DGJZT-BS-YIN-DMRM-NEG.d,,Find by MRM,,
74,DGJZT_BS_37_1,,,483.1,,,,,100,,,,3.564,,,9,0.151,21,,,,,Acq,,,,,,,,,,,,,,,30,,0225-DGJZT-BS-YIN-DMRM-NEG.d,,Find by MRM,,
75,DGJZT_BS_37_3,,,483.1,,,,,100,,,,3.681,,,6,0.1,13,,,,,Acq,,,,,,,,,,,,,,,30,,0225-DGJZT-BS-YIN-DMRM-NEG.d,,Find by MRM,,
76,DGJZT_DG_41_2,,,355.1,,,,,100,,,,3.701,,,381,0.289,2624,,,,,Acq,,,,,,,,,,,,,,,30,,0225-DGJZT-BS-YIN-DMRM-NEG.d,,Find by MRM,,
77,DGJZT_DG_41_3,,,355.1,,,,,100,,,,3.684,,,303,0.394,2351,,,,,Acq,,,,,,,,,,,,,,,30,,0225-DGJZT-BS-YIN-DMRM-NEG.d,,Find by MRM,,
78,DGJZT_DG_41_1,,,355.1,,,,,100,,,,3.693,,,1566,0.374,11589,,,,,Acq,,,,,,,,,,,,,,,30,,0225-DGJZT-BS-YIN-DMRM-NEG.d,,Find by MRM,,
79,DGJZT_DG_42_3,,,491.1,,,,,100,,,,3.789,,,484,0.172,3292,,,,,Acq,,,,,,,,,,,,,,,30,,0225-DGJZT-BS-YIN-DMRM-NEG.d,,Find by MRM,,
80,DGJZT_DG_42_1,,,491.1,,,,,100,,,,3.747,,,130,0.261,1135,,,,,Acq,,,,,,,,,,,,,,,30,,0225-DGJZT-BS-YIN-DMRM-NEG.d,,Find by MRM,,
81,DGJZT_BS_40_2,,,391.2,,,,,100,,,,3.658,,,7,0.084,22,,,,,Acq,,,,,,,,,,,,,,,30,,0225-DGJZT-BS-YIN-DMRM-NEG.d,,Find by MRM,,
82,DGJZT_BS_40_3,,,391.2,,,,,100,,,,3.717,,,3,0.099,10,,,,,Acq,,,,,,,,,,,,,,,30,,0225-DGJZT-BS-YIN-DMRM-NEG.d,,Find by MRM,,
83,DGJZT_GZ_4_1,,,349.1,,,,,100,,,,3.82,,,259,0.364,2105,,,,,Acq,,,,,,,,,,,,,,,30,,0225-DGJZT-BS-YIN-DMRM-NEG.d,,Find by MRM,,
84,DGJZT_DG_43_1,,,293.1,,,,,100,,,,3.829,,,194,0.241,1271,,,,,Acq,,,,,,,,,,,,,,,30,,0225-DGJZT-BS-YIN-DMRM-NEG.d,,Find by MRM,,
85,DGJZT_CGC_7_1,,,631.1,,,,,100,,,,3.83,,,361,0.435,4175,,,,,Acq,,,,,,,,,,,,,,,30,,0225-DGJZT-BS-YIN-DMRM-NEG.d,,Find by MRM,,
86,DGJZT_DG_42_2,,,491.1,,,,,100,,,,3.78,,,627,0.479,8474,,,,,Acq,,,,,,,,,,,,,,,30,,0225-DGJZT-BS-YIN-DMRM-NEG.d,,Find by MRM,,
87,DGJZT_BS_45_1,,,635.1,,,,,100,,,,4.133,,,3,0.093,7,,,,,Acq,,,,,,,,,,,,,,,30,,0225-DGJZT-BS-YIN-DMRM-NEG.d,,Find by MRM,,
88,DGJZT_DZ_23_1,,,477.2,,,,,100,,,,3.925,,,152,0.196,868,,,,,Acq,,,,,,,,,,,,,,,30,,0225-DGJZT-BS-YIN-DMRM-NEG.d,,Find by MRM,,
89,DGJZT_DZ_24_2,,,431.2,,,,,100,,,,3.917,,,121,0.287,715,,,,,Acq,,,,,,,,,,,,,,,30,,0225-DGJZT-BS-YIN-DMRM-NEG.d,,Find by MRM,,
90,DGJZT_DZ_24_1,,,431.2,,,,,100,,,,3.926,,,148,0.211,819,,,,,Acq,,,,,,,,,,,,,,,30,,0225-DGJZT-BS-YIN-DMRM-NEG.d,,Find by MRM,,
91,DGJZT_DZ_25_2,,,639.2,,,,,100,,,,4.032,,,94,0.327,768,,,,,Acq,,,,,,,,,,,,,,,30,,0225-DGJZT-BS-YIN-DMRM-NEG.d,,Find by MRM,,
92,DGJZT_DG_46_2,,,353.1,,,,,100,,,,4.02,,,1757,0.385,18185,,,,,Acq,,,,,,,,,,,,,,,30,,0225-DGJZT-BS-YIN-DMRM-NEG.d,,Find by MRM,,
93,DGJZT_DG_46_1,,,353.1,,,,,100,,,,4.012,,,1355,0.397,14268,,,,,Acq,,,,,,,,,,,,,,,30,,0225-DGJZT-BS-YIN-DMRM-NEG.d,,Find by MRM,,
94,DGJZT_DZ_25_3,,,639.2,,,,,100,,,,4.023,,,325,0.345,2475,,,,,Acq,,,,,,,,,,,,,,,30,,0225-DGJZT-BS-YIN-DMRM-NEG.d,,Find by MRM,,
95,DGJZT_DZ_25_1,,,639.2,,,,,100,,,,4.04,,,91,0.224,708,,,,,Acq,,,,,,,,,,,,,,,30,,0225-DGJZT-BS-YIN-DMRM-NEG.d,,Find by MRM,,
96,DGJZT_BS_44_1,,,511.1,,,,,100,,,,4.295,,,8,0.063,14,,,,,Acq,,,,,,,,,,,,,,,30,,0225-DGJZT-BS-YIN-DMRM-NEG.d,,Find by MRM,,
97,DGJZT_CGC_13_1,,,789.2,,,,,100,,,,4.122,,,9044,0.402,59428,,,,,Acq,,,,,,,,,,,,,,,30,,0225-DGJZT-BS-YIN-DMRM-NEG.d,,Find by MRM,,
98,DGJZT_CGC_16_1,,,625.2,,,,,100,,,,4.151,,,1897,0.373,14370,,,,,Acq,,,,,,,,,,,,,,,30,,0225-DGJZT-BS-YIN-DMRM-NEG.d,,Find by MRM,,
99,DGJZT_BS_46_3,,,525.2,,,,,100,,,,4.101,,,3,0.091,6,,,,,Acq,,,,,,,,,,,,,,,30,,0225-DGJZT-BS-YIN-DMRM-NEG.d,,Find by MRM,,
100,DGJZT_CGC_14_1,,,417.1,,,,,100,,,,4.162,,,1077,0.382,8962,,,,,Acq,,,,,,,,,,,,,,,30,,0225-DGJZT-BS-YIN-DMRM-NEG.d,,Find by MRM,,
101,DGJZT_CGC_18_1,,,711.2,,,,,100,,,,4.207,,,396,0.368,3179,,,,,Acq,,,,,,,,,,,,,,,30,,0225-DGJZT-BS-YIN-DMRM-NEG.d,,Find by MRM,,
102,DGJZT_CGC_14_3,,,417.1,,,,,100,,,,4.154,,,1242,0.408,10164,,,,,Acq,,,,,,,,,,,,,,,30,,0225-DGJZT-BS-YIN-DMRM-NEG.d,,Find by MRM,,
103,DGJZT_CGC_14_2,,,417.1,,,,,100,,,,4.154,,,413,0.458,3621,,,,,Acq,,,,,,,,,,,,,,,30,,0225-DGJZT-BS-YIN-DMRM-NEG.d,,Find by MRM,,
104,DGJZT_CGC_18_3,,,711.2,,,,,100,,,,4.182,,,3627,0.441,28499,,,,,Acq,,,,,,,,,,,,,,,30,,0225-DGJZT-BS-YIN-DMRM-NEG.d,,Find by MRM,,
105,DGJZT_CGC_17_1,,,549.2,,,,,100,,,,4.193,,,202,0.395,1593,,,,,Acq,,,,,,,,,,,,,,,30,,0225-DGJZT-BS-YIN-DMRM-NEG.d,,Find by MRM,,
106,DGJZT_BS_53_1,,,635.1,,,,,100,,,,4.368,,,2,0.164,7,,,,,Acq,,,,,,,,,,,,,,,30,,0225-DGJZT-BS-YIN-DMRM-NEG.d,,Find by MRM,,
107,DGJZT_BS_51_2,,,183,,,,,100,,,,4.306,,,7,0.159,26,,,,,Acq,,,,,,,,,,,,,,,30,,0225-DGJZT-BS-YIN-DMRM-NEG.d,,Find by MRM,,
108,DGJZT_BS_51_1,,,183,,,,,100,,,,4.265,,,7,0.116,21,,,,,Acq,,,,,,,,,,,,,,,30,,0225-DGJZT-BS-YIN-DMRM-NEG.d,,Find by MRM,,
109,DGJZT_DZ_26_2,,,755.3,,,,,100,,,,4.324,,,205,0.368,1489,,,,,Acq,,,,,,,,,,,,,,,30,,0225-DGJZT-BS-YIN-DMRM-NEG.d,,Find by MRM,,
110,DGJZT_BS_56_1,,,687.2,,,,,100,,,,4.584,,,7,0.108,19,,,,,Acq,,,,,,,,,,,,,,,30,,0225-DGJZT-BS-YIN-DMRM-NEG.d,,Find by MRM,,
111,DGJZT_BS_54_1,,,327.1,,,,,100,,,,4.556,,,3,0.116,11,,,,,Acq,,,,,,,,,,,,,,,30,,0225-DGJZT-BS-YIN-DMRM-NEG.d,,Find by MRM,,
112,DGJZT_DG_49_1,,,215.1,,,,,100,,,,4.438,,,81,0.343,748,,,,,Acq,,,,,,,,,,,,,,,30,,0225-DGJZT-BS-YIN-DMRM-NEG.d,,Find by MRM,,
113,DGJZT_DG_49_2,,,215.1,,,,,100,,,,4.439,,,138,0.359,1415,,,,,Acq,,,,,,,,,,,,,,,30,,0225-DGJZT-BS-YIN-DMRM-NEG.d,,Find by MRM,,
114,DGJZT_CGC_19_1,,,593.2,,,,,100,,,,4.603,,,806,0.392,6560,,,,,Acq,,,,,,,,,,,,,,,30,,0225-DGJZT-BS-YIN-DMRM-NEG.d,,Find by MRM,,
115,DGJZT_BS_60_1,,,631.2,,,,,100,,,,4.827,,,3,0.109,8,,,,,Acq,,,,,,,,,,,,,,,30,,0225-DGJZT-BS-YIN-DMRM-NEG.d,,Find by MRM,,
116,DGJZT_BS_60_3,,,631.2,,,,,100,,,,4.802,,,5,0.142,11,,,,,Acq,,,,,,,,,,,,,,,30,,0225-DGJZT-BS-YIN-DMRM-NEG.d,,Find by MRM,,
117,DGJZT_BS_61_1,,,491.1,,,,,100,,,,4.746,,,10,0.284,96,,,,,Acq,,,,,,,,,,,,,,,30,,0225-DGJZT-BS-YIN-DMRM-NEG.d,,Find by MRM,,
118,DGJZT_GZ_6_2,,,415.1,,,,,100,,,,4.763,,,196,0.369,1512,,,,,Acq,,,,,,,,,,,,,,,30,,0225-DGJZT-BS-YIN-DMRM-NEG.d,,Find by MRM,,
119,DGJZT_GZ_6_1,,,415.1,,,,,100,,,,4.755,,,205,0.397,1871,,,,,Acq,,,,,,,,,,,,,,,30,,0225-DGJZT-BS-YIN-DMRM-NEG.d,,Find by MRM,,
120,DGJZT_BS_62_2,,,519.2,,,,,100,,,,4.687,,,10,0.162,48,,,,,Acq,,,,,,,,,,,,,,,30,,0225-DGJZT-BS-YIN-DMRM-NEG.d,,Find by MRM,,
121,DGJZT_BS_62_1,,,519.2,,,,,100,,,,4.662,,,5,0.182,32,,,,,Acq,,,,,,,,,,,,,,,30,,0225-DGJZT-BS-YIN-DMRM-NEG.d,,Find by MRM,,
122,DGJZT_BS_66_3,,,687.2,,,,,100,,,,4.659,,,10,0.125,44,,,,,Acq,,,,,,,,,,,,,,,30,,0225-DGJZT-BS-YIN-DMRM-NEG.d,,Find by MRM,,
123,DGJZT_BS_66_1,,,687.2,,,,,100,,,,4.86,,,7,0.114,24,,,,,Acq,,,,,,,,,,,,,,,30,,0225-DGJZT-BS-YIN-DMRM-NEG.d,,Find by MRM,,
124,DGJZT_BS_66_2,,,687.2,,,,,100,,,,4.919,,,6,0.139,23,,,,,Acq,,,,,,,,,,,,,,,30,,0225-DGJZT-BS-YIN-DMRM-NEG.d,,Find by MRM,,
125,DGJZT_GZ_8_2,,,327.1,,,,,100,,,,4.95,,,278,0.402,2184,,,,,Acq,,,,,,,,,,,,,,,30,,0225-DGJZT-BS-YIN-DMRM-NEG.d,,Find by MRM,,
126,DGJZT_GZ_8_1,,,327.1,,,,,100,,,,4.95,,,653,0.484,5426,,,,,Acq,,,,,,,,,,,,,,,30,,0225-DGJZT-BS-YIN-DMRM-NEG.d,,Find by MRM,,
127,DGJZT_GZ_8_3,,,327.1,,,,,100,,,,4.935,,,38,0.344,283,,,,,Acq,,,,,,,,,,,,,,,30,,0225-DGJZT-BS-YIN-DMRM-NEG.d,,Find by MRM,,
128,DGJZT_GZ_9_3,,,363.1,,,,,100,,,,5.032,,,54,0.345,496,,,,,Acq,,,,,,,,,,,,,,,30,,0225-DGJZT-BS-YIN-DMRM-NEG.d,,Find by MRM,,
129,DGJZT_DZ_28_3,,,340.2,,,,,100,,,,5.075,,,920,0.336,7794,,,,,Acq,,,,,,,,,,,,,,,30,,0225-DGJZT-BS-YIN-DMRM-NEG.d,,Find by MRM,,
130,DGJZT_DZ_28_2,,,340.2,,,,,100,,,,5.065,,,3669,0.389,31172,,,,,Acq,,,,,,,,,,,,,,,30,,0225-DGJZT-BS-YIN-DMRM-NEG.d,,Find by MRM,,
131,DGJZT_DZ_28_1,,,340.2,,,,,100,,,,5.066,,,846,0.374,7306,,,,,Acq,,,,,,,,,,,,,,,30,,0225-DGJZT-BS-YIN-DMRM-NEG.d,,Find by MRM,,
132,DGJZT_BS_75_1,,,525.2,,,,,100,,,,5.114,,,47,0.284,381,,,,,Acq,,,,,,,,,,,,,,,30,,0225-DGJZT-BS-YIN-DMRM-NEG.d,,Find by MRM,,
133,DGJZT_DZ_30_1,,,579.3,,,,,100,,,,5.204,,,169,0.47,1354,,,,,Acq,,,,,,,,,,,,,,,30,,0225-DGJZT-BS-YIN-DMRM-NEG.d,,Find by MRM,,
134,DGJZT_BS_79_1,,,787.1,,,,,100,,,,5.253,,,0,0.251,2,,,,,Acq,,,,,,,,,,,,,,,30,,0225-DGJZT-BS-YIN-DMRM-NEG.d,,Find by MRM,,
135,DGJZT_SJ_4_1,,,519.2,,,,,100,,,,5.215,,,281,0.405,2947,,,,,Acq,,,,,,,,,,,,,,,30,,0225-DGJZT-BS-YIN-DMRM-NEG.d,,Find by MRM,,
136,DGJZT_BS_80_2,,,631.2,,,,,100,,,,5.137,,,7,0.141,19,,,,,Acq,,,,,,,,,,,,,,,30,,0225-DGJZT-BS-YIN-DMRM-NEG.d,,Find by MRM,,
137,DGJZT_BS_80_1,,,631.2,,,,,100,,,,5.162,,,2,0.134,6,,,,,Acq,,,,,,,,,,,,,,,30,,0225-DGJZT-BS-YIN-DMRM-NEG.d,,Find by MRM,,
138,DGJZT_DZ_31_1,,,741.2,,,,,100,,,,5.329,,,332,0.326,2465,,,,,Acq,,,,,,,,,,,,,,,30,,0225-DGJZT-BS-YIN-DMRM-NEG.d,,Find by MRM,,
139,DGJZT_BS_81_2,,,541.2,,,,,100,,,,5.255,,,3,0.109,6,,,,,Acq,,,,,,,,,,,,,,,30,,0225-DGJZT-BS-YIN-DMRM-NEG.d,,Find by MRM,,
140,DGJZT_BS_81_1,,,541.2,,,,,100,,,,5.222,,,2,0.042,4,,,,,Acq,,,,,,,,,,,,,,,30,,0225-DGJZT-BS-YIN-DMRM-NEG.d,,Find by MRM,,
141,DGJZT_DG_58_2,,,367.1,,,,,100,,,,5.395,,,228,0.321,2007,,,,,Acq,,,,,,,,,,,,,,,30,,0225-DGJZT-BS-YIN-DMRM-NEG.d,,Find by MRM,,
142,DGJZT_DG_58_1,,,367.1,,,,,100,,,,5.394,,,743,0.38,5673,,,,,Acq,,,,,,,,,,,,,,,30,,0225-DGJZT-BS-YIN-DMRM-NEG.d,,Find by MRM,,
143,DGJZT_DG_58_3,,,367.1,,,,,100,,,,5.369,,,286,0.435,2590,,,,,Acq,,,,,,,,,,,,,,,30,,0225-DGJZT-BS-YIN-DMRM-NEG.d,,Find by MRM,,
144,DGJZT_BS_86_3,,,525.2,,,,,100,,,,5.475,,,56,0.211,281,,,,,Acq,,,,,,,,,,,,,,,30,,0225-DGJZT-BS-YIN-DMRM-NEG.d,,Find by MRM,,
145,DGJZT_BS_86_2,,,525.2,,,,,100,,,,5.65,,,3,0.076,7,,,,,Acq,,,,,,,,,,,,,,,30,,0225-DGJZT-BS-YIN-DMRM-NEG.d,,Find by MRM,,
146,DGJZT_BS_86_1,,,525.2,,,,,100,,,,5.467,,,369,0.391,3411,,,,,Acq,,,,,,,,,,,,,,,30,,0225-DGJZT-BS-YIN-DMRM-NEG.d,,Find by MRM,,
147,DGJZT_BS_85_3,,,449.1,,,,,100,,,,5.745,,,7,0.1,23,,,,,Acq,,,,,,,,,,,,,,,30,,0225-DGJZT-BS-YIN-DMRM-NEG.d,,Find by MRM,,
148,DGJZT_BS_85_2,,,449.1,,,,,100,,,,5.662,,,3,0.103,6,,,,,Acq,,,,,,,,,,,,,,,30,,0225-DGJZT-BS-YIN-DMRM-NEG.d,,Find by MRM,,
149,DGJZT_BS_85_1,,,449.1,,,,,100,,,,5.453,,,12,0.141,54,,,,,Acq,,,,,,,,,,,,,,,30,,0225-DGJZT-BS-YIN-DMRM-NEG.d,,Find by MRM,,
150,DGJZT_BS_82_3,,,327.1,,,,,100,,,,5.538,,,5,0.1,12,,,,,Acq,,,,,,,,,,,,,,,30,,0225-DGJZT-BS-YIN-DMRM-NEG.d,,Find by MRM,,
151,DGJZT_BS_96_3,,,497.2,,,,,100,,,,5.685,,,3,0.108,7,,,,,Acq,,,,,,,,,,,,,,,30,,0225-DGJZT-BS-YIN-DMRM-NEG.d,,Find by MRM,,
152,DGJZT_CGC_24_2,,,579.2,,,,,100,,,,5.624,,,1895,0.305,14534,,,,,Acq,,,,,,,,,,,,,,,30,,0225-DGJZT-BS-YIN-DMRM-NEG.d,,Find by MRM,,
153,DGJZT_BS_96_2,,,497.2,,,,,100,,,,5.502,,,3,0.108,8,,,,,Acq,,,,,,,,,,,,,,,30,,0225-DGJZT-BS-YIN-DMRM-NEG.d,,Find by MRM,,
154,DGJZT_GZ_11_3,,,581.2,,,,,100,,,,5.674,,,157,0.387,1544,,,,,Acq,,,,,,,,,,,,,,,30,,0225-DGJZT-BS-YIN-DMRM-NEG.d,,Find by MRM,,
155,DGJZT_CGC_24_1,,,579.2,,,,,100,,,,5.624,,,138,0.282,1067,,,,,Acq,,,,,,,,,,,,,,,30,,0225-DGJZT-BS-YIN-DMRM-NEG.d,,Find by MRM,,
156,DGJZT_CGC_27_1,,,737.2,,,,,100,,,,5.857,,,266,0.318,2209,,,,,Acq,,,,,,,,,,,,,,,30,,0225-DGJZT-BS-YIN-DMRM-NEG.d,,Find by MRM,,
157,DGJZT_BS_97_1,,,495.2,,,,,100,,,,5.855,,,8,0.136,32,,,,,Acq,,,,,,,,,,,,,,,30,,0225-DGJZT-BS-YIN-DMRM-NEG.d,,Find by MRM,,
158,DGJZT_CGC_26_1,,,737.2,,,,,100,,,,5.849,,,184,0.493,2391,,,,,Acq,,,,,,,,,,,,,,,30,,0225-DGJZT-BS-YIN-DMRM-NEG.d,,Find by MRM,,
159,DGJZT_CGC_28_1,,,625.2,,,,,100,,,,5.908,,,725,0.326,5793,,,,,Acq,,,,,,,,,,,,,,,30,,0225-DGJZT-BS-YIN-DMRM-NEG.d,,Find by MRM,,
160,DGJZT_BS_101_1,,,787.1,,,,,100,,,,5.907,,,6,0.269,25,,,,,Acq,,,,,,,,,,,,,,,30,,0225-DGJZT-BS-YIN-DMRM-NEG.d,,Find by MRM,,
161,DGJZT_BS_102_2,,,519.2,,,,,100,,,,5.929,,,7,0.114,20,,,,,Acq,,,,,,,,,,,,,,,30,,0225-DGJZT-BS-YIN-DMRM-NEG.d,,Find by MRM,,
162,DGJZT_BS_102_1,,,519.2,,,,,100,,,,5.777,,,3,0.136,11,,,,,Acq,,,,,,,,,,,,,,,30,,0225-DGJZT-BS-YIN-DMRM-NEG.d,,Find by MRM,,
163,DGJZT_CGC_29_1,,,415.1,,,,,100,,,,5.923,,,420,0.295,3477,,,,,Acq,,,,,,,,,,,,,,,30,,0225-DGJZT-BS-YIN-DMRM-NEG.d,,Find by MRM,,
164,DGJZT_DZ_32_2,,,623.3,,,,,100,,,,6.085,,,623,0.301,5342,,,,,Acq,,,,,,,,,,,,,,,30,,0225-DGJZT-BS-YIN-DMRM-NEG.d,,Find by MRM,,
165,DGJZT_DZ_32_1,,,623.3,,,,,100,,,,6.053,,,88,0.418,1028,,,,,Acq,,,,,,,,,,,,,,,30,,0225-DGJZT-BS-YIN-DMRM-NEG.d,,Find by MRM,,
166,DGJZT_BS_103_2,,,787.1,,,,,100,,,,5.948,,,4,0.066,8,,,,,Acq,,,,,,,,,,,,,,,30,,0225-DGJZT-BS-YIN-DMRM-NEG.d,,Find by MRM,,
167,DGJZT_BS_103_1,,,787.1,,,,,100,,,,6.008,,,6,0.091,11,,,,,Acq,,,,,,,,,,,,,,,30,,0225-DGJZT-BS-YIN-DMRM-NEG.d,,Find by MRM,,
168,DGJZT_DG_61_2,,,527.2,,,,,100,,,,6.139,,,190,0.428,1675,,,,,Acq,,,,,,,,,,,,,,,30,,0225-DGJZT-BS-YIN-DMRM-NEG.d,,Find by MRM,,
169,DGJZT_BS_104_2,,,477.1,,,,,100,,,,6.366,,,2,0.082,5,,,,,Acq,,,,,,,,,,,,,,,30,,0225-DGJZT-BS-YIN-DMRM-NEG.d,,Find by MRM,,
170,DGJZT_DZ_33_3,,,609.1,,,,,100,,,,6.303,,,3422,0.421,31213,,,,,Acq,,,,,,,,,,,,,,,30,,0225-DGJZT-BS-YIN-DMRM-NEG.d,,Find by MRM,,
171,DGJZT_DZ_33_1,,,609.1,,,,,100,,,,6.295,,,5713,0.428,52214,,,,,Acq,,,,,,,,,,,,,,,30,,0225-DGJZT-BS-YIN-DMRM-NEG.d,,Find by MRM,,
172,DGJZT_CGC_33_1,,,579.2,,,,,100,,,,6.312,,,868,0.258,7281,,,,,Acq,,,,,,,,,,,,,,,30,,0225-DGJZT-BS-YIN-DMRM-NEG.d,,Find by MRM,,
173,DGJZT_CGC_33_2,,,579.2,,,,,100,,,,6.487,,,95,0.185,552,,,,,Acq,,,,,,,,,,,,,,,30,,0225-DGJZT-BS-YIN-DMRM-NEG.d,,Find by MRM,,
174,DGJZT_GZ_15_1,,,559.2,,,,,100,,,,6.296,,,1951,0.407,15724,,,,,Acq,,,,,,,,,,,,,,,30,,0225-DGJZT-BS-YIN-DMRM-NEG.d,,Find by MRM,,
175,DGJZT_DZ_33_2,,,609.1,,,,,100,,,,6.287,,,138,0.35,1034,,,,,Acq,,,,,,,,,,,,,,,30,,0225-DGJZT-BS-YIN-DMRM-NEG.d,,Find by MRM,,
176,DGJZT_CGC_31_1,,,549.2,,,,,100,,,,6.405,,,102066,0.357,973163,,,,,Acq,,,,,,,,,,,,,,,30,,0225-DGJZT-BS-YIN-DMRM-NEG.d,,Find by MRM,,
177,DGJZT_CGC_31_2,,,549.2,,,,,100,,,,6.398,,,8957,0.366,84751,,,,,Acq,,,,,,,,,,,,,,,30,,0225-DGJZT-BS-YIN-DMRM-NEG.d,,Find by MRM,,
178,DGJZT_CGC_31_3,,,549.2,,,,,100,,,,6.39,,,1737,0.309,16255,,,,,Acq,,,,,,,,,,,,,,,30,,0225-DGJZT-BS-YIN-DMRM-NEG.d,,Find by MRM,,
179,DGJZT_CGC_40_2,,,1099.3,,,,,100,,,,6.392,,,12150,0.352,81199,,,,,Acq,,,,,,,,,,,,,,,30,,0225-DGJZT-BS-YIN-DMRM-NEG.d,,Find by MRM,,
180,DGJZT_CGC_36_1,,,549.2,,,,,100,,,,6.404,,,98450,0.364,900362,,,,,Acq,,,,,,,,,,,,,,,30,,0225-DGJZT-BS-YIN-DMRM-NEG.d,,Find by MRM,,
181,DGJZT_CGC_36_2,,,549.2,,,,,100,,,,6.397,,,8244,0.35,72288,,,,,Acq,,,,,,,,,,,,,,,30,,0225-DGJZT-BS-YIN-DMRM-NEG.d,,Find by MRM,,
182,DGJZT_CGC_36_3,,,549.2,,,,,100,,,,6.405,,,1708,0.356,14800,,,,,Acq,,,,,,,,,,,,,,,30,,0225-DGJZT-BS-YIN-DMRM-NEG.d,,Find by MRM,,
183,DGJZT_CGC_43_3,,,707.2,,,,,100,,,,6.502,,,3302,0.34,28788,,,,,Acq,,,,,,,,,,,,,,,30,,0225-DGJZT-BS-YIN-DMRM-NEG.d,,Find by MRM,,
184,DGJZT_CGC_43_1,,,707.2,,,,,100,,,,6.578,,,413,0.26,4298,,,,,Acq,,,,,,,,,,,,,,,30,,0225-DGJZT-BS-YIN-DMRM-NEG.d,,Find by MRM,,
185,DGJZT_BS_105_1,,,441.1,,,,,100,,,,6.424,,,7,0.2,22,,,,,Acq,,,,,,,,,,,,,,,30,,0225-DGJZT-BS-YIN-DMRM-NEG.d,,Find by MRM,,
186,DGJZT_CGC_43_2,,,707.2,,,,,100,,,,6.502,,,413,0.392,4900,,,,,Acq,,,,,,,,,,,,,,,30,,0225-DGJZT-BS-YIN-DMRM-NEG.d,,Find by MRM,,
187,DGJZT_CGC_47_2,,,417.1,,,,,100,,,,6.583,,,25885,0.467,276573,,,,,Acq,,,,,,,,,,,,,,,30,,0225-DGJZT-BS-YIN-DMRM-NEG.d,,Find by MRM,,
188,DGJZT_CGC_47_3,,,417.1,,,,,100,,,,6.59,,,84141,0.469,848090,,,,,Acq,,,,,,,,,,,,,,,30,,0225-DGJZT-BS-YIN-DMRM-NEG.d,,Find by MRM,,
189,DGJZT_CGC_47_1,,,417.1,,,,,100,,,,6.583,,,73062,0.475,737701,,,,,Acq,,,,,,,,,,,,,,,30,,0225-DGJZT-BS-YIN-DMRM-NEG.d,,Find by MRM,,
190,DGJZT_BS_106_2,,,301,,,,,100,,,,6.684,,,5,0.113,13,,,,,Acq,,,,,,,,,,,,,,,30,,0225-DGJZT-BS-YIN-DMRM-NEG.d,,Find by MRM,,
191,DGJZT_CGC_54_1,,,565.2,,,,,100,,,,6.621,,,111,0.26,806,,,,,Acq,,,,,,,,,,,,,,,30,,0225-DGJZT-BS-YIN-DMRM-NEG.d,,Find by MRM,,
192,DGJZT_GZ_16_1,,,475.2,,,,,100,,,,6.765,,,85,0.385,886,,,,,Acq,,,,,,,,,,,,,,,30,,0225-DGJZT-BS-YIN-DMRM-NEG.d,,Find by MRM,,
193,DGJZT_BS_107_2,,,309.1,,,,,100,,,,6.8,,,4,0.083,8,,,,,Acq,,,,,,,,,,,,,,,30,,0225-DGJZT-BS-YIN-DMRM-NEG.d,,Find by MRM,,
194,DGJZT_BS_107_1,,,309.1,,,,,100,,,,6.7,,,5,0.098,11,,,,,Acq,,,,,,,,,,,,,,,30,,0225-DGJZT-BS-YIN-DMRM-NEG.d,,Find by MRM,,
195,DGJZT_BS_106_3,,,301,,,,,100,,,,6.868,,,16,0.083,53,,,,,Acq,,,,,,,,,,,,,,,30,,0225-DGJZT-BS-YIN-DMRM-NEG.d,,Find by MRM,,
196,DGJZT_BS_106_1,,,301,,,,,100,,,,6.71,,,11,0.167,36,,,,,Acq,,,,,,,,,,,,,,,30,,0225-DGJZT-BS-YIN-DMRM-NEG.d,,Find by MRM,,
197,DGJZT_BS_108_2,,,631.2,,,,,100,,,,7.058,,,0,0.025,9,,,,,Acq,,,,,,,,,,,,,,,30,,0225-DGJZT-BS-YIN-DMRM-NEG.d,,Find by MRM,,
198,DGJZT_SJ_5_3,,,475.2,,,,,100,,,,6.748,,,104,0.33,1079,,,,,Acq,,,,,,,,,,,,,,,30,,0225-DGJZT-BS-YIN-DMRM-NEG.d,,Find by MRM,,
199,DGJZT_BS_108_3,,,631.2,,,,,100,,,,6.881,,,10,0.093,25,,,,,Acq,,,,,,,,,,,,,,,30,,0225-DGJZT-BS-YIN-DMRM-NEG.d,,Find by MRM,,
200,DGJZT_BS_108_1,,,631.2,,,,,100,,,,6.713,,,9,0.093,21,,,,,Acq,,,,,,,,,,,,,,,30,,0225-DGJZT-BS-YIN-DMRM-NEG.d,,Find by MRM,,
201,DGJZT_DG_65_1,,,193,,,,,100,,,,6.827,,,1291,0.431,12850,,,,,Acq,,,,,,,,,,,,,,,30,,0225-DGJZT-BS-YIN-DMRM-NEG.d,,Find by MRM,,
202,DGJZT_DG_64_1,,,178,,,,,100,,,,6.828,,,1496,0.461,15001,,,,,Acq,,,,,,,,,,,,,,,30,,0225-DGJZT-BS-YIN-DMRM-NEG.d,,Find by MRM,,
203,DGJZT_DG_64_2,,,178,,,,,100,,,,6.812,,,1343,0.43,13157,,,,,Acq,,,,,,,,,,,,,,,30,,0225-DGJZT-BS-YIN-DMRM-NEG.d,,Find by MRM,,
204,DGJZT_DG_65_3,,,193,,,,,100,,,,6.819,,,1101,0.478,11460,,,,,Acq,,,,,,,,,,,,,,,30,,0225-DGJZT-BS-YIN-DMRM-NEG.d,,Find by MRM,,
205,DGJZT_BS_118_1,,,939.1,,,,,100,,,,7.013,,,0,0.285,1,,,,,Acq,,,,,,,,,,,,,,,30,,0225-DGJZT-BS-YIN-DMRM-NEG.d,,Find by MRM,,
206,DGJZT_BS_118_2,,,939.1,,,,,100,,,,7.039,,,2,0.109,5,,,,,Acq,,,,,,,,,,,,,,,30,,0225-DGJZT-BS-YIN-DMRM-NEG.d,,Find by MRM,,
207,DGJZT_BS_115_1,,,769.1,,,,,100,,,,7.006,,,0,0.282,1,,,,,Acq,,,,,,,,,,,,,,,30,,0225-DGJZT-BS-YIN-DMRM-NEG.d,,Find by MRM,,
208,DGJZT_BS_118_3,,,939.1,,,,,100,,,,7.022,,,0,0.178,1,,,,,Acq,,,,,,,,,,,,,,,30,,0225-DGJZT-BS-YIN-DMRM-NEG.d,,Find by MRM,,
209,DGJZT_BS_120_2,,,509.2,,,,,100,,,,6.916,,,6,0.134,16,,,,,Acq,,,,,,,,,,,,,,,30,,0225-DGJZT-BS-YIN-DMRM-NEG.d,,Find by MRM,,
210,DGJZT_DZ_34_2,,,204.1,,,,,100,,,,7.12,,,180,0.445,1826,,,,,Acq,,,,,,,,,,,,,,,30,,0225-DGJZT-BS-YIN-DMRM-NEG.d,,Find by MRM,,
211,DGJZT_DZ_36_2,,,637.3,,,,,100,,,,7.174,,,648,0.331,5904,,,,,Acq,,,,,,,,,,,,,,,30,,0225-DGJZT-BS-YIN-DMRM-NEG.d,,Find by MRM,,
212,DGJZT_DZ_36_1,,,637.3,,,,,100,,,,7.166,,,118,0.155,676,,,,,Acq,,,,,,,,,,,,,,,30,,0225-DGJZT-BS-YIN-DMRM-NEG.d,,Find by MRM,,
213,DGJZT_DZ_34_1,,,204.1,,,,,100,,,,7.154,,,237,0.352,2129,,,,,Acq,,,,,,,,,,,,,,,30,,0225-DGJZT-BS-YIN-DMRM-NEG.d,,Find by MRM,,
214,DGJZT_DZ_34_3,,,204.1,,,,,100,,,,7.103,,,148,0.186,705,,,,,Acq,,,,,,,,,,,,,,,30,,0225-DGJZT-BS-YIN-DMRM-NEG.d,,Find by MRM,,
215,DGJZT_DZ_36_3,,,637.3,,,,,100,,,,7.165,,,899,0.292,6686,,,,,Acq,,,,,,,,,,,,,,,30,,0225-DGJZT-BS-YIN-DMRM-NEG.d,,Find by MRM,,
216,DGJZT_SJ_6_2,,,375.1,,,,,100,,,,7.219,,,1069,0.362,8899,,,,,Acq,,,,,,,,,,,,,,,30,,0225-DGJZT-BS-YIN-DMRM-NEG.d,,Find by MRM,,
217,DGJZT_SJ_6_1,,,375.1,,,,,100,,,,7.228,,,1354,0.432,12464,,,,,Acq,,,,,,,,,,,,,,,30,,0225-DGJZT-BS-YIN-DMRM-NEG.d,,Find by MRM,,
218,DGJZT_DG_66_1,,,209.1,,,,,100,,,,7.229,,,184,0.387,1676,,,,,Acq,,,,,,,,,,,,,,,30,,0225-DGJZT-BS-YIN-DMRM-NEG.d,,Find by MRM,,
219,DGJZT_DG_66_3,,,209.1,,,,,100,,,,7.237,,,84,0.336,871,,,,,Acq,,,,,,,,,,,,,,,30,,0225-DGJZT-BS-YIN-DMRM-NEG.d,,Find by MRM,,
220,DGJZT_GZ_18_3,,,557.2,,,,,100,,,,7.544,,,138,0.084,1689,,,,,Acq,,,,,,,,,,,,,,,30,,0225-DGJZT-BS-YIN-DMRM-NEG.d,,Find by MRM,,
221,DGJZT_GZ_18_2,,,557.2,,,,,100,,,,7.562,,,255,0.124,4935,,,,,Acq,,,,,,,,,,,,,,,30,,0225-DGJZT-BS-YIN-DMRM-NEG.d,,Find by MRM,,
222,DGJZT_GZ_18_1,,,557.2,,,,,100,,,,7.352,,,82,0.249,771,,,,,Acq,,,,,,,,,,,,,,,30,,0225-DGJZT-BS-YIN-DMRM-NEG.d,,Find by MRM,,
223,DGJZT_BS_123_1,,,507.2,,,,,100,,,,7.479,,,12,0.142,46,,,,,Acq,,,,,,,,,,,,,,,30,,0225-DGJZT-BS-YIN-DMRM-NEG.d,,Find by MRM,,
224,DGJZT_BS_125_3,,,567.2,,,,,100,,,,7.754,,,9,0.106,28,,,,,Acq,,,,,,,,,,,,,,,30,,0225-DGJZT-BS-YIN-DMRM-NEG.d,,Find by MRM,,
225,DGJZT_BS_125_1,,,567.2,,,,,100,,,,7.603,,,4,0.068,8,,,,,Acq,,,,,,,,,,,,,,,30,,0225-DGJZT-BS-YIN-DMRM-NEG.d,,Find by MRM,,
226,DGJZT_BS_126_3,,,631.2,,,,,100,,,,7.475,,,7,0.1,15,,,,,Acq,,,,,,,,,,,,,,,30,,0225-DGJZT-BS-YIN-DMRM-NEG.d,,Find by MRM,,
227,DGJZT_BS_126_2,,,631.2,,,,,100,,,,7.358,,,3,0.101,6,,,,,Acq,,,,,,,,,,,,,,,30,,0225-DGJZT-BS-YIN-DMRM-NEG.d,,Find by MRM,,
228,DGJZT_BS_126_1,,,631.2,,,,,100,,,,7.76,,,4,0.118,10,,,,,Acq,,,,,,,,,,,,,,,30,,0225-DGJZT-BS-YIN-DMRM-NEG.d,,Find by MRM,,
229,DGJZT_GZ_19_1,,,421.2,,,,,100,,,,7.631,,,88,0.328,749,,,,,Acq,,,,,,,,,,,,,,,30,,0225-DGJZT-BS-YIN-DMRM-NEG.d,,Find by MRM,,
230,DGJZT_CGC_65_1,,,635.2,,,,,100,,,,7.675,,,1474,0.428,13741,,,,,Acq,,,,,,,,,,,,,,,30,,0225-DGJZT-BS-YIN-DMRM-NEG.d,,Find by MRM,,
231,DGJZT_CGC_64_1,,,591.2,,,,,100,,,,7.677,,,285,0.199,1787,,,,,Acq,,,,,,,,,,,,,,,30,,0225-DGJZT-BS-YIN-DMRM-NEG.d,,Find by MRM,,
232,DGJZT_CGC_64_2,,,591.2,,,,,100,,,,7.694,,,21,0.208,111,,,,,Acq,,,,,,,,,,,,,,,30,,0225-DGJZT-BS-YIN-DMRM-NEG.d,,Find by MRM,,
233,DGJZT_BS_127_1,,,345.2,,,,,100,,,,7.9,,,16,0.095,36,,,,,Acq,,,,,,,,,,,,,,,30,,0225-DGJZT-BS-YIN-DMRM-NEG.d,,Find by MRM,,
234,DGJZT_BS_128_2,,,503.2,,,,,100,,,,7.763,,,5,0.109,12,,,,,Acq,,,,,,,,,,,,,,,30,,0225-DGJZT-BS-YIN-DMRM-NEG.d,,Find by MRM,,
235,DGJZT_BS_128_1,,,503.2,,,,,100,,,,7.89,,,7,0.093,24,,,,,Acq,,,,,,,,,,,,,,,30,,0225-DGJZT-BS-YIN-DMRM-NEG.d,,Find by MRM,,
236,DGJZT_CGC_66_1,,,431.1,,,,,100,,,,7.841,,,528,0.466,6864,,,,,Acq,,,,,,,,,,,,,,,30,,0225-DGJZT-BS-YIN-DMRM-NEG.d,,Find by MRM,,
237,DGJZT_CGC_67_1,,,459.1,,,,,100,,,,7.915,,,1428,0.377,12822,,,,,Acq,,,,,,,,,,,,,,,30,,0225-DGJZT-BS-YIN-DMRM-NEG.d,,Find by MRM,,
238,DGJZT_CGC_67_2,,,459.1,,,,,100,,,,7.924,,,475,0.377,4506,,,,,Acq,,,,,,,,,,,,,,,30,,0225-DGJZT-BS-YIN-DMRM-NEG.d,,Find by MRM,,
239,DGJZT_DZ_37_3,,,671.3,,,,,100,,,,7.943,,,1255,0.421,12932,,,,,Acq,,,,,,,,,,,,,,,30,,0225-DGJZT-BS-YIN-DMRM-NEG.d,,Find by MRM,,
240,DGJZT_DZ_37_2,,,671.3,,,,,100,,,,7.943,,,888,0.429,9739,,,,,Acq,,,,,,,,,,,,,,,30,,0225-DGJZT-BS-YIN-DMRM-NEG.d,,Find by MRM,,
241,DGJZT_DZ_37_1,,,671.3,,,,,100,,,,7.96,,,102,0.365,973,,,,,Acq,,,,,,,,,,,,,,,30,,0225-DGJZT-BS-YIN-DMRM-NEG.d,,Find by MRM,,
242,DGJZT_BS_130_1,,,645.2,,,,,100,,,,7.869,,,2,0.096,5,,,,,Acq,,,,,,,,,,,,,,,30,,0225-DGJZT-BS-YIN-DMRM-NEG.d,,Find by MRM,,
243,DGJZT_CGC_69_1,,,433.1,,,,,100,,,,8.017,,,3427,0.477,34302,,,,,Acq,,,,,,,,,,,,,,,30,,0225-DGJZT-BS-YIN-DMRM-NEG.d,,Find by MRM,,
244,DGJZT_DG_68_2,,,515.1,,,,,100,,,,8.03,,,727,0.451,6828,,,,,Acq,,,,,,,,,,,,,,,30,,0225-DGJZT-BS-YIN-DMRM-NEG.d,,Find by MRM,,
245,DGJZT_DG_68_1,,,515.1,,,,,100,,,,8.03,,,995,0.445,9593,,,,,Acq,,,,,,,,,,,,,,,30,,0225-DGJZT-BS-YIN-DMRM-NEG.d,,Find by MRM,,
246,DGJZT_DG_68_3,,,515.1,,,,,100,,,,8.039,,,106,0.318,810,,,,,Acq,,,,,,,,,,,,,,,30,,0225-DGJZT-BS-YIN-DMRM-NEG.d,,Find by MRM,,
247,DGJZT_BS_132_1,,,525.2,,,,,100,,,,8.121,,,9,0.176,46,,,,,Acq,,,,,,,,,,,,,,,30,,0225-DGJZT-BS-YIN-DMRM-NEG.d,,Find by MRM,,
248,DGJZT_BS_132_3,,,525.2,,,,,100,,,,8.046,,,11,0.401,120,,,,,Acq,,,,,,,,,,,,,,,30,,0225-DGJZT-BS-YIN-DMRM-NEG.d,,Find by MRM,,
249,DGJZT_BS_134_1,,,509.2,,,,,100,,,,8.349,,,3,0.156,10,,,,,Acq,,,,,,,,,,,,,,,30,,0225-DGJZT-BS-YIN-DMRM-NEG.d,,Find by MRM,,
250,DGJZT_CGC_71_1,,,301.1,,,,,100,,,,8.193,,,819,0.48,8074,,,,,Acq,,,,,,,,,,,,,,,30,,0225-DGJZT-BS-YIN-DMRM-NEG.d,,Find by MRM,,
251,DGJZT_CGC_76_1,,,561.2,,,,,100,,,,8.531,,,2719,0.446,25275,,,,,Acq,,,,,,,,,,,,,,,30,,0225-DGJZT-BS-YIN-DMRM-NEG.d,,Find by MRM,,
252,DGJZT_CGC_76_2,,,561.2,,,,,100,,,,8.515,,,130,0.455,1216,,,,,Acq,,,,,,,,,,,,,,,30,,0225-DGJZT-BS-YIN-DMRM-NEG.d,,Find by MRM,,
253,DGJZT_GZ_20_2,,,361.2,,,,,100,,,,8.534,,,330,0.407,3139,,,,,Acq,,,,,,,,,,,,,,,30,,0225-DGJZT-BS-YIN-DMRM-NEG.d,,Find by MRM,,
254,DGJZT_CGC_80_1,,,549.2,,,,,100,,,,8.607,,,22042,0.302,158352,,,,,Acq,,,,,,,,,,,,,,,30,,0225-DGJZT-BS-YIN-DMRM-NEG.d,,Find by MRM,,
255,DGJZT_CGC_80_2,,,549.2,,,,,100,,,,8.608,,,2918,0.304,23255,,,,,Acq,,,,,,,,,,,,,,,30,,0225-DGJZT-BS-YIN-DMRM-NEG.d,,Find by MRM,,
256,DGJZT_GZ_20_1,,,361.2,,,,,100,,,,8.519,,,125,0.31,1128,,,,,Acq,,,,,,,,,,,,,,,30,,0225-DGJZT-BS-YIN-DMRM-NEG.d,,Find by MRM,,
257,DGJZT_CGC_83_1,,,591.2,,,,,100,,,,8.664,,,2361,0.439,20889,,,,,Acq,,,,,,,,,,,,,,,30,,0225-DGJZT-BS-YIN-DMRM-NEG.d,,Find by MRM,,
258,DGJZT_CGC_83_2,,,591.2,,,,,100,,,,8.656,,,176,0.453,1593,,,,,Acq,,,,,,,,,,,,,,,30,,0225-DGJZT-BS-YIN-DMRM-NEG.d,,Find by MRM,,
259,DGJZT_BS_137_1,,,507.1,,,,,100,,,,8.734,,,6,0.067,13,,,,,Acq,,,,,,,,,,,,,,,30,,0225-DGJZT-BS-YIN-DMRM-NEG.d,,Find by MRM,,
260,DGJZT_BS_138_3,,,783.2,,,,,100,,,,8.838,,,4,0.109,10,,,,,Acq,,,,,,,,,,,,,,,30,,0225-DGJZT-BS-YIN-DMRM-NEG.d,,Find by MRM,,
261,DGJZT_BS_138_1,,,783.2,,,,,100,,,,8.939,,,2,0.084,5,,,,,Acq,,,,,,,,,,,,,,,30,,0225-DGJZT-BS-YIN-DMRM-NEG.d,,Find by MRM,,
262,DGJZT_BS_139_1,,,631.2,,,,,100,,,,8.546,,,1,0.108,3,,,,,Acq,,,,,,,,,,,,,,,30,,0225-DGJZT-BS-YIN-DMRM-NEG.d,,Find by MRM,,
263,DGJZT_BS_140_1,,,505.2,,,,,100,,,,9.034,,,9,0.052,10,,,,,Acq,,,,,,,,,,,,,,,30,,0225-DGJZT-BS-YIN-DMRM-NEG.d,,Find by MRM,,
264,DGJZT_CGC_88_1,,,549.2,,,,,100,,,,8.858,,,4777,0.345,43007,,,,,Acq,,,,,,,,,,,,,,,30,,0225-DGJZT-BS-YIN-DMRM-NEG.d,,Find by MRM,,
265,DGJZT_CGC_88_2,,,549.2,,,,,100,,,,8.842,,,433,0.321,3664,,,,,Acq,,,,,,,,,,,,,,,30,,0225-DGJZT-BS-YIN-DMRM-NEG.d,,Find by MRM,,
266,DGJZT_CGC_90_1,,,459.1,,,,,100,,,,8.936,,,1793,0.432,17394,,,,,Acq,,,,,,,,,,,,,,,30,,0225-DGJZT-BS-YIN-DMRM-NEG.d,,Find by MRM,,
267,DGJZT_CGC_93_1,,,697.2,,,,,100,,,,8.99,,,122,0.435,1322,,,,,Acq,,,,,,,,,,,,,,,30,,0225-DGJZT-BS-YIN-DMRM-NEG.d,,Find by MRM,,
268,DGJZT_CGC_94_2,,,475.1,,,,,100,,,,8.985,,,8470,0.466,81123,,,,,Acq,,,,,,,,,,,,,,,30,,0225-DGJZT-BS-YIN-DMRM-NEG.d,,Find by MRM,,
269,DGJZT_CGC_94_1,,,475.1,,,,,100,,,,8.986,,,1240,0.491,11938,,,,,Acq,,,,,,,,,,,,,,,30,,0225-DGJZT-BS-YIN-DMRM-NEG.d,,Find by MRM,,
270,DGJZT_CGC_96_1,,,669.2,,,,,100,,,,8.999,,,513,0.469,5082,,,,,Acq,,,,,,,,,,,,,,,30,,0225-DGJZT-BS-YIN-DMRM-NEG.d,,Find by MRM,,
271,DGJZT_CGC_100_1,,,835.2,,,,,100,,,,9.072,,,737,0.385,5080,,,,,Acq,,,,,,,,,,,,,,,30,,0225-DGJZT-BS-YIN-DMRM-NEG.d,,Find by MRM,,
272,DGJZT_SJ_7_2,,,389.2,,,,,100,,,,9.004,,,571,0.453,5689,,,,,Acq,,,,,,,,,,,,,,,30,,0225-DGJZT-BS-YIN-DMRM-NEG.d,,Find by MRM,,
273,DGJZT_SJ_7_1,,,389.2,,,,,100,,,,9.022,,,1056,0.487,10311,,,,,Acq,,,,,,,,,,,,,,,30,,0225-DGJZT-BS-YIN-DMRM-NEG.d,,Find by MRM,,
274,DGJZT_CGC_99_1,,,417.1,,,,,100,,,,9.077,,,13062,0.473,124759,,,,,Acq,,,,,,,,,,,,,,,30,,0225-DGJZT-BS-YIN-DMRM-NEG.d,,Find by MRM,,
275,DGJZT_BS_143_1,,,615.2,,,,,100,,,,9.116,,,2,0.1,5,,,,,Acq,,,,,,,,,,,,,,,30,,0225-DGJZT-BS-YIN-DMRM-NEG.d,,Find by MRM,,
276,DGJZT_DG_70_2,,,237.1,,,,,100,,,,9.229,,,291,0.427,3646,,,,,Acq,,,,,,,,,,,,,,,30,,0225-DGJZT-BS-YIN-DMRM-NEG.d,,Find by MRM,,
277,DGJZT_DG_69_1,,,193.1,,,,,100,,,,9.273,,,2908,0.497,33855,,,,,Acq,,,,,,,,,,,,,,,30,,0225-DGJZT-BS-YIN-DMRM-NEG.d,,Find by MRM,,
278,DGJZT_DG_70_3,,,237.1,,,,,100,,,,9.254,,,572,0.457,7004,,,,,Acq,,,,,,,,,,,,,,,30,,0225-DGJZT-BS-YIN-DMRM-NEG.d,,Find by MRM,,
279,DGJZT_DG_69_2,,,193.1,,,,,100,,,,9.247,,,252,0.37,2532,,,,,Acq,,,,,,,,,,,,,,,30,,0225-DGJZT-BS-YIN-DMRM-NEG.d,,Find by MRM,,
280,DGJZT_DG_70_1,,,237.1,,,,,100,,,,9.263,,,2043,0.418,22478,,,,,Acq,,,,,,,,,,,,,,,30,,0225-DGJZT-BS-YIN-DMRM-NEG.d,,Find by MRM,,
281,DGJZT_DG_69_3,,,193.1,,,,,100,,,,9.222,,,116,0.443,1418,,,,,Acq,,,,,,,,,,,,,,,30,,0225-DGJZT-BS-YIN-DMRM-NEG.d,,Find by MRM,,
282,DGJZT_CGC_106_1,,,695.2,,,,,100,,,,9.383,,,1639,0.393,14133,,,,,Acq,,,,,,,,,,,,,,,30,,0225-DGJZT-BS-YIN-DMRM-NEG.d,,Find by MRM,,
283,DGJZT_CGC_106_2,,,695.2,,,,,100,,,,9.4,,,85,0.333,706,,,,,Acq,,,,,,,,,,,,,,,30,,0225-DGJZT-BS-YIN-DMRM-NEG.d,,Find by MRM,,
284,DGJZT_BS_144_2,,,493.2,,,,,100,,,,9.284,,,17,0.208,134,,,,,Acq,,,,,,,,,,,,,,,30,,0225-DGJZT-BS-YIN-DMRM-NEG.d,,Find by MRM,,
285,DGJZT_CGC_108_1,,,725.2,,,,,100,,,,9.416,,,1558,0.417,14477,,,,,Acq,,,,,,,,,,,,,,,30,,0225-DGJZT-BS-YIN-DMRM-NEG.d,,Find by MRM,,
286,DGJZT_BS_144_1,,,493.2,,,,,100,,,,9.745,,,22,0.083,32,,,,,Acq,,,,,,,,,,,,,,,30,,0225-DGJZT-BS-YIN-DMRM-NEG.d,,Find by MRM,,
287,DGJZT_BS_147_3,,,491.2,,,,,100,,,,9.31,,,4,0.033,26,,,,,Acq,,,,,,,,,,,,,,,30,,0225-DGJZT-BS-YIN-DMRM-NEG.d,,Find by MRM,,
288,DGJZT_BS_147_1,,,491.2,,,,,100,,,,9.377,,,18,0.235,124,,,,,Acq,,,,,,,,,,,,,,,30,,0225-DGJZT-BS-YIN-DMRM-NEG.d,,Find by MRM,,
289,DGJZT_DG_72_2,,,251.1,,,,,100,,,,9.555,,,514,0.413,6119,,,,,Acq,,,,,,,,,,,,,,,30,,0225-DGJZT-BS-YIN-DMRM-NEG.d,,Find by MRM,,
290,DGJZT_DG_72_1,,,251.1,,,,,100,,,,9.565,,,614,0.437,6458,,,,,Acq,,,,,,,,,,,,,,,30,,0225-DGJZT-BS-YIN-DMRM-NEG.d,,Find by MRM,,
291,DGJZT_DG_72_3,,,251.1,,,,,100,,,,9.607,,,250,0.383,2710,,,,,Acq,,,,,,,,,,,,,,,30,,0225-DGJZT-BS-YIN-DMRM-NEG.d,,Find by MRM,,
292,DGJZT_BS_147_2,,,491.2,,,,,100,,,,9.385,,,21,0.067,52,,,,,Acq,,,,,,,,,,,,,,,30,,0225-DGJZT-BS-YIN-DMRM-NEG.d,,Find by MRM,,
293,DGJZT_BS_149_2,,,507.2,,,,,100,,,,9.837,,,8,0.103,26,,,,,Acq,,,,,,,,,,,,,,,30,,0225-DGJZT-BS-YIN-DMRM-NEG.d,,Find by MRM,,
294,DGJZT_BS_149_1,,,507.2,,,,,100,,,,9.669,,,3,0.099,6,,,,,Acq,,,,,,,,,,,,,,,30,,0225-DGJZT-BS-YIN-DMRM-NEG.d,,Find by MRM,,
295,DGJZT_CGC_113_2,,,591.2,,,,,100,,,,9.818,,,222,0.314,1803,,,,,Acq,,,,,,,,,,,,,,,30,,0225-DGJZT-BS-YIN-DMRM-NEG.d,,Find by MRM,,
296,DGJZT_BS_150_3,,,493.2,,,,,100,,,,9.838,,,12,0.152,55,,,,,Acq,,,,,,,,,,,,,,,30,,0225-DGJZT-BS-YIN-DMRM-NEG.d,,Find by MRM,,
297,DGJZT_BS_150_1,,,493.2,,,,,100,,,,9.812,,,21,0.245,128,,,,,Acq,,,,,,,,,,,,,,,30,,0225-DGJZT-BS-YIN-DMRM-NEG.d,,Find by MRM,,
298,DGJZT_GZ_24_1,,,263.1,,,,,100,,,,9.85,,,162,0.38,1328,,,,,Acq,,,,,,,,,,,,,,,30,,0225-DGJZT-BS-YIN-DMRM-NEG.d,,Find by MRM,,
299,DGJZT_BS_154_2,,,491.2,,,,,100,,,,9.84,,,6,0.093,20,,,,,Acq,,,,,,,,,,,,,,,30,,0225-DGJZT-BS-YIN-DMRM-NEG.d,,Find by MRM,,
300,DGJZT_BS_153_1,,,445.2,,,,,100,,,,9.697,,,4,0.151,14,,,,,Acq,,,,,,,,,,,,,,,30,,0225-DGJZT-BS-YIN-DMRM-NEG.d,,Find by MRM,,
301,DGJZT_GZ_24_2,,,263.1,,,,,100,,,,9.85,,,296,0.446,2683,,,,,Acq,,,,,,,,,,,,,,,30,,0225-DGJZT-BS-YIN-DMRM-NEG.d,,Find by MRM,,
302,DGJZT_BS_155_2,,,507.2,,,,,100,,,,9.701,,,3,0.092,7,,,,,Acq,,,,,,,,,,,,,,,30,,0225-DGJZT-BS-YIN-DMRM-NEG.d,,Find by MRM,,
303,DGJZT_BS_154_3,,,491.2,,,,,100,,,,10.066,,,4,0.168,20,,,,,Acq,,,,,,,,,,,,,,,30,,0225-DGJZT-BS-YIN-DMRM-NEG.d,,Find by MRM,,
304,DGJZT_BS_154_1,,,491.2,,,,,100,,,,10.202,,,20,0.085,50,,,,,Acq,,,,,,,,,,,,,,,30,,0225-DGJZT-BS-YIN-DMRM-NEG.d,,Find by MRM,,
305,DGJZT_BS_153_2,,,445.2,,,,,100,,,,9.798,,,4,0.093,8,,,,,Acq,,,,,,,,,,,,,,,30,,0225-DGJZT-BS-YIN-DMRM-NEG.d,,Find by MRM,,
306,DGJZT_BS_156_1,,,569.2,,,,,100,,,,9.987,,,10,0.136,32,,,,,Acq,,,,,,,,,,,,,,,30,,0225-DGJZT-BS-YIN-DMRM-NEG.d,,Find by MRM,,
307,DGJZT_BS_156_2,,,569.2,,,,,100,,,,10.054,,,11,0.207,47,,,,,Acq,,,,,,,,,,,,,,,30,,0225-DGJZT-BS-YIN-DMRM-NEG.d,,Find by MRM,,
308,DGJZT_BS_150_2,,,493.2,,,,,100,,,,9.812,,,17,0.097,37,,,,,Acq,,,,,,,,,,,,,,,30,,0225-DGJZT-BS-YIN-DMRM-NEG.d,,Find by MRM,,
309,DGJZT_DG_73_2,,,429.1,,,,,100,,,,9.967,,,123,0.155,671,,,,,Acq,,,,,,,,,,,,,,,30,,0225-DGJZT-BS-YIN-DMRM-NEG.d,,Find by MRM,,
310,DGJZT_BS_155_3,,,507.2,,,,,100,,,,10.124,,,3,0.091,7,,,,,Acq,,,,,,,,,,,,,,,30,,0225-DGJZT-BS-YIN-DMRM-NEG.d,,Find by MRM,,
311,DGJZT_CGC_129_1,,,999.4,,,,,100,,,,10.078,,,231,0.323,1737,,,,,Acq,,,,,,,,,,,,,,,30,,0225-DGJZT-BS-YIN-DMRM-NEG.d,,Find by MRM,,
312,DGJZT_GZ_25_1,,,593.1,,,,,100,,,,10.062,,,351,0.401,2728,,,,,Acq,,,,,,,,,,,,,,,30,,0225-DGJZT-BS-YIN-DMRM-NEG.d,,Find by MRM,,
313,DGJZT_BS_157_1,,,567.2,,,,,100,,,,9.971,,,5,0.117,13,,,,,Acq,,,,,,,,,,,,,,,30,,0225-DGJZT-BS-YIN-DMRM-NEG.d,,Find by MRM,,
314,DGJZT_BS_152_1,,,521.3,,,,,100,,,,10.063,,,4,0.143,8,,,,,Acq,,,,,,,,,,,,,,,30,,0225-DGJZT-BS-YIN-DMRM-NEG.d,,Find by MRM,,
315,DGJZT_CGC_132_1,,,837.4,,,,,100,,,,10.103,,,529,0.253,3115,,,,,Acq,,,,,,,,,,,,,,,30,,0225-DGJZT-BS-YIN-DMRM-NEG.d,,Find by MRM,,
316,DGJZT_CGC_125_1,,,692.2,,,,,100,,,,10.13,,,592,0.395,4541,,,,,Acq,,,,,,,,,,,,,,,30,,0225-DGJZT-BS-YIN-DMRM-NEG.d,,Find by MRM,,
317,DGJZT_CGC_122_1,,,459.1,,,,,100,,,,10.117,,,125,0.266,819,,,,,Acq,,,,,,,,,,,,,,,30,,0225-DGJZT-BS-YIN-DMRM-NEG.d,,Find by MRM,,
318,DGJZT_GZ_26_3,,,421.1,,,,,100,,,,10.118,,,94,0.211,631,,,,,Acq,,,,,,,,,,,,,,,30,,0225-DGJZT-BS-YIN-DMRM-NEG.d,,Find by MRM,,
319,DGJZT_BS_160_1,,,507.2,,,,,100,,,,10.328,,,5,0.135,20,,,,,Acq,,,,,,,,,,,,,,,30,,0225-DGJZT-BS-YIN-DMRM-NEG.d,,Find by MRM,,
320,DGJZT_CGC_148_1,,,835.4,,,,,100,,,,10.256,,,119,0.223,627,,,,,Acq,,,,,,,,,,,,,,,30,,0225-DGJZT-BS-YIN-DMRM-NEG.d,,Find by MRM,,
321,DGJZT_BS_160_3,,,507.2,,,,,100,,,,10.09,,,4,0.143,11,,,,,Acq,,,,,,,,,,,,,,,30,,0225-DGJZT-BS-YIN-DMRM-NEG.d,,Find by MRM,,
322,DGJZT_BS_160_2,,,507.2,,,,,100,,,,10.311,,,5,0.144,14,,,,,Acq,,,,,,,,,,,,,,,30,,0225-DGJZT-BS-YIN-DMRM-NEG.d,,Find by MRM,,
323,DGJZT_CGC_150_1,,,695.2,,,,,100,,,,10.358,,,354,0.36,2430,,,,,Acq,,,,,,,,,,,,,,,30,,0225-DGJZT-BS-YIN-DMRM-NEG.d,,Find by MRM,,
324,DGJZT_CGC_152_1,,,953.5,,,,,100,,,,10.305,,,215,0.274,1470,,,,,Acq,,,,,,,,,,,,,,,30,,0225-DGJZT-BS-YIN-DMRM-NEG.d,,Find by MRM,,
325,DGJZT_CGC_151_1,,,725.2,,,,,100,,,,10.349,,,368,0.405,2930,,,,,Acq,,,,,,,,,,,,,,,30,,0225-DGJZT-BS-YIN-DMRM-NEG.d,,Find by MRM,,
326,DGJZT_CGC_156_1,,,895.4,,,,,100,,,,10.373,,,806,0.379,6575,,,,,Acq,,,,,,,,,,,,,,,30,,0225-DGJZT-BS-YIN-DMRM-NEG.d,,Find by MRM,,
327,DGJZT_CGC_161_1,,,853.4,,,,,100,,,,10.415,,,1188,0.297,8440,,,,,Acq,,,,,,,,,,,,,,,30,,0225-DGJZT-BS-YIN-DMRM-NEG.d,,Find by MRM,,
328,DGJZT_CGC_163_1,,,983.5,,,,,100,,,,10.421,,,1145,0.402,9062,,,,,Acq,,,,,,,,,,,,,,,30,,0225-DGJZT-BS-YIN-DMRM-NEG.d,,Find by MRM,,
329,DGJZT_CGC_163_2,,,983.5,,,,,100,,,,10.422,,,967,0.367,7373,,,,,Acq,,,,,,,,,,,,,,,30,,0225-DGJZT-BS-YIN-DMRM-NEG.d,,Find by MRM,,
330,DGJZT_BS_159_1,,,597.2,,,,,100,,,,10.368,,,3,0.093,6,,,,,Acq,,,,,,,,,,,,,,,30,,0225-DGJZT-BS-YIN-DMRM-NEG.d,,Find by MRM,,
331,DGJZT_CGC_175_1,,,669.2,,,,,100,,,,10.568,,,3842,0.31,26608,,,,,Acq,,,,,,,,,,,,,,,30,,0225-DGJZT-BS-YIN-DMRM-NEG.d,,Find by MRM,,
332,DGJZT_BS_164_3,,,661.3,,,,,100,,,,10.552,,,2,0.11,5,,,,,Acq,,,,,,,,,,,,,,,30,,0225-DGJZT-BS-YIN-DMRM-NEG.d,,Find by MRM,,
333,DGJZT_BS_164_1,,,661.3,,,,,100,,,,10.762,,,2,0.127,4,,,,,Acq,,,,,,,,,,,,,,,30,,0225-DGJZT-BS-YIN-DMRM-NEG.d,,Find by MRM,,
334,DGJZT_BS_164_2,,,661.3,,,,,100,,,,10.727,,,1,0.1,4,,,,,Acq,,,,,,,,,,,,,,,30,,0225-DGJZT-BS-YIN-DMRM-NEG.d,,Find by MRM,,
335,DGJZT_BS_162_3,,,629.2,,,,,100,,,,10.787,,,8,0.125,21,,,,,Acq,,,,,,,,,,,,,,,30,,0225-DGJZT-BS-YIN-DMRM-NEG.d,,Find by MRM,,
336,DGJZT_BS_162_1,,,629.2,,,,,100,,,,10.763,,,16,0.3,113,,,,,Acq,,,,,,,,,,,,,,,30,,0225-DGJZT-BS-YIN-DMRM-NEG.d,,Find by MRM,,
337,DGJZT_BS_167_3,,,629.2,,,,,100,,,,10.704,,,7,0.092,22,,,,,Acq,,,,,,,,,,,,,,,30,,0225-DGJZT-BS-YIN-DMRM-NEG.d,,Find by MRM,,
338,DGJZT_BS_167_1,,,629.2,,,,,100,,,,10.722,,,27,0.134,101,,,,,Acq,,,,,,,,,,,,,,,30,,0225-DGJZT-BS-YIN-DMRM-NEG.d,,Find by MRM,,
339,DGJZT_BS_166_1,,,553.2,,,,,100,,,,10.487,,,4,0.042,6,,,,,Acq,,,,,,,,,,,,,,,30,,0225-DGJZT-BS-YIN-DMRM-NEG.d,,Find by MRM,,
340,DGJZT_CGC_190_1,,,879.4,,,,,100,,,,10.757,,,3481,0.296,24181,,,,,Acq,,,,,,,,,,,,,,,30,,0225-DGJZT-BS-YIN-DMRM-NEG.d,,Find by MRM,,
341,DGJZT_CGC_190_3,,,879.4,,,,,100,,,,10.757,,,493,0.261,3193,,,,,Acq,,,,,,,,,,,,,,,30,,0225-DGJZT-BS-YIN-DMRM-NEG.d,,Find by MRM,,
342,DGJZT_CGC_200_1,,,837.4,,,,,100,,,,10.825,,,3846,0.199,25021,,,,,Acq,,,,,,,,,,,,,,,30,,0225-DGJZT-BS-YIN-DMRM-NEG.d,,Find by MRM,,
343,DGJZT_CGC_200_3,,,837.4,,,,,100,,,,10.826,,,462,0.356,4390,,,,,Acq,,,,,,,,,,,,,,,30,,0225-DGJZT-BS-YIN-DMRM-NEG.d,,Find by MRM,,
344,DGJZT_CGC_200_2,,,837.4,,,,,100,,,,10.826,,,244,0.389,1746,,,,,Acq,,,,,,,,,,,,,,,30,,0225-DGJZT-BS-YIN-DMRM-NEG.d,,Find by MRM,,
345,DGJZT_CGC_207_1,,,1027.5,,,,,100,,,,10.849,,,176,0.331,1454,,,,,Acq,,,,,,,,,,,,,,,30,,0225-DGJZT-BS-YIN-DMRM-NEG.d,,Find by MRM,,
346,DGJZT_CGC_209_1,,,835.4,,,,,100,,,,10.919,,,669,0.227,4083,,,,,Acq,,,,,,,,,,,,,,,30,,0225-DGJZT-BS-YIN-DMRM-NEG.d,,Find by MRM,,
347,DGJZT_CGC_218_1,,,865.4,,,,,100,,,,10.992,,,169,0.311,1129,,,,,Acq,,,,,,,,,,,,,,,30,,0225-DGJZT-BS-YIN-DMRM-NEG.d,,Find by MRM,,
348,DGJZT_SJ_9_2,,,433.2,,,,,100,,,,11.006,,,144,0.3,988,,,,,Acq,,,,,,,,,,,,,,,30,,0225-DGJZT-BS-YIN-DMRM-NEG.d,,Find by MRM,,
349,DGJZT_CGC_213_1,,,807.4,,,,,100,,,,10.961,,,146,0.29,923,,,,,Acq,,,,,,,,,,,,,,,30,,0225-DGJZT-BS-YIN-DMRM-NEG.d,,Find by MRM,,
350,DGJZT_CGC_217_1,,,297,,,,,100,,,,11.091,,,296,0.393,2119,,,,,Acq,,,,,,,,,,,,,,,30,,0225-DGJZT-BS-YIN-DMRM-NEG.d,,Find by MRM,,
351,DGJZT_CGC_224_1,,,881.4,,,,,100,,,,11.134,,,512,0.209,2678,,,,,Acq,,,,,,,,,,,,,,,30,,0225-DGJZT-BS-YIN-DMRM-NEG.d,,Find by MRM,,
352,DGJZT_DG_79_2,,,571.1,,,,,100,,,,11.147,,,73,0.165,325,,,,,Acq,,,,,,,,,,,,,,,30,,0225-DGJZT-BS-YIN-DMRM-NEG.d,,Find by MRM,,
353,DGJZT_DG_77_2,,,355.1,,,,,100,,,,11.122,,,127,0.219,637,,,,,Acq,,,,,,,,,,,,,,,30,,0225-DGJZT-BS-YIN-DMRM-NEG.d,,Find by MRM,,
354,DGJZT_DG_77_3,,,355.1,,,,,100,,,,11.123,,,119,0.21,619,,,,,Acq,,,,,,,,,,,,,,,30,,0225-DGJZT-BS-YIN-DMRM-NEG.d,,Find by MRM,,
355,DGJZT_DG_77_1,,,355.1,,,,,100,,,,11.123,,,249,0.312,1580,,,,,Acq,,,,,,,,,,,,,,,30,,0225-DGJZT-BS-YIN-DMRM-NEG.d,,Find by MRM,,
356,DGJZT_CGC_229_1,,,837.4,,,,,100,,,,11.211,,,9354,0.207,62750,,,,,Acq,,,,,,,,,,,,,,,30,,0225-DGJZT-BS-YIN-DMRM-NEG.d,,Find by MRM,,
357,DGJZT_CGC_229_3,,,837.4,,,,,100,,,,11.203,,,1158,0.377,9753,,,,,Acq,,,,,,,,,,,,,,,30,,0225-DGJZT-BS-YIN-DMRM-NEG.d,,Find by MRM,,
358,DGJZT_DG_79_1,,,571.1,,,,,100,,,,11.164,,,246,0.302,1637,,,,,Acq,,,,,,,,,,,,,,,30,,0225-DGJZT-BS-YIN-DMRM-NEG.d,,Find by MRM,,
359,DGJZT_CGC_229_2,,,837.4,,,,,100,,,,11.203,,,393,0.406,3715,,,,,Acq,,,,,,,,,,,,,,,30,,0225-DGJZT-BS-YIN-DMRM-NEG.d,,Find by MRM,,
360,DGJZT_CGC_238_1,,,819.4,,,,,100,,,,11.296,,,2598,0.388,20571,,,,,Acq,,,,,,,,,,,,,,,30,,0225-DGJZT-BS-YIN-DMRM-NEG.d,,Find by MRM,,
361,DGJZT_CGC_238_3,,,819.4,,,,,100,,,,11.28,,,328,0.357,2418,,,,,Acq,,,,,,,,,,,,,,,30,,0225-DGJZT-BS-YIN-DMRM-NEG.d,,Find by MRM,,
362,DGJZT_CGC_238_2,,,819.4,,,,,100,,,,11.28,,,137,0.118,629,,,,,Acq,,,,,,,,,,,,,,,30,,0225-DGJZT-BS-YIN-DMRM-NEG.d,,Find by MRM,,
363,DGJZT_GZ_28_2,,,311.1,,,,,100,,,,11.267,,,96,0.344,629,,,,,Acq,,,,,,,,,,,,,,,30,,0225-DGJZT-BS-YIN-DMRM-NEG.d,,Find by MRM,,
364,DGJZT_GZ_28_1,,,311.1,,,,,100,,,,11.249,,,352,0.368,2530,,,,,Acq,,,,,,,,,,,,,,,30,,0225-DGJZT-BS-YIN-DMRM-NEG.d,,Find by MRM,,
365,DGJZT_CGC_240_1,,,967.5,,,,,100,,,,11.268,,,351,0.279,2541,,,,,Acq,,,,,,,,,,,,,,,30,,0225-DGJZT-BS-YIN-DMRM-NEG.d,,Find by MRM,,
366,DGJZT_CGC_244_1,,,791.4,,,,,100,,,,11.356,,,157,0.248,1149,,,,,Acq,,,,,,,,,,,,,,,30,,0225-DGJZT-BS-YIN-DMRM-NEG.d,,Find by MRM,,
367,DGJZT_BS_174_1,,,665.4,,,,,100,,,,11.415,,,14,0.194,36,,,,,Acq,,,,,,,,,,,,,,,30,,0225-DGJZT-BS-YIN-DMRM-NEG.d,,Find by MRM,,
368,DGJZT_SJ_10_3,,,431.2,,,,,100,,,,11.366,,,141,0.369,831,,,,,Acq,,,,,,,,,,,,,,,30,,0225-DGJZT-BS-YIN-DMRM-NEG.d,,Find by MRM,,
369,DGJZT_CGC_254_1,,,985.5,,,,,100,,,,11.368,,,1300,0.286,7839,,,,,Acq,,,,,,,,,,,,,,,30,,0225-DGJZT-BS-YIN-DMRM-NEG.d,,Find by MRM,,
370,DGJZT_CGC_254_3,,,985.5,,,,,100,,,,11.386,,,134,0.246,746,,,,,Acq,,,,,,,,,,,,,,,30,,0225-DGJZT-BS-YIN-DMRM-NEG.d,,Find by MRM,,
371,DGJZT_CGC_251_1,,,911.4,,,,,100,,,,11.369,,,991,0.298,6003,,,,,Acq,,,,,,,,,,,,,,,30,,0225-DGJZT-BS-YIN-DMRM-NEG.d,,Find by MRM,,
372,DGJZT_CGC_248_1,,,863.4,,,,,100,,,,11.37,,,1039,0.294,6406,,,,,Acq,,,,,,,,,,,,,,,30,,0225-DGJZT-BS-YIN-DMRM-NEG.d,,Find by MRM,,
373,DGJZT_CGC_250_1,,,837.4,,,,,100,,,,11.211,,,7687,0.209,47292,,,,,Acq,,,,,,,,,,,,,,,30,,0225-DGJZT-BS-YIN-DMRM-NEG.d,,Find by MRM,,
374,DGJZT_CGC_250_3,,,837.4,,,,,100,,,,11.211,,,972,0.336,7469,,,,,Acq,,,,,,,,,,,,,,,30,,0225-DGJZT-BS-YIN-DMRM-NEG.d,,Find by MRM,,
375,DGJZT_SJ_10_1,,,431.2,,,,,100,,,,11.382,,,1152,0.304,9028,,,,,Acq,,,,,,,,,,,,,,,30,,0225-DGJZT-BS-YIN-DMRM-NEG.d,,Find by MRM,,
376,DGJZT_SJ_10_2,,,431.2,,,,,100,,,,11.366,,,375,0.282,2438,,,,,Acq,,,,,,,,,,,,,,,30,,0225-DGJZT-BS-YIN-DMRM-NEG.d,,Find by MRM,,
377,DGJZT_CGC_250_2,,,837.4,,,,,100,,,,11.412,,,62,0.08,144,,,,,Acq,,,,,,,,,,,,,,,30,,0225-DGJZT-BS-YIN-DMRM-NEG.d,,Find by MRM,,
378,DGJZT_CGC_259_1,,,299.1,,,,,100,,,,11.536,,,97,0.258,968,,,,,Acq,,,,,,,,,,,,,,,30,,0225-DGJZT-BS-YIN-DMRM-NEG.d,,Find by MRM,,
379,DGJZT_CGC_264_3,,,821.4,,,,,100,,,,11.565,,,1742,0.329,20150,,,,,Acq,,,,,,,,,,,,,,,30,,0225-DGJZT-BS-YIN-DMRM-NEG.d,,Find by MRM,,
380,DGJZT_BS_175_1,,,735.2,,,,,100,,,,11.625,,,0,0.2,1,,,,,Acq,,,,,,,,,,,,,,,30,,0225-DGJZT-BS-YIN-DMRM-NEG.d,,Find by MRM,,
381,DGJZT_CGC_264_1,,,821.4,,,,,100,,,,11.539,,,17245,0.359,227417,,,,,Acq,,,,,,,,,,,,,,,30,,0225-DGJZT-BS-YIN-DMRM-NEG.d,,Find by MRM,,
382,DGJZT_CGC_285_1,,,969.5,,,,,100,,,,11.746,,,444,0.304,3845,,,,,Acq,,,,,,,,,,,,,,,30,,0225-DGJZT-BS-YIN-DMRM-NEG.d,,Find by MRM,,
383,DGJZT_CGC_282_1,,,955.5,,,,,100,,,,11.755,,,261,0.241,2046,,,,,Acq,,,,,,,,,,,,,,,30,,0225-DGJZT-BS-YIN-DMRM-NEG.d,,Find by MRM,,
384,DGJZT_CGC_289_2,,,807.4,,,,,100,,,,11.791,,,1654,0.417,12390,,,,,Acq,,,,,,,,,,,,,,,30,,0225-DGJZT-BS-YIN-DMRM-NEG.d,,Find by MRM,,
385,DGJZT_DG_80_3,,,399.1,,,,,100,,,,11.776,,,235,0.246,1641,,,,,Acq,,,,,,,,,,,,,,,30,,0225-DGJZT-BS-YIN-DMRM-NEG.d,,Find by MRM,,
386,DGJZT_DG_80_2,,,399.1,,,,,100,,,,11.784,,,148,0.344,1239,,,,,Acq,,,,,,,,,,,,,,,30,,0225-DGJZT-BS-YIN-DMRM-NEG.d,,Find by MRM,,
387,DGJZT_CGC_278_1,,,255.1,,,,,100,,,,11.745,,,2672,0.369,19620,,,,,Acq,,,,,,,,,,,,,,,30,,0225-DGJZT-BS-YIN-DMRM-NEG.d,,Find by MRM,,
388,DGJZT_CGC_289_3,,,807.4,,,,,100,,,,11.775,,,231,0.264,1680,,,,,Acq,,,,,,,,,,,,,,,30,,0225-DGJZT-BS-YIN-DMRM-NEG.d,,Find by MRM,,
389,DGJZT_DG_80_1,,,399.1,,,,,100,,,,11.785,,,208,0.405,1721,,,,,Acq,,,,,,,,,,,,,,,30,,0225-DGJZT-BS-YIN-DMRM-NEG.d,,Find by MRM,,
390,DGJZT_CGC_293_1,,,821.4,,,,,100,,,,11.856,,,9478,0.341,103440,,,,,Acq,,,,,,,,,,,,,,,30,,0225-DGJZT-BS-YIN-DMRM-NEG.d,,Find by MRM,,
391,DGJZT_CGC_293_3,,,821.4,,,,,100,,,,11.848,,,1260,0.342,14613,,,,,Acq,,,,,,,,,,,,,,,30,,0225-DGJZT-BS-YIN-DMRM-NEG.d,,Find by MRM,,
392,DGJZT_CGC_293_2,,,821.4,,,,,100,,,,11.848,,,119,0.085,301,,,,,Acq,,,,,,,,,,,,,,,30,,0225-DGJZT-BS-YIN-DMRM-NEG.d,,Find by MRM,,
393,DGJZT_DG_81_2,,,357.1,,,,,100,,,,11.918,,,532,0.452,4525,,,,,Acq,,,,,,,,,,,,,,,30,,0225-DGJZT-BS-YIN-DMRM-NEG.d,,Find by MRM,,
394,DGJZT_CGC_291_1,,,267.1,,,,,100,,,,11.913,,,1583,0.394,12966,,,,,Acq,,,,,,,,,,,,,,,30,,0225-DGJZT-BS-YIN-DMRM-NEG.d,,Find by MRM,,
395,DGJZT_CGC_291_2,,,267.1,,,,,100,,,,11.938,,,1109,0.41,9351,,,,,Acq,,,,,,,,,,,,,,,30,,0225-DGJZT-BS-YIN-DMRM-NEG.d,,Find by MRM,,
396,DGJZT_CGC_291_3,,,267.1,,,,,100,,,,11.913,,,492,0.385,3615,,,,,Acq,,,,,,,,,,,,,,,30,,0225-DGJZT-BS-YIN-DMRM-NEG.d,,Find by MRM,,
397,DGJZT_DG_81_1,,,357.1,,,,,100,,,,11.918,,,162,0.184,1169,,,,,Acq,,,,,,,,,,,,,,,30,,0225-DGJZT-BS-YIN-DMRM-NEG.d,,Find by MRM,,
398,DGJZT_CGC_301_1,,,939.5,,,,,100,,,,11.998,,,222,0.277,1467,,,,,Acq,,,,,,,,,,,,,,,30,,0225-DGJZT-BS-YIN-DMRM-NEG.d,,Find by MRM,,
399,DGJZT_CGC_305_1,,,823.4,,,,,100,,,,12.099,,,2805,0.195,16774,,,,,Acq,,,,,,,,,,,,,,,30,,0225-DGJZT-BS-YIN-DMRM-NEG.d,,Find by MRM,,
400,DGJZT_DG_87_3,,,517.2,,,,,100,,,,12.042,,,72,0.094,248,,,,,Acq,,,,,,,,,,,,,,,30,,0225-DGJZT-BS-YIN-DMRM-NEG.d,,Find by MRM,,
401,DGJZT_SJ_12_1,,,475.2,,,,,100,,,,12.026,,,77,0.151,379,,,,,Acq,,,,,,,,,,,,,,,30,,0225-DGJZT-BS-YIN-DMRM-NEG.d,,Find by MRM,,
402,DGJZT_GZ_31_1,,,325.1,,,,,100,,,,12.312,,,96,0.193,256,,,,,Acq,,,,,,,,,,,,,,,30,,0225-DGJZT-BS-YIN-DMRM-NEG.d,,Find by MRM,,
403,DGJZT_GZ_31_2,,,325.1,,,,,100,,,,12.087,,,126,0.339,1088,,,,,Acq,,,,,,,,,,,,,,,30,,0225-DGJZT-BS-YIN-DMRM-NEG.d,,Find by MRM,,
404,DGJZT_DG_89_3,,,313.1,,,,,100,,,,12.154,,,56,0.21,327,,,,,Acq,,,,,,,,,,,,,,,30,,0225-DGJZT-BS-YIN-DMRM-NEG.d,,Find by MRM,,
405,DGJZT_GZ_29_1,,,295.1,,,,,100,,,,12.088,,,253,0.234,1411,,,,,Acq,,,,,,,,,,,,,,,30,,0225-DGJZT-BS-YIN-DMRM-NEG.d,,Find by MRM,,
406,DGJZT_GZ_29_2,,,295.1,,,,,100,,,,12.089,,,583,0.253,3666,,,,,Acq,,,,,,,,,,,,,,,30,,0225-DGJZT-BS-YIN-DMRM-NEG.d,,Find by MRM,,
407,DGJZT_CGC_305_3,,,823.4,,,,,100,,,,12.099,,,235,0.193,1640,,,,,Acq,,,,,,,,,,,,,,,30,,0225-DGJZT-BS-YIN-DMRM-NEG.d,,Find by MRM,,
408,DGJZT_CGC_310_1,,,777.4,,,,,100,,,,12.159,,,179,0.227,1011,,,,,Acq,,,,,,,,,,,,,,,30,,0225-DGJZT-BS-YIN-DMRM-NEG.d,,Find by MRM,,
409,DGJZT_DG_90_1,,,357.1,,,,,100,,,,12.134,,,137,0.2,1033,,,,,Acq,,,,,,,,,,,,,,,30,,0225-DGJZT-BS-YIN-DMRM-NEG.d,,Find by MRM,,
410,DGJZT_GZ_31_3,,,325.1,,,,,100,,,,12.111,,,72,0.15,482,,,,,Acq,,,,,,,,,,,,,,,30,,0225-DGJZT-BS-YIN-DMRM-NEG.d,,Find by MRM,,
411,DGJZT_DG_88_3,,,383.2,,,,,100,,,,12.084,,,199,0.212,1466,,,,,Acq,,,,,,,,,,,,,,,30,,0225-DGJZT-BS-YIN-DMRM-NEG.d,,Find by MRM,,
412,DGJZT_GZ_32_2,,,313.2,,,,,100,,,,12.145,,,117,0.258,912,,,,,Acq,,,,,,,,,,,,,,,30,,0225-DGJZT-BS-YIN-DMRM-NEG.d,,Find by MRM,,
413,DGJZT_DG_89_1,,,313.1,,,,,100,,,,12.112,,,1213,0.419,8792,,,,,Acq,,,,,,,,,,,,,,,30,,0225-DGJZT-BS-YIN-DMRM-NEG.d,,Find by MRM,,
414,DGJZT_DG_89_2,,,313.1,,,,,100,,,,12.129,,,137,0.26,687,,,,,Acq,,,,,,,,,,,,,,,30,,0225-DGJZT-BS-YIN-DMRM-NEG.d,,Find by MRM,,
415,DGJZT_CGC_313_1,,,369.1,,,,,100,,,,12.193,,,199,0.378,1422,,,,,Acq,,,,,,,,,,,,,,,30,,0225-DGJZT-BS-YIN-DMRM-NEG.d,,Find by MRM,,
416,DGJZT_DG_90_2,,,357.1,,,,,100,,,,12.118,,,77,0.075,265,,,,,Acq,,,,,,,,,,,,,,,30,,0225-DGJZT-BS-YIN-DMRM-NEG.d,,Find by MRM,,
417,DGJZT_GZ_32_1,,,313.2,,,,,100,,,,12.145,,,74,0.206,385,,,,,Acq,,,,,,,,,,,,,,,30,,0225-DGJZT-BS-YIN-DMRM-NEG.d,,Find by MRM,,
418,DGJZT_DG_91_2,,,205.1,,,,,100,,,,12.199,,,45,0.326,275,,,,,Acq,,,,,,,,,,,,,,,30,,0225-DGJZT-BS-YIN-DMRM-NEG.d,,Find by MRM,,
419,DGJZT_DG_91_1,,,205.1,,,,,100,,,,12.182,,,110,0.243,753,,,,,Acq,,,,,,,,,,,,,,,30,,0225-DGJZT-BS-YIN-DMRM-NEG.d,,Find by MRM,,
420,DGJZT_CGC_314_1,,,805.4,,,,,100,,,,12.285,,,993,0.218,7167,,,,,Acq,,,,,,,,,,,,,,,30,,0225-DGJZT-BS-YIN-DMRM-NEG.d,,Find by MRM,,
421,DGJZT_CGC_314_3,,,805.4,,,,,100,,,,12.268,,,254,0.226,1932,,,,,Acq,,,,,,,,,,,,,,,30,,0225-DGJZT-BS-YIN-DMRM-NEG.d,,Find by MRM,,
422,DGJZT_SJ_13_1,,,355.2,,,,,100,,,,12.32,,,40,0.226,259,,,,,Acq,,,,,,,,,,,,,,,30,,0225-DGJZT-BS-YIN-DMRM-NEG.d,,Find by MRM,,
423,DGJZT_GZ_33_2,,,265.1,,,,,100,,,,12.348,,,58,0.233,287,,,,,Acq,,,,,,,,,,,,,,,30,,0225-DGJZT-BS-YIN-DMRM-NEG.d,,Find by MRM,,
424,DGJZT_GZ_33_3,,,265.1,,,,,100,,,,12.341,,,28,0.183,142,,,,,Acq,,,,,,,,,,,,,,,30,,0225-DGJZT-BS-YIN-DMRM-NEG.d,,Find by MRM,,
425,DGJZT_DG_92_1,,,203.1,,,,,100,,,,12.559,,,832,0.129,4921,,,,,Acq,,,,,,,,,,,,,,,30,,0225-DGJZT-BS-YIN-DMRM-NEG.d,,Find by MRM,,
426,DGJZT_DG_92_2,,,203.1,,,,,100,,,,12.568,,,1680,0.12,7486,,,,,Acq,,,,,,,,,,,,,,,30,,0225-DGJZT-BS-YIN-DMRM-NEG.d,,Find by MRM,,
427,DGJZT_DG_92_3,,,203.1,,,,,100,,,,12.577,,,741,0.201,11173,,,,,Acq,,,,,,,,,,,,,,,30,,0225-DGJZT-BS-YIN-DMRM-NEG.d,,Find by MRM,,
428,DGJZT_GZ_33_1,,,265.1,,,,,100,,,,12.34,,,63,0.247,357,,,,,Acq,,,,,,,,,,,,,,,30,,0225-DGJZT-BS-YIN-DMRM-NEG.d,,Find by MRM,,
429,DGJZT_CGC_324_1,,,805.4,,,,,100,,,,12.276,,,1754,0.143,10098,,,,,Acq,,,,,,,,,,,,,,,30,,0225-DGJZT-BS-YIN-DMRM-NEG.d,,Find by MRM,,
430,DGJZT_CGC_325_1,,,353.1,,,,,100,,,,12.522,,,868,0.433,6827,,,,,Acq,,,,,,,,,,,,,,,30,,0225-DGJZT-BS-YIN-DMRM-NEG.d,,Find by MRM,,
431,DGJZT_DZ_45_1,,,517.3,,,,,100,,,,12.705,,,200,0.294,1504,,,,,Acq,,,,,,,,,,,,,,,30,,0225-DGJZT-BS-YIN-DMRM-NEG.d,,Find by MRM,,
432,DGJZT_CGC_336_1,,,367.1,,,,,100,,,,12.772,,,39034,0.364,287736,,,,,Acq,,,,,,,,,,,,,,,30,,0225-DGJZT-BS-YIN-DMRM-NEG.d,,Find by MRM,,
433,DGJZT_CGC_336_2,,,367.1,,,,,100,,,,12.772,,,10875,0.37,79742,,,,,Acq,,,,,,,,,,,,,,,30,,0225-DGJZT-BS-YIN-DMRM-NEG.d,,Find by MRM,,
434,DGJZT_CGC_336_3,,,367.1,,,,,100,,,,12.773,,,1493,0.383,11230,,,,,Acq,,,,,,,,,,,,,,,30,,0225-DGJZT-BS-YIN-DMRM-NEG.d,,Find by MRM,,
435,DGJZT_DZ_46_2,,,287.2,,,,,100,,,,12.736,,,45,0.176,279,,,,,Acq,,,,,,,,,,,,,,,30,,0225-DGJZT-BS-YIN-DMRM-NEG.d,,Find by MRM,,
436,DGJZT_CGC_337_1,,,323.1,,,,,100,,,,12.811,,,107,0.29,718,,,,,Acq,,,,,,,,,,,,,,,30,,0225-DGJZT-BS-YIN-DMRM-NEG.d,,Find by MRM,,
437,DGJZT_CGC_338_2,,,355.1,,,,,100,,,,12.84,,,2626,0.4,19552,,,,,Acq,,,,,,,,,,,,,,,30,,0225-DGJZT-BS-YIN-DMRM-NEG.d,,Find by MRM,,
438,DGJZT_CGC_338_3,,,355.1,,,,,100,,,,12.849,,,1192,0.404,9495,,,,,Acq,,,,,,,,,,,,,,,30,,0225-DGJZT-BS-YIN-DMRM-NEG.d,,Find by MRM,,
439,DGJZT_CGC_338_1,,,355.1,,,,,100,,,,12.849,,,7016,0.416,51551,,,,,Acq,,,,,,,,,,,,,,,30,,0225-DGJZT-BS-YIN-DMRM-NEG.d,,Find by MRM,,
440,DGJZT_CGC_344_1,,,805.4,,,,,100,,,,12.913,,,403,0.344,3836,,,,,Acq,,,,,,,,,,,,,,,30,,0225-DGJZT-BS-YIN-DMRM-NEG.d,,Find by MRM,,
441,DGJZT_CGC_341_1,,,711.3,,,,,100,,,,12.897,,,1739,0.301,9208,,,,,Acq,,,,,,,,,,,,,,,30,,0225-DGJZT-BS-YIN-DMRM-NEG.d,,Find by MRM,,
442,DGJZT_CGC_346_1,,,369.1,,,,,100,,,,12.964,,,395,0.392,3318,,,,,Acq,,,,,,,,,,,,,,,30,,0225-DGJZT-BS-YIN-DMRM-NEG.d,,Find by MRM,,
443,DGJZT_CGC_347_2,,,351.1,,,,,100,,,,13.025,,,666,0.314,4705,,,,,Acq,,,,,,,,,,,,,,,30,,0225-DGJZT-BS-YIN-DMRM-NEG.d,,Find by MRM,,
444,DGJZT_CGC_347_3,,,351.1,,,,,100,,,,13.017,,,1326,0.39,9720,,,,,Acq,,,,,,,,,,,,,,,30,,0225-DGJZT-BS-YIN-DMRM-NEG.d,,Find by MRM,,
445,DGJZT_CGC_347_1,,,351.1,,,,,100,,,,13.026,,,1489,0.351,10968,,,,,Acq,,,,,,,,,,,,,,,30,,0225-DGJZT-BS-YIN-DMRM-NEG.d,,Find by MRM,,
446,DGJZT_CGC_345_1,,,337.1,,,,,100,,,,13.002,,,41,0.382,281,,,,,Acq,,,,,,,,,,,,,,,30,,0225-DGJZT-BS-YIN-DMRM-NEG.d,,Find by MRM,,
447,DGJZT_CGC_354_1,,,823.4,,,,,100,,,,13.079,,,86,0.189,625,,,,,Acq,,,,,,,,,,,,,,,30,,0225-DGJZT-BS-YIN-DMRM-NEG.d,,Find by MRM,,
448,DGJZT_CGC_353_1,,,807.4,,,,,100,,,,13.113,,,161,0.263,1087,,,,,Acq,,,,,,,,,,,,,,,30,,0225-DGJZT-BS-YIN-DMRM-NEG.d,,Find by MRM,,
449,DGJZT_CGC_355_1,,,339.1,,,,,100,,,,13.135,,,1445,0.409,10345,,,,,Acq,,,,,,,,,,,,,,,30,,0225-DGJZT-BS-YIN-DMRM-NEG.d,,Find by MRM,,
450,DGJZT_CGC_355_2,,,339.1,,,,,100,,,,13.144,,,864,0.434,6496,,,,,Acq,,,,,,,,,,,,,,,30,,0225-DGJZT-BS-YIN-DMRM-NEG.d,,Find by MRM,,
451,DGJZT_CGC_355_3,,,339.1,,,,,100,,,,13.144,,,383,0.384,2978,,,,,Acq,,,,,,,,,,,,,,,30,,0225-DGJZT-BS-YIN-DMRM-NEG.d,,Find by MRM,,
452,DGJZT_CGC_351_1,,,313.1,,,,,100,,,,13.154,,,936,0.427,6633,,,,,Acq,,,,,,,,,,,,,,,30,,0225-DGJZT-BS-YIN-DMRM-NEG.d,,Find by MRM,,
453,DGJZT_CGC_351_2,,,313.1,,,,,100,,,,13.154,,,392,0.393,3216,,,,,Acq,,,,,,,,,,,,,,,30,,0225-DGJZT-BS-YIN-DMRM-NEG.d,,Find by MRM,,
454,DGJZT_CGC_357_2,,,353.1,,,,,100,,,,13.257,,,2763,0.375,19197,,,,,Acq,,,,,,,,,,,,,,,30,,0225-DGJZT-BS-YIN-DMRM-NEG.d,,Find by MRM,,
455,DGJZT_DZ_48_1,,,487.3,,,,,100,,,,13.356,,,242,0.407,1991,,,,,Acq,,,,,,,,,,,,,,,30,,0225-DGJZT-BS-YIN-DMRM-NEG.d,,Find by MRM,,
456,DGJZT_CGC_357_3,,,353.1,,,,,100,,,,13.308,,,1537,0.412,13002,,,,,Acq,,,,,,,,,,,,,,,30,,0225-DGJZT-BS-YIN-DMRM-NEG.d,,Find by MRM,,
457,DGJZT_CGC_357_1,,,353.1,,,,,100,,,,13.31,,,28092,0.408,216049,,,,,Acq,,,,,,,,,,,,,,,30,,0225-DGJZT-BS-YIN-DMRM-NEG.d,,Find by MRM,,
458,DGJZT_CGC_359_2,,,337.1,,,,,100,,,,13.337,,,130,0.277,1004,,,,,Acq,,,,,,,,,,,,,,,30,,0225-DGJZT-BS-YIN-DMRM-NEG.d,,Find by MRM,,
459,DGJZT_CGC_364_1,,,365.1,,,,,100,,,,13.52,,,4838,0.432,35535,,,,,Acq,,,,,,,,,,,,,,,30,,0225-DGJZT-BS-YIN-DMRM-NEG.d,,Find by MRM,,
460,DGJZT_CGC_364_2,,,365.1,,,,,100,,,,13.52,,,1871,0.44,14195,,,,,Acq,,,,,,,,,,,,,,,30,,0225-DGJZT-BS-YIN-DMRM-NEG.d,,Find by MRM,,
461,DGJZT_DZ_49_3,,,501.3,,,,,100,,,,13.682,,,123,0.195,1022,,,,,Acq,,,,,,,,,,,,,,,30,,0225-DGJZT-BS-YIN-DMRM-NEG.d,,Find by MRM,,
462,DGJZT_CGC_368_1,,,337.1,,,,,100,,,,13.682,,,29,0.176,175,,,,,Acq,,,,,,,,,,,,,,,30,,0225-DGJZT-BS-YIN-DMRM-NEG.d,,Find by MRM,,
463,DGJZT_DZ_49_2,,,501.3,,,,,100,,,,13.683,,,568,0.379,6036,,,,,Acq,,,,,,,,,,,,,,,30,,0225-DGJZT-BS-YIN-DMRM-NEG.d,,Find by MRM,,
464,DGJZT_DZ_50_1,,,450.3,,,,,100,,,,13.592,,,269,0.239,2600,,,,,Acq,,,,,,,,,,,,,,,30,,0225-DGJZT-BS-YIN-DMRM-NEG.d,,Find by MRM,,
465,DGJZT_DZ_49_1,,,501.3,,,,,100,,,,13.65,,,148,0.232,947,,,,,Acq,,,,,,,,,,,,,,,30,,0225-DGJZT-BS-YIN-DMRM-NEG.d,,Find by MRM,,
466,DGJZT_DZ_50_2,,,450.3,,,,,100,,,,13.659,,,224,0.515,3478,,,,,Acq,,,,,,,,,,,,,,,30,,0225-DGJZT-BS-YIN-DMRM-NEG.d,,Find by MRM,,
467,DGJZT_DG_96_2,,,409.2,,,,,100,,,,13.66,,,73,0.143,360,,,,,Acq,,,,,,,,,,,,,,,30,,0225-DGJZT-BS-YIN-DMRM-NEG.d,,Find by MRM,,
468,DGJZT_DG_96_3,,,409.2,,,,,100,,,,13.66,,,44,0.159,215,,,,,Acq,,,,,,,,,,,,,,,30,,0225-DGJZT-BS-YIN-DMRM-NEG.d,,Find by MRM,,
469,DGJZT_CGC_374_1,,,369.1,,,,,100,,,,13.714,,,915,0.294,6566,,,,,Acq,,,,,,,,,,,,,,,30,,0225-DGJZT-BS-YIN-DMRM-NEG.d,,Find by MRM,,
470,DGJZT_CGC_373_1,,,339.1,,,,,100,,,,13.707,,,111,0.202,615,,,,,Acq,,,,,,,,,,,,,,,30,,0225-DGJZT-BS-YIN-DMRM-NEG.d,,Find by MRM,,
471,DGJZT_DG_96_1,,,409.2,,,,,100,,,,13.693,,,818,0.348,6123,,,,,Acq,,,,,,,,,,,,,,,30,,0225-DGJZT-BS-YIN-DMRM-NEG.d,,Find by MRM,,
472,DGJZT_CGC_374_3,,,369.1,,,,,100,,,,13.73,,,241,0.244,1489,,,,,Acq,,,,,,,,,,,,,,,30,,0225-DGJZT-BS-YIN-DMRM-NEG.d,,Find by MRM,,
473,DGJZT_CGC_374_2,,,369.1,,,,,100,,,,13.706,,,40,0.152,158,,,,,Acq,,,,,,,,,,,,,,,30,,0225-DGJZT-BS-YIN-DMRM-NEG.d,,Find by MRM,,
474,DGJZT_BS_177_1,,,723.4,,,,,100,,,,13.801,,,112,0.138,506,,,,,Acq,,,,,,,,,,,,,,,30,,0225-DGJZT-BS-YIN-DMRM-NEG.d,,Find by MRM,,
475,DGJZT_DG_97_2,,,397.2,,,,,100,,,,13.736,,,88,0.193,576,,,,,Acq,,,,,,,,,,,,,,,30,,0225-DGJZT-BS-YIN-DMRM-NEG.d,,Find by MRM,,
476,DGJZT_CGC_375_2,,,371.1,,,,,100,,,,13.78,,,906,0.421,6676,,,,,Acq,,,,,,,,,,,,,,,30,,0225-DGJZT-BS-YIN-DMRM-NEG.d,,Find by MRM,,
477,DGJZT_CGC_375_1,,,371.1,,,,,100,,,,13.763,,,2277,0.394,15822,,,,,Acq,,,,,,,,,,,,,,,30,,0225-DGJZT-BS-YIN-DMRM-NEG.d,,Find by MRM,,
478,DGJZT_DG_98_2,,,395.2,,,,,100,,,,13.855,,,35,0.218,199,,,,,Acq,,,,,,,,,,,,,,,30,,0225-DGJZT-BS-YIN-DMRM-NEG.d,,Find by MRM,,
479,DGJZT_DG_98_1,,,395.2,,,,,100,,,,13.855,,,367,0.315,2355,,,,,Acq,,,,,,,,,,,,,,,30,,0225-DGJZT-BS-YIN-DMRM-NEG.d,,Find by MRM,,
480,DGJZT_DG_98_3,,,395.2,,,,,100,,,,13.889,,,86,0.277,801,,,,,Acq,,,,,,,,,,,,,,,30,,0225-DGJZT-BS-YIN-DMRM-NEG.d,,Find by MRM,,
481,DGJZT_DG_104_3,,,817.4,,,,,100,,,,13.926,,,1365,0.311,6469,,,,,Acq,,,,,,,,,,,,,,,30,,0225-DGJZT-BS-YIN-DMRM-NEG.d,,Find by MRM,,
482,DGJZT_DG_104_1,,,817.4,,,,,100,,,,13.918,,,159,0.306,749,,,,,Acq,,,,,,,,,,,,,,,30,,0225-DGJZT-BS-YIN-DMRM-NEG.d,,Find by MRM,,
483,DGJZT_DG_104_2,,,817.4,,,,,100,,,,13.96,,,29,0.231,133,,,,,Acq,,,,,,,,,,,,,,,30,,0225-DGJZT-BS-YIN-DMRM-NEG.d,,Find by MRM,,
484,DGJZT_DG_103_3,,,795.4,,,,,100,,,,13.926,,,3791,0.318,20350,,,,,Acq,,,,,,,,,,,,,,,30,,0225-DGJZT-BS-YIN-DMRM-NEG.d,,Find by MRM,,
485,DGJZT_DG_103_1,,,795.4,,,,,100,,,,13.918,,,507,0.35,2427,,,,,Acq,,,,,,,,,,,,,,,30,,0225-DGJZT-BS-YIN-DMRM-NEG.d,,Find by MRM,,
486,DGJZT_DG_97_1,,,397.2,,,,,100,,,,13.93,,,4888,0.347,34929,,,,,Acq,,,,,,,,,,,,,,,30,,0225-DGJZT-BS-YIN-DMRM-NEG.d,,Find by MRM,,
487,DGJZT_DG_97_3,,,397.2,,,,,100,,,,13.939,,,1312,0.404,9580,,,,,Acq,,,,,,,,,,,,,,,30,,0225-DGJZT-BS-YIN-DMRM-NEG.d,,Find by MRM,,
488,DGJZT_DG_101_2,,,397.2,,,,,100,,,,13.931,,,8133,0.371,57804,,,,,Acq,,,,,,,,,,,,,,,30,,0225-DGJZT-BS-YIN-DMRM-NEG.d,,Find by MRM,,
489,DGJZT_DG_101_3,,,397.2,,,,,100,,,,13.931,,,4830,0.416,36937,,,,,Acq,,,,,,,,,,,,,,,30,,0225-DGJZT-BS-YIN-DMRM-NEG.d,,Find by MRM,,
490,DGJZT_DG_103_2,,,795.4,,,,,100,,,,13.944,,,39,0.174,141,,,,,Acq,,,,,,,,,,,,,,,30,,0225-DGJZT-BS-YIN-DMRM-NEG.d,,Find by MRM,,
491,DGJZT_DG_102_2,,,497.1,,,,,100,,,,13.911,,,101,0.228,615,,,,,Acq,,,,,,,,,,,,,,,30,,0225-DGJZT-BS-YIN-DMRM-NEG.d,,Find by MRM,,
492,DGJZT_DG_102_1,,,497.1,,,,,100,,,,13.92,,,256,0.305,2071,,,,,Acq,,,,,,,,,,,,,,,30,,0225-DGJZT-BS-YIN-DMRM-NEG.d,,Find by MRM,,
493,DGJZT_DG_101_1,,,397.2,,,,,100,,,,13.93,,,18930,0.48,139961,,,,,Acq,,,,,,,,,,,,,,,30,,0225-DGJZT-BS-YIN-DMRM-NEG.d,,Find by MRM,,
494,DGJZT_DG_100_2,,,353.2,,,,,100,,,,13.899,,,285,0.42,2363,,,,,Acq,,,,,,,,,,,,,,,30,,0225-DGJZT-BS-YIN-DMRM-NEG.d,,Find by MRM,,
495,DGJZT_DG_100_1,,,353.2,,,,,100,,,,13.942,,,280,0.244,1768,,,,,Acq,,,,,,,,,,,,,,,30,,0225-DGJZT-BS-YIN-DMRM-NEG.d,,Find by MRM,,
496,DGJZT_DG_100_3,,,353.2,,,,,100,,,,13.925,,,72,0.16,390,,,,,Acq,,,,,,,,,,,,,,,30,,0225-DGJZT-BS-YIN-DMRM-NEG.d,,Find by MRM,,
497,DGJZT_CGC_379_2,,,351.1,,,,,100,,,,13.967,,,22938,0.375,153124,,,,,Acq,,,,,,,,,,,,,,,30,,0225-DGJZT-BS-YIN-DMRM-NEG.d,,Find by MRM,,
498,DGJZT_CGC_379_3,,,351.1,,,,,100,,,,13.967,,,7567,0.379,49209,,,,,Acq,,,,,,,,,,,,,,,30,,0225-DGJZT-BS-YIN-DMRM-NEG.d,,Find by MRM,,
499,DGJZT_CGC_379_1,,,351.1,,,,,100,,,,13.967,,,6903,0.378,44579,,,,,Acq,,,,,,,,,,,,,,,30,,0225-DGJZT-BS-YIN-DMRM-NEG.d,,Find by MRM,,
500,DGJZT_DG_105_3,,,411.2,,,,,100,,,,14.072,,,174,0.371,1539,,,,,Acq,,,,,,,,,,,,,,,30,,0225-DGJZT-BS-YIN-DMRM-NEG.d,,Find by MRM,,
501,DGJZT_DG_105_1,,,411.2,,,,,100,,,,14.047,,,363,0.328,2766,,,,,Acq,,,,,,,,,,,,,,,30,,0225-DGJZT-BS-YIN-DMRM-NEG.d,,Find by MRM,,
502,DGJZT_DG_105_2,,,411.2,,,,,100,,,,14.09,,,109,0.354,903,,,,,Acq,,,,,,,,,,,,,,,30,,0225-DGJZT-BS-YIN-DMRM-NEG.d,,Find by MRM,,
503,DGJZT_CGC_386_1,,,391.2,,,,,100,,,,14.067,,,1732,0.366,10943,,,,,Acq,,,,,,,,,,,,,,,30,,0225-DGJZT-BS-YIN-DMRM-NEG.d,,Find by MRM,,
504,DGJZT_CGC_386_2,,,391.2,,,,,100,,,,14.067,,,440,0.286,2759,,,,,Acq,,,,,,,,,,,,,,,30,,0225-DGJZT-BS-YIN-DMRM-NEG.d,,Find by MRM,,
505,DGJZT_DG_107_3,,,649.3,,,,,100,,,,14.147,,,192,0.266,1631,,,,,Acq,,,,,,,,,,,,,,,30,,0225-DGJZT-BS-YIN-DMRM-NEG.d,,Find by MRM,,
506,DGJZT_DG_106_3,,,721.3,,,,,100,,,,14.27,,,210,0.208,1362,,,,,Acq,,,,,,,,,,,,,,,30,,0225-DGJZT-BS-YIN-DMRM-NEG.d,,Find by MRM,,
507,DGJZT_DG_107_2,,,649.3,,,,,100,,,,14.138,,,618,0.349,4699,,,,,Acq,,,,,,,,,,,,,,,30,,0225-DGJZT-BS-YIN-DMRM-NEG.d,,Find by MRM,,
508,DGJZT_DG_108_1,,,399.2,,,,,100,,,,14.207,,,292,0.341,1877,,,,,Acq,,,,,,,,,,,,,,,30,,0225-DGJZT-BS-YIN-DMRM-NEG.d,,Find by MRM,,
509,DGJZT_DG_107_1,,,649.3,,,,,100,,,,14.271,,,1607,0.309,12632,,,,,Acq,,,,,,,,,,,,,,,30,,0225-DGJZT-BS-YIN-DMRM-NEG.d,,Find by MRM,,
510,DGJZT_DZ_53_1,,,485.3,,,,,100,,,,14.29,,,331,0.296,2265,,,,,Acq,,,,,,,,,,,,,,,30,,0225-DGJZT-BS-YIN-DMRM-NEG.d,,Find by MRM,,
511,DGJZT_DZ_53_3,,,485.3,,,,,100,,,,14.281,,,34,0.15,204,,,,,Acq,,,,,,,,,,,,,,,30,,0225-DGJZT-BS-YIN-DMRM-NEG.d,,Find by MRM,,
512,DGJZT_DG_106_1,,,721.3,,,,,100,,,,14.262,,,177,0.329,1465,,,,,Acq,,,,,,,,,,,,,,,30,,0225-DGJZT-BS-YIN-DMRM-NEG.d,,Find by MRM,,
513,DGJZT_CGC_391_1,,,367.2,,,,,100,,,,14.336,,,1808,0.399,12136,,,,,Acq,,,,,,,,,,,,,,,30,,0225-DGJZT-BS-YIN-DMRM-NEG.d,,Find by MRM,,
514,DGJZT_CGC_391_2,,,367.2,,,,,100,,,,14.337,,,469,0.329,2927,,,,,Acq,,,,,,,,,,,,,,,30,,0225-DGJZT-BS-YIN-DMRM-NEG.d,,Find by MRM,,
515,DGJZT_CGC_393_2,,,423.2,,,,,100,,,,14.231,,,5714,0.143,31082,,,,,Acq,,,,,,,,,,,,,,,30,,0225-DGJZT-BS-YIN-DMRM-NEG.d,,Find by MRM,,
516,DGJZT_CGC_393_1,,,423.2,,,,,100,,,,14.223,,,11482,0.143,62199,,,,,Acq,,,,,,,,,,,,,,,30,,0225-DGJZT-BS-YIN-DMRM-NEG.d,,Find by MRM,,
517,DGJZT_CGC_393_3,,,423.2,,,,,100,,,,14.223,,,1430,0.135,7497,,,,,Acq,,,,,,,,,,,,,,,30,,0225-DGJZT-BS-YIN-DMRM-NEG.d,,Find by MRM,,
518,DGJZT_DG_111_2,,,625.3,,,,,100,,,,14.514,,,167,0.255,1091,,,,,Acq,,,,,,,,,,,,,,,30,,0225-DGJZT-BS-YIN-DMRM-NEG.d,,Find by MRM,,
519,DGJZT_DG_111_1,,,625.3,,,,,100,,,,14.664,,,275,0.241,1926,,,,,Acq,,,,,,,,,,,,,,,30,,0225-DGJZT-BS-YIN-DMRM-NEG.d,,Find by MRM,,
520,DGJZT_CGC_395_2,,,421.2,,,,,100,,,,14.726,,,698,0.324,4633,,,,,Acq,,,,,,,,,,,,,,,30,,0225-DGJZT-BS-YIN-DMRM-NEG.d,,Find by MRM,,
521,DGJZT_CGC_395_1,,,421.2,,,,,100,,,,14.727,,,7196,0.364,46682,,,,,Acq,,,,,,,,,,,,,,,30,,0225-DGJZT-BS-YIN-DMRM-NEG.d,,Find by MRM,,
522,DGJZT_CGC_395_3,,,421.2,,,,,100,,,,14.737,,,663,0.328,4303,,,,,Acq,,,,,,,,,,,,,,,30,,0225-DGJZT-BS-YIN-DMRM-NEG.d,,Find by MRM,,
523,DGJZT_CGC_398_1,,,421.2,,,,,100,,,,14.733,,,7218,0.453,47308,,,,,Acq,,,,,,,,,,,,,,,30,,0225-DGJZT-BS-YIN-DMRM-NEG.d,,Find by MRM,,
524,DGJZT_DG_113_2,,,216.9,,,,,100,,,,15.167,,,11,0.384,158,,,,,Acq,,,,,,,,,,,,,,,30,,0225-DGJZT-BS-YIN-DMRM-NEG.d,,Find by MRM,,
525,DGJZT_DG_113_1,,,216.9,,,,,100,,,,15.195,,,8,0.19,44,,,,,Acq,,,,,,,,,,,,,,,30,,0225-DGJZT-BS-YIN-DMRM-NEG.d,,Find by MRM,,
526,DGJZT_DG_113_3,,,216.9,,,,,100,,,,15.172,,,9,0.169,51,,,,,Acq,,,,,,,,,,,,,,,30,,0225-DGJZT-BS-YIN-DMRM-NEG.d,,Find by MRM,,

