﻿#化合物列表: 239 found
#
Cpd,Name,Formula,Purity Result,Precursor,Mass,Diff (ppm),Score (Tgt),Flags (Tgt),Score,Std Dev,Relative Mass Difference (MFG),Base Peak,RT,RT Diff,Target Retention Time Difference,Height,Width,Area,Volume,Vol %,Ions,Saturated,ID Source,Score (MFG),Score (DB),Hit Count,Tgt MFG Hit,FV,Purity Value,Purity Comments,ADC% Area,EIC/TIC% Area,TIC% Area,UVA% Area,Score (Lib),CAS ID,Relative Reference Mass difference,CE,MS/MS Count,File,Notes,Algorithm,Lib/DB
1,DGJZT_CGC_3_1,,,427.2,,,,,100,,,,0.855,,,646,0.223,3281,,,,,Acq,,,,,,,,,,,,,,,30,,0225-DGJZT-BS-YIN-DMRM-POS.d,,Find by MRM,,
2,DGJZT_CGC_2_2,,,265.2,,,,,100,,,,0.848,,,46,0.341,282,,,,,Acq,,,,,,,,,,,,,,,30,,0225-DGJZT-BS-YIN-DMRM-POS.d,,Find by MRM,,
3,DGJZT_CGC_2_1,,,265.2,,,,,100,,,,0.84,,,194,0.186,939,,,,,Acq,,,,,,,,,,,,,,,30,,0225-DGJZT-BS-YIN-DMRM-POS.d,,Find by MRM,,
4,DGJZT_DZ_4_3,,,437.2,,,,,100,,,,0.876,,,1103,0.35,7465,,,,,Acq,,,,,,,,,,,,,,,30,,0225-DGJZT-BS-YIN-DMRM-POS.d,,Find by MRM,,
5,DGJZT_DZ_4_1,,,437.2,,,,,100,,,,0.869,,,287,0.2,1544,,,,,Acq,,,,,,,,,,,,,,,30,,0225-DGJZT-BS-YIN-DMRM-POS.d,,Find by MRM,,
6,DGJZT_DZ_4_2,,,437.2,,,,,100,,,,0.869,,,619,0.172,3405,,,,,Acq,,,,,,,,,,,,,,,30,,0225-DGJZT-BS-YIN-DMRM-POS.d,,Find by MRM,,
7,DGJZT_CGC_3_2,,,427.2,,,,,100,,,,0.845,,,11299,0.217,58933,,,,,Acq,,,,,,,,,,,,,,,30,,0225-DGJZT-BS-YIN-DMRM-POS.d,,Find by MRM,,
8,DGJZT_CGC_3_3,,,427.2,,,,,100,,,,0.846,,,1150,0.205,5973,,,,,Acq,,,,,,,,,,,,,,,30,,0225-DGJZT-BS-YIN-DMRM-POS.d,,Find by MRM,,
9,DGJZT_CGC_6_2,,,138.1,,,,,100,,,,1.092,,,67,0.318,688,,,,,Acq,,,,,,,,,,,,,,,30,,0225-DGJZT-BS-YIN-DMRM-POS.d,,Find by MRM,,
10,DGJZT_CGC_6_1,,,138.1,,,,,100,,,,1.068,,,51,0.337,593,,,,,Acq,,,,,,,,,,,,,,,30,,0225-DGJZT-BS-YIN-DMRM-POS.d,,Find by MRM,,
11,DGJZT_CGC_6_3,,,138.1,,,,,100,,,,1.093,,,54,0.284,474,,,,,Acq,,,,,,,,,,,,,,,30,,0225-DGJZT-BS-YIN-DMRM-POS.d,,Find by MRM,,
12,DGJZT_DZ_17_2,,,360.2,,,,,100,,,,1.08,,,1542,0.336,14783,,,,,Acq,,,,,,,,,,,,,,,30,,0225-DGJZT-BS-YIN-DMRM-POS.d,,Find by MRM,,
13,DGJZT_DZ_17_1,,,360.2,,,,,100,,,,1.081,,,776,0.314,6630,,,,,Acq,,,,,,,,,,,,,,,30,,0225-DGJZT-BS-YIN-DMRM-POS.d,,Find by MRM,,
14,DGJZT_DZ_17_3,,,360.2,,,,,100,,,,1.073,,,454,0.418,4389,,,,,Acq,,,,,,,,,,,,,,,30,,0225-DGJZT-BS-YIN-DMRM-POS.d,,Find by MRM,,
15,DGJZT_DZ_14_3,,,232.1,,,,,100,,,,1.131,,,101,0.378,993,,,,,Acq,,,,,,,,,,,,,,,30,,0225-DGJZT-BS-YIN-DMRM-POS.d,,Find by MRM,,
16,DGJZT_DZ_14_1,,,232.1,,,,,100,,,,1.1,,,580,0.429,7679,,,,,Acq,,,,,,,,,,,,,,,30,,0225-DGJZT-BS-YIN-DMRM-POS.d,,Find by MRM,,
17,DGJZT_DZ_14_2,,,232.1,,,,,100,,,,1.117,,,308,0.226,2632,,,,,Acq,,,,,,,,,,,,,,,30,,0225-DGJZT-BS-YIN-DMRM-POS.d,,Find by MRM,,
18,DGJZT_BS_5_2,,,331.1,,,,,100,,,,1.595,,,180,0.291,1183,,,,,Acq,,,,,,,,,,,,,,,30,,0225-DGJZT-BS-YIN-DMRM-POS.d,,Find by MRM,,
19,DGJZT_BS_5_3,,,331.1,,,,,100,,,,1.596,,,164,0.324,1140,,,,,Acq,,,,,,,,,,,,,,,30,,0225-DGJZT-BS-YIN-DMRM-POS.d,,Find by MRM,,
20,DGJZT_BS_5_1,,,331.1,,,,,100,,,,1.597,,,246,0.324,1626,,,,,Acq,,,,,,,,,,,,,,,30,,0225-DGJZT-BS-YIN-DMRM-POS.d,,Find by MRM,,
21,DGJZT_CGC_10_1,,,163.1,,,,,100,,,,1.585,,,191,0.407,1366,,,,,Acq,,,,,,,,,,,,,,,30,,0225-DGJZT-BS-YIN-DMRM-POS.d,,Find by MRM,,
22,DGJZT_CGC_10_2,,,163.1,,,,,100,,,,1.586,,,153,0.345,979,,,,,Acq,,,,,,,,,,,,,,,30,,0225-DGJZT-BS-YIN-DMRM-POS.d,,Find by MRM,,
23,DGJZT_DZ_25_1,,,330.2,,,,,100,,,,1.615,,,1868,0.373,12736,,,,,Acq,,,,,,,,,,,,,,,30,,0225-DGJZT-BS-YIN-DMRM-POS.d,,Find by MRM,,
24,DGJZT_DZ_25_2,,,330.2,,,,,100,,,,1.608,,,1171,0.447,8278,,,,,Acq,,,,,,,,,,,,,,,30,,0225-DGJZT-BS-YIN-DMRM-POS.d,,Find by MRM,,
25,DGJZT_DZ_25_3,,,330.2,,,,,100,,,,1.609,,,240,0.398,2031,,,,,Acq,,,,,,,,,,,,,,,30,,0225-DGJZT-BS-YIN-DMRM-POS.d,,Find by MRM,,
26,DGJZT_DZ_27_3,,,180.1,,,,,100,,,,2.246,,,9701,0.615,87583,,,,,Acq,,,,,,,,,,,,,,,30,,0225-DGJZT-BS-YIN-DMRM-POS.d,,Find by MRM,,
27,DGJZT_DZ_27_1,,,180.1,,,,,100,,,,2.241,,,6980,0.445,61036,,,,,Acq,,,,,,,,,,,,,,,30,,0225-DGJZT-BS-YIN-DMRM-POS.d,,Find by MRM,,
28,DGJZT_DZ_27_2,,,180.1,,,,,100,,,,2.243,,,593,0.387,5066,,,,,Acq,,,,,,,,,,,,,,,30,,0225-DGJZT-BS-YIN-DMRM-POS.d,,Find by MRM,,
29,DGJZT_BS_6_2,,,482.2,,,,,100,,,,,,,,,,,,,,Acq,,,,,,,,,,,,,,,30,,0225-DGJZT-BS-YIN-DMRM-POS.d,,Find by MRM,,
30,DGJZT_BS_6_1,,,482.2,,,,,100,,,,2.624,,,3,0.112,11,,,,,Acq,,,,,,,,,,,,,,,30,,0225-DGJZT-BS-YIN-DMRM-POS.d,,Find by MRM,,
31,DGJZT_BS_6_3,,,482.2,,,,,100,,,,2.466,,,9,0.096,27,,,,,Acq,,,,,,,,,,,,,,,30,,0225-DGJZT-BS-YIN-DMRM-POS.d,,Find by MRM,,
32,DGJZT_DG_19_2,,,367.1,,,,,100,,,,3.264,,,22628,0.428,267675,,,,,Acq,,,,,,,,,,,,,,,30,,0225-DGJZT-BS-YIN-DMRM-POS.d,,Find by MRM,,
33,DGJZT_DG_19_3,,,367.1,,,,,100,,,,3.266,,,12111,0.585,173815,,,,,Acq,,,,,,,,,,,,,,,30,,0225-DGJZT-BS-YIN-DMRM-POS.d,,Find by MRM,,
34,DGJZT_DG_19_1,,,367.1,,,,,100,,,,3.259,,,802,0.496,9583,,,,,Acq,,,,,,,,,,,,,,,30,,0225-DGJZT-BS-YIN-DMRM-POS.d,,Find by MRM,,
35,DGJZT_CGC_15_3,,,262.2,,,,,100,,,,3.486,,,1596,0.409,13304,,,,,Acq,,,,,,,,,,,,,,,30,,0225-DGJZT-BS-YIN-DMRM-POS.d,,Find by MRM,,
36,DGJZT_CGC_15_1,,,262.2,,,,,100,,,,3.495,,,4745,0.425,40101,,,,,Acq,,,,,,,,,,,,,,,30,,0225-DGJZT-BS-YIN-DMRM-POS.d,,Find by MRM,,
37,DGJZT_CGC_15_2,,,262.2,,,,,100,,,,3.487,,,6308,0.38,53947,,,,,Acq,,,,,,,,,,,,,,,30,,0225-DGJZT-BS-YIN-DMRM-POS.d,,Find by MRM,,
38,DGJZT_DZ_33_1,,,239.1,,,,,100,,,,3.522,,,35334,0.443,261059,,,,,Acq,,,,,,,,,,,,,,,30,,0225-DGJZT-BS-YIN-DMRM-POS.d,,Find by MRM,,
39,DGJZT_DZ_33_2,,,239.1,,,,,100,,,,3.522,,,268,0.348,1933,,,,,Acq,,,,,,,,,,,,,,,30,,0225-DGJZT-BS-YIN-DMRM-POS.d,,Find by MRM,,
40,DGJZT_BS_8_2,,,637.3,,,,,100,,,,3.498,,,10,0.1,38,,,,,Acq,,,,,,,,,,,,,,,30,,0225-DGJZT-BS-YIN-DMRM-POS.d,,Find by MRM,,
41,DGJZT_BS_8_3,,,637.3,,,,,100,,,,3.758,,,4,0.118,15,,,,,Acq,,,,,,,,,,,,,,,30,,0225-DGJZT-BS-YIN-DMRM-POS.d,,Find by MRM,,
42,DGJZT_BS_8_1,,,637.3,,,,,100,,,,3.819,,,2,0.158,6,,,,,Acq,,,,,,,,,,,,,,,30,,0225-DGJZT-BS-YIN-DMRM-POS.d,,Find by MRM,,
43,DGJZT_CGC_16_1,,,250.1,,,,,100,,,,3.688,,,528,0.442,4409,,,,,Acq,,,,,,,,,,,,,,,30,,0225-DGJZT-BS-YIN-DMRM-POS.d,,Find by MRM,,
44,DGJZT_CGC_17_1,,,433.1,,,,,100,,,,4.1,,,26898,0.366,189507,,,,,Acq,,,,,,,,,,,,,,,30,,0225-DGJZT-BS-YIN-DMRM-POS.d,,Find by MRM,,
45,DGJZT_CGC_17_2,,,433.1,,,,,100,,,,4.1,,,1431,0.305,10024,,,,,Acq,,,,,,,,,,,,,,,30,,0225-DGJZT-BS-YIN-DMRM-POS.d,,Find by MRM,,
46,DGJZT_CGC_18_3,,,257.1,,,,,100,,,,4.156,,,2263,0.451,19922,,,,,Acq,,,,,,,,,,,,,,,30,,0225-DGJZT-BS-YIN-DMRM-POS.d,,Find by MRM,,
47,DGJZT_CGC_18_1,,,257.1,,,,,100,,,,4.157,,,13108,0.451,114423,,,,,Acq,,,,,,,,,,,,,,,30,,0225-DGJZT-BS-YIN-DMRM-POS.d,,Find by MRM,,
48,DGJZT_CGC_18_2,,,257.1,,,,,100,,,,4.149,,,2688,0.379,22671,,,,,Acq,,,,,,,,,,,,,,,30,,0225-DGJZT-BS-YIN-DMRM-POS.d,,Find by MRM,,
49,DGJZT_DZ_36_2,,,314.2,,,,,100,,,,4.21,,,1182,0.334,9588,,,,,Acq,,,,,,,,,,,,,,,30,,0225-DGJZT-BS-YIN-DMRM-POS.d,,Find by MRM,,
50,DGJZT_DZ_36_1,,,314.2,,,,,100,,,,4.219,,,8727,0.412,71442,,,,,Acq,,,,,,,,,,,,,,,30,,0225-DGJZT-BS-YIN-DMRM-POS.d,,Find by MRM,,
51,DGJZT_DG_23_2,,,305.1,,,,,100,,,,4.238,,,695,0.351,4815,,,,,Acq,,,,,,,,,,,,,,,30,,0225-DGJZT-BS-YIN-DMRM-POS.d,,Find by MRM,,
52,DGJZT_DZ_36_3,,,314.2,,,,,100,,,,4.493,,,695,0.116,18048,,,,,Acq,,,,,,,,,,,,,,,30,,0225-DGJZT-BS-YIN-DMRM-POS.d,,Find by MRM,,
53,DGJZT_DG_23_3,,,305.1,,,,,100,,,,4.245,,,2341,0.413,18411,,,,,Acq,,,,,,,,,,,,,,,30,,0225-DGJZT-BS-YIN-DMRM-POS.d,,Find by MRM,,
54,DGJZT_DG_23_1,,,305.1,,,,,100,,,,4.229,,,1028,0.366,7993,,,,,Acq,,,,,,,,,,,,,,,30,,0225-DGJZT-BS-YIN-DMRM-POS.d,,Find by MRM,,
55,DGJZT_DG_25_3,,,144.1,,,,,100,,,,4.432,,,8065,0.403,66601,,,,,Acq,,,,,,,,,,,,,,,30,,0225-DGJZT-BS-YIN-DMRM-POS.d,,Find by MRM,,
56,DGJZT_DG_25_2,,,144.1,,,,,100,,,,4.424,,,1131,0.559,9561,,,,,Acq,,,,,,,,,,,,,,,30,,0225-DGJZT-BS-YIN-DMRM-POS.d,,Find by MRM,,
57,DGJZT_DG_25_1,,,144.1,,,,,100,,,,4.433,,,11184,0.4,89988,,,,,Acq,,,,,,,,,,,,,,,30,,0225-DGJZT-BS-YIN-DMRM-POS.d,,Find by MRM,,
58,DGJZT_GZ_5_3,,,328.2,,,,,100,,,,4.887,,,136,0.253,976,,,,,Acq,,,,,,,,,,,,,,,30,,0225-DGJZT-BS-YIN-DMRM-POS.d,,Find by MRM,,
59,DGJZT_GZ_5_1,,,328.2,,,,,100,,,,4.88,,,2203,0.382,18020,,,,,Acq,,,,,,,,,,,,,,,30,,0225-DGJZT-BS-YIN-DMRM-POS.d,,Find by MRM,,
60,DGJZT_GZ_5_2,,,328.2,,,,,100,,,,4.872,,,217,0.342,1794,,,,,Acq,,,,,,,,,,,,,,,30,,0225-DGJZT-BS-YIN-DMRM-POS.d,,Find by MRM,,
61,DGJZT_BS_12_3,,,481.2,,,,,100,,,,5.104,,,18,0.158,95,,,,,Acq,,,,,,,,,,,,,,,30,,0225-DGJZT-BS-YIN-DMRM-POS.d,,Find by MRM,,
62,DGJZT_BS_12_1,,,481.2,,,,,100,,,,5.095,,,226,0.366,1816,,,,,Acq,,,,,,,,,,,,,,,30,,0225-DGJZT-BS-YIN-DMRM-POS.d,,Find by MRM,,
63,DGJZT_BS_10_3,,,319.1,,,,,100,,,,5.34,,,12,0.116,41,,,,,Acq,,,,,,,,,,,,,,,30,,0225-DGJZT-BS-YIN-DMRM-POS.d,,Find by MRM,,
64,DGJZT_BS_10_2,,,319.1,,,,,100,,,,5.133,,,37,0.1,140,,,,,Acq,,,,,,,,,,,,,,,30,,0225-DGJZT-BS-YIN-DMRM-POS.d,,Find by MRM,,
65,DGJZT_BS_10_1,,,319.1,,,,,100,,,,5.117,,,26,0.275,204,,,,,Acq,,,,,,,,,,,,,,,30,,0225-DGJZT-BS-YIN-DMRM-POS.d,,Find by MRM,,
66,DGJZT_BS_12_2,,,481.2,,,,,100,,,,5.104,,,73,0.261,538,,,,,Acq,,,,,,,,,,,,,,,30,,0225-DGJZT-BS-YIN-DMRM-POS.d,,Find by MRM,,
67,DGJZT_BS_11_2,,,197.1,,,,,100,,,,4.892,,,58,0.071,447,,,,,Acq,,,,,,,,,,,,,,,30,,0225-DGJZT-BS-YIN-DMRM-POS.d,,Find by MRM,,
68,DGJZT_BS_11_1,,,197.1,,,,,100,,,,5.135,,,12,0.092,41,,,,,Acq,,,,,,,,,,,,,,,30,,0225-DGJZT-BS-YIN-DMRM-POS.d,,Find by MRM,,
69,DGJZT_BS_21_1,,,503.2,,,,,100,,,,5.127,,,15,0.092,47,,,,,Acq,,,,,,,,,,,,,,,30,,0225-DGJZT-BS-YIN-DMRM-POS.d,,Find by MRM,,
70,DGJZT_BS_21_2,,,503.2,,,,,100,,,,5.531,,,9,0.178,39,,,,,Acq,,,,,,,,,,,,,,,30,,0225-DGJZT-BS-YIN-DMRM-POS.d,,Find by MRM,,
71,DGJZT_DZ_38_2,,,314.2,,,,,100,,,,5.845,,,2322,0.425,20664,,,,,Acq,,,,,,,,,,,,,,,30,,0225-DGJZT-BS-YIN-DMRM-POS.d,,Find by MRM,,
72,DGJZT_DZ_38_3,,,314.2,,,,,100,,,,5.847,,,1076,0.313,8732,,,,,Acq,,,,,,,,,,,,,,,30,,0225-DGJZT-BS-YIN-DMRM-POS.d,,Find by MRM,,
73,DGJZT_DZ_38_1,,,314.2,,,,,100,,,,5.84,,,11397,0.429,98179,,,,,Acq,,,,,,,,,,,,,,,30,,0225-DGJZT-BS-YIN-DMRM-POS.d,,Find by MRM,,
74,DGJZT_DZ_40_1,,,162.1,,,,,100,,,,6.091,,,878,0.406,9300,,,,,Acq,,,,,,,,,,,,,,,30,,0225-DGJZT-BS-YIN-DMRM-POS.d,,Find by MRM,,
75,DGJZT_DZ_40_3,,,162.1,,,,,100,,,,6.093,,,1406,0.791,16256,,,,,Acq,,,,,,,,,,,,,,,30,,0225-DGJZT-BS-YIN-DMRM-POS.d,,Find by MRM,,
76,DGJZT_DZ_40_2,,,162.1,,,,,100,,,,6.094,,,5941,0.768,67454,,,,,Acq,,,,,,,,,,,,,,,30,,0225-DGJZT-BS-YIN-DMRM-POS.d,,Find by MRM,,
77,DGJZT_GZ_7_2,,,249.1,,,,,100,,,,6.53,,,2208,0.422,20446,,,,,Acq,,,,,,,,,,,,,,,30,,0225-DGJZT-BS-YIN-DMRM-POS.d,,Find by MRM,,
78,DGJZT_GZ_7_1,,,249.1,,,,,100,,,,6.54,,,1817,0.568,17398,,,,,Acq,,,,,,,,,,,,,,,30,,0225-DGJZT-BS-YIN-DMRM-POS.d,,Find by MRM,,
79,DGJZT_GZ_7_3,,,249.1,,,,,100,,,,6.533,,,1128,0.538,11057,,,,,Acq,,,,,,,,,,,,,,,30,,0225-DGJZT-BS-YIN-DMRM-POS.d,,Find by MRM,,
80,DGJZT_BS_24_1,,,771.1,,,,,100,,,,6.932,,,351,0.439,3933,,,,,Acq,,,,,,,,,,,,,,,30,,0225-DGJZT-BS-YIN-DMRM-POS.d,,Find by MRM,,
81,DGJZT_BS_24_2,,,771.1,,,,,100,,,,6.967,,,2,0.171,15,,,,,Acq,,,,,,,,,,,,,,,30,,0225-DGJZT-BS-YIN-DMRM-POS.d,,Find by MRM,,
82,DGJZT_BS_24_3,,,771.1,,,,,100,,,,6.805,,,2,0.066,3,,,,,Acq,,,,,,,,,,,,,,,30,,0225-DGJZT-BS-YIN-DMRM-POS.d,,Find by MRM,,
83,DGJZT_DZ_42_2,,,639.3,,,,,100,,,,7.17,,,82,0.336,732,,,,,Acq,,,,,,,,,,,,,,,30,,0225-DGJZT-BS-YIN-DMRM-POS.d,,Find by MRM,,
84,DGJZT_DZ_42_1,,,639.3,,,,,100,,,,7.196,,,47,0.332,468,,,,,Acq,,,,,,,,,,,,,,,30,,0225-DGJZT-BS-YIN-DMRM-POS.d,,Find by MRM,,
85,DGJZT_DZ_42_3,,,639.3,,,,,100,,,,7.16,,,174,0.302,1415,,,,,Acq,,,,,,,,,,,,,,,30,,0225-DGJZT-BS-YIN-DMRM-POS.d,,Find by MRM,,
86,DGJZT_BS_25_2,,,633.2,,,,,100,,,,7.565,,,6,0.188,34,,,,,Acq,,,,,,,,,,,,,,,30,,0225-DGJZT-BS-YIN-DMRM-POS.d,,Find by MRM,,
87,DGJZT_BS_25_3,,,633.2,,,,,100,,,,7.626,,,3,0.133,18,,,,,Acq,,,,,,,,,,,,,,,30,,0225-DGJZT-BS-YIN-DMRM-POS.d,,Find by MRM,,
88,DGJZT_BS_25_1,,,633.2,,,,,100,,,,7.57,,,7,0.317,70,,,,,Acq,,,,,,,,,,,,,,,30,,0225-DGJZT-BS-YIN-DMRM-POS.d,,Find by MRM,,
89,DGJZT_DZ_43_3,,,673.3,,,,,100,,,,7.949,,,60,0.323,565,,,,,Acq,,,,,,,,,,,,,,,30,,0225-DGJZT-BS-YIN-DMRM-POS.d,,Find by MRM,,
90,DGJZT_DZ_43_1,,,673.3,,,,,100,,,,7.95,,,371,0.332,3615,,,,,Acq,,,,,,,,,,,,,,,30,,0225-DGJZT-BS-YIN-DMRM-POS.d,,Find by MRM,,
91,DGJZT_DZ_43_2,,,673.3,,,,,100,,,,7.949,,,109,0.259,816,,,,,Acq,,,,,,,,,,,,,,,30,,0225-DGJZT-BS-YIN-DMRM-POS.d,,Find by MRM,,
92,DGJZT_CGC_30_2,,,273.1,,,,,100,,,,8.012,,,3003,0.402,26457,,,,,Acq,,,,,,,,,,,,,,,30,,0225-DGJZT-BS-YIN-DMRM-POS.d,,Find by MRM,,
93,DGJZT_CGC_30_1,,,273.1,,,,,100,,,,8.011,,,9573,0.395,85386,,,,,Acq,,,,,,,,,,,,,,,30,,0225-DGJZT-BS-YIN-DMRM-POS.d,,Find by MRM,,
94,DGJZT_CGC_30_3,,,273.1,,,,,100,,,,8.004,,,2435,0.477,22658,,,,,Acq,,,,,,,,,,,,,,,30,,0225-DGJZT-BS-YIN-DMRM-POS.d,,Find by MRM,,
95,DGJZT_CGC_31_3,,,301.1,,,,,100,,,,8.051,,,1968,0.407,18460,,,,,Acq,,,,,,,,,,,,,,,30,,0225-DGJZT-BS-YIN-DMRM-POS.d,,Find by MRM,,
96,DGJZT_CGC_31_2,,,301.1,,,,,100,,,,8.069,,,1459,0.394,13250,,,,,Acq,,,,,,,,,,,,,,,30,,0225-DGJZT-BS-YIN-DMRM-POS.d,,Find by MRM,,
97,DGJZT_CGC_31_1,,,301.1,,,,,100,,,,8.061,,,1912,0.437,18059,,,,,Acq,,,,,,,,,,,,,,,30,,0225-DGJZT-BS-YIN-DMRM-POS.d,,Find by MRM,,
98,DGJZT_DG_30_3,,,207.1,,,,,100,,,,8.097,,,897,0.439,8878,,,,,Acq,,,,,,,,,,,,,,,30,,0225-DGJZT-BS-YIN-DMRM-POS.d,,Find by MRM,,
99,DGJZT_DG_30_1,,,207.1,,,,,100,,,,8.098,,,1436,0.458,14603,,,,,Acq,,,,,,,,,,,,,,,30,,0225-DGJZT-BS-YIN-DMRM-POS.d,,Find by MRM,,
100,DGJZT_DG_30_2,,,207.1,,,,,100,,,,8.098,,,251,0.509,2685,,,,,Acq,,,,,,,,,,,,,,,30,,0225-DGJZT-BS-YIN-DMRM-POS.d,,Find by MRM,,
101,DGJZT_CGC_35_3,,,257.1,,,,,100,,,,8.614,,,1244,0.293,11897,,,,,Acq,,,,,,,,,,,,,,,30,,0225-DGJZT-BS-YIN-DMRM-POS.d,,Find by MRM,,
102,DGJZT_CGC_35_2,,,257.1,,,,,100,,,,8.616,,,1466,0.304,14362,,,,,Acq,,,,,,,,,,,,,,,30,,0225-DGJZT-BS-YIN-DMRM-POS.d,,Find by MRM,,
103,DGJZT_CGC_34_2,,,551.2,,,,,100,,,,8.609,,,42872,0.299,343168,,,,,Acq,,,,,,,,,,,,,,,30,,0225-DGJZT-BS-YIN-DMRM-POS.d,,Find by MRM,,
104,DGJZT_CGC_34_3,,,551.2,,,,,100,,,,8.601,,,3345,0.294,26958,,,,,Acq,,,,,,,,,,,,,,,30,,0225-DGJZT-BS-YIN-DMRM-POS.d,,Find by MRM,,
105,DGJZT_CGC_33_3,,,419.1,,,,,100,,,,8.603,,,4625,0.275,34556,,,,,Acq,,,,,,,,,,,,,,,30,,0225-DGJZT-BS-YIN-DMRM-POS.d,,Find by MRM,,
106,DGJZT_CGC_33_2,,,419.1,,,,,100,,,,8.604,,,1882,0.406,17895,,,,,Acq,,,,,,,,,,,,,,,30,,0225-DGJZT-BS-YIN-DMRM-POS.d,,Find by MRM,,
107,DGJZT_CGC_33_1,,,419.1,,,,,100,,,,8.605,,,3101,0.288,24947,,,,,Acq,,,,,,,,,,,,,,,30,,0225-DGJZT-BS-YIN-DMRM-POS.d,,Find by MRM,,
108,DGJZT_CGC_34_1,,,551.2,,,,,100,,,,8.611,,,5154,0.301,43223,,,,,Acq,,,,,,,,,,,,,,,30,,0225-DGJZT-BS-YIN-DMRM-POS.d,,Find by MRM,,
109,DGJZT_CGC_35_1,,,257.1,,,,,100,,,,8.624,,,6440,0.352,66667,,,,,Acq,,,,,,,,,,,,,,,30,,0225-DGJZT-BS-YIN-DMRM-POS.d,,Find by MRM,,
110,DGJZT_CGC_36_1,,,431.1,,,,,100,,,,8.993,,,95064,0.408,887172,,,,,Acq,,,,,,,,,,,,,,,30,,0225-DGJZT-BS-YIN-DMRM-POS.d,,Find by MRM,,
111,DGJZT_CGC_36_3,,,431.1,,,,,100,,,,8.986,,,164,0.328,1561,,,,,Acq,,,,,,,,,,,,,,,30,,0225-DGJZT-BS-YIN-DMRM-POS.d,,Find by MRM,,
112,DGJZT_CGC_37_1,,,269.1,,,,,100,,,,8.997,,,524,0.33,4398,,,,,Acq,,,,,,,,,,,,,,,30,,0225-DGJZT-BS-YIN-DMRM-POS.d,,Find by MRM,,
113,DGJZT_CGC_37_2,,,269.1,,,,,100,,,,8.997,,,1023,0.476,10632,,,,,Acq,,,,,,,,,,,,,,,30,,0225-DGJZT-BS-YIN-DMRM-POS.d,,Find by MRM,,
114,DGJZT_CGC_36_2,,,431.1,,,,,100,,,,8.994,,,722,0.473,7148,,,,,Acq,,,,,,,,,,,,,,,30,,0225-DGJZT-BS-YIN-DMRM-POS.d,,Find by MRM,,
115,DGJZT_CGC_37_3,,,269.1,,,,,100,,,,8.973,,,144,0.472,1387,,,,,Acq,,,,,,,,,,,,,,,30,,0225-DGJZT-BS-YIN-DMRM-POS.d,,Find by MRM,,
116,DGJZT_CGC_38_3,,,257.1,,,,,100,,,,9.074,,,1744,0.422,18263,,,,,Acq,,,,,,,,,,,,,,,30,,0225-DGJZT-BS-YIN-DMRM-POS.d,,Find by MRM,,
117,DGJZT_CGC_38_2,,,257.1,,,,,100,,,,9.066,,,1979,0.4,20171,,,,,Acq,,,,,,,,,,,,,,,30,,0225-DGJZT-BS-YIN-DMRM-POS.d,,Find by MRM,,
118,DGJZT_CGC_39_3,,,419.1,,,,,100,,,,9.07,,,48710,0.326,415785,,,,,Acq,,,,,,,,,,,,,,,30,,0225-DGJZT-BS-YIN-DMRM-POS.d,,Find by MRM,,
119,DGJZT_CGC_39_2,,,419.1,,,,,100,,,,9.071,,,17872,0.32,153030,,,,,Acq,,,,,,,,,,,,,,,30,,0225-DGJZT-BS-YIN-DMRM-POS.d,,Find by MRM,,
120,DGJZT_CGC_39_1,,,419.1,,,,,100,,,,9.072,,,33567,0.333,284181,,,,,Acq,,,,,,,,,,,,,,,30,,0225-DGJZT-BS-YIN-DMRM-POS.d,,Find by MRM,,
121,DGJZT_CGC_38_1,,,257.1,,,,,100,,,,9.066,,,8551,0.364,83560,,,,,Acq,,,,,,,,,,,,,,,30,,0225-DGJZT-BS-YIN-DMRM-POS.d,,Find by MRM,,
122,DGJZT_DG_32_3,,,207.1,,,,,100,,,,9.201,,,1527,0.382,14201,,,,,Acq,,,,,,,,,,,,,,,30,,0225-DGJZT-BS-YIN-DMRM-POS.d,,Find by MRM,,
123,DGJZT_DG_32_1,,,207.1,,,,,100,,,,9.193,,,808,0.429,7433,,,,,Acq,,,,,,,,,,,,,,,30,,0225-DGJZT-BS-YIN-DMRM-POS.d,,Find by MRM,,
124,DGJZT_DG_32_2,,,207.1,,,,,100,,,,9.194,,,2140,0.398,20239,,,,,Acq,,,,,,,,,,,,,,,30,,0225-DGJZT-BS-YIN-DMRM-POS.d,,Find by MRM,,
125,DGJZT_CGC_40_3,,,419.1,,,,,100,,,,9.345,,,4805,0.146,24177,,,,,Acq,,,,,,,,,,,,,,,30,,0225-DGJZT-BS-YIN-DMRM-POS.d,,Find by MRM,,
126,DGJZT_CGC_40_2,,,419.1,,,,,100,,,,9.346,,,4230,0.347,41579,,,,,Acq,,,,,,,,,,,,,,,30,,0225-DGJZT-BS-YIN-DMRM-POS.d,,Find by MRM,,
127,DGJZT_CGC_40_1,,,419.1,,,,,100,,,,9.339,,,7946,0.526,80850,,,,,Acq,,,,,,,,,,,,,,,30,,0225-DGJZT-BS-YIN-DMRM-POS.d,,Find by MRM,,
128,DGJZT_CGC_42_2,,,287.1,,,,,100,,,,9.757,,,678,0.427,6047,,,,,Acq,,,,,,,,,,,,,,,30,,0225-DGJZT-BS-YIN-DMRM-POS.d,,Find by MRM,,
129,DGJZT_CGC_42_1,,,287.1,,,,,100,,,,9.759,,,9426,0.425,85092,,,,,Acq,,,,,,,,,,,,,,,30,,0225-DGJZT-BS-YIN-DMRM-POS.d,,Find by MRM,,
130,DGJZT_CGC_42_3,,,287.1,,,,,100,,,,9.761,,,1212,0.627,11712,,,,,Acq,,,,,,,,,,,,,,,30,,0225-DGJZT-BS-YIN-DMRM-POS.d,,Find by MRM,,
131,DGJZT_CGC_43_3,,,257.1,,,,,100,,,,10.065,,,9490,0.413,84221,,,,,Acq,,,,,,,,,,,,,,,30,,0225-DGJZT-BS-YIN-DMRM-POS.d,,Find by MRM,,
132,DGJZT_CGC_43_1,,,257.1,,,,,100,,,,10.067,,,51897,0.595,491159,,,,,Acq,,,,,,,,,,,,,,,30,,0225-DGJZT-BS-YIN-DMRM-POS.d,,Find by MRM,,
133,DGJZT_CGC_43_2,,,257.1,,,,,100,,,,10.069,,,11421,0.585,109363,,,,,Acq,,,,,,,,,,,,,,,30,,0225-DGJZT-BS-YIN-DMRM-POS.d,,Find by MRM,,
134,DGJZT_CGC_77_1,,,437.3,,,,,100,,,,12.276,,,259,0.202,1612,,,,,Acq,,,,,,,,,,,,,,,30,,0225-DGJZT-BS-YIN-DMRM-POS.d,,Find by MRM,,
135,DGJZT_CGC_77_3,,,437.3,,,,,100,,,,12.442,,,285,0.219,2026,,,,,Acq,,,,,,,,,,,,,,,30,,0225-DGJZT-BS-YIN-DMRM-POS.d,,Find by MRM,,
136,DGJZT_CGC_77_2,,,437.3,,,,,100,,,,12.46,,,186,0.224,1241,,,,,Acq,,,,,,,,,,,,,,,30,,0225-DGJZT-BS-YIN-DMRM-POS.d,,Find by MRM,,
137,DGJZT_CGC_79_1,,,823.4,,,,,100,,,,12.574,,,767,0.295,6740,,,,,Acq,,,,,,,,,,,,,,,30,,0225-DGJZT-BS-YIN-DMRM-POS.d,,Find by MRM,,
138,DGJZT_DG_34_3,,,205.1,,,,,100,,,,12.58,,,551,0.248,3200,,,,,Acq,,,,,,,,,,,,,,,30,,0225-DGJZT-BS-YIN-DMRM-POS.d,,Find by MRM,,
139,DGJZT_DG_34_1,,,205.1,,,,,100,,,,12.563,,,564,0.145,2351,,,,,Acq,,,,,,,,,,,,,,,30,,0225-DGJZT-BS-YIN-DMRM-POS.d,,Find by MRM,,
140,DGJZT_DG_34_2,,,205.1,,,,,100,,,,12.89,,,645,0.101,3746,,,,,Acq,,,,,,,,,,,,,,,30,,0225-DGJZT-BS-YIN-DMRM-POS.d,,Find by MRM,,
141,DGJZT_SJ_11_2,,,457.3,,,,,100,,,,12.684,,,509,0.314,3606,,,,,Acq,,,,,,,,,,,,,,,30,,0225-DGJZT-BS-YIN-DMRM-POS.d,,Find by MRM,,
142,DGJZT_SJ_10_2,,,277.2,,,,,100,,,,12.645,,,47619,0.428,355540,,,,,Acq,,,,,,,,,,,,,,,30,,0225-DGJZT-BS-YIN-DMRM-POS.d,,Find by MRM,,
143,DGJZT_SJ_10_1,,,277.2,,,,,100,,,,12.646,,,34447,0.427,258995,,,,,Acq,,,,,,,,,,,,,,,30,,0225-DGJZT-BS-YIN-DMRM-POS.d,,Find by MRM,,
144,DGJZT_SJ_10_3,,,277.2,,,,,100,,,,12.646,,,7974,0.421,58560,,,,,Acq,,,,,,,,,,,,,,,30,,0225-DGJZT-BS-YIN-DMRM-POS.d,,Find by MRM,,
145,DGJZT_SJ_9_3,,,177.1,,,,,100,,,,12.647,,,13202,0.365,97162,,,,,Acq,,,,,,,,,,,,,,,30,,0225-DGJZT-BS-YIN-DMRM-POS.d,,Find by MRM,,
146,DGJZT_SJ_9_2,,,177.1,,,,,100,,,,12.648,,,79143,0.434,597385,,,,,Acq,,,,,,,,,,,,,,,30,,0225-DGJZT-BS-YIN-DMRM-POS.d,,Find by MRM,,
147,DGJZT_SJ_9_1,,,177.1,,,,,100,,,,12.64,,,99314,0.415,746261,,,,,Acq,,,,,,,,,,,,,,,30,,0225-DGJZT-BS-YIN-DMRM-POS.d,,Find by MRM,,
148,DGJZT_SJ_8_3,,,145.1,,,,,100,,,,12.649,,,481,0.318,3418,,,,,Acq,,,,,,,,,,,,,,,30,,0225-DGJZT-BS-YIN-DMRM-POS.d,,Find by MRM,,
149,DGJZT_SJ_8_1,,,145.1,,,,,100,,,,12.641,,,11370,0.41,87575,,,,,Acq,,,,,,,,,,,,,,,30,,0225-DGJZT-BS-YIN-DMRM-POS.d,,Find by MRM,,
150,DGJZT_SJ_11_3,,,457.3,,,,,100,,,,12.683,,,228,0.331,1659,,,,,Acq,,,,,,,,,,,,,,,30,,0225-DGJZT-BS-YIN-DMRM-POS.d,,Find by MRM,,
151,DGJZT_SJ_11_1,,,457.3,,,,,100,,,,12.676,,,1732,0.44,14685,,,,,Acq,,,,,,,,,,,,,,,30,,0225-DGJZT-BS-YIN-DMRM-POS.d,,Find by MRM,,
152,DGJZT_CGC_83_1,,,369.1,,,,,100,,,,12.744,,,1386,0.354,13389,,,,,Acq,,,,,,,,,,,,,,,30,,0225-DGJZT-BS-YIN-DMRM-POS.d,,Find by MRM,,
153,DGJZT_SJ_8_2,,,145.1,,,,,100,,,,12.64,,,609,0.298,4297,,,,,Acq,,,,,,,,,,,,,,,30,,0225-DGJZT-BS-YIN-DMRM-POS.d,,Find by MRM,,
154,DGJZT_CGC_83_3,,,369.1,,,,,100,,,,12.735,,,1461,0.395,13768,,,,,Acq,,,,,,,,,,,,,,,30,,0225-DGJZT-BS-YIN-DMRM-POS.d,,Find by MRM,,
155,DGJZT_CGC_83_2,,,369.1,,,,,100,,,,12.777,,,1562,0.396,13959,,,,,Acq,,,,,,,,,,,,,,,30,,0225-DGJZT-BS-YIN-DMRM-POS.d,,Find by MRM,,
156,DGJZT_CGC_80_1,,,353.1,,,,,100,,,,12.712,,,3597,0.316,26106,,,,,Acq,,,,,,,,,,,,,,,30,,0225-DGJZT-BS-YIN-DMRM-POS.d,,Find by MRM,,
157,DGJZT_CGC_87_1,,,299.1,,,,,100,,,,12.958,,,382,0.295,2918,,,,,Acq,,,,,,,,,,,,,,,30,,0225-DGJZT-BS-YIN-DMRM-POS.d,,Find by MRM,,
158,DGJZT_CGC_87_2,,,299.1,,,,,100,,,,12.967,,,61,0.359,594,,,,,Acq,,,,,,,,,,,,,,,30,,0225-DGJZT-BS-YIN-DMRM-POS.d,,Find by MRM,,
159,DGJZT_CGC_86_3,,,353.1,,,,,100,,,,13.028,,,17736,0.345,121217,,,,,Acq,,,,,,,,,,,,,,,30,,0225-DGJZT-BS-YIN-DMRM-POS.d,,Find by MRM,,
160,DGJZT_CGC_86_2,,,353.1,,,,,100,,,,13.031,,,47,0.192,284,,,,,Acq,,,,,,,,,,,,,,,30,,0225-DGJZT-BS-YIN-DMRM-POS.d,,Find by MRM,,
161,DGJZT_CGC_86_1,,,353.1,,,,,100,,,,13.03,,,16557,0.352,117055,,,,,Acq,,,,,,,,,,,,,,,30,,0225-DGJZT-BS-YIN-DMRM-POS.d,,Find by MRM,,
162,DGJZT_CGC_91_3,,,355.1,,,,,100,,,,13.262,,,32011,0.337,216942,,,,,Acq,,,,,,,,,,,,,,,30,,0225-DGJZT-BS-YIN-DMRM-POS.d,,Find by MRM,,
163,DGJZT_CGC_87_3,,,299.1,,,,,100,,,,13.259,,,637,0.314,4529,,,,,Acq,,,,,,,,,,,,,,,30,,0225-DGJZT-BS-YIN-DMRM-POS.d,,Find by MRM,,
164,DGJZT_CGC_92_3,,,383.2,,,,,100,,,,13.337,,,515,0.31,3471,,,,,Acq,,,,,,,,,,,,,,,30,,0225-DGJZT-BS-YIN-DMRM-POS.d,,Find by MRM,,
165,DGJZT_DG_37_3,,,193.1,,,,,100,,,,13.267,,,168,0.31,1320,,,,,Acq,,,,,,,,,,,,,,,30,,0225-DGJZT-BS-YIN-DMRM-POS.d,,Find by MRM,,
166,DGJZT_DG_37_2,,,193.1,,,,,100,,,,13.268,,,1186,0.365,9158,,,,,Acq,,,,,,,,,,,,,,,30,,0225-DGJZT-BS-YIN-DMRM-POS.d,,Find by MRM,,
167,DGJZT_DG_37_1,,,193.1,,,,,100,,,,13.268,,,1920,0.308,13919,,,,,Acq,,,,,,,,,,,,,,,30,,0225-DGJZT-BS-YIN-DMRM-POS.d,,Find by MRM,,
168,DGJZT_CGC_91_2,,,355.1,,,,,100,,,,13.314,,,14088,0.399,102069,,,,,Acq,,,,,,,,,,,,,,,30,,0225-DGJZT-BS-YIN-DMRM-POS.d,,Find by MRM,,
169,DGJZT_CGC_91_1,,,355.1,,,,,100,,,,13.331,,,14700,0.353,105460,,,,,Acq,,,,,,,,,,,,,,,30,,0225-DGJZT-BS-YIN-DMRM-POS.d,,Find by MRM,,
170,DGJZT_CGC_93_3,,,327.1,,,,,100,,,,13.332,,,157,0.27,974,,,,,Acq,,,,,,,,,,,,,,,30,,0225-DGJZT-BS-YIN-DMRM-POS.d,,Find by MRM,,
171,DGJZT_CGC_92_2,,,383.2,,,,,100,,,,13.328,,,521,0.366,4018,,,,,Acq,,,,,,,,,,,,,,,30,,0225-DGJZT-BS-YIN-DMRM-POS.d,,Find by MRM,,
172,DGJZT_CGC_92_1,,,383.2,,,,,100,,,,13.345,,,537,0.391,3983,,,,,Acq,,,,,,,,,,,,,,,30,,0225-DGJZT-BS-YIN-DMRM-POS.d,,Find by MRM,,
173,DGJZT_CGC_93_2,,,327.1,,,,,100,,,,13.324,,,67,0.299,436,,,,,Acq,,,,,,,,,,,,,,,30,,0225-DGJZT-BS-YIN-DMRM-POS.d,,Find by MRM,,
174,DGJZT_CGC_97_2,,,337.1,,,,,100,,,,13.763,,,3737,0.353,25180,,,,,Acq,,,,,,,,,,,,,,,30,,0225-DGJZT-BS-YIN-DMRM-POS.d,,Find by MRM,,
175,DGJZT_CGC_97_1,,,337.1,,,,,100,,,,13.764,,,3248,0.388,22274,,,,,Acq,,,,,,,,,,,,,,,30,,0225-DGJZT-BS-YIN-DMRM-POS.d,,Find by MRM,,
176,DGJZT_CGC_98_3,,,317.1,,,,,100,,,,13.764,,,1297,0.394,9261,,,,,Acq,,,,,,,,,,,,,,,30,,0225-DGJZT-BS-YIN-DMRM-POS.d,,Find by MRM,,
177,DGJZT_CGC_98_1,,,317.1,,,,,100,,,,13.756,,,1678,0.351,11029,,,,,Acq,,,,,,,,,,,,,,,30,,0225-DGJZT-BS-YIN-DMRM-POS.d,,Find by MRM,,
178,DGJZT_CGC_98_2,,,317.1,,,,,100,,,,13.765,,,375,0.418,2718,,,,,Acq,,,,,,,,,,,,,,,30,,0225-DGJZT-BS-YIN-DMRM-POS.d,,Find by MRM,,
179,DGJZT_CGC_97_3,,,337.1,,,,,100,,,,13.755,,,200,0.386,1254,,,,,Acq,,,,,,,,,,,,,,,30,,0225-DGJZT-BS-YIN-DMRM-POS.d,,Find by MRM,,
180,DGJZT_DG_41_1,,,189.1,,,,,100,,,,13.834,,,7855,0.191,45197,,,,,Acq,,,,,,,,,,,,,,,30,,0225-DGJZT-BS-YIN-DMRM-POS.d,,Find by MRM,,
181,DGJZT_DG_41_2,,,189.1,,,,,100,,,,13.834,,,2236,0.169,12142,,,,,Acq,,,,,,,,,,,,,,,30,,0225-DGJZT-BS-YIN-DMRM-POS.d,,Find by MRM,,
182,DGJZT_DG_41_3,,,189.1,,,,,100,,,,13.835,,,1667,0.197,10272,,,,,Acq,,,,,,,,,,,,,,,30,,0225-DGJZT-BS-YIN-DMRM-POS.d,,Find by MRM,,
183,DGJZT_SJ_13_3,,,177.1,,,,,100,,,,13.894,,,812,0.334,5108,,,,,Acq,,,,,,,,,,,,,,,30,,0225-DGJZT-BS-YIN-DMRM-POS.d,,Find by MRM,,
184,DGJZT_SJ_13_2,,,177.1,,,,,100,,,,13.894,,,5677,0.375,38736,,,,,Acq,,,,,,,,,,,,,,,30,,0225-DGJZT-BS-YIN-DMRM-POS.d,,Find by MRM,,
185,DGJZT_SJ_13_1,,,177.1,,,,,100,,,,13.895,,,5365,0.444,42769,,,,,Acq,,,,,,,,,,,,,,,30,,0225-DGJZT-BS-YIN-DMRM-POS.d,,Find by MRM,,
186,DGJZT_CGC_100_2,,,383.1,,,,,100,,,,13.972,,,3473,0.358,23511,,,,,Acq,,,,,,,,,,,,,,,30,,0225-DGJZT-BS-YIN-DMRM-POS.d,,Find by MRM,,
187,DGJZT_CGC_100_1,,,383.1,,,,,100,,,,13.972,,,341,0.402,2246,,,,,Acq,,,,,,,,,,,,,,,30,,0225-DGJZT-BS-YIN-DMRM-POS.d,,Find by MRM,,
188,DGJZT_DG_47_3,,,191.1,,,,,100,,,,13.984,,,39014,0.317,267492,,,,,Acq,,,,,,,,,,,,,,,30,,0225-DGJZT-BS-YIN-DMRM-POS.d,,Find by MRM,,
189,DGJZT_DG_47_1,,,191.1,,,,,100,,,,13.976,,,75568,0.35,523908,,,,,Acq,,,,,,,,,,,,,,,30,,0225-DGJZT-BS-YIN-DMRM-POS.d,,Find by MRM,,
190,DGJZT_DG_47_2,,,191.1,,,,,100,,,,13.976,,,66736,0.333,465657,,,,,Acq,,,,,,,,,,,,,,,30,,0225-DGJZT-BS-YIN-DMRM-POS.d,,Find by MRM,,
191,DGJZT_DG_45_3,,,145.1,,,,,100,,,,13.987,,,1153,0.229,7511,,,,,Acq,,,,,,,,,,,,,,,30,,0225-DGJZT-BS-YIN-DMRM-POS.d,,Find by MRM,,
192,DGJZT_DG_45_1,,,145.1,,,,,100,,,,13.971,,,4915,0.369,36271,,,,,Acq,,,,,,,,,,,,,,,30,,0225-DGJZT-BS-YIN-DMRM-POS.d,,Find by MRM,,
193,DGJZT_DG_45_2,,,145.1,,,,,100,,,,13.98,,,2506,0.329,18249,,,,,Acq,,,,,,,,,,,,,,,30,,0225-DGJZT-BS-YIN-DMRM-POS.d,,Find by MRM,,
194,DGJZT_CGC_100_3,,,383.1,,,,,100,,,,13.964,,,652,0.367,4345,,,,,Acq,,,,,,,,,,,,,,,30,,0225-DGJZT-BS-YIN-DMRM-POS.d,,Find by MRM,,
195,DGJZT_CGC_101_2,,,371.2,,,,,100,,,,14.202,,,5942,0.392,39111,,,,,Acq,,,,,,,,,,,,,,,30,,0225-DGJZT-BS-YIN-DMRM-POS.d,,Find by MRM,,
196,DGJZT_CGC_101_3,,,371.2,,,,,100,,,,14.211,,,168,0.232,939,,,,,Acq,,,,,,,,,,,,,,,30,,0225-DGJZT-BS-YIN-DMRM-POS.d,,Find by MRM,,
197,DGJZT_CGC_103_1,,,425.2,,,,,100,,,,14.24,,,1814,0.404,13082,,,,,Acq,,,,,,,,,,,,,,,30,,0225-DGJZT-BS-YIN-DMRM-POS.d,,Find by MRM,,
198,DGJZT_CGC_103_2,,,425.2,,,,,100,,,,14.232,,,4308,0.41,28916,,,,,Acq,,,,,,,,,,,,,,,30,,0225-DGJZT-BS-YIN-DMRM-POS.d,,Find by MRM,,
199,DGJZT_CGC_103_3,,,425.2,,,,,100,,,,14.241,,,2604,0.235,15933,,,,,Acq,,,,,,,,,,,,,,,30,,0225-DGJZT-BS-YIN-DMRM-POS.d,,Find by MRM,,
200,DGJZT_CGC_101_1,,,371.2,,,,,100,,,,14.203,,,5157,0.47,41531,,,,,Acq,,,,,,,,,,,,,,,30,,0225-DGJZT-BS-YIN-DMRM-POS.d,,Find by MRM,,
201,DGJZT_SJ_14_1,,,404.2,,,,,100,,,,14.259,,,10352,0.284,69443,,,,,Acq,,,,,,,,,,,,,,,30,,0225-DGJZT-BS-YIN-DMRM-POS.d,,Find by MRM,,
202,DGJZT_SJ_14_3,,,404.2,,,,,100,,,,14.259,,,144,0.203,774,,,,,Acq,,,,,,,,,,,,,,,30,,0225-DGJZT-BS-YIN-DMRM-POS.d,,Find by MRM,,
203,DGJZT_SJ_14_2,,,404.2,,,,,100,,,,14.26,,,8673,0.285,56284,,,,,Acq,,,,,,,,,,,,,,,30,,0225-DGJZT-BS-YIN-DMRM-POS.d,,Find by MRM,,
204,DGJZT_CGC_106_2,,,423.2,,,,,100,,,,14.484,,,9811,0.348,72846,,,,,Acq,,,,,,,,,,,,,,,30,,0225-DGJZT-BS-YIN-DMRM-POS.d,,Find by MRM,,
205,DGJZT_CGC_106_1,,,423.2,,,,,100,,,,14.617,,,65,0.124,313,,,,,Acq,,,,,,,,,,,,,,,30,,0225-DGJZT-BS-YIN-DMRM-POS.d,,Find by MRM,,
206,DGJZT_DG_49_3,,,191.1,,,,,100,,,,14.638,,,555,0.151,2583,,,,,Acq,,,,,,,,,,,,,,,30,,0225-DGJZT-BS-YIN-DMRM-POS.d,,Find by MRM,,
207,DGJZT_DG_49_1,,,191.1,,,,,100,,,,14.63,,,1443,0.16,7432,,,,,Acq,,,,,,,,,,,,,,,30,,0225-DGJZT-BS-YIN-DMRM-POS.d,,Find by MRM,,
208,DGJZT_DG_49_2,,,191.1,,,,,100,,,,14.631,,,897,0.133,4158,,,,,Acq,,,,,,,,,,,,,,,30,,0225-DGJZT-BS-YIN-DMRM-POS.d,,Find by MRM,,
209,DGJZT_GZ_24_1,,,279.1,,,,,100,,,,14.712,,,2837,0.409,19943,,,,,Acq,,,,,,,,,,,,,,,30,,0225-DGJZT-BS-YIN-DMRM-POS.d,,Find by MRM,,
210,DGJZT_GZ_24_3,,,279.1,,,,,100,,,,14.704,,,686,0.387,4819,,,,,Acq,,,,,,,,,,,,,,,30,,0225-DGJZT-BS-YIN-DMRM-POS.d,,Find by MRM,,
211,DGJZT_CGC_106_3,,,423.2,,,,,100,,,,14.734,,,693,0.3,4444,,,,,Acq,,,,,,,,,,,,,,,30,,0225-DGJZT-BS-YIN-DMRM-POS.d,,Find by MRM,,
212,DGJZT_GZ_24_2,,,279.1,,,,,100,,,,14.713,,,6197,0.329,41287,,,,,Acq,,,,,,,,,,,,,,,30,,0225-DGJZT-BS-YIN-DMRM-POS.d,,Find by MRM,,
213,DGJZT_GZ_25_2,,,309.2,,,,,100,,,,14.786,,,900,0.376,6084,,,,,Acq,,,,,,,,,,,,,,,30,,0225-DGJZT-BS-YIN-DMRM-POS.d,,Find by MRM,,
214,DGJZT_GZ_25_3,,,309.2,,,,,100,,,,14.786,,,79,0.276,413,,,,,Acq,,,,,,,,,,,,,,,30,,0225-DGJZT-BS-YIN-DMRM-POS.d,,Find by MRM,,
215,DGJZT_GZ_25_1,,,309.2,,,,,100,,,,14.778,,,7402,0.397,49202,,,,,Acq,,,,,,,,,,,,,,,30,,0225-DGJZT-BS-YIN-DMRM-POS.d,,Find by MRM,,
216,DGJZT_SJ_16_3,,,177.1,,,,,100,,,,14.782,,,220,0.285,1364,,,,,Acq,,,,,,,,,,,,,,,30,,0225-DGJZT-BS-YIN-DMRM-POS.d,,Find by MRM,,
217,DGJZT_SJ_16_2,,,177.1,,,,,100,,,,14.791,,,1249,0.352,7906,,,,,Acq,,,,,,,,,,,,,,,30,,0225-DGJZT-BS-YIN-DMRM-POS.d,,Find by MRM,,
218,DGJZT_SJ_16_1,,,177.1,,,,,100,,,,14.791,,,1435,0.3,8296,,,,,Acq,,,,,,,,,,,,,,,30,,0225-DGJZT-BS-YIN-DMRM-POS.d,,Find by MRM,,
219,DGJZT_DG_50_2,,,412.3,,,,,100,,,,15.037,,,208,0.176,1574,,,,,Acq,,,,,,,,,,,,,,,30,,0225-DGJZT-BS-YIN-DMRM-POS.d,,Find by MRM,,
220,DGJZT_DG_50_1,,,412.3,,,,,100,,,,15.062,,,14554,0.481,167263,,,,,Acq,,,,,,,,,,,,,,,30,,0225-DGJZT-BS-YIN-DMRM-POS.d,,Find by MRM,,
221,DGJZT_DG_50_3,,,412.3,,,,,100,,,,15.028,,,809,0.46,10070,,,,,Acq,,,,,,,,,,,,,,,30,,0225-DGJZT-BS-YIN-DMRM-POS.d,,Find by MRM,,
222,DGJZT_DG_52_3,,,381.2,,,,,100,,,,15.056,,,13394,0.482,160828,,,,,Acq,,,,,,,,,,,,,,,30,,0225-DGJZT-BS-YIN-DMRM-POS.d,,Find by MRM,,
223,DGJZT_DG_58_1,,,412.2,,,,,100,,,,15.054,,,14672,0.487,157987,,,,,Acq,,,,,,,,,,,,,,,30,,0225-DGJZT-BS-YIN-DMRM-POS.d,,Find by MRM,,
224,DGJZT_DG_58_3,,,412.2,,,,,100,,,,15.054,,,1061,0.418,11507,,,,,Acq,,,,,,,,,,,,,,,30,,0225-DGJZT-BS-YIN-DMRM-POS.d,,Find by MRM,,
225,DGJZT_DG_55_2,,,363.2,,,,,100,,,,14.989,,,63,0.251,395,,,,,Acq,,,,,,,,,,,,,,,30,,0225-DGJZT-BS-YIN-DMRM-POS.d,,Find by MRM,,
226,DGJZT_DG_59_3,,,191.1,,,,,100,,,,15.05,,,1898,0.51,21126,,,,,Acq,,,,,,,,,,,,,,,30,,0225-DGJZT-BS-YIN-DMRM-POS.d,,Find by MRM,,
227,DGJZT_DG_59_1,,,191.1,,,,,100,,,,15.05,,,6497,0.499,66065,,,,,Acq,,,,,,,,,,,,,,,30,,0225-DGJZT-BS-YIN-DMRM-POS.d,,Find by MRM,,
228,DGJZT_DG_59_2,,,191.1,,,,,100,,,,15.059,,,5096,0.498,60193,,,,,Acq,,,,,,,,,,,,,,,30,,0225-DGJZT-BS-YIN-DMRM-POS.d,,Find by MRM,,
229,DGJZT_DG_58_2,,,412.2,,,,,100,,,,15.038,,,399,0.353,3794,,,,,Acq,,,,,,,,,,,,,,,30,,0225-DGJZT-BS-YIN-DMRM-POS.d,,Find by MRM,,
230,DGJZT_DG_52_1,,,381.2,,,,,100,,,,15.116,,,102660,0.471,1077980,,,,,Acq,,,,,,,,,,,,,,,30,,0225-DGJZT-BS-YIN-DMRM-POS.d,,Find by MRM,,
231,DGJZT_DG_52_2,,,381.2,,,,,100,,,,15.117,,,4698,0.365,50957,,,,,Acq,,,,,,,,,,,,,,,30,,0225-DGJZT-BS-YIN-DMRM-POS.d,,Find by MRM,,
232,DGJZT_GZ_27_1,,,448.3,,,,,100,,,,15.127,,,83776,0.423,572929,,,,,Acq,,,,,,,,,,,,,,,30,,0225-DGJZT-BS-YIN-DMRM-POS.d,,Find by MRM,,
233,DGJZT_GZ_27_2,,,448.3,,,,,100,,,,15.119,,,3879,0.419,27090,,,,,Acq,,,,,,,,,,,,,,,30,,0225-DGJZT-BS-YIN-DMRM-POS.d,,Find by MRM,,
234,DGJZT_DG_61_1,,,381.2,,,,,100,,,,15.115,,,95002,0.344,932573,,,,,Acq,,,,,,,,,,,,,,,30,,0225-DGJZT-BS-YIN-DMRM-POS.d,,Find by MRM,,
235,DGJZT_DG_61_3,,,381.2,,,,,100,,,,15.123,,,18317,0.318,124635,,,,,Acq,,,,,,,,,,,,,,,30,,0225-DGJZT-BS-YIN-DMRM-POS.d,,Find by MRM,,
236,DGJZT_DG_61_2,,,381.2,,,,,100,,,,15.124,,,23568,0.396,164349,,,,,Acq,,,,,,,,,,,,,,,30,,0225-DGJZT-BS-YIN-DMRM-POS.d,,Find by MRM,,
237,DGJZT_SJ_17_1,,,432.3,,,,,100,,,,15.195,,,3098,0.397,22152,,,,,Acq,,,,,,,,,,,,,,,30,,0225-DGJZT-BS-YIN-DMRM-POS.d,,Find by MRM,,
238,DGJZT_SJ_17_3,,,432.3,,,,,100,,,,15.204,,,867,0.412,7807,,,,,Acq,,,,,,,,,,,,,,,30,,0225-DGJZT-BS-YIN-DMRM-POS.d,,Find by MRM,,
239,DGJZT_SJ_17_2,,,432.3,,,,,100,,,,15.196,,,3388,0.375,23732,,,,,Acq,,,,,,,,,,,,,,,30,,0225-DGJZT-BS-YIN-DMRM-POS.d,,Find by MRM,,

