﻿#化合物列表: 239 found
#
Cpd,Name,Formula,Purity Result,Precursor,Mass,Diff (ppm),Score (Tgt),Flags (Tgt),Score,Std Dev,Relative Mass Difference (MFG),Base Peak,RT,RT Diff,Target Retention Time Difference,Height,Width,Area,Volume,Vol %,Ions,Saturated,ID Source,Score (MFG),Score (DB),Hit Count,Tgt MFG Hit,FV,Purity Value,Purity Comments,ADC% Area,EIC/TIC% Area,TIC% Area,UVA% Area,Score (Lib),CAS ID,Relative Reference Mass difference,CE,MS/MS Count,File,Notes,Algorithm,Lib/DB
1,DGJZT_CGC_3_1,,,427.2,,,,,100,,,,0.855,,,484,0.204,2470,,,,,Acq,,,,,,,,,,,,,,,30,,0225-DGJZT-SJ-YIN-DMRM-POS.d,,Find by MRM,,
2,DGJZT_CGC_2_2,,,265.2,,,,,100,,,,0.856,,,56,0.207,270,,,,,Acq,,,,,,,,,,,,,,,30,,0225-DGJZT-SJ-YIN-DMRM-POS.d,,Find by MRM,,
3,DGJZT_CGC_2_1,,,265.2,,,,,100,,,,0.857,,,364,0.18,1622,,,,,Acq,,,,,,,,,,,,,,,30,,0225-DGJZT-SJ-YIN-DMRM-POS.d,,Find by MRM,,
4,DGJZT_DZ_4_3,,,437.2,,,,,100,,,,0.876,,,1746,0.192,10495,,,,,Acq,,,,,,,,,,,,,,,30,,0225-DGJZT-SJ-YIN-DMRM-POS.d,,Find by MRM,,
5,DGJZT_DZ_4_1,,,437.2,,,,,100,,,,0.869,,,454,0.219,2912,,,,,Acq,,,,,,,,,,,,,,,30,,0225-DGJZT-SJ-YIN-DMRM-POS.d,,Find by MRM,,
6,DGJZT_DZ_4_2,,,437.2,,,,,100,,,,0.869,,,707,0.199,4944,,,,,Acq,,,,,,,,,,,,,,,30,,0225-DGJZT-SJ-YIN-DMRM-POS.d,,Find by MRM,,
7,DGJZT_CGC_3_2,,,427.2,,,,,100,,,,0.853,,,8572,0.232,46292,,,,,Acq,,,,,,,,,,,,,,,30,,0225-DGJZT-SJ-YIN-DMRM-POS.d,,Find by MRM,,
8,DGJZT_CGC_3_3,,,427.2,,,,,100,,,,0.854,,,794,0.206,4300,,,,,Acq,,,,,,,,,,,,,,,30,,0225-DGJZT-SJ-YIN-DMRM-POS.d,,Find by MRM,,
9,DGJZT_CGC_6_2,,,138.1,,,,,100,,,,1.084,,,83,0.164,450,,,,,Acq,,,,,,,,,,,,,,,30,,0225-DGJZT-SJ-YIN-DMRM-POS.d,,Find by MRM,,
10,DGJZT_CGC_6_1,,,138.1,,,,,100,,,,1.076,,,67,0.319,675,,,,,Acq,,,,,,,,,,,,,,,30,,0225-DGJZT-SJ-YIN-DMRM-POS.d,,Find by MRM,,
11,DGJZT_CGC_6_3,,,138.1,,,,,100,,,,1.077,,,53,0.29,521,,,,,Acq,,,,,,,,,,,,,,,30,,0225-DGJZT-SJ-YIN-DMRM-POS.d,,Find by MRM,,
12,DGJZT_DZ_17_2,,,360.2,,,,,100,,,,1.08,,,1428,0.306,11618,,,,,Acq,,,,,,,,,,,,,,,30,,0225-DGJZT-SJ-YIN-DMRM-POS.d,,Find by MRM,,
13,DGJZT_DZ_17_1,,,360.2,,,,,100,,,,1.081,,,829,0.282,5961,,,,,Acq,,,,,,,,,,,,,,,30,,0225-DGJZT-SJ-YIN-DMRM-POS.d,,Find by MRM,,
14,DGJZT_DZ_17_3,,,360.2,,,,,100,,,,1.09,,,536,0.397,6097,,,,,Acq,,,,,,,,,,,,,,,30,,0225-DGJZT-SJ-YIN-DMRM-POS.d,,Find by MRM,,
15,DGJZT_DZ_14_3,,,232.1,,,,,100,,,,1.164,,,53,0.174,342,,,,,Acq,,,,,,,,,,,,,,,30,,0225-DGJZT-SJ-YIN-DMRM-POS.d,,Find by MRM,,
16,DGJZT_DZ_14_1,,,232.1,,,,,100,,,,1.148,,,508,0.37,6216,,,,,Acq,,,,,,,,,,,,,,,30,,0225-DGJZT-SJ-YIN-DMRM-POS.d,,Find by MRM,,
17,DGJZT_DZ_14_2,,,232.1,,,,,100,,,,1.117,,,326,0.36,3346,,,,,Acq,,,,,,,,,,,,,,,30,,0225-DGJZT-SJ-YIN-DMRM-POS.d,,Find by MRM,,
18,DGJZT_BS_5_2,,,331.1,,,,,100,,,,1.612,,,924,0.35,6656,,,,,Acq,,,,,,,,,,,,,,,30,,0225-DGJZT-SJ-YIN-DMRM-POS.d,,Find by MRM,,
19,DGJZT_BS_5_3,,,331.1,,,,,100,,,,1.613,,,698,0.258,4610,,,,,Acq,,,,,,,,,,,,,,,30,,0225-DGJZT-SJ-YIN-DMRM-POS.d,,Find by MRM,,
20,DGJZT_BS_5_1,,,331.1,,,,,100,,,,1.606,,,1230,0.334,8574,,,,,Acq,,,,,,,,,,,,,,,30,,0225-DGJZT-SJ-YIN-DMRM-POS.d,,Find by MRM,,
21,DGJZT_CGC_10_1,,,163.1,,,,,100,,,,1.61,,,228,0.403,1864,,,,,Acq,,,,,,,,,,,,,,,30,,0225-DGJZT-SJ-YIN-DMRM-POS.d,,Find by MRM,,
22,DGJZT_CGC_10_2,,,163.1,,,,,100,,,,1.602,,,190,0.34,1349,,,,,Acq,,,,,,,,,,,,,,,30,,0225-DGJZT-SJ-YIN-DMRM-POS.d,,Find by MRM,,
23,DGJZT_DZ_25_1,,,330.2,,,,,100,,,,1.623,,,2332,0.37,16238,,,,,Acq,,,,,,,,,,,,,,,30,,0225-DGJZT-SJ-YIN-DMRM-POS.d,,Find by MRM,,
24,DGJZT_DZ_25_2,,,330.2,,,,,100,,,,1.624,,,1464,0.435,10498,,,,,Acq,,,,,,,,,,,,,,,30,,0225-DGJZT-SJ-YIN-DMRM-POS.d,,Find by MRM,,
25,DGJZT_DZ_25_3,,,330.2,,,,,100,,,,1.617,,,308,0.322,2582,,,,,Acq,,,,,,,,,,,,,,,30,,0225-DGJZT-SJ-YIN-DMRM-POS.d,,Find by MRM,,
26,DGJZT_DZ_27_3,,,180.1,,,,,100,,,,2.255,,,10490,0.757,111559,,,,,Acq,,,,,,,,,,,,,,,30,,0225-DGJZT-SJ-YIN-DMRM-POS.d,,Find by MRM,,
27,DGJZT_DZ_27_1,,,180.1,,,,,100,,,,2.257,,,7523,0.478,73974,,,,,Acq,,,,,,,,,,,,,,,30,,0225-DGJZT-SJ-YIN-DMRM-POS.d,,Find by MRM,,
28,DGJZT_DZ_27_2,,,180.1,,,,,100,,,,2.26,,,633,0.485,6764,,,,,Acq,,,,,,,,,,,,,,,30,,0225-DGJZT-SJ-YIN-DMRM-POS.d,,Find by MRM,,
29,DGJZT_BS_6_2,,,482.2,,,,,100,,,,2.638,,,995,0.352,7808,,,,,Acq,,,,,,,,,,,,,,,30,,0225-DGJZT-SJ-YIN-DMRM-POS.d,,Find by MRM,,
30,DGJZT_BS_6_1,,,482.2,,,,,100,,,,2.641,,,9099,0.41,74310,,,,,Acq,,,,,,,,,,,,,,,30,,0225-DGJZT-SJ-YIN-DMRM-POS.d,,Find by MRM,,
31,DGJZT_BS_6_3,,,482.2,,,,,100,,,,2.634,,,330,0.431,2762,,,,,Acq,,,,,,,,,,,,,,,30,,0225-DGJZT-SJ-YIN-DMRM-POS.d,,Find by MRM,,
32,DGJZT_DG_19_2,,,367.1,,,,,100,,,,3.273,,,28635,0.438,348707,,,,,Acq,,,,,,,,,,,,,,,30,,0225-DGJZT-SJ-YIN-DMRM-POS.d,,Find by MRM,,
33,DGJZT_DG_19_3,,,367.1,,,,,100,,,,3.274,,,15700,0.609,227233,,,,,Acq,,,,,,,,,,,,,,,30,,0225-DGJZT-SJ-YIN-DMRM-POS.d,,Find by MRM,,
34,DGJZT_DG_19_1,,,367.1,,,,,100,,,,3.275,,,983,0.581,12607,,,,,Acq,,,,,,,,,,,,,,,30,,0225-DGJZT-SJ-YIN-DMRM-POS.d,,Find by MRM,,
35,DGJZT_CGC_15_3,,,262.2,,,,,100,,,,3.494,,,1983,0.475,19445,,,,,Acq,,,,,,,,,,,,,,,30,,0225-DGJZT-SJ-YIN-DMRM-POS.d,,Find by MRM,,
36,DGJZT_CGC_15_1,,,262.2,,,,,100,,,,3.495,,,6320,0.482,60978,,,,,Acq,,,,,,,,,,,,,,,30,,0225-DGJZT-SJ-YIN-DMRM-POS.d,,Find by MRM,,
37,DGJZT_CGC_15_2,,,262.2,,,,,100,,,,3.495,,,8196,0.431,76521,,,,,Acq,,,,,,,,,,,,,,,30,,0225-DGJZT-SJ-YIN-DMRM-POS.d,,Find by MRM,,
38,DGJZT_DZ_33_1,,,239.1,,,,,100,,,,3.53,,,75554,0.443,625554,,,,,Acq,,,,,,,,,,,,,,,30,,0225-DGJZT-SJ-YIN-DMRM-POS.d,,Find by MRM,,
39,DGJZT_DZ_33_2,,,239.1,,,,,100,,,,3.539,,,609,0.4,4738,,,,,Acq,,,,,,,,,,,,,,,30,,0225-DGJZT-SJ-YIN-DMRM-POS.d,,Find by MRM,,
40,DGJZT_BS_8_2,,,637.3,,,,,100,,,,3.749,,,319,0.305,2527,,,,,Acq,,,,,,,,,,,,,,,30,,0225-DGJZT-SJ-YIN-DMRM-POS.d,,Find by MRM,,
41,DGJZT_BS_8_3,,,637.3,,,,,100,,,,3.75,,,308,0.317,2332,,,,,Acq,,,,,,,,,,,,,,,30,,0225-DGJZT-SJ-YIN-DMRM-POS.d,,Find by MRM,,
42,DGJZT_BS_8_1,,,637.3,,,,,100,,,,3.751,,,555,0.346,4201,,,,,Acq,,,,,,,,,,,,,,,30,,0225-DGJZT-SJ-YIN-DMRM-POS.d,,Find by MRM,,
43,DGJZT_CGC_16_1,,,250.1,,,,,100,,,,3.696,,,651,0.429,6236,,,,,Acq,,,,,,,,,,,,,,,30,,0225-DGJZT-SJ-YIN-DMRM-POS.d,,Find by MRM,,
44,DGJZT_CGC_17_1,,,433.1,,,,,100,,,,4.1,,,38202,0.376,293840,,,,,Acq,,,,,,,,,,,,,,,30,,0225-DGJZT-SJ-YIN-DMRM-POS.d,,Find by MRM,,
45,DGJZT_CGC_17_2,,,433.1,,,,,100,,,,4.1,,,1900,0.291,14458,,,,,Acq,,,,,,,,,,,,,,,30,,0225-DGJZT-SJ-YIN-DMRM-POS.d,,Find by MRM,,
46,DGJZT_CGC_18_3,,,257.1,,,,,100,,,,4.156,,,2885,0.451,26994,,,,,Acq,,,,,,,,,,,,,,,30,,0225-DGJZT-SJ-YIN-DMRM-POS.d,,Find by MRM,,
47,DGJZT_CGC_18_1,,,257.1,,,,,100,,,,4.157,,,16250,0.468,154933,,,,,Acq,,,,,,,,,,,,,,,30,,0225-DGJZT-SJ-YIN-DMRM-POS.d,,Find by MRM,,
48,DGJZT_CGC_18_2,,,257.1,,,,,100,,,,4.157,,,3322,0.408,31195,,,,,Acq,,,,,,,,,,,,,,,30,,0225-DGJZT-SJ-YIN-DMRM-POS.d,,Find by MRM,,
49,DGJZT_DZ_36_2,,,314.2,,,,,100,,,,4.227,,,1264,0.457,13079,,,,,Acq,,,,,,,,,,,,,,,30,,0225-DGJZT-SJ-YIN-DMRM-POS.d,,Find by MRM,,
50,DGJZT_DZ_36_1,,,314.2,,,,,100,,,,4.219,,,9399,0.448,90483,,,,,Acq,,,,,,,,,,,,,,,30,,0225-DGJZT-SJ-YIN-DMRM-POS.d,,Find by MRM,,
51,DGJZT_DG_23_2,,,305.1,,,,,100,,,,4.246,,,773,0.366,6950,,,,,Acq,,,,,,,,,,,,,,,30,,0225-DGJZT-SJ-YIN-DMRM-POS.d,,Find by MRM,,
52,DGJZT_DZ_36_3,,,314.2,,,,,100,,,,4.218,,,1032,0.381,9731,,,,,Acq,,,,,,,,,,,,,,,30,,0225-DGJZT-SJ-YIN-DMRM-POS.d,,Find by MRM,,
53,DGJZT_DG_23_3,,,305.1,,,,,100,,,,4.245,,,3309,0.439,29356,,,,,Acq,,,,,,,,,,,,,,,30,,0225-DGJZT-SJ-YIN-DMRM-POS.d,,Find by MRM,,
54,DGJZT_DG_23_1,,,305.1,,,,,100,,,,4.245,,,1485,0.416,13041,,,,,Acq,,,,,,,,,,,,,,,30,,0225-DGJZT-SJ-YIN-DMRM-POS.d,,Find by MRM,,
55,DGJZT_DG_25_3,,,144.1,,,,,100,,,,4.44,,,11223,0.379,95924,,,,,Acq,,,,,,,,,,,,,,,30,,0225-DGJZT-SJ-YIN-DMRM-POS.d,,Find by MRM,,
56,DGJZT_DG_25_2,,,144.1,,,,,100,,,,4.441,,,1543,0.55,13927,,,,,Acq,,,,,,,,,,,,,,,30,,0225-DGJZT-SJ-YIN-DMRM-POS.d,,Find by MRM,,
57,DGJZT_DG_25_1,,,144.1,,,,,100,,,,4.442,,,15696,0.395,137403,,,,,Acq,,,,,,,,,,,,,,,30,,0225-DGJZT-SJ-YIN-DMRM-POS.d,,Find by MRM,,
58,DGJZT_GZ_5_3,,,328.2,,,,,100,,,,4.904,,,134,0.27,1016,,,,,Acq,,,,,,,,,,,,,,,30,,0225-DGJZT-SJ-YIN-DMRM-POS.d,,Find by MRM,,
59,DGJZT_GZ_5_1,,,328.2,,,,,100,,,,4.88,,,2332,0.428,19902,,,,,Acq,,,,,,,,,,,,,,,30,,0225-DGJZT-SJ-YIN-DMRM-POS.d,,Find by MRM,,
60,DGJZT_GZ_5_2,,,328.2,,,,,100,,,,4.872,,,203,0.339,1859,,,,,Acq,,,,,,,,,,,,,,,30,,0225-DGJZT-SJ-YIN-DMRM-POS.d,,Find by MRM,,
61,DGJZT_BS_12_3,,,481.2,,,,,100,,,,5.104,,,26746,0.389,271042,,,,,Acq,,,,,,,,,,,,,,,30,,0225-DGJZT-SJ-YIN-DMRM-POS.d,,Find by MRM,,
62,DGJZT_BS_12_1,,,481.2,,,,,100,,,,5.105,,,438392,0.411,4444939,,,,,Acq,,,,,,,,,,,,,,,30,,0225-DGJZT-SJ-YIN-DMRM-POS.d,,Find by MRM,,
63,DGJZT_BS_10_3,,,319.1,,,,,100,,,,5.107,,,4180,0.425,42253,,,,,Acq,,,,,,,,,,,,,,,30,,0225-DGJZT-SJ-YIN-DMRM-POS.d,,Find by MRM,,
64,DGJZT_BS_10_2,,,319.1,,,,,100,,,,5.108,,,68148,0.432,706194,,,,,Acq,,,,,,,,,,,,,,,30,,0225-DGJZT-SJ-YIN-DMRM-POS.d,,Find by MRM,,
65,DGJZT_BS_10_1,,,319.1,,,,,100,,,,5.1,,,61340,0.44,630737,,,,,Acq,,,,,,,,,,,,,,,30,,0225-DGJZT-SJ-YIN-DMRM-POS.d,,Find by MRM,,
66,DGJZT_BS_12_2,,,481.2,,,,,100,,,,5.104,,,147086,0.67,1582714,,,,,Acq,,,,,,,,,,,,,,,30,,0225-DGJZT-SJ-YIN-DMRM-POS.d,,Find by MRM,,
67,DGJZT_BS_11_2,,,197.1,,,,,100,,,,5.109,,,9621,0.432,96917,,,,,Acq,,,,,,,,,,,,,,,30,,0225-DGJZT-SJ-YIN-DMRM-POS.d,,Find by MRM,,
68,DGJZT_BS_11_1,,,197.1,,,,,100,,,,5.101,,,8630,0.442,86836,,,,,Acq,,,,,,,,,,,,,,,30,,0225-DGJZT-SJ-YIN-DMRM-POS.d,,Find by MRM,,
69,DGJZT_BS_21_1,,,503.2,,,,,100,,,,5.561,,,416,0.282,5391,,,,,Acq,,,,,,,,,,,,,,,30,,0225-DGJZT-SJ-YIN-DMRM-POS.d,,Find by MRM,,
70,DGJZT_BS_21_2,,,503.2,,,,,100,,,,5.514,,,26,0.109,114,,,,,Acq,,,,,,,,,,,,,,,30,,0225-DGJZT-SJ-YIN-DMRM-POS.d,,Find by MRM,,
71,DGJZT_DZ_38_2,,,314.2,,,,,100,,,,5.854,,,3243,0.405,29279,,,,,Acq,,,,,,,,,,,,,,,30,,0225-DGJZT-SJ-YIN-DMRM-POS.d,,Find by MRM,,
72,DGJZT_DZ_38_3,,,314.2,,,,,100,,,,5.855,,,1509,0.441,14333,,,,,Acq,,,,,,,,,,,,,,,30,,0225-DGJZT-SJ-YIN-DMRM-POS.d,,Find by MRM,,
73,DGJZT_DZ_38_1,,,314.2,,,,,100,,,,5.848,,,15785,0.421,141165,,,,,Acq,,,,,,,,,,,,,,,30,,0225-DGJZT-SJ-YIN-DMRM-POS.d,,Find by MRM,,
74,DGJZT_DZ_40_1,,,162.1,,,,,100,,,,6.104,,,910,0.411,9963,,,,,Acq,,,,,,,,,,,,,,,30,,0225-DGJZT-SJ-YIN-DMRM-POS.d,,Find by MRM,,
75,DGJZT_DZ_40_3,,,162.1,,,,,100,,,,6.107,,,1443,0.671,16701,,,,,Acq,,,,,,,,,,,,,,,30,,0225-DGJZT-SJ-YIN-DMRM-POS.d,,Find by MRM,,
76,DGJZT_DZ_40_2,,,162.1,,,,,100,,,,6.11,,,6175,0.783,70462,,,,,Acq,,,,,,,,,,,,,,,30,,0225-DGJZT-SJ-YIN-DMRM-POS.d,,Find by MRM,,
77,DGJZT_GZ_7_2,,,249.1,,,,,100,,,,6.546,,,3413,0.381,31003,,,,,Acq,,,,,,,,,,,,,,,30,,0225-DGJZT-SJ-YIN-DMRM-POS.d,,Find by MRM,,
78,DGJZT_GZ_7_1,,,249.1,,,,,100,,,,6.54,,,2655,0.571,26801,,,,,Acq,,,,,,,,,,,,,,,30,,0225-DGJZT-SJ-YIN-DMRM-POS.d,,Find by MRM,,
79,DGJZT_GZ_7_3,,,249.1,,,,,100,,,,6.541,,,1654,0.571,17254,,,,,Acq,,,,,,,,,,,,,,,30,,0225-DGJZT-SJ-YIN-DMRM-POS.d,,Find by MRM,,
80,DGJZT_BS_24_1,,,771.1,,,,,100,,,,6.973,,,114039,0.402,1220779,,,,,Acq,,,,,,,,,,,,,,,30,,0225-DGJZT-SJ-YIN-DMRM-POS.d,,Find by MRM,,
81,DGJZT_BS_24_2,,,771.1,,,,,100,,,,6.967,,,1166,0.389,13039,,,,,Acq,,,,,,,,,,,,,,,30,,0225-DGJZT-SJ-YIN-DMRM-POS.d,,Find by MRM,,
82,DGJZT_BS_24_3,,,771.1,,,,,100,,,,6.955,,,100,0.509,1141,,,,,Acq,,,,,,,,,,,,,,,30,,0225-DGJZT-SJ-YIN-DMRM-POS.d,,Find by MRM,,
83,DGJZT_DZ_42_2,,,639.3,,,,,100,,,,7.211,,,83,0.238,590,,,,,Acq,,,,,,,,,,,,,,,30,,0225-DGJZT-SJ-YIN-DMRM-POS.d,,Find by MRM,,
84,DGJZT_DZ_42_1,,,639.3,,,,,100,,,,7.188,,,65,0.336,545,,,,,Acq,,,,,,,,,,,,,,,30,,0225-DGJZT-SJ-YIN-DMRM-POS.d,,Find by MRM,,
85,DGJZT_DZ_42_3,,,639.3,,,,,100,,,,7.193,,,260,0.418,2751,,,,,Acq,,,,,,,,,,,,,,,30,,0225-DGJZT-SJ-YIN-DMRM-POS.d,,Find by MRM,,
86,DGJZT_BS_25_2,,,633.2,,,,,100,,,,7.581,,,23505,0.37,203672,,,,,Acq,,,,,,,,,,,,,,,30,,0225-DGJZT-SJ-YIN-DMRM-POS.d,,Find by MRM,,
87,DGJZT_BS_25_3,,,633.2,,,,,100,,,,7.584,,,1730,0.389,14923,,,,,Acq,,,,,,,,,,,,,,,30,,0225-DGJZT-SJ-YIN-DMRM-POS.d,,Find by MRM,,
88,DGJZT_BS_25_1,,,633.2,,,,,100,,,,7.587,,,26720,0.367,229639,,,,,Acq,,,,,,,,,,,,,,,30,,0225-DGJZT-SJ-YIN-DMRM-POS.d,,Find by MRM,,
89,DGJZT_DZ_43_3,,,673.3,,,,,100,,,,7.966,,,85,0.297,731,,,,,Acq,,,,,,,,,,,,,,,30,,0225-DGJZT-SJ-YIN-DMRM-POS.d,,Find by MRM,,
90,DGJZT_DZ_43_1,,,673.3,,,,,100,,,,7.967,,,517,0.415,5574,,,,,Acq,,,,,,,,,,,,,,,30,,0225-DGJZT-SJ-YIN-DMRM-POS.d,,Find by MRM,,
91,DGJZT_DZ_43_2,,,673.3,,,,,100,,,,8.007,,,131,0.26,988,,,,,Acq,,,,,,,,,,,,,,,30,,0225-DGJZT-SJ-YIN-DMRM-POS.d,,Find by MRM,,
92,DGJZT_CGC_30_2,,,273.1,,,,,100,,,,8.037,,,4160,0.362,34680,,,,,Acq,,,,,,,,,,,,,,,30,,0225-DGJZT-SJ-YIN-DMRM-POS.d,,Find by MRM,,
93,DGJZT_CGC_30_1,,,273.1,,,,,100,,,,8.037,,,14412,0.423,126232,,,,,Acq,,,,,,,,,,,,,,,30,,0225-DGJZT-SJ-YIN-DMRM-POS.d,,Find by MRM,,
94,DGJZT_CGC_30_3,,,273.1,,,,,100,,,,8.038,,,3467,0.471,31374,,,,,Acq,,,,,,,,,,,,,,,30,,0225-DGJZT-SJ-YIN-DMRM-POS.d,,Find by MRM,,
95,DGJZT_CGC_31_3,,,301.1,,,,,100,,,,8.093,,,1548,0.431,15797,,,,,Acq,,,,,,,,,,,,,,,30,,0225-DGJZT-SJ-YIN-DMRM-POS.d,,Find by MRM,,
96,DGJZT_CGC_31_2,,,301.1,,,,,100,,,,8.077,,,1107,0.34,9407,,,,,Acq,,,,,,,,,,,,,,,30,,0225-DGJZT-SJ-YIN-DMRM-POS.d,,Find by MRM,,
97,DGJZT_CGC_31_1,,,301.1,,,,,100,,,,8.086,,,1464,0.373,13172,,,,,Acq,,,,,,,,,,,,,,,30,,0225-DGJZT-SJ-YIN-DMRM-POS.d,,Find by MRM,,
98,DGJZT_DG_30_3,,,207.1,,,,,100,,,,8.105,,,1277,0.468,13780,,,,,Acq,,,,,,,,,,,,,,,30,,0225-DGJZT-SJ-YIN-DMRM-POS.d,,Find by MRM,,
99,DGJZT_DG_30_1,,,207.1,,,,,100,,,,8.123,,,2215,0.467,22475,,,,,Acq,,,,,,,,,,,,,,,30,,0225-DGJZT-SJ-YIN-DMRM-POS.d,,Find by MRM,,
100,DGJZT_DG_30_2,,,207.1,,,,,100,,,,8.115,,,416,0.468,4390,,,,,Acq,,,,,,,,,,,,,,,30,,0225-DGJZT-SJ-YIN-DMRM-POS.d,,Find by MRM,,
101,DGJZT_CGC_35_3,,,257.1,,,,,100,,,,8.656,,,1239,0.236,9636,,,,,Acq,,,,,,,,,,,,,,,30,,0225-DGJZT-SJ-YIN-DMRM-POS.d,,Find by MRM,,
102,DGJZT_CGC_35_2,,,257.1,,,,,100,,,,8.658,,,1573,0.273,13647,,,,,Acq,,,,,,,,,,,,,,,30,,0225-DGJZT-SJ-YIN-DMRM-POS.d,,Find by MRM,,
103,DGJZT_CGC_34_2,,,551.2,,,,,100,,,,8.642,,,60205,0.29,483984,,,,,Acq,,,,,,,,,,,,,,,30,,0225-DGJZT-SJ-YIN-DMRM-POS.d,,Find by MRM,,
104,DGJZT_CGC_34_3,,,551.2,,,,,100,,,,8.643,,,4544,0.347,38679,,,,,Acq,,,,,,,,,,,,,,,30,,0225-DGJZT-SJ-YIN-DMRM-POS.d,,Find by MRM,,
105,DGJZT_CGC_33_3,,,419.1,,,,,100,,,,8.628,,,6113,0.341,51661,,,,,Acq,,,,,,,,,,,,,,,30,,0225-DGJZT-SJ-YIN-DMRM-POS.d,,Find by MRM,,
106,DGJZT_CGC_33_2,,,419.1,,,,,100,,,,8.629,,,2273,0.322,19491,,,,,Acq,,,,,,,,,,,,,,,30,,0225-DGJZT-SJ-YIN-DMRM-POS.d,,Find by MRM,,
107,DGJZT_CGC_33_1,,,419.1,,,,,100,,,,8.639,,,3920,0.357,34105,,,,,Acq,,,,,,,,,,,,,,,30,,0225-DGJZT-SJ-YIN-DMRM-POS.d,,Find by MRM,,
108,DGJZT_CGC_34_1,,,551.2,,,,,100,,,,8.636,,,6634,0.306,54337,,,,,Acq,,,,,,,,,,,,,,,30,,0225-DGJZT-SJ-YIN-DMRM-POS.d,,Find by MRM,,
109,DGJZT_CGC_35_1,,,257.1,,,,,100,,,,8.657,,,7241,0.256,58991,,,,,Acq,,,,,,,,,,,,,,,30,,0225-DGJZT-SJ-YIN-DMRM-POS.d,,Find by MRM,,
110,DGJZT_CGC_36_1,,,431.1,,,,,100,,,,9.027,,,136411,0.392,1314750,,,,,Acq,,,,,,,,,,,,,,,30,,0225-DGJZT-SJ-YIN-DMRM-POS.d,,Find by MRM,,
111,DGJZT_CGC_36_3,,,431.1,,,,,100,,,,9.02,,,274,0.377,2421,,,,,Acq,,,,,,,,,,,,,,,30,,0225-DGJZT-SJ-YIN-DMRM-POS.d,,Find by MRM,,
112,DGJZT_CGC_37_1,,,269.1,,,,,100,,,,9.055,,,728,0.474,7616,,,,,Acq,,,,,,,,,,,,,,,30,,0225-DGJZT-SJ-YIN-DMRM-POS.d,,Find by MRM,,
113,DGJZT_CGC_37_2,,,269.1,,,,,100,,,,9.022,,,1447,0.421,14229,,,,,Acq,,,,,,,,,,,,,,,30,,0225-DGJZT-SJ-YIN-DMRM-POS.d,,Find by MRM,,
114,DGJZT_CGC_36_2,,,431.1,,,,,100,,,,9.019,,,867,0.442,8689,,,,,Acq,,,,,,,,,,,,,,,30,,0225-DGJZT-SJ-YIN-DMRM-POS.d,,Find by MRM,,
115,DGJZT_CGC_37_3,,,269.1,,,,,100,,,,9.04,,,204,0.525,2168,,,,,Acq,,,,,,,,,,,,,,,30,,0225-DGJZT-SJ-YIN-DMRM-POS.d,,Find by MRM,,
116,DGJZT_CGC_38_3,,,257.1,,,,,100,,,,9.099,,,2408,0.447,27288,,,,,Acq,,,,,,,,,,,,,,,30,,0225-DGJZT-SJ-YIN-DMRM-POS.d,,Find by MRM,,
117,DGJZT_CGC_38_2,,,257.1,,,,,100,,,,9.092,,,2922,0.441,31078,,,,,Acq,,,,,,,,,,,,,,,30,,0225-DGJZT-SJ-YIN-DMRM-POS.d,,Find by MRM,,
118,DGJZT_CGC_39_3,,,419.1,,,,,100,,,,9.104,,,71182,0.334,623565,,,,,Acq,,,,,,,,,,,,,,,30,,0225-DGJZT-SJ-YIN-DMRM-POS.d,,Find by MRM,,
119,DGJZT_CGC_39_2,,,419.1,,,,,100,,,,9.104,,,25504,0.32,222691,,,,,Acq,,,,,,,,,,,,,,,30,,0225-DGJZT-SJ-YIN-DMRM-POS.d,,Find by MRM,,
120,DGJZT_CGC_39_1,,,419.1,,,,,100,,,,9.105,,,47045,0.408,452519,,,,,Acq,,,,,,,,,,,,,,,30,,0225-DGJZT-SJ-YIN-DMRM-POS.d,,Find by MRM,,
121,DGJZT_CGC_38_1,,,257.1,,,,,100,,,,9.091,,,12587,0.394,127295,,,,,Acq,,,,,,,,,,,,,,,30,,0225-DGJZT-SJ-YIN-DMRM-POS.d,,Find by MRM,,
122,DGJZT_DG_32_3,,,207.1,,,,,100,,,,9.218,,,2693,0.429,26841,,,,,Acq,,,,,,,,,,,,,,,30,,0225-DGJZT-SJ-YIN-DMRM-POS.d,,Find by MRM,,
123,DGJZT_DG_32_1,,,207.1,,,,,100,,,,9.227,,,1313,0.382,12305,,,,,Acq,,,,,,,,,,,,,,,30,,0225-DGJZT-SJ-YIN-DMRM-POS.d,,Find by MRM,,
124,DGJZT_DG_32_2,,,207.1,,,,,100,,,,9.236,,,3542,0.415,35480,,,,,Acq,,,,,,,,,,,,,,,30,,0225-DGJZT-SJ-YIN-DMRM-POS.d,,Find by MRM,,
125,DGJZT_CGC_40_3,,,419.1,,,,,100,,,,9.37,,,18669,0.507,193965,,,,,Acq,,,,,,,,,,,,,,,30,,0225-DGJZT-SJ-YIN-DMRM-POS.d,,Find by MRM,,
126,DGJZT_CGC_40_2,,,419.1,,,,,100,,,,9.371,,,6326,0.325,59104,,,,,Acq,,,,,,,,,,,,,,,30,,0225-DGJZT-SJ-YIN-DMRM-POS.d,,Find by MRM,,
127,DGJZT_CGC_40_1,,,419.1,,,,,100,,,,9.373,,,11653,0.501,122427,,,,,Acq,,,,,,,,,,,,,,,30,,0225-DGJZT-SJ-YIN-DMRM-POS.d,,Find by MRM,,
128,DGJZT_CGC_42_2,,,287.1,,,,,100,,,,9.782,,,1282,0.422,12375,,,,,Acq,,,,,,,,,,,,,,,30,,0225-DGJZT-SJ-YIN-DMRM-POS.d,,Find by MRM,,
129,DGJZT_CGC_42_1,,,287.1,,,,,100,,,,9.792,,,19363,0.397,180555,,,,,Acq,,,,,,,,,,,,,,,30,,0225-DGJZT-SJ-YIN-DMRM-POS.d,,Find by MRM,,
130,DGJZT_CGC_42_3,,,287.1,,,,,100,,,,9.786,,,2450,0.71,24464,,,,,Acq,,,,,,,,,,,,,,,30,,0225-DGJZT-SJ-YIN-DMRM-POS.d,,Find by MRM,,
131,DGJZT_CGC_43_3,,,257.1,,,,,100,,,,10.09,,,14037,0.367,123097,,,,,Acq,,,,,,,,,,,,,,,30,,0225-DGJZT-SJ-YIN-DMRM-POS.d,,Find by MRM,,
132,DGJZT_CGC_43_1,,,257.1,,,,,100,,,,10.092,,,75861,0.587,732765,,,,,Acq,,,,,,,,,,,,,,,30,,0225-DGJZT-SJ-YIN-DMRM-POS.d,,Find by MRM,,
133,DGJZT_CGC_43_2,,,257.1,,,,,100,,,,10.086,,,17037,0.573,163535,,,,,Acq,,,,,,,,,,,,,,,30,,0225-DGJZT-SJ-YIN-DMRM-POS.d,,Find by MRM,,
134,DGJZT_CGC_77_1,,,437.3,,,,,100,,,,12.468,,,254,0.242,2048,,,,,Acq,,,,,,,,,,,,,,,30,,0225-DGJZT-SJ-YIN-DMRM-POS.d,,Find by MRM,,
135,DGJZT_CGC_77_3,,,437.3,,,,,100,,,,12.5,,,398,0.226,2914,,,,,Acq,,,,,,,,,,,,,,,30,,0225-DGJZT-SJ-YIN-DMRM-POS.d,,Find by MRM,,
136,DGJZT_CGC_77_2,,,437.3,,,,,100,,,,12.468,,,413,0.25,3166,,,,,Acq,,,,,,,,,,,,,,,30,,0225-DGJZT-SJ-YIN-DMRM-POS.d,,Find by MRM,,
137,DGJZT_CGC_79_1,,,823.4,,,,,100,,,,12.574,,,583,0.248,5012,,,,,Acq,,,,,,,,,,,,,,,30,,0225-DGJZT-SJ-YIN-DMRM-POS.d,,Find by MRM,,
138,DGJZT_DG_34_3,,,205.1,,,,,100,,,,12.588,,,985,0.166,5451,,,,,Acq,,,,,,,,,,,,,,,30,,0225-DGJZT-SJ-YIN-DMRM-POS.d,,Find by MRM,,
139,DGJZT_DG_34_1,,,205.1,,,,,100,,,,12.58,,,1044,0.167,5688,,,,,Acq,,,,,,,,,,,,,,,30,,0225-DGJZT-SJ-YIN-DMRM-POS.d,,Find by MRM,,
140,DGJZT_DG_34_2,,,205.1,,,,,100,,,,12.873,,,1161,0.123,28386,,,,,Acq,,,,,,,,,,,,,,,30,,0225-DGJZT-SJ-YIN-DMRM-POS.d,,Find by MRM,,
141,DGJZT_SJ_11_2,,,457.3,,,,,100,,,,12.6,,,13,0.1,43,,,,,Acq,,,,,,,,,,,,,,,30,,0225-DGJZT-SJ-YIN-DMRM-POS.d,,Find by MRM,,
142,DGJZT_SJ_10_2,,,277.2,,,,,100,,,,12.654,,,358,0.338,2457,,,,,Acq,,,,,,,,,,,,,,,30,,0225-DGJZT-SJ-YIN-DMRM-POS.d,,Find by MRM,,
143,DGJZT_SJ_10_1,,,277.2,,,,,100,,,,12.662,,,269,0.258,1678,,,,,Acq,,,,,,,,,,,,,,,30,,0225-DGJZT-SJ-YIN-DMRM-POS.d,,Find by MRM,,
144,DGJZT_SJ_10_3,,,277.2,,,,,100,,,,12.663,,,55,0.182,324,,,,,Acq,,,,,,,,,,,,,,,30,,0225-DGJZT-SJ-YIN-DMRM-POS.d,,Find by MRM,,
145,DGJZT_SJ_9_3,,,177.1,,,,,100,,,,12.656,,,86,0.271,451,,,,,Acq,,,,,,,,,,,,,,,30,,0225-DGJZT-SJ-YIN-DMRM-POS.d,,Find by MRM,,
146,DGJZT_SJ_9_2,,,177.1,,,,,100,,,,12.656,,,685,0.235,4988,,,,,Acq,,,,,,,,,,,,,,,30,,0225-DGJZT-SJ-YIN-DMRM-POS.d,,Find by MRM,,
147,DGJZT_SJ_9_1,,,177.1,,,,,100,,,,12.657,,,670,0.408,4763,,,,,Acq,,,,,,,,,,,,,,,30,,0225-DGJZT-SJ-YIN-DMRM-POS.d,,Find by MRM,,
148,DGJZT_SJ_8_3,,,145.1,,,,,100,,,,12.892,,,49,0.071,117,,,,,Acq,,,,,,,,,,,,,,,30,,0225-DGJZT-SJ-YIN-DMRM-POS.d,,Find by MRM,,
149,DGJZT_SJ_8_1,,,145.1,,,,,100,,,,12.632,,,175,0.232,1157,,,,,Acq,,,,,,,,,,,,,,,30,,0225-DGJZT-SJ-YIN-DMRM-POS.d,,Find by MRM,,
150,DGJZT_SJ_11_3,,,457.3,,,,,100,,,,12.683,,,33,0.176,180,,,,,Acq,,,,,,,,,,,,,,,30,,0225-DGJZT-SJ-YIN-DMRM-POS.d,,Find by MRM,,
151,DGJZT_SJ_11_1,,,457.3,,,,,100,,,,12.676,,,13,0.193,82,,,,,Acq,,,,,,,,,,,,,,,30,,0225-DGJZT-SJ-YIN-DMRM-POS.d,,Find by MRM,,
152,DGJZT_CGC_83_1,,,369.1,,,,,100,,,,12.777,,,1603,0.333,15306,,,,,Acq,,,,,,,,,,,,,,,30,,0225-DGJZT-SJ-YIN-DMRM-POS.d,,Find by MRM,,
153,DGJZT_SJ_8_2,,,145.1,,,,,100,,,,12.615,,,42,0.199,272,,,,,Acq,,,,,,,,,,,,,,,30,,0225-DGJZT-SJ-YIN-DMRM-POS.d,,Find by MRM,,
154,DGJZT_CGC_83_3,,,369.1,,,,,100,,,,12.76,,,1728,0.379,15419,,,,,Acq,,,,,,,,,,,,,,,30,,0225-DGJZT-SJ-YIN-DMRM-POS.d,,Find by MRM,,
155,DGJZT_CGC_83_2,,,369.1,,,,,100,,,,12.786,,,1634,0.384,14549,,,,,Acq,,,,,,,,,,,,,,,30,,0225-DGJZT-SJ-YIN-DMRM-POS.d,,Find by MRM,,
156,DGJZT_CGC_80_1,,,353.1,,,,,100,,,,12.728,,,3870,0.335,29060,,,,,Acq,,,,,,,,,,,,,,,30,,0225-DGJZT-SJ-YIN-DMRM-POS.d,,Find by MRM,,
157,DGJZT_CGC_87_1,,,299.1,,,,,100,,,,12.991,,,385,0.283,3029,,,,,Acq,,,,,,,,,,,,,,,30,,0225-DGJZT-SJ-YIN-DMRM-POS.d,,Find by MRM,,
158,DGJZT_CGC_87_2,,,299.1,,,,,100,,,,13.025,,,81,0.246,581,,,,,Acq,,,,,,,,,,,,,,,30,,0225-DGJZT-SJ-YIN-DMRM-POS.d,,Find by MRM,,
159,DGJZT_CGC_86_3,,,353.1,,,,,100,,,,13.045,,,21579,0.336,152188,,,,,Acq,,,,,,,,,,,,,,,30,,0225-DGJZT-SJ-YIN-DMRM-POS.d,,Find by MRM,,
160,DGJZT_CGC_86_2,,,353.1,,,,,100,,,,13.031,,,38,0.164,227,,,,,Acq,,,,,,,,,,,,,,,30,,0225-DGJZT-SJ-YIN-DMRM-POS.d,,Find by MRM,,
161,DGJZT_CGC_86_1,,,353.1,,,,,100,,,,13.045,,,19968,0.331,141240,,,,,Acq,,,,,,,,,,,,,,,30,,0225-DGJZT-SJ-YIN-DMRM-POS.d,,Find by MRM,,
162,DGJZT_CGC_91_3,,,355.1,,,,,100,,,,13.279,,,24083,0.321,166867,,,,,Acq,,,,,,,,,,,,,,,30,,0225-DGJZT-SJ-YIN-DMRM-POS.d,,Find by MRM,,
163,DGJZT_CGC_87_3,,,299.1,,,,,100,,,,13.283,,,429,0.235,2671,,,,,Acq,,,,,,,,,,,,,,,30,,0225-DGJZT-SJ-YIN-DMRM-POS.d,,Find by MRM,,
164,DGJZT_CGC_92_3,,,383.2,,,,,100,,,,13.346,,,687,0.324,5143,,,,,Acq,,,,,,,,,,,,,,,30,,0225-DGJZT-SJ-YIN-DMRM-POS.d,,Find by MRM,,
165,DGJZT_DG_37_3,,,193.1,,,,,100,,,,13.284,,,261,0.297,2053,,,,,Acq,,,,,,,,,,,,,,,30,,0225-DGJZT-SJ-YIN-DMRM-POS.d,,Find by MRM,,
166,DGJZT_DG_37_2,,,193.1,,,,,100,,,,13.293,,,2028,0.333,14741,,,,,Acq,,,,,,,,,,,,,,,30,,0225-DGJZT-SJ-YIN-DMRM-POS.d,,Find by MRM,,
167,DGJZT_DG_37_1,,,193.1,,,,,100,,,,13.293,,,3299,0.389,24531,,,,,Acq,,,,,,,,,,,,,,,30,,0225-DGJZT-SJ-YIN-DMRM-POS.d,,Find by MRM,,
168,DGJZT_CGC_91_2,,,355.1,,,,,100,,,,13.33,,,14458,0.379,105583,,,,,Acq,,,,,,,,,,,,,,,30,,0225-DGJZT-SJ-YIN-DMRM-POS.d,,Find by MRM,,
169,DGJZT_CGC_91_1,,,355.1,,,,,100,,,,13.348,,,15984,0.35,115686,,,,,Acq,,,,,,,,,,,,,,,30,,0225-DGJZT-SJ-YIN-DMRM-POS.d,,Find by MRM,,
170,DGJZT_CGC_93_3,,,327.1,,,,,100,,,,13.374,,,150,0.388,1229,,,,,Acq,,,,,,,,,,,,,,,30,,0225-DGJZT-SJ-YIN-DMRM-POS.d,,Find by MRM,,
171,DGJZT_CGC_92_2,,,383.2,,,,,100,,,,13.361,,,706,0.373,5130,,,,,Acq,,,,,,,,,,,,,,,30,,0225-DGJZT-SJ-YIN-DMRM-POS.d,,Find by MRM,,
172,DGJZT_CGC_92_1,,,383.2,,,,,100,,,,13.353,,,709,0.36,4894,,,,,Acq,,,,,,,,,,,,,,,30,,0225-DGJZT-SJ-YIN-DMRM-POS.d,,Find by MRM,,
173,DGJZT_CGC_93_2,,,327.1,,,,,100,,,,13.349,,,96,0.327,686,,,,,Acq,,,,,,,,,,,,,,,30,,0225-DGJZT-SJ-YIN-DMRM-POS.d,,Find by MRM,,
174,DGJZT_CGC_97_2,,,337.1,,,,,100,,,,13.78,,,3631,0.347,24877,,,,,Acq,,,,,,,,,,,,,,,30,,0225-DGJZT-SJ-YIN-DMRM-POS.d,,Find by MRM,,
175,DGJZT_CGC_97_1,,,337.1,,,,,100,,,,13.781,,,3119,0.353,21902,,,,,Acq,,,,,,,,,,,,,,,30,,0225-DGJZT-SJ-YIN-DMRM-POS.d,,Find by MRM,,
176,DGJZT_CGC_98_3,,,317.1,,,,,100,,,,13.781,,,1672,0.37,11543,,,,,Acq,,,,,,,,,,,,,,,30,,0225-DGJZT-SJ-YIN-DMRM-POS.d,,Find by MRM,,
177,DGJZT_CGC_98_1,,,317.1,,,,,100,,,,13.782,,,2393,0.378,15441,,,,,Acq,,,,,,,,,,,,,,,30,,0225-DGJZT-SJ-YIN-DMRM-POS.d,,Find by MRM,,
178,DGJZT_CGC_98_2,,,317.1,,,,,100,,,,13.782,,,396,0.354,3016,,,,,Acq,,,,,,,,,,,,,,,30,,0225-DGJZT-SJ-YIN-DMRM-POS.d,,Find by MRM,,
179,DGJZT_CGC_97_3,,,337.1,,,,,100,,,,13.772,,,197,0.368,1459,,,,,Acq,,,,,,,,,,,,,,,30,,0225-DGJZT-SJ-YIN-DMRM-POS.d,,Find by MRM,,
180,DGJZT_DG_41_1,,,189.1,,,,,100,,,,13.851,,,14504,0.187,76253,,,,,Acq,,,,,,,,,,,,,,,30,,0225-DGJZT-SJ-YIN-DMRM-POS.d,,Find by MRM,,
181,DGJZT_DG_41_2,,,189.1,,,,,100,,,,13.851,,,4562,0.183,23793,,,,,Acq,,,,,,,,,,,,,,,30,,0225-DGJZT-SJ-YIN-DMRM-POS.d,,Find by MRM,,
182,DGJZT_DG_41_3,,,189.1,,,,,100,,,,13.852,,,3514,0.197,21777,,,,,Acq,,,,,,,,,,,,,,,30,,0225-DGJZT-SJ-YIN-DMRM-POS.d,,Find by MRM,,
183,DGJZT_SJ_13_3,,,177.1,,,,,100,,,,14.037,,,15,0.146,56,,,,,Acq,,,,,,,,,,,,,,,30,,0225-DGJZT-SJ-YIN-DMRM-POS.d,,Find by MRM,,
184,DGJZT_SJ_13_2,,,177.1,,,,,100,,,,13.928,,,43,0.126,182,,,,,Acq,,,,,,,,,,,,,,,30,,0225-DGJZT-SJ-YIN-DMRM-POS.d,,Find by MRM,,
185,DGJZT_SJ_13_1,,,177.1,,,,,100,,,,13.987,,,1139,0.354,9222,,,,,Acq,,,,,,,,,,,,,,,30,,0225-DGJZT-SJ-YIN-DMRM-POS.d,,Find by MRM,,
186,DGJZT_CGC_100_2,,,383.1,,,,,100,,,,13.998,,,4693,0.388,31809,,,,,Acq,,,,,,,,,,,,,,,30,,0225-DGJZT-SJ-YIN-DMRM-POS.d,,Find by MRM,,
187,DGJZT_CGC_100_1,,,383.1,,,,,100,,,,13.98,,,430,0.38,2784,,,,,Acq,,,,,,,,,,,,,,,30,,0225-DGJZT-SJ-YIN-DMRM-POS.d,,Find by MRM,,
188,DGJZT_DG_47_3,,,191.1,,,,,100,,,,13.993,,,60622,0.346,465293,,,,,Acq,,,,,,,,,,,,,,,30,,0225-DGJZT-SJ-YIN-DMRM-POS.d,,Find by MRM,,
189,DGJZT_DG_47_1,,,191.1,,,,,100,,,,13.993,,,116872,0.346,887937,,,,,Acq,,,,,,,,,,,,,,,30,,0225-DGJZT-SJ-YIN-DMRM-POS.d,,Find by MRM,,
190,DGJZT_DG_47_2,,,191.1,,,,,100,,,,14.002,,,103163,0.308,770742,,,,,Acq,,,,,,,,,,,,,,,30,,0225-DGJZT-SJ-YIN-DMRM-POS.d,,Find by MRM,,
191,DGJZT_DG_45_3,,,145.1,,,,,100,,,,13.987,,,1886,0.305,13481,,,,,Acq,,,,,,,,,,,,,,,30,,0225-DGJZT-SJ-YIN-DMRM-POS.d,,Find by MRM,,
192,DGJZT_DG_45_1,,,145.1,,,,,100,,,,14.005,,,6460,0.337,48234,,,,,Acq,,,,,,,,,,,,,,,30,,0225-DGJZT-SJ-YIN-DMRM-POS.d,,Find by MRM,,
193,DGJZT_DG_45_2,,,145.1,,,,,100,,,,13.996,,,3335,0.293,24086,,,,,Acq,,,,,,,,,,,,,,,30,,0225-DGJZT-SJ-YIN-DMRM-POS.d,,Find by MRM,,
194,DGJZT_CGC_100_3,,,383.1,,,,,100,,,,13.981,,,728,0.403,5020,,,,,Acq,,,,,,,,,,,,,,,30,,0225-DGJZT-SJ-YIN-DMRM-POS.d,,Find by MRM,,
195,DGJZT_CGC_101_2,,,371.2,,,,,100,,,,14.219,,,6152,0.394,41735,,,,,Acq,,,,,,,,,,,,,,,30,,0225-DGJZT-SJ-YIN-DMRM-POS.d,,Find by MRM,,
196,DGJZT_CGC_101_3,,,371.2,,,,,100,,,,14.219,,,168,0.191,895,,,,,Acq,,,,,,,,,,,,,,,30,,0225-DGJZT-SJ-YIN-DMRM-POS.d,,Find by MRM,,
197,DGJZT_CGC_103_1,,,425.2,,,,,100,,,,14.256,,,1844,0.385,13456,,,,,Acq,,,,,,,,,,,,,,,30,,0225-DGJZT-SJ-YIN-DMRM-POS.d,,Find by MRM,,
198,DGJZT_CGC_103_2,,,425.2,,,,,100,,,,14.249,,,4504,0.399,29609,,,,,Acq,,,,,,,,,,,,,,,30,,0225-DGJZT-SJ-YIN-DMRM-POS.d,,Find by MRM,,
199,DGJZT_CGC_103_3,,,425.2,,,,,100,,,,14.258,,,2133,0.197,12762,,,,,Acq,,,,,,,,,,,,,,,30,,0225-DGJZT-SJ-YIN-DMRM-POS.d,,Find by MRM,,
200,DGJZT_CGC_101_1,,,371.2,,,,,100,,,,14.219,,,5427,0.466,43814,,,,,Acq,,,,,,,,,,,,,,,30,,0225-DGJZT-SJ-YIN-DMRM-POS.d,,Find by MRM,,
201,DGJZT_SJ_14_1,,,404.2,,,,,100,,,,14.285,,,40,0.176,188,,,,,Acq,,,,,,,,,,,,,,,30,,0225-DGJZT-SJ-YIN-DMRM-POS.d,,Find by MRM,,
202,DGJZT_SJ_14_3,,,404.2,,,,,100,,,,14.107,,,16,0.113,41,,,,,Acq,,,,,,,,,,,,,,,30,,0225-DGJZT-SJ-YIN-DMRM-POS.d,,Find by MRM,,
203,DGJZT_SJ_14_2,,,404.2,,,,,100,,,,14.278,,,35,0.262,218,,,,,Acq,,,,,,,,,,,,,,,30,,0225-DGJZT-SJ-YIN-DMRM-POS.d,,Find by MRM,,
204,DGJZT_CGC_106_2,,,423.2,,,,,100,,,,14.501,,,9418,0.362,68510,,,,,Acq,,,,,,,,,,,,,,,30,,0225-DGJZT-SJ-YIN-DMRM-POS.d,,Find by MRM,,
205,DGJZT_CGC_106_1,,,423.2,,,,,100,,,,14.626,,,87,0.175,498,,,,,Acq,,,,,,,,,,,,,,,30,,0225-DGJZT-SJ-YIN-DMRM-POS.d,,Find by MRM,,
206,DGJZT_DG_49_3,,,191.1,,,,,100,,,,14.646,,,1108,0.365,8828,,,,,Acq,,,,,,,,,,,,,,,30,,0225-DGJZT-SJ-YIN-DMRM-POS.d,,Find by MRM,,
207,DGJZT_DG_49_1,,,191.1,,,,,100,,,,14.647,,,2741,0.249,16429,,,,,Acq,,,,,,,,,,,,,,,30,,0225-DGJZT-SJ-YIN-DMRM-POS.d,,Find by MRM,,
208,DGJZT_DG_49_2,,,191.1,,,,,100,,,,14.647,,,1866,0.227,11009,,,,,Acq,,,,,,,,,,,,,,,30,,0225-DGJZT-SJ-YIN-DMRM-POS.d,,Find by MRM,,
209,DGJZT_GZ_24_1,,,279.1,,,,,100,,,,14.737,,,3535,0.363,25070,,,,,Acq,,,,,,,,,,,,,,,30,,0225-DGJZT-SJ-YIN-DMRM-POS.d,,Find by MRM,,
210,DGJZT_GZ_24_3,,,279.1,,,,,100,,,,14.722,,,777,0.412,6107,,,,,Acq,,,,,,,,,,,,,,,30,,0225-DGJZT-SJ-YIN-DMRM-POS.d,,Find by MRM,,
211,DGJZT_CGC_106_3,,,423.2,,,,,100,,,,14.742,,,623,0.301,4095,,,,,Acq,,,,,,,,,,,,,,,30,,0225-DGJZT-SJ-YIN-DMRM-POS.d,,Find by MRM,,
212,DGJZT_GZ_24_2,,,279.1,,,,,100,,,,14.729,,,8123,0.315,54582,,,,,Acq,,,,,,,,,,,,,,,30,,0225-DGJZT-SJ-YIN-DMRM-POS.d,,Find by MRM,,
213,DGJZT_GZ_25_2,,,309.2,,,,,100,,,,14.794,,,909,0.34,6655,,,,,Acq,,,,,,,,,,,,,,,30,,0225-DGJZT-SJ-YIN-DMRM-POS.d,,Find by MRM,,
214,DGJZT_GZ_25_3,,,309.2,,,,,100,,,,14.795,,,97,0.262,563,,,,,Acq,,,,,,,,,,,,,,,30,,0225-DGJZT-SJ-YIN-DMRM-POS.d,,Find by MRM,,
215,DGJZT_GZ_25_1,,,309.2,,,,,100,,,,14.804,,,7597,0.406,54269,,,,,Acq,,,,,,,,,,,,,,,30,,0225-DGJZT-SJ-YIN-DMRM-POS.d,,Find by MRM,,
216,DGJZT_SJ_16_3,,,177.1,,,,,100,,,,15.042,,,26,0.058,31,,,,,Acq,,,,,,,,,,,,,,,30,,0225-DGJZT-SJ-YIN-DMRM-POS.d,,Find by MRM,,
217,DGJZT_SJ_16_2,,,177.1,,,,,100,,,,14.875,,,35,0.243,243,,,,,Acq,,,,,,,,,,,,,,,30,,0225-DGJZT-SJ-YIN-DMRM-POS.d,,Find by MRM,,
218,DGJZT_SJ_16_1,,,177.1,,,,,100,,,,14.808,,,40,0.126,240,,,,,Acq,,,,,,,,,,,,,,,30,,0225-DGJZT-SJ-YIN-DMRM-POS.d,,Find by MRM,,
219,DGJZT_DG_50_2,,,412.3,,,,,100,,,,15.071,,,282,0.311,3029,,,,,Acq,,,,,,,,,,,,,,,30,,0225-DGJZT-SJ-YIN-DMRM-POS.d,,Find by MRM,,
220,DGJZT_DG_50_1,,,412.3,,,,,100,,,,15.079,,,18390,0.465,210419,,,,,Acq,,,,,,,,,,,,,,,30,,0225-DGJZT-SJ-YIN-DMRM-POS.d,,Find by MRM,,
221,DGJZT_DG_50_3,,,412.3,,,,,100,,,,15.053,,,1001,0.453,11653,,,,,Acq,,,,,,,,,,,,,,,30,,0225-DGJZT-SJ-YIN-DMRM-POS.d,,Find by MRM,,
222,DGJZT_DG_52_3,,,381.2,,,,,100,,,,15.074,,,18819,0.469,233853,,,,,Acq,,,,,,,,,,,,,,,30,,0225-DGJZT-SJ-YIN-DMRM-POS.d,,Find by MRM,,
223,DGJZT_DG_58_1,,,412.2,,,,,100,,,,15.072,,,18732,0.468,208362,,,,,Acq,,,,,,,,,,,,,,,30,,0225-DGJZT-SJ-YIN-DMRM-POS.d,,Find by MRM,,
224,DGJZT_DG_58_3,,,412.2,,,,,100,,,,15.054,,,1342,0.451,15430,,,,,Acq,,,,,,,,,,,,,,,30,,0225-DGJZT-SJ-YIN-DMRM-POS.d,,Find by MRM,,
225,DGJZT_DG_55_2,,,363.2,,,,,100,,,,14.947,,,76,0.195,438,,,,,Acq,,,,,,,,,,,,,,,30,,0225-DGJZT-SJ-YIN-DMRM-POS.d,,Find by MRM,,
226,DGJZT_DG_59_3,,,191.1,,,,,100,,,,15.058,,,2693,0.503,29910,,,,,Acq,,,,,,,,,,,,,,,30,,0225-DGJZT-SJ-YIN-DMRM-POS.d,,Find by MRM,,
227,DGJZT_DG_59_1,,,191.1,,,,,100,,,,15.067,,,9270,0.51,97798,,,,,Acq,,,,,,,,,,,,,,,30,,0225-DGJZT-SJ-YIN-DMRM-POS.d,,Find by MRM,,
228,DGJZT_DG_59_2,,,191.1,,,,,100,,,,15.076,,,7281,0.523,88689,,,,,Acq,,,,,,,,,,,,,,,30,,0225-DGJZT-SJ-YIN-DMRM-POS.d,,Find by MRM,,
229,DGJZT_DG_58_2,,,412.2,,,,,100,,,,15.055,,,415,0.32,3850,,,,,Acq,,,,,,,,,,,,,,,30,,0225-DGJZT-SJ-YIN-DMRM-POS.d,,Find by MRM,,
230,DGJZT_DG_52_1,,,381.2,,,,,100,,,,15.133,,,149487,0.478,1647243,,,,,Acq,,,,,,,,,,,,,,,30,,0225-DGJZT-SJ-YIN-DMRM-POS.d,,Find by MRM,,
231,DGJZT_DG_52_2,,,381.2,,,,,100,,,,15.133,,,7550,0.485,86320,,,,,Acq,,,,,,,,,,,,,,,30,,0225-DGJZT-SJ-YIN-DMRM-POS.d,,Find by MRM,,
232,DGJZT_GZ_27_1,,,448.3,,,,,100,,,,15.135,,,131265,0.402,909496,,,,,Acq,,,,,,,,,,,,,,,30,,0225-DGJZT-SJ-YIN-DMRM-POS.d,,Find by MRM,,
233,DGJZT_GZ_27_2,,,448.3,,,,,100,,,,15.136,,,5737,0.402,39885,,,,,Acq,,,,,,,,,,,,,,,30,,0225-DGJZT-SJ-YIN-DMRM-POS.d,,Find by MRM,,
234,DGJZT_DG_61_1,,,381.2,,,,,100,,,,15.131,,,145671,0.397,1497782,,,,,Acq,,,,,,,,,,,,,,,30,,0225-DGJZT-SJ-YIN-DMRM-POS.d,,Find by MRM,,
235,DGJZT_DG_61_3,,,381.2,,,,,100,,,,15.14,,,25456,0.316,179545,,,,,Acq,,,,,,,,,,,,,,,30,,0225-DGJZT-SJ-YIN-DMRM-POS.d,,Find by MRM,,
236,DGJZT_DG_61_2,,,381.2,,,,,100,,,,15.141,,,31793,0.38,232496,,,,,Acq,,,,,,,,,,,,,,,30,,0225-DGJZT-SJ-YIN-DMRM-POS.d,,Find by MRM,,
237,DGJZT_SJ_17_1,,,432.3,,,,,100,,,,15.22,,,47,0.279,312,,,,,Acq,,,,,,,,,,,,,,,30,,0225-DGJZT-SJ-YIN-DMRM-POS.d,,Find by MRM,,
238,DGJZT_SJ_17_3,,,432.3,,,,,100,,,,15.304,,,12,0.135,48,,,,,Acq,,,,,,,,,,,,,,,30,,0225-DGJZT-SJ-YIN-DMRM-POS.d,,Find by MRM,,
239,DGJZT_SJ_17_2,,,432.3,,,,,100,,,,15.229,,,51,0.262,366,,,,,Acq,,,,,,,,,,,,,,,30,,0225-DGJZT-SJ-YIN-DMRM-POS.d,,Find by MRM,,

