﻿#化合物列表: 526 found
#
Cpd,Name,Formula,Purity Result,Precursor,Mass,Diff (ppm),Score (Tgt),Flags (Tgt),Score,Std Dev,Relative Mass Difference (MFG),Base Peak,RT,RT Diff,Target Retention Time Difference,Height,Width,Area,Volume,Vol %,Ions,Saturated,ID Source,Score (MFG),Score (DB),Hit Count,Tgt MFG Hit,FV,Purity Value,Purity Comments,ADC% Area,EIC/TIC% Area,TIC% Area,UVA% Area,Score (Lib),CAS ID,Relative Reference Mass difference,CE,MS/MS Count,File,Notes,Algorithm,Lib/DB
1,DGJZT_SJ_1_3,,,308.1,,,,,100,,,,1.192,,,316,0.135,2224,,,,,Acq,,,,,,,,,,,,,,,30,,0225-DGJZT-SJ-YIN-DMRM-NEG.d,,Find by MRM,,
2,DGJZT_SJ_1_1,,,308.1,,,,,100,,,,1.025,,,371,0.19,2456,,,,,Acq,,,,,,,,,,,,,,,30,,0225-DGJZT-SJ-YIN-DMRM-NEG.d,,Find by MRM,,
3,DGJZT_SJ_1_2,,,308.1,,,,,100,,,,1.026,,,315,0.251,2159,,,,,Acq,,,,,,,,,,,,,,,30,,0225-DGJZT-SJ-YIN-DMRM-NEG.d,,Find by MRM,,
4,DGJZT_DZ_4_3,,,618.2,,,,,100,,,,1.028,,,3493,0.284,27127,,,,,Acq,,,,,,,,,,,,,,,30,,0225-DGJZT-SJ-YIN-DMRM-NEG.d,,Find by MRM,,
5,DGJZT_DZ_4_1,,,618.2,,,,,100,,,,1.029,,,7484,0.306,63091,,,,,Acq,,,,,,,,,,,,,,,30,,0225-DGJZT-SJ-YIN-DMRM-NEG.d,,Find by MRM,,
6,DGJZT_DZ_4_2,,,618.2,,,,,100,,,,1.029,,,1811,0.298,15055,,,,,Acq,,,,,,,,,,,,,,,30,,0225-DGJZT-SJ-YIN-DMRM-NEG.d,,Find by MRM,,
7,DGJZT_DZ_6_1,,,353.1,,,,,100,,,,1.132,,,1039,0.343,36463,,,,,Acq,,,,,,,,,,,,,,,30,,0225-DGJZT-SJ-YIN-DMRM-NEG.d,,Find by MRM,,
8,DGJZT_DZ_6_3,,,353.1,,,,,100,,,,1.133,,,545,0.301,6269,,,,,Acq,,,,,,,,,,,,,,,30,,0225-DGJZT-SJ-YIN-DMRM-NEG.d,,Find by MRM,,
9,DGJZT_DG_6_1,,,470.2,,,,,100,,,,1.123,,,4022,0.405,50788,,,,,Acq,,,,,,,,,,,,,,,30,,0225-DGJZT-SJ-YIN-DMRM-NEG.d,,Find by MRM,,
10,DGJZT_DZ_9_1,,,618.2,,,,,100,,,,1.027,,,7588,0.274,51914,,,,,Acq,,,,,,,,,,,,,,,30,,0225-DGJZT-SJ-YIN-DMRM-NEG.d,,Find by MRM,,
11,DGJZT_DZ_9_2,,,618.2,,,,,100,,,,1.027,,,1991,0.263,13088,,,,,Acq,,,,,,,,,,,,,,,30,,0225-DGJZT-SJ-YIN-DMRM-NEG.d,,Find by MRM,,
12,DGJZT_DG_9_3,,,387.1,,,,,100,,,,1.006,,,440,0.11,1453,,,,,Acq,,,,,,,,,,,,,,,30,,0225-DGJZT-SJ-YIN-DMRM-NEG.d,,Find by MRM,,
13,DGJZT_DZ_9_3,,,618.2,,,,,100,,,,1.42,,,482,0.197,3517,,,,,Acq,,,,,,,,,,,,,,,30,,0225-DGJZT-SJ-YIN-DMRM-NEG.d,,Find by MRM,,
14,DGJZT_DG_10_1,,,527.1,,,,,100,,,,1.222,,,675,0.448,7033,,,,,Acq,,,,,,,,,,,,,,,30,,0225-DGJZT-SJ-YIN-DMRM-NEG.d,,Find by MRM,,
15,DGJZT_DG_9_2,,,387.1,,,,,100,,,,1.44,,,705,0.298,9980,,,,,Acq,,,,,,,,,,,,,,,30,,0225-DGJZT-SJ-YIN-DMRM-NEG.d,,Find by MRM,,
16,DGJZT_DG_9_1,,,387.1,,,,,100,,,,1.449,,,352,0.27,3734,,,,,Acq,,,,,,,,,,,,,,,30,,0225-DGJZT-SJ-YIN-DMRM-NEG.d,,Find by MRM,,
17,DGJZT_DZ_10_2,,,353.1,,,,,100,,,,1.517,,,1446,0.279,9572,,,,,Acq,,,,,,,,,,,,,,,30,,0225-DGJZT-SJ-YIN-DMRM-NEG.d,,Find by MRM,,
18,DGJZT_DZ_10_1,,,353.1,,,,,100,,,,1.526,,,1041,0.299,6553,,,,,Acq,,,,,,,,,,,,,,,30,,0225-DGJZT-SJ-YIN-DMRM-NEG.d,,Find by MRM,,
19,DGJZT_DG_16_1,,,470.2,,,,,100,,,,1.629,,,1407,0.301,11962,,,,,Acq,,,,,,,,,,,,,,,30,,0225-DGJZT-SJ-YIN-DMRM-NEG.d,,Find by MRM,,
20,DGJZT_DG_17_2,,,372.1,,,,,100,,,,1.607,,,122,0.198,639,,,,,Acq,,,,,,,,,,,,,,,30,,0225-DGJZT-SJ-YIN-DMRM-NEG.d,,Find by MRM,,
21,DGJZT_DG_17_1,,,372.1,,,,,100,,,,1.608,,,97,0.235,578,,,,,Acq,,,,,,,,,,,,,,,30,,0225-DGJZT-SJ-YIN-DMRM-NEG.d,,Find by MRM,,
22,DGJZT_BS_3_1,,,343.1,,,,,100,,,,1.684,,,71,0.263,597,,,,,Acq,,,,,,,,,,,,,,,30,,0225-DGJZT-SJ-YIN-DMRM-NEG.d,,Find by MRM,,
23,DGJZT_BS_5_1,,,331.1,,,,,100,,,,1.827,,,57,0.199,307,,,,,Acq,,,,,,,,,,,,,,,30,,0225-DGJZT-SJ-YIN-DMRM-NEG.d,,Find by MRM,,
24,DGJZT_DG_25_1,,,527.1,,,,,100,,,,1.855,,,1085,0.388,10773,,,,,Acq,,,,,,,,,,,,,,,30,,0225-DGJZT-SJ-YIN-DMRM-NEG.d,,Find by MRM,,
25,DGJZT_BS_5_3,,,331.1,,,,,100,,,,2.036,,,323,0.176,2056,,,,,Acq,,,,,,,,,,,,,,,30,,0225-DGJZT-SJ-YIN-DMRM-NEG.d,,Find by MRM,,
26,DGJZT_BS_5_2,,,331.1,,,,,100,,,,2.028,,,386,0.247,2930,,,,,Acq,,,,,,,,,,,,,,,30,,0225-DGJZT-SJ-YIN-DMRM-NEG.d,,Find by MRM,,
27,DGJZT_DG_26_1,,,497.1,,,,,100,,,,1.94,,,349,0.186,2264,,,,,Acq,,,,,,,,,,,,,,,30,,0225-DGJZT-SJ-YIN-DMRM-NEG.d,,Find by MRM,,
28,DGJZT_DG_26_3,,,497.1,,,,,100,,,,1.973,,,217,0.429,2498,,,,,Acq,,,,,,,,,,,,,,,30,,0225-DGJZT-SJ-YIN-DMRM-NEG.d,,Find by MRM,,
29,DGJZT_BS_6_2,,,331.1,,,,,100,,,,2.045,,,470,0.462,4962,,,,,Acq,,,,,,,,,,,,,,,30,,0225-DGJZT-SJ-YIN-DMRM-NEG.d,,Find by MRM,,
30,DGJZT_BS_6_1,,,331.1,,,,,100,,,,2.012,,,557,0.503,7500,,,,,Acq,,,,,,,,,,,,,,,30,,0225-DGJZT-SJ-YIN-DMRM-NEG.d,,Find by MRM,,
31,DGJZT_BS_6_3,,,331.1,,,,,100,,,,2.071,,,90,0.242,623,,,,,Acq,,,,,,,,,,,,,,,30,,0225-DGJZT-SJ-YIN-DMRM-NEG.d,,Find by MRM,,
32,DGJZT_BS_8_2,,,567.2,,,,,100,,,,2.03,,,45,0.331,420,,,,,Acq,,,,,,,,,,,,,,,30,,0225-DGJZT-SJ-YIN-DMRM-NEG.d,,Find by MRM,,
33,DGJZT_BS_9_3,,,421.1,,,,,100,,,,2.117,,,91,0.378,998,,,,,Acq,,,,,,,,,,,,,,,30,,0225-DGJZT-SJ-YIN-DMRM-NEG.d,,Find by MRM,,
34,DGJZT_DG_29_3,,,341.1,,,,,100,,,,2.059,,,140,0.418,2527,,,,,Acq,,,,,,,,,,,,,,,30,,0225-DGJZT-SJ-YIN-DMRM-NEG.d,,Find by MRM,,
35,DGJZT_DG_29_1,,,341.1,,,,,100,,,,2.06,,,147,0.426,2160,,,,,Acq,,,,,,,,,,,,,,,30,,0225-DGJZT-SJ-YIN-DMRM-NEG.d,,Find by MRM,,
36,DGJZT_DG_29_2,,,341.1,,,,,100,,,,1.941,,,223,0.45,3776,,,,,Acq,,,,,,,,,,,,,,,30,,0225-DGJZT-SJ-YIN-DMRM-NEG.d,,Find by MRM,,
37,DGJZT_BS_13_1,,,529.2,,,,,100,,,,2.257,,,1142,0.476,9900,,,,,Acq,,,,,,,,,,,,,,,30,,0225-DGJZT-SJ-YIN-DMRM-NEG.d,,Find by MRM,,
38,DGJZT_BS_16_1,,,493.1,,,,,100,,,,2.358,,,2651,0.424,25888,,,,,Acq,,,,,,,,,,,,,,,30,,0225-DGJZT-SJ-YIN-DMRM-NEG.d,,Find by MRM,,
39,DGJZT_BS_16_2,,,493.1,,,,,100,,,,2.367,,,304,0.379,3043,,,,,Acq,,,,,,,,,,,,,,,30,,0225-DGJZT-SJ-YIN-DMRM-NEG.d,,Find by MRM,,
40,DGJZT_BS_16_3,,,493.1,,,,,100,,,,2.36,,,90,0.317,746,,,,,Acq,,,,,,,,,,,,,,,30,,0225-DGJZT-SJ-YIN-DMRM-NEG.d,,Find by MRM,,
41,DGJZT_BS_14_1,,,169,,,,,100,,,,2.347,,,6264,0.464,65668,,,,,Acq,,,,,,,,,,,,,,,30,,0225-DGJZT-SJ-YIN-DMRM-NEG.d,,Find by MRM,,
42,DGJZT_BS_14_2,,,169,,,,,100,,,,2.339,,,4141,0.463,43228,,,,,Acq,,,,,,,,,,,,,,,30,,0225-DGJZT-SJ-YIN-DMRM-NEG.d,,Find by MRM,,
43,DGJZT_BS_17_1,,,331.1,,,,,100,,,,2.402,,,814,0.441,7832,,,,,Acq,,,,,,,,,,,,,,,30,,0225-DGJZT-SJ-YIN-DMRM-NEG.d,,Find by MRM,,
44,DGJZT_BS_17_2,,,331.1,,,,,100,,,,2.395,,,487,0.309,4223,,,,,Acq,,,,,,,,,,,,,,,30,,0225-DGJZT-SJ-YIN-DMRM-NEG.d,,Find by MRM,,
45,DGJZT_BS_17_3,,,331.1,,,,,100,,,,2.412,,,123,0.409,1380,,,,,Acq,,,,,,,,,,,,,,,30,,0225-DGJZT-SJ-YIN-DMRM-NEG.d,,Find by MRM,,
46,DGJZT_BS_18_1,,,526.2,,,,,100,,,,2.642,,,270,0.384,2294,,,,,Acq,,,,,,,,,,,,,,,30,,0225-DGJZT-SJ-YIN-DMRM-NEG.d,,Find by MRM,,
47,DGJZT_DG_33_3,,,423.1,,,,,100,,,,2.702,,,184,0.397,1676,,,,,Acq,,,,,,,,,,,,,,,30,,0225-DGJZT-SJ-YIN-DMRM-NEG.d,,Find by MRM,,
48,DGJZT_DG_33_2,,,423.1,,,,,100,,,,2.703,,,173,0.414,1469,,,,,Acq,,,,,,,,,,,,,,,30,,0225-DGJZT-SJ-YIN-DMRM-NEG.d,,Find by MRM,,
49,DGJZT_DG_33_1,,,423.1,,,,,100,,,,2.687,,,134,0.449,1223,,,,,Acq,,,,,,,,,,,,,,,30,,0225-DGJZT-SJ-YIN-DMRM-NEG.d,,Find by MRM,,
50,DGJZT_BS_20_1,,,403.1,,,,,100,,,,2.82,,,92,0.374,898,,,,,Acq,,,,,,,,,,,,,,,30,,0225-DGJZT-SJ-YIN-DMRM-NEG.d,,Find by MRM,,
51,DGJZT_BS_20_2,,,403.1,,,,,100,,,,2.811,,,126,0.352,1114,,,,,Acq,,,,,,,,,,,,,,,30,,0225-DGJZT-SJ-YIN-DMRM-NEG.d,,Find by MRM,,
52,DGJZT_BS_22_1,,,527.1,,,,,100,,,,2.891,,,277,0.235,1983,,,,,Acq,,,,,,,,,,,,,,,30,,0225-DGJZT-SJ-YIN-DMRM-NEG.d,,Find by MRM,,
53,DGJZT_DZ_18_2,,,240.1,,,,,100,,,,2.99,,,238,0.375,2507,,,,,Acq,,,,,,,,,,,,,,,30,,0225-DGJZT-SJ-YIN-DMRM-NEG.d,,Find by MRM,,
54,DGJZT_BS_23_2,,,315.1,,,,,100,,,,3.004,,,441,0.359,3626,,,,,Acq,,,,,,,,,,,,,,,30,,0225-DGJZT-SJ-YIN-DMRM-NEG.d,,Find by MRM,,
55,DGJZT_BS_23_1,,,315.1,,,,,100,,,,3.013,,,426,0.267,3252,,,,,Acq,,,,,,,,,,,,,,,30,,0225-DGJZT-SJ-YIN-DMRM-NEG.d,,Find by MRM,,
56,DGJZT_DZ_19_2,,,297.1,,,,,100,,,,3.031,,,292,0.252,1873,,,,,Acq,,,,,,,,,,,,,,,30,,0225-DGJZT-SJ-YIN-DMRM-NEG.d,,Find by MRM,,
57,DGJZT_DZ_19_1,,,297.1,,,,,100,,,,3.015,,,184,0.265,1388,,,,,Acq,,,,,,,,,,,,,,,30,,0225-DGJZT-SJ-YIN-DMRM-NEG.d,,Find by MRM,,
58,DGJZT_DZ_21_1,,,221.1,,,,,100,,,,3.15,,,83,0.284,776,,,,,Acq,,,,,,,,,,,,,,,30,,0225-DGJZT-SJ-YIN-DMRM-NEG.d,,Find by MRM,,
59,DGJZT_BS_26_3,,,389.1,,,,,100,,,,3.245,,,133,0.263,862,,,,,Acq,,,,,,,,,,,,,,,30,,0225-DGJZT-SJ-YIN-DMRM-NEG.d,,Find by MRM,,
60,DGJZT_BS_25_2,,,527.1,,,,,100,,,,3.236,,,519,0.311,3894,,,,,Acq,,,,,,,,,,,,,,,30,,0225-DGJZT-SJ-YIN-DMRM-NEG.d,,Find by MRM,,
61,DGJZT_BS_25_1,,,527.1,,,,,100,,,,3.219,,,89,0.202,699,,,,,Acq,,,,,,,,,,,,,,,30,,0225-DGJZT-SJ-YIN-DMRM-NEG.d,,Find by MRM,,
62,DGJZT_BS_26_2,,,389.1,,,,,100,,,,3.237,,,319,0.411,2669,,,,,Acq,,,,,,,,,,,,,,,30,,0225-DGJZT-SJ-YIN-DMRM-NEG.d,,Find by MRM,,
63,DGJZT_BS_27_1,,,633.1,,,,,100,,,,3.344,,,510,0.341,4386,,,,,Acq,,,,,,,,,,,,,,,30,,0225-DGJZT-SJ-YIN-DMRM-NEG.d,,Find by MRM,,
64,DGJZT_BS_26_1,,,389.1,,,,,100,,,,3.238,,,364,0.452,2965,,,,,Acq,,,,,,,,,,,,,,,30,,0225-DGJZT-SJ-YIN-DMRM-NEG.d,,Find by MRM,,
65,DGJZT_DG_36_2,,,353.1,,,,,100,,,,3.306,,,584,0.371,5080,,,,,Acq,,,,,,,,,,,,,,,30,,0225-DGJZT-SJ-YIN-DMRM-NEG.d,,Find by MRM,,
66,DGJZT_DG_36_1,,,353.1,,,,,100,,,,3.316,,,494,0.42,4565,,,,,Acq,,,,,,,,,,,,,,,30,,0225-DGJZT-SJ-YIN-DMRM-NEG.d,,Find by MRM,,
67,DGJZT_DG_36_3,,,353.1,,,,,100,,,,3.298,,,259,0.429,2363,,,,,Acq,,,,,,,,,,,,,,,30,,0225-DGJZT-SJ-YIN-DMRM-NEG.d,,Find by MRM,,
68,DGJZT_BS_28_3,,,287.1,,,,,100,,,,3.408,,,685,0.411,6069,,,,,Acq,,,,,,,,,,,,,,,30,,0225-DGJZT-SJ-YIN-DMRM-NEG.d,,Find by MRM,,
69,DGJZT_BS_28_1,,,287.1,,,,,100,,,,3.409,,,537,0.393,4390,,,,,Acq,,,,,,,,,,,,,,,30,,0225-DGJZT-SJ-YIN-DMRM-NEG.d,,Find by MRM,,
70,DGJZT_BS_28_2,,,287.1,,,,,100,,,,3.427,,,160,0.342,1328,,,,,Acq,,,,,,,,,,,,,,,30,,0225-DGJZT-SJ-YIN-DMRM-NEG.d,,Find by MRM,,
71,DGJZT_DG_39_2,,,658.2,,,,,100,,,,3.419,,,322,0.385,2822,,,,,Acq,,,,,,,,,,,,,,,30,,0225-DGJZT-SJ-YIN-DMRM-NEG.d,,Find by MRM,,
72,DGJZT_DG_39_1,,,658.2,,,,,100,,,,3.444,,,357,0.387,3233,,,,,Acq,,,,,,,,,,,,,,,30,,0225-DGJZT-SJ-YIN-DMRM-NEG.d,,Find by MRM,,
73,DGJZT_BS_29_1,,,451.1,,,,,100,,,,3.506,,,412,0.36,3810,,,,,Acq,,,,,,,,,,,,,,,30,,0225-DGJZT-SJ-YIN-DMRM-NEG.d,,Find by MRM,,
74,DGJZT_BS_37_1,,,483.1,,,,,100,,,,3.832,,,265,0.101,6382,,,,,Acq,,,,,,,,,,,,,,,30,,0225-DGJZT-SJ-YIN-DMRM-NEG.d,,Find by MRM,,
75,DGJZT_BS_37_3,,,483.1,,,,,100,,,,3.69,,,206,0.329,2122,,,,,Acq,,,,,,,,,,,,,,,30,,0225-DGJZT-SJ-YIN-DMRM-NEG.d,,Find by MRM,,
76,DGJZT_DG_41_2,,,355.1,,,,,100,,,,3.676,,,341,0.36,3028,,,,,Acq,,,,,,,,,,,,,,,30,,0225-DGJZT-SJ-YIN-DMRM-NEG.d,,Find by MRM,,
77,DGJZT_DG_41_3,,,355.1,,,,,100,,,,3.692,,,365,0.382,2792,,,,,Acq,,,,,,,,,,,,,,,30,,0225-DGJZT-SJ-YIN-DMRM-NEG.d,,Find by MRM,,
78,DGJZT_DG_41_1,,,355.1,,,,,100,,,,3.685,,,1628,0.42,12795,,,,,Acq,,,,,,,,,,,,,,,30,,0225-DGJZT-SJ-YIN-DMRM-NEG.d,,Find by MRM,,
79,DGJZT_DG_42_3,,,491.1,,,,,100,,,,3.763,,,740,0.278,6974,,,,,Acq,,,,,,,,,,,,,,,30,,0225-DGJZT-SJ-YIN-DMRM-NEG.d,,Find by MRM,,
80,DGJZT_DG_42_1,,,491.1,,,,,100,,,,3.747,,,139,0.193,1076,,,,,Acq,,,,,,,,,,,,,,,30,,0225-DGJZT-SJ-YIN-DMRM-NEG.d,,Find by MRM,,
81,DGJZT_BS_40_2,,,391.2,,,,,100,,,,3.767,,,242,0.355,1922,,,,,Acq,,,,,,,,,,,,,,,30,,0225-DGJZT-SJ-YIN-DMRM-NEG.d,,Find by MRM,,
82,DGJZT_BS_40_3,,,391.2,,,,,100,,,,3.767,,,252,0.305,1777,,,,,Acq,,,,,,,,,,,,,,,30,,0225-DGJZT-SJ-YIN-DMRM-NEG.d,,Find by MRM,,
83,DGJZT_GZ_4_1,,,349.1,,,,,100,,,,3.853,,,311,0.461,2857,,,,,Acq,,,,,,,,,,,,,,,30,,0225-DGJZT-SJ-YIN-DMRM-NEG.d,,Find by MRM,,
84,DGJZT_DG_43_1,,,293.1,,,,,100,,,,3.854,,,152,0.31,1232,,,,,Acq,,,,,,,,,,,,,,,30,,0225-DGJZT-SJ-YIN-DMRM-NEG.d,,Find by MRM,,
85,DGJZT_CGC_7_1,,,631.1,,,,,100,,,,3.822,,,377,0.16,1999,,,,,Acq,,,,,,,,,,,,,,,30,,0225-DGJZT-SJ-YIN-DMRM-NEG.d,,Find by MRM,,
86,DGJZT_DG_42_2,,,491.1,,,,,100,,,,3.814,,,595,0.317,7530,,,,,Acq,,,,,,,,,,,,,,,30,,0225-DGJZT-SJ-YIN-DMRM-NEG.d,,Find by MRM,,
87,DGJZT_BS_45_1,,,635.1,,,,,100,,,,3.939,,,456,0.316,3736,,,,,Acq,,,,,,,,,,,,,,,30,,0225-DGJZT-SJ-YIN-DMRM-NEG.d,,Find by MRM,,
88,DGJZT_DZ_23_1,,,477.2,,,,,100,,,,3.942,,,132,0.19,790,,,,,Acq,,,,,,,,,,,,,,,30,,0225-DGJZT-SJ-YIN-DMRM-NEG.d,,Find by MRM,,
89,DGJZT_DZ_24_2,,,431.2,,,,,100,,,,3.926,,,84,0.236,454,,,,,Acq,,,,,,,,,,,,,,,30,,0225-DGJZT-SJ-YIN-DMRM-NEG.d,,Find by MRM,,
90,DGJZT_DZ_24_1,,,431.2,,,,,100,,,,3.926,,,138,0.176,697,,,,,Acq,,,,,,,,,,,,,,,30,,0225-DGJZT-SJ-YIN-DMRM-NEG.d,,Find by MRM,,
91,DGJZT_DZ_25_2,,,639.2,,,,,100,,,,4.04,,,103,0.205,601,,,,,Acq,,,,,,,,,,,,,,,30,,0225-DGJZT-SJ-YIN-DMRM-NEG.d,,Find by MRM,,
92,DGJZT_DG_46_2,,,353.1,,,,,100,,,,4.02,,,2075,0.419,23087,,,,,Acq,,,,,,,,,,,,,,,30,,0225-DGJZT-SJ-YIN-DMRM-NEG.d,,Find by MRM,,
93,DGJZT_DG_46_1,,,353.1,,,,,100,,,,4.037,,,1398,0.385,15652,,,,,Acq,,,,,,,,,,,,,,,30,,0225-DGJZT-SJ-YIN-DMRM-NEG.d,,Find by MRM,,
94,DGJZT_DZ_25_3,,,639.2,,,,,100,,,,4.031,,,361,0.411,3179,,,,,Acq,,,,,,,,,,,,,,,30,,0225-DGJZT-SJ-YIN-DMRM-NEG.d,,Find by MRM,,
95,DGJZT_DZ_25_1,,,639.2,,,,,100,,,,4.057,,,62,0.143,335,,,,,Acq,,,,,,,,,,,,,,,30,,0225-DGJZT-SJ-YIN-DMRM-NEG.d,,Find by MRM,,
96,DGJZT_BS_44_1,,,511.1,,,,,100,,,,4.009,,,122,0.27,1040,,,,,Acq,,,,,,,,,,,,,,,30,,0225-DGJZT-SJ-YIN-DMRM-NEG.d,,Find by MRM,,
97,DGJZT_CGC_13_1,,,789.2,,,,,100,,,,4.122,,,11065,0.418,77987,,,,,Acq,,,,,,,,,,,,,,,30,,0225-DGJZT-SJ-YIN-DMRM-NEG.d,,Find by MRM,,
98,DGJZT_CGC_16_1,,,625.2,,,,,100,,,,4.151,,,1861,0.404,15937,,,,,Acq,,,,,,,,,,,,,,,30,,0225-DGJZT-SJ-YIN-DMRM-NEG.d,,Find by MRM,,
99,DGJZT_BS_46_3,,,525.2,,,,,100,,,,4.143,,,189,0.319,1427,,,,,Acq,,,,,,,,,,,,,,,30,,0225-DGJZT-SJ-YIN-DMRM-NEG.d,,Find by MRM,,
100,DGJZT_CGC_14_1,,,417.1,,,,,100,,,,4.154,,,1230,0.418,11189,,,,,Acq,,,,,,,,,,,,,,,30,,0225-DGJZT-SJ-YIN-DMRM-NEG.d,,Find by MRM,,
101,DGJZT_CGC_18_1,,,711.2,,,,,100,,,,4.199,,,425,0.353,3534,,,,,Acq,,,,,,,,,,,,,,,30,,0225-DGJZT-SJ-YIN-DMRM-NEG.d,,Find by MRM,,
102,DGJZT_CGC_14_3,,,417.1,,,,,100,,,,4.154,,,1479,0.471,13418,,,,,Acq,,,,,,,,,,,,,,,30,,0225-DGJZT-SJ-YIN-DMRM-NEG.d,,Find by MRM,,
103,DGJZT_CGC_14_2,,,417.1,,,,,100,,,,4.163,,,433,0.48,3861,,,,,Acq,,,,,,,,,,,,,,,30,,0225-DGJZT-SJ-YIN-DMRM-NEG.d,,Find by MRM,,
104,DGJZT_CGC_18_3,,,711.2,,,,,100,,,,4.199,,,3677,0.453,31320,,,,,Acq,,,,,,,,,,,,,,,30,,0225-DGJZT-SJ-YIN-DMRM-NEG.d,,Find by MRM,,
105,DGJZT_CGC_17_1,,,549.2,,,,,100,,,,4.193,,,187,0.495,1760,,,,,Acq,,,,,,,,,,,,,,,30,,0225-DGJZT-SJ-YIN-DMRM-NEG.d,,Find by MRM,,
106,DGJZT_BS_53_1,,,635.1,,,,,100,,,,4.334,,,431,0.399,4932,,,,,Acq,,,,,,,,,,,,,,,30,,0225-DGJZT-SJ-YIN-DMRM-NEG.d,,Find by MRM,,
107,DGJZT_BS_51_2,,,183,,,,,100,,,,4.306,,,1178,0.404,10222,,,,,Acq,,,,,,,,,,,,,,,30,,0225-DGJZT-SJ-YIN-DMRM-NEG.d,,Find by MRM,,
108,DGJZT_BS_51_1,,,183,,,,,100,,,,4.306,,,1064,0.458,9851,,,,,Acq,,,,,,,,,,,,,,,30,,0225-DGJZT-SJ-YIN-DMRM-NEG.d,,Find by MRM,,
109,DGJZT_DZ_26_2,,,755.3,,,,,100,,,,4.333,,,181,0.29,1350,,,,,Acq,,,,,,,,,,,,,,,30,,0225-DGJZT-SJ-YIN-DMRM-NEG.d,,Find by MRM,,
110,DGJZT_BS_56_1,,,687.2,,,,,100,,,,4.392,,,1110,0.418,10553,,,,,Acq,,,,,,,,,,,,,,,30,,0225-DGJZT-SJ-YIN-DMRM-NEG.d,,Find by MRM,,
111,DGJZT_BS_54_1,,,327.1,,,,,100,,,,4.397,,,516,0.483,5561,,,,,Acq,,,,,,,,,,,,,,,30,,0225-DGJZT-SJ-YIN-DMRM-NEG.d,,Find by MRM,,
112,DGJZT_DG_49_1,,,215.1,,,,,100,,,,4.438,,,114,0.359,958,,,,,Acq,,,,,,,,,,,,,,,30,,0225-DGJZT-SJ-YIN-DMRM-NEG.d,,Find by MRM,,
113,DGJZT_DG_49_2,,,215.1,,,,,100,,,,4.447,,,181,0.406,1790,,,,,Acq,,,,,,,,,,,,,,,30,,0225-DGJZT-SJ-YIN-DMRM-NEG.d,,Find by MRM,,
114,DGJZT_CGC_19_1,,,593.2,,,,,100,,,,4.62,,,1158,0.39,9384,,,,,Acq,,,,,,,,,,,,,,,30,,0225-DGJZT-SJ-YIN-DMRM-NEG.d,,Find by MRM,,
115,DGJZT_BS_60_1,,,631.2,,,,,100,,,,4.702,,,121,0.25,881,,,,,Acq,,,,,,,,,,,,,,,30,,0225-DGJZT-SJ-YIN-DMRM-NEG.d,,Find by MRM,,
116,DGJZT_BS_60_3,,,631.2,,,,,100,,,,4.727,,,840,0.431,8689,,,,,Acq,,,,,,,,,,,,,,,30,,0225-DGJZT-SJ-YIN-DMRM-NEG.d,,Find by MRM,,
117,DGJZT_BS_61_1,,,491.1,,,,,100,,,,4.746,,,882,0.378,6969,,,,,Acq,,,,,,,,,,,,,,,30,,0225-DGJZT-SJ-YIN-DMRM-NEG.d,,Find by MRM,,
118,DGJZT_GZ_6_2,,,415.1,,,,,100,,,,4.738,,,185,0.315,1532,,,,,Acq,,,,,,,,,,,,,,,30,,0225-DGJZT-SJ-YIN-DMRM-NEG.d,,Find by MRM,,
119,DGJZT_GZ_6_1,,,415.1,,,,,100,,,,4.756,,,239,0.374,1824,,,,,Acq,,,,,,,,,,,,,,,30,,0225-DGJZT-SJ-YIN-DMRM-NEG.d,,Find by MRM,,
120,DGJZT_BS_62_2,,,519.2,,,,,100,,,,4.786,,,142,0.274,1107,,,,,Acq,,,,,,,,,,,,,,,30,,0225-DGJZT-SJ-YIN-DMRM-NEG.d,,Find by MRM,,
121,DGJZT_BS_62_1,,,519.2,,,,,100,,,,4.812,,,151,0.365,1368,,,,,Acq,,,,,,,,,,,,,,,30,,0225-DGJZT-SJ-YIN-DMRM-NEG.d,,Find by MRM,,
122,DGJZT_BS_66_3,,,687.2,,,,,100,,,,4.843,,,1911,0.401,18110,,,,,Acq,,,,,,,,,,,,,,,30,,0225-DGJZT-SJ-YIN-DMRM-NEG.d,,Find by MRM,,
123,DGJZT_BS_66_1,,,687.2,,,,,100,,,,4.843,,,10284,0.38,90605,,,,,Acq,,,,,,,,,,,,,,,30,,0225-DGJZT-SJ-YIN-DMRM-NEG.d,,Find by MRM,,
124,DGJZT_BS_66_2,,,687.2,,,,,100,,,,4.818,,,270,0.387,2729,,,,,Acq,,,,,,,,,,,,,,,30,,0225-DGJZT-SJ-YIN-DMRM-NEG.d,,Find by MRM,,
125,DGJZT_GZ_8_2,,,327.1,,,,,100,,,,4.941,,,301,0.346,2102,,,,,Acq,,,,,,,,,,,,,,,30,,0225-DGJZT-SJ-YIN-DMRM-NEG.d,,Find by MRM,,
126,DGJZT_GZ_8_1,,,327.1,,,,,100,,,,4.95,,,738,0.34,5390,,,,,Acq,,,,,,,,,,,,,,,30,,0225-DGJZT-SJ-YIN-DMRM-NEG.d,,Find by MRM,,
127,DGJZT_GZ_8_3,,,327.1,,,,,100,,,,4.926,,,42,0.302,229,,,,,Acq,,,,,,,,,,,,,,,30,,0225-DGJZT-SJ-YIN-DMRM-NEG.d,,Find by MRM,,
128,DGJZT_GZ_9_3,,,363.1,,,,,100,,,,5.039,,,63,0.37,674,,,,,Acq,,,,,,,,,,,,,,,30,,0225-DGJZT-SJ-YIN-DMRM-NEG.d,,Find by MRM,,
129,DGJZT_DZ_28_3,,,340.2,,,,,100,,,,5.049,,,481,0.34,4579,,,,,Acq,,,,,,,,,,,,,,,30,,0225-DGJZT-SJ-YIN-DMRM-NEG.d,,Find by MRM,,
130,DGJZT_DZ_28_2,,,340.2,,,,,100,,,,5.057,,,2316,0.457,23437,,,,,Acq,,,,,,,,,,,,,,,30,,0225-DGJZT-SJ-YIN-DMRM-NEG.d,,Find by MRM,,
131,DGJZT_DZ_28_1,,,340.2,,,,,100,,,,5.058,,,503,0.361,4678,,,,,Acq,,,,,,,,,,,,,,,30,,0225-DGJZT-SJ-YIN-DMRM-NEG.d,,Find by MRM,,
132,DGJZT_BS_75_1,,,525.2,,,,,100,,,,5.098,,,71973,0.403,748850,,,,,Acq,,,,,,,,,,,,,,,30,,0225-DGJZT-SJ-YIN-DMRM-NEG.d,,Find by MRM,,
133,DGJZT_DZ_30_1,,,579.3,,,,,100,,,,5.163,,,195,0.327,1387,,,,,Acq,,,,,,,,,,,,,,,30,,0225-DGJZT-SJ-YIN-DMRM-NEG.d,,Find by MRM,,
134,DGJZT_BS_79_1,,,787.1,,,,,100,,,,5.237,,,316,0.447,4130,,,,,Acq,,,,,,,,,,,,,,,30,,0225-DGJZT-SJ-YIN-DMRM-NEG.d,,Find by MRM,,
135,DGJZT_SJ_4_1,,,519.2,,,,,100,,,,5.047,,,6,0.111,18,,,,,Acq,,,,,,,,,,,,,,,30,,0225-DGJZT-SJ-YIN-DMRM-NEG.d,,Find by MRM,,
136,DGJZT_BS_80_2,,,631.2,,,,,100,,,,5.271,,,6279,0.44,56374,,,,,Acq,,,,,,,,,,,,,,,30,,0225-DGJZT-SJ-YIN-DMRM-NEG.d,,Find by MRM,,
137,DGJZT_BS_80_1,,,631.2,,,,,100,,,,5.254,,,1080,0.413,9586,,,,,Acq,,,,,,,,,,,,,,,30,,0225-DGJZT-SJ-YIN-DMRM-NEG.d,,Find by MRM,,
138,DGJZT_DZ_31_1,,,741.2,,,,,100,,,,5.321,,,431,0.322,3222,,,,,Acq,,,,,,,,,,,,,,,30,,0225-DGJZT-SJ-YIN-DMRM-NEG.d,,Find by MRM,,
139,DGJZT_BS_81_2,,,541.2,,,,,100,,,,5.306,,,463,0.419,3555,,,,,Acq,,,,,,,,,,,,,,,30,,0225-DGJZT-SJ-YIN-DMRM-NEG.d,,Find by MRM,,
140,DGJZT_BS_81_1,,,541.2,,,,,100,,,,5.315,,,1877,0.332,14327,,,,,Acq,,,,,,,,,,,,,,,30,,0225-DGJZT-SJ-YIN-DMRM-NEG.d,,Find by MRM,,
141,DGJZT_DG_58_2,,,367.1,,,,,100,,,,5.378,,,208,0.303,1595,,,,,Acq,,,,,,,,,,,,,,,30,,0225-DGJZT-SJ-YIN-DMRM-NEG.d,,Find by MRM,,
142,DGJZT_DG_58_1,,,367.1,,,,,100,,,,5.369,,,448,0.369,3332,,,,,Acq,,,,,,,,,,,,,,,30,,0225-DGJZT-SJ-YIN-DMRM-NEG.d,,Find by MRM,,
143,DGJZT_DG_58_3,,,367.1,,,,,100,,,,5.361,,,368,0.365,2686,,,,,Acq,,,,,,,,,,,,,,,30,,0225-DGJZT-SJ-YIN-DMRM-NEG.d,,Find by MRM,,
144,DGJZT_BS_86_3,,,525.2,,,,,100,,,,5.508,,,29198,0.476,710455,,,,,Acq,,,,,,,,,,,,,,,30,,0225-DGJZT-SJ-YIN-DMRM-NEG.d,,Find by MRM,,
145,DGJZT_BS_86_2,,,525.2,,,,,100,,,,5.517,,,391,0.38,4960,,,,,Acq,,,,,,,,,,,,,,,30,,0225-DGJZT-SJ-YIN-DMRM-NEG.d,,Find by MRM,,
146,DGJZT_BS_86_1,,,525.2,,,,,100,,,,5.501,,,126742,0.376,1823325,,,,,Acq,,,,,,,,,,,,,,,30,,0225-DGJZT-SJ-YIN-DMRM-NEG.d,,Find by MRM,,
147,DGJZT_BS_85_3,,,449.1,,,,,100,,,,5.477,,,183,0.455,2438,,,,,Acq,,,,,,,,,,,,,,,30,,0225-DGJZT-SJ-YIN-DMRM-NEG.d,,Find by MRM,,
148,DGJZT_BS_85_2,,,449.1,,,,,100,,,,5.469,,,53,0.1,228,,,,,Acq,,,,,,,,,,,,,,,30,,0225-DGJZT-SJ-YIN-DMRM-NEG.d,,Find by MRM,,
149,DGJZT_BS_85_1,,,449.1,,,,,100,,,,5.478,,,6205,0.508,88295,,,,,Acq,,,,,,,,,,,,,,,30,,0225-DGJZT-SJ-YIN-DMRM-NEG.d,,Find by MRM,,
150,DGJZT_BS_82_3,,,327.1,,,,,100,,,,5.546,,,39,0.192,267,,,,,Acq,,,,,,,,,,,,,,,30,,0225-DGJZT-SJ-YIN-DMRM-NEG.d,,Find by MRM,,
151,DGJZT_BS_96_3,,,497.2,,,,,100,,,,5.617,,,371,0.373,2934,,,,,Acq,,,,,,,,,,,,,,,30,,0225-DGJZT-SJ-YIN-DMRM-NEG.d,,Find by MRM,,
152,DGJZT_CGC_24_2,,,579.2,,,,,100,,,,5.64,,,3922,0.313,32472,,,,,Acq,,,,,,,,,,,,,,,30,,0225-DGJZT-SJ-YIN-DMRM-NEG.d,,Find by MRM,,
153,DGJZT_BS_96_2,,,497.2,,,,,100,,,,5.618,,,277,0.351,2213,,,,,Acq,,,,,,,,,,,,,,,30,,0225-DGJZT-SJ-YIN-DMRM-NEG.d,,Find by MRM,,
154,DGJZT_GZ_11_3,,,581.2,,,,,100,,,,5.674,,,150,0.368,1482,,,,,Acq,,,,,,,,,,,,,,,30,,0225-DGJZT-SJ-YIN-DMRM-NEG.d,,Find by MRM,,
155,DGJZT_CGC_24_1,,,579.2,,,,,100,,,,5.624,,,342,0.307,2638,,,,,Acq,,,,,,,,,,,,,,,30,,0225-DGJZT-SJ-YIN-DMRM-NEG.d,,Find by MRM,,
156,DGJZT_CGC_27_1,,,737.2,,,,,100,,,,5.849,,,505,0.486,6806,,,,,Acq,,,,,,,,,,,,,,,30,,0225-DGJZT-SJ-YIN-DMRM-NEG.d,,Find by MRM,,
157,DGJZT_BS_97_1,,,495.2,,,,,100,,,,5.838,,,9480,0.383,80061,,,,,Acq,,,,,,,,,,,,,,,30,,0225-DGJZT-SJ-YIN-DMRM-NEG.d,,Find by MRM,,
158,DGJZT_CGC_26_1,,,737.2,,,,,100,,,,5.849,,,333,0.459,4279,,,,,Acq,,,,,,,,,,,,,,,30,,0225-DGJZT-SJ-YIN-DMRM-NEG.d,,Find by MRM,,
159,DGJZT_CGC_28_1,,,625.2,,,,,100,,,,5.917,,,745,0.405,5982,,,,,Acq,,,,,,,,,,,,,,,30,,0225-DGJZT-SJ-YIN-DMRM-NEG.d,,Find by MRM,,
160,DGJZT_BS_101_1,,,787.1,,,,,100,,,,5.907,,,897,0.279,6911,,,,,Acq,,,,,,,,,,,,,,,30,,0225-DGJZT-SJ-YIN-DMRM-NEG.d,,Find by MRM,,
161,DGJZT_BS_102_2,,,519.2,,,,,100,,,,5.887,,,271,0.437,2354,,,,,Acq,,,,,,,,,,,,,,,30,,0225-DGJZT-SJ-YIN-DMRM-NEG.d,,Find by MRM,,
162,DGJZT_BS_102_1,,,519.2,,,,,100,,,,5.863,,,180,0.396,1617,,,,,Acq,,,,,,,,,,,,,,,30,,0225-DGJZT-SJ-YIN-DMRM-NEG.d,,Find by MRM,,
163,DGJZT_CGC_29_1,,,415.1,,,,,100,,,,5.931,,,542,0.34,4436,,,,,Acq,,,,,,,,,,,,,,,30,,0225-DGJZT-SJ-YIN-DMRM-NEG.d,,Find by MRM,,
164,DGJZT_DZ_32_2,,,623.3,,,,,100,,,,6.068,,,738,0.248,5182,,,,,Acq,,,,,,,,,,,,,,,30,,0225-DGJZT-SJ-YIN-DMRM-NEG.d,,Find by MRM,,
165,DGJZT_DZ_32_1,,,623.3,,,,,100,,,,6.11,,,79,0.175,515,,,,,Acq,,,,,,,,,,,,,,,30,,0225-DGJZT-SJ-YIN-DMRM-NEG.d,,Find by MRM,,
166,DGJZT_BS_103_2,,,787.1,,,,,100,,,,6.158,,,619,0.384,7577,,,,,Acq,,,,,,,,,,,,,,,30,,0225-DGJZT-SJ-YIN-DMRM-NEG.d,,Find by MRM,,
167,DGJZT_BS_103_1,,,787.1,,,,,100,,,,6.142,,,356,0.314,3692,,,,,Acq,,,,,,,,,,,,,,,30,,0225-DGJZT-SJ-YIN-DMRM-NEG.d,,Find by MRM,,
168,DGJZT_DG_61_2,,,527.2,,,,,100,,,,6.139,,,183,0.411,1619,,,,,Acq,,,,,,,,,,,,,,,30,,0225-DGJZT-SJ-YIN-DMRM-NEG.d,,Find by MRM,,
169,DGJZT_BS_104_2,,,477.1,,,,,100,,,,6.233,,,273,0.36,2329,,,,,Acq,,,,,,,,,,,,,,,30,,0225-DGJZT-SJ-YIN-DMRM-NEG.d,,Find by MRM,,
170,DGJZT_DZ_33_3,,,609.1,,,,,100,,,,6.32,,,4694,0.424,42591,,,,,Acq,,,,,,,,,,,,,,,30,,0225-DGJZT-SJ-YIN-DMRM-NEG.d,,Find by MRM,,
171,DGJZT_DZ_33_1,,,609.1,,,,,100,,,,6.303,,,7755,0.387,66619,,,,,Acq,,,,,,,,,,,,,,,30,,0225-DGJZT-SJ-YIN-DMRM-NEG.d,,Find by MRM,,
172,DGJZT_CGC_33_1,,,579.2,,,,,100,,,,6.295,,,1115,0.184,7102,,,,,Acq,,,,,,,,,,,,,,,30,,0225-DGJZT-SJ-YIN-DMRM-NEG.d,,Find by MRM,,
173,DGJZT_CGC_33_2,,,579.2,,,,,100,,,,6.487,,,132,0.15,649,,,,,Acq,,,,,,,,,,,,,,,30,,0225-DGJZT-SJ-YIN-DMRM-NEG.d,,Find by MRM,,
174,DGJZT_GZ_15_1,,,559.2,,,,,100,,,,6.313,,,2270,0.426,17613,,,,,Acq,,,,,,,,,,,,,,,30,,0225-DGJZT-SJ-YIN-DMRM-NEG.d,,Find by MRM,,
175,DGJZT_DZ_33_2,,,609.1,,,,,100,,,,6.329,,,171,0.341,1430,,,,,Acq,,,,,,,,,,,,,,,30,,0225-DGJZT-SJ-YIN-DMRM-NEG.d,,Find by MRM,,
176,DGJZT_CGC_31_1,,,549.2,,,,,100,,,,6.405,,,120529,0.349,1150766,,,,,Acq,,,,,,,,,,,,,,,30,,0225-DGJZT-SJ-YIN-DMRM-NEG.d,,Find by MRM,,
177,DGJZT_CGC_31_2,,,549.2,,,,,100,,,,6.414,,,10315,0.349,99516,,,,,Acq,,,,,,,,,,,,,,,30,,0225-DGJZT-SJ-YIN-DMRM-NEG.d,,Find by MRM,,
178,DGJZT_CGC_31_3,,,549.2,,,,,100,,,,6.398,,,2357,0.331,20717,,,,,Acq,,,,,,,,,,,,,,,30,,0225-DGJZT-SJ-YIN-DMRM-NEG.d,,Find by MRM,,
179,DGJZT_CGC_40_2,,,1099.3,,,,,100,,,,6.401,,,17820,0.326,118102,,,,,Acq,,,,,,,,,,,,,,,30,,0225-DGJZT-SJ-YIN-DMRM-NEG.d,,Find by MRM,,
180,DGJZT_CGC_36_1,,,549.2,,,,,100,,,,6.413,,,115960,0.383,1069399,,,,,Acq,,,,,,,,,,,,,,,30,,0225-DGJZT-SJ-YIN-DMRM-NEG.d,,Find by MRM,,
181,DGJZT_CGC_36_2,,,549.2,,,,,100,,,,6.405,,,9993,0.401,89327,,,,,Acq,,,,,,,,,,,,,,,30,,0225-DGJZT-SJ-YIN-DMRM-NEG.d,,Find by MRM,,
182,DGJZT_CGC_36_3,,,549.2,,,,,100,,,,6.397,,,2018,0.366,17815,,,,,Acq,,,,,,,,,,,,,,,30,,0225-DGJZT-SJ-YIN-DMRM-NEG.d,,Find by MRM,,
183,DGJZT_CGC_43_3,,,707.2,,,,,100,,,,6.51,,,4403,0.31,36936,,,,,Acq,,,,,,,,,,,,,,,30,,0225-DGJZT-SJ-YIN-DMRM-NEG.d,,Find by MRM,,
184,DGJZT_CGC_43_1,,,707.2,,,,,100,,,,6.62,,,562,0.187,3937,,,,,Acq,,,,,,,,,,,,,,,30,,0225-DGJZT-SJ-YIN-DMRM-NEG.d,,Find by MRM,,
185,DGJZT_BS_105_1,,,441.1,,,,,100,,,,6.499,,,179,0.358,1553,,,,,Acq,,,,,,,,,,,,,,,30,,0225-DGJZT-SJ-YIN-DMRM-NEG.d,,Find by MRM,,
186,DGJZT_CGC_43_2,,,707.2,,,,,100,,,,6.594,,,582,0.253,4230,,,,,Acq,,,,,,,,,,,,,,,30,,0225-DGJZT-SJ-YIN-DMRM-NEG.d,,Find by MRM,,
187,DGJZT_CGC_47_2,,,417.1,,,,,100,,,,6.599,,,31260,0.458,331052,,,,,Acq,,,,,,,,,,,,,,,30,,0225-DGJZT-SJ-YIN-DMRM-NEG.d,,Find by MRM,,
188,DGJZT_CGC_47_3,,,417.1,,,,,100,,,,6.599,,,101494,0.467,1019927,,,,,Acq,,,,,,,,,,,,,,,30,,0225-DGJZT-SJ-YIN-DMRM-NEG.d,,Find by MRM,,
189,DGJZT_CGC_47_1,,,417.1,,,,,100,,,,6.599,,,87301,0.473,874646,,,,,Acq,,,,,,,,,,,,,,,30,,0225-DGJZT-SJ-YIN-DMRM-NEG.d,,Find by MRM,,
190,DGJZT_BS_106_2,,,301,,,,,100,,,,6.684,,,179,0.388,1775,,,,,Acq,,,,,,,,,,,,,,,30,,0225-DGJZT-SJ-YIN-DMRM-NEG.d,,Find by MRM,,
191,DGJZT_CGC_54_1,,,565.2,,,,,100,,,,6.613,,,150,0.36,1198,,,,,Acq,,,,,,,,,,,,,,,30,,0225-DGJZT-SJ-YIN-DMRM-NEG.d,,Find by MRM,,
192,DGJZT_GZ_16_1,,,475.2,,,,,100,,,,6.656,,,41,0.193,249,,,,,Acq,,,,,,,,,,,,,,,30,,0225-DGJZT-SJ-YIN-DMRM-NEG.d,,Find by MRM,,
193,DGJZT_BS_107_2,,,309.1,,,,,100,,,,6.65,,,355,0.468,3461,,,,,Acq,,,,,,,,,,,,,,,30,,0225-DGJZT-SJ-YIN-DMRM-NEG.d,,Find by MRM,,
194,DGJZT_BS_107_1,,,309.1,,,,,100,,,,6.666,,,319,0.458,2874,,,,,Acq,,,,,,,,,,,,,,,30,,0225-DGJZT-SJ-YIN-DMRM-NEG.d,,Find by MRM,,
195,DGJZT_BS_106_3,,,301,,,,,100,,,,6.676,,,234,0.275,1713,,,,,Acq,,,,,,,,,,,,,,,30,,0225-DGJZT-SJ-YIN-DMRM-NEG.d,,Find by MRM,,
196,DGJZT_BS_106_1,,,301,,,,,100,,,,6.668,,,133,0.352,1310,,,,,Acq,,,,,,,,,,,,,,,30,,0225-DGJZT-SJ-YIN-DMRM-NEG.d,,Find by MRM,,
197,DGJZT_BS_108_2,,,631.2,,,,,100,,,,6.814,,,524,0.463,5012,,,,,Acq,,,,,,,,,,,,,,,30,,0225-DGJZT-SJ-YIN-DMRM-NEG.d,,Find by MRM,,
198,DGJZT_SJ_5_3,,,475.2,,,,,100,,,,7.009,,,38,0.217,232,,,,,Acq,,,,,,,,,,,,,,,30,,0225-DGJZT-SJ-YIN-DMRM-NEG.d,,Find by MRM,,
199,DGJZT_BS_108_3,,,631.2,,,,,100,,,,6.822,,,17803,0.416,162033,,,,,Acq,,,,,,,,,,,,,,,30,,0225-DGJZT-SJ-YIN-DMRM-NEG.d,,Find by MRM,,
200,DGJZT_BS_108_1,,,631.2,,,,,100,,,,6.814,,,6453,0.345,60002,,,,,Acq,,,,,,,,,,,,,,,30,,0225-DGJZT-SJ-YIN-DMRM-NEG.d,,Find by MRM,,
201,DGJZT_DG_65_1,,,193,,,,,100,,,,6.844,,,1181,0.486,12652,,,,,Acq,,,,,,,,,,,,,,,30,,0225-DGJZT-SJ-YIN-DMRM-NEG.d,,Find by MRM,,
202,DGJZT_DG_64_1,,,178,,,,,100,,,,6.828,,,1385,0.46,13023,,,,,Acq,,,,,,,,,,,,,,,30,,0225-DGJZT-SJ-YIN-DMRM-NEG.d,,Find by MRM,,
203,DGJZT_DG_64_2,,,178,,,,,100,,,,6.828,,,1185,0.421,11301,,,,,Acq,,,,,,,,,,,,,,,30,,0225-DGJZT-SJ-YIN-DMRM-NEG.d,,Find by MRM,,
204,DGJZT_DG_65_3,,,193,,,,,100,,,,6.844,,,985,0.459,9499,,,,,Acq,,,,,,,,,,,,,,,30,,0225-DGJZT-SJ-YIN-DMRM-NEG.d,,Find by MRM,,
205,DGJZT_BS_118_1,,,939.1,,,,,100,,,,6.954,,,1373,0.372,12117,,,,,Acq,,,,,,,,,,,,,,,30,,0225-DGJZT-SJ-YIN-DMRM-NEG.d,,Find by MRM,,
206,DGJZT_BS_118_2,,,939.1,,,,,100,,,,6.939,,,131,0.359,1150,,,,,Acq,,,,,,,,,,,,,,,30,,0225-DGJZT-SJ-YIN-DMRM-NEG.d,,Find by MRM,,
207,DGJZT_BS_115_1,,,769.1,,,,,100,,,,6.93,,,125,0.225,1046,,,,,Acq,,,,,,,,,,,,,,,30,,0225-DGJZT-SJ-YIN-DMRM-NEG.d,,Find by MRM,,
208,DGJZT_BS_118_3,,,939.1,,,,,100,,,,6.938,,,624,0.421,5679,,,,,Acq,,,,,,,,,,,,,,,30,,0225-DGJZT-SJ-YIN-DMRM-NEG.d,,Find by MRM,,
209,DGJZT_BS_120_2,,,509.2,,,,,100,,,,7.05,,,127,0.241,873,,,,,Acq,,,,,,,,,,,,,,,30,,0225-DGJZT-SJ-YIN-DMRM-NEG.d,,Find by MRM,,
210,DGJZT_DZ_34_2,,,204.1,,,,,100,,,,7.112,,,228,0.366,2241,,,,,Acq,,,,,,,,,,,,,,,30,,0225-DGJZT-SJ-YIN-DMRM-NEG.d,,Find by MRM,,
211,DGJZT_DZ_36_2,,,637.3,,,,,100,,,,7.166,,,883,0.407,9465,,,,,Acq,,,,,,,,,,,,,,,30,,0225-DGJZT-SJ-YIN-DMRM-NEG.d,,Find by MRM,,
212,DGJZT_DZ_36_1,,,637.3,,,,,100,,,,7.224,,,82,0.133,347,,,,,Acq,,,,,,,,,,,,,,,30,,0225-DGJZT-SJ-YIN-DMRM-NEG.d,,Find by MRM,,
213,DGJZT_DZ_34_1,,,204.1,,,,,100,,,,7.129,,,253,0.413,2598,,,,,Acq,,,,,,,,,,,,,,,30,,0225-DGJZT-SJ-YIN-DMRM-NEG.d,,Find by MRM,,
214,DGJZT_DZ_34_3,,,204.1,,,,,100,,,,7.163,,,176,0.348,1612,,,,,Acq,,,,,,,,,,,,,,,30,,0225-DGJZT-SJ-YIN-DMRM-NEG.d,,Find by MRM,,
215,DGJZT_DZ_36_3,,,637.3,,,,,100,,,,7.182,,,1403,0.499,15685,,,,,Acq,,,,,,,,,,,,,,,30,,0225-DGJZT-SJ-YIN-DMRM-NEG.d,,Find by MRM,,
216,DGJZT_SJ_6_2,,,375.1,,,,,100,,,,7.32,,,8,0.16,40,,,,,Acq,,,,,,,,,,,,,,,30,,0225-DGJZT-SJ-YIN-DMRM-NEG.d,,Find by MRM,,
217,DGJZT_SJ_6_1,,,375.1,,,,,100,,,,7.27,,,2,0.033,3,,,,,Acq,,,,,,,,,,,,,,,30,,0225-DGJZT-SJ-YIN-DMRM-NEG.d,,Find by MRM,,
218,DGJZT_DG_66_1,,,209.1,,,,,100,,,,7.254,,,207,0.333,1856,,,,,Acq,,,,,,,,,,,,,,,30,,0225-DGJZT-SJ-YIN-DMRM-NEG.d,,Find by MRM,,
219,DGJZT_DG_66_3,,,209.1,,,,,100,,,,7.262,,,122,0.514,1168,,,,,Acq,,,,,,,,,,,,,,,30,,0225-DGJZT-SJ-YIN-DMRM-NEG.d,,Find by MRM,,
220,DGJZT_GZ_18_3,,,557.2,,,,,100,,,,7.343,,,193,0.23,1262,,,,,Acq,,,,,,,,,,,,,,,30,,0225-DGJZT-SJ-YIN-DMRM-NEG.d,,Find by MRM,,
221,DGJZT_GZ_18_2,,,557.2,,,,,100,,,,7.595,,,507,0.125,13173,,,,,Acq,,,,,,,,,,,,,,,30,,0225-DGJZT-SJ-YIN-DMRM-NEG.d,,Find by MRM,,
222,DGJZT_GZ_18_1,,,557.2,,,,,100,,,,7.369,,,99,0.278,856,,,,,Acq,,,,,,,,,,,,,,,30,,0225-DGJZT-SJ-YIN-DMRM-NEG.d,,Find by MRM,,
223,DGJZT_BS_123_1,,,507.2,,,,,100,,,,7.505,,,577,0.411,5237,,,,,Acq,,,,,,,,,,,,,,,30,,0225-DGJZT-SJ-YIN-DMRM-NEG.d,,Find by MRM,,
224,DGJZT_BS_125_3,,,567.2,,,,,100,,,,7.518,,,123,0.46,1311,,,,,Acq,,,,,,,,,,,,,,,30,,0225-DGJZT-SJ-YIN-DMRM-NEG.d,,Find by MRM,,
225,DGJZT_BS_125_1,,,567.2,,,,,100,,,,7.527,,,1339,0.488,12611,,,,,Acq,,,,,,,,,,,,,,,30,,0225-DGJZT-SJ-YIN-DMRM-NEG.d,,Find by MRM,,
226,DGJZT_BS_126_3,,,631.2,,,,,100,,,,7.584,,,359,0.301,3046,,,,,Acq,,,,,,,,,,,,,,,30,,0225-DGJZT-SJ-YIN-DMRM-NEG.d,,Find by MRM,,
227,DGJZT_BS_126_2,,,631.2,,,,,100,,,,7.61,,,326,0.356,3142,,,,,Acq,,,,,,,,,,,,,,,30,,0225-DGJZT-SJ-YIN-DMRM-NEG.d,,Find by MRM,,
228,DGJZT_BS_126_1,,,631.2,,,,,100,,,,7.6,,,5559,0.336,49551,,,,,Acq,,,,,,,,,,,,,,,30,,0225-DGJZT-SJ-YIN-DMRM-NEG.d,,Find by MRM,,
229,DGJZT_GZ_19_1,,,421.2,,,,,100,,,,7.631,,,86,0.42,785,,,,,Acq,,,,,,,,,,,,,,,30,,0225-DGJZT-SJ-YIN-DMRM-NEG.d,,Find by MRM,,
230,DGJZT_CGC_65_1,,,635.2,,,,,100,,,,7.675,,,1613,0.362,15580,,,,,Acq,,,,,,,,,,,,,,,30,,0225-DGJZT-SJ-YIN-DMRM-NEG.d,,Find by MRM,,
231,DGJZT_CGC_64_1,,,591.2,,,,,100,,,,7.702,,,317,0.196,2088,,,,,Acq,,,,,,,,,,,,,,,30,,0225-DGJZT-SJ-YIN-DMRM-NEG.d,,Find by MRM,,
232,DGJZT_CGC_64_2,,,591.2,,,,,100,,,,7.678,,,33,0.227,212,,,,,Acq,,,,,,,,,,,,,,,30,,0225-DGJZT-SJ-YIN-DMRM-NEG.d,,Find by MRM,,
233,DGJZT_BS_127_1,,,345.2,,,,,100,,,,7.616,,,197,0.331,1725,,,,,Acq,,,,,,,,,,,,,,,30,,0225-DGJZT-SJ-YIN-DMRM-NEG.d,,Find by MRM,,
234,DGJZT_BS_128_2,,,503.2,,,,,100,,,,7.713,,,341,0.376,3167,,,,,Acq,,,,,,,,,,,,,,,30,,0225-DGJZT-SJ-YIN-DMRM-NEG.d,,Find by MRM,,
235,DGJZT_BS_128_1,,,503.2,,,,,100,,,,7.739,,,144,0.387,1128,,,,,Acq,,,,,,,,,,,,,,,30,,0225-DGJZT-SJ-YIN-DMRM-NEG.d,,Find by MRM,,
236,DGJZT_CGC_66_1,,,431.1,,,,,100,,,,7.857,,,595,0.485,8424,,,,,Acq,,,,,,,,,,,,,,,30,,0225-DGJZT-SJ-YIN-DMRM-NEG.d,,Find by MRM,,
237,DGJZT_CGC_67_1,,,459.1,,,,,100,,,,7.941,,,2075,0.406,18819,,,,,Acq,,,,,,,,,,,,,,,30,,0225-DGJZT-SJ-YIN-DMRM-NEG.d,,Find by MRM,,
238,DGJZT_CGC_67_2,,,459.1,,,,,100,,,,7.941,,,625,0.484,6490,,,,,Acq,,,,,,,,,,,,,,,30,,0225-DGJZT-SJ-YIN-DMRM-NEG.d,,Find by MRM,,
239,DGJZT_DZ_37_3,,,671.3,,,,,100,,,,7.96,,,1673,0.383,15570,,,,,Acq,,,,,,,,,,,,,,,30,,0225-DGJZT-SJ-YIN-DMRM-NEG.d,,Find by MRM,,
240,DGJZT_DZ_37_2,,,671.3,,,,,100,,,,7.968,,,1037,0.351,8226,,,,,Acq,,,,,,,,,,,,,,,30,,0225-DGJZT-SJ-YIN-DMRM-NEG.d,,Find by MRM,,
241,DGJZT_DZ_37_1,,,671.3,,,,,100,,,,7.969,,,175,0.409,1534,,,,,Acq,,,,,,,,,,,,,,,30,,0225-DGJZT-SJ-YIN-DMRM-NEG.d,,Find by MRM,,
242,DGJZT_BS_130_1,,,645.2,,,,,100,,,,8.003,,,120,0.395,1558,,,,,Acq,,,,,,,,,,,,,,,30,,0225-DGJZT-SJ-YIN-DMRM-NEG.d,,Find by MRM,,
243,DGJZT_CGC_69_1,,,433.1,,,,,100,,,,8.025,,,4860,0.452,47049,,,,,Acq,,,,,,,,,,,,,,,30,,0225-DGJZT-SJ-YIN-DMRM-NEG.d,,Find by MRM,,
244,DGJZT_DG_68_2,,,515.1,,,,,100,,,,8.046,,,1073,0.404,9041,,,,,Acq,,,,,,,,,,,,,,,30,,0225-DGJZT-SJ-YIN-DMRM-NEG.d,,Find by MRM,,
245,DGJZT_DG_68_1,,,515.1,,,,,100,,,,8.039,,,1455,0.413,12859,,,,,Acq,,,,,,,,,,,,,,,30,,0225-DGJZT-SJ-YIN-DMRM-NEG.d,,Find by MRM,,
246,DGJZT_DG_68_3,,,515.1,,,,,100,,,,8.039,,,167,0.5,1428,,,,,Acq,,,,,,,,,,,,,,,30,,0225-DGJZT-SJ-YIN-DMRM-NEG.d,,Find by MRM,,
247,DGJZT_BS_132_1,,,525.2,,,,,100,,,,8.129,,,20043,0.498,207336,,,,,Acq,,,,,,,,,,,,,,,30,,0225-DGJZT-SJ-YIN-DMRM-NEG.d,,Find by MRM,,
248,DGJZT_BS_132_3,,,525.2,,,,,100,,,,8.13,,,18331,0.496,189471,,,,,Acq,,,,,,,,,,,,,,,30,,0225-DGJZT-SJ-YIN-DMRM-NEG.d,,Find by MRM,,
249,DGJZT_BS_134_1,,,509.2,,,,,100,,,,8.174,,,3338,0.501,33552,,,,,Acq,,,,,,,,,,,,,,,30,,0225-DGJZT-SJ-YIN-DMRM-NEG.d,,Find by MRM,,
250,DGJZT_CGC_71_1,,,301.1,,,,,100,,,,8.21,,,1853,0.459,18820,,,,,Acq,,,,,,,,,,,,,,,30,,0225-DGJZT-SJ-YIN-DMRM-NEG.d,,Find by MRM,,
251,DGJZT_CGC_76_1,,,561.2,,,,,100,,,,8.548,,,3058,0.404,27529,,,,,Acq,,,,,,,,,,,,,,,30,,0225-DGJZT-SJ-YIN-DMRM-NEG.d,,Find by MRM,,
252,DGJZT_CGC_76_2,,,561.2,,,,,100,,,,8.54,,,134,0.381,1183,,,,,Acq,,,,,,,,,,,,,,,30,,0225-DGJZT-SJ-YIN-DMRM-NEG.d,,Find by MRM,,
253,DGJZT_GZ_20_2,,,361.2,,,,,100,,,,8.543,,,390,0.383,3852,,,,,Acq,,,,,,,,,,,,,,,30,,0225-DGJZT-SJ-YIN-DMRM-NEG.d,,Find by MRM,,
254,DGJZT_CGC_80_1,,,549.2,,,,,100,,,,8.624,,,27813,0.303,187631,,,,,Acq,,,,,,,,,,,,,,,30,,0225-DGJZT-SJ-YIN-DMRM-NEG.d,,Find by MRM,,
255,DGJZT_CGC_80_2,,,549.2,,,,,100,,,,8.625,,,3609,0.332,31188,,,,,Acq,,,,,,,,,,,,,,,30,,0225-DGJZT-SJ-YIN-DMRM-NEG.d,,Find by MRM,,
256,DGJZT_GZ_20_1,,,361.2,,,,,100,,,,8.527,,,159,0.47,1722,,,,,Acq,,,,,,,,,,,,,,,30,,0225-DGJZT-SJ-YIN-DMRM-NEG.d,,Find by MRM,,
257,DGJZT_CGC_83_1,,,591.2,,,,,100,,,,8.68,,,2751,0.435,24646,,,,,Acq,,,,,,,,,,,,,,,30,,0225-DGJZT-SJ-YIN-DMRM-NEG.d,,Find by MRM,,
258,DGJZT_CGC_83_2,,,591.2,,,,,100,,,,8.673,,,214,0.427,1849,,,,,Acq,,,,,,,,,,,,,,,30,,0225-DGJZT-SJ-YIN-DMRM-NEG.d,,Find by MRM,,
259,DGJZT_BS_137_1,,,507.1,,,,,100,,,,8.709,,,1663,0.469,18238,,,,,Acq,,,,,,,,,,,,,,,30,,0225-DGJZT-SJ-YIN-DMRM-NEG.d,,Find by MRM,,
260,DGJZT_BS_138_3,,,783.2,,,,,100,,,,8.997,,,481,0.096,8868,,,,,Acq,,,,,,,,,,,,,,,30,,0225-DGJZT-SJ-YIN-DMRM-NEG.d,,Find by MRM,,
261,DGJZT_BS_138_1,,,783.2,,,,,100,,,,8.805,,,88,0.22,594,,,,,Acq,,,,,,,,,,,,,,,30,,0225-DGJZT-SJ-YIN-DMRM-NEG.d,,Find by MRM,,
262,DGJZT_BS_139_1,,,631.2,,,,,100,,,,8.755,,,173,0.309,1507,,,,,Acq,,,,,,,,,,,,,,,30,,0225-DGJZT-SJ-YIN-DMRM-NEG.d,,Find by MRM,,
263,DGJZT_BS_140_1,,,505.2,,,,,100,,,,8.768,,,1367,0.444,12449,,,,,Acq,,,,,,,,,,,,,,,30,,0225-DGJZT-SJ-YIN-DMRM-NEG.d,,Find by MRM,,
264,DGJZT_CGC_88_1,,,549.2,,,,,100,,,,8.875,,,5565,0.313,46980,,,,,Acq,,,,,,,,,,,,,,,30,,0225-DGJZT-SJ-YIN-DMRM-NEG.d,,Find by MRM,,
265,DGJZT_CGC_88_2,,,549.2,,,,,100,,,,8.876,,,497,0.333,4102,,,,,Acq,,,,,,,,,,,,,,,30,,0225-DGJZT-SJ-YIN-DMRM-NEG.d,,Find by MRM,,
266,DGJZT_CGC_90_1,,,459.1,,,,,100,,,,8.953,,,1898,0.367,17638,,,,,Acq,,,,,,,,,,,,,,,30,,0225-DGJZT-SJ-YIN-DMRM-NEG.d,,Find by MRM,,
267,DGJZT_CGC_93_1,,,697.2,,,,,100,,,,8.998,,,205,0.353,2059,,,,,Acq,,,,,,,,,,,,,,,30,,0225-DGJZT-SJ-YIN-DMRM-NEG.d,,Find by MRM,,
268,DGJZT_CGC_94_2,,,475.1,,,,,100,,,,8.994,,,9875,0.423,92232,,,,,Acq,,,,,,,,,,,,,,,30,,0225-DGJZT-SJ-YIN-DMRM-NEG.d,,Find by MRM,,
269,DGJZT_CGC_94_1,,,475.1,,,,,100,,,,8.994,,,1402,0.449,12801,,,,,Acq,,,,,,,,,,,,,,,30,,0225-DGJZT-SJ-YIN-DMRM-NEG.d,,Find by MRM,,
270,DGJZT_CGC_96_1,,,669.2,,,,,100,,,,9.007,,,772,0.398,7247,,,,,Acq,,,,,,,,,,,,,,,30,,0225-DGJZT-SJ-YIN-DMRM-NEG.d,,Find by MRM,,
271,DGJZT_CGC_100_1,,,835.2,,,,,100,,,,9.081,,,1442,0.348,9532,,,,,Acq,,,,,,,,,,,,,,,30,,0225-DGJZT-SJ-YIN-DMRM-NEG.d,,Find by MRM,,
272,DGJZT_SJ_7_2,,,389.2,,,,,100,,,,8.871,,,7,0.132,25,,,,,Acq,,,,,,,,,,,,,,,30,,0225-DGJZT-SJ-YIN-DMRM-NEG.d,,Find by MRM,,
273,DGJZT_SJ_7_1,,,389.2,,,,,100,,,,8.921,,,6,0.109,21,,,,,Acq,,,,,,,,,,,,,,,30,,0225-DGJZT-SJ-YIN-DMRM-NEG.d,,Find by MRM,,
274,DGJZT_CGC_99_1,,,417.1,,,,,100,,,,9.085,,,16451,0.425,154314,,,,,Acq,,,,,,,,,,,,,,,30,,0225-DGJZT-SJ-YIN-DMRM-NEG.d,,Find by MRM,,
275,DGJZT_BS_143_1,,,615.2,,,,,100,,,,9.082,,,192,0.367,2122,,,,,Acq,,,,,,,,,,,,,,,30,,0225-DGJZT-SJ-YIN-DMRM-NEG.d,,Find by MRM,,
276,DGJZT_DG_70_2,,,237.1,,,,,100,,,,9.246,,,553,0.43,6643,,,,,Acq,,,,,,,,,,,,,,,30,,0225-DGJZT-SJ-YIN-DMRM-NEG.d,,Find by MRM,,
277,DGJZT_DG_69_1,,,193.1,,,,,100,,,,9.281,,,5292,0.468,62602,,,,,Acq,,,,,,,,,,,,,,,30,,0225-DGJZT-SJ-YIN-DMRM-NEG.d,,Find by MRM,,
278,DGJZT_DG_70_3,,,237.1,,,,,100,,,,9.279,,,1185,0.455,13437,,,,,Acq,,,,,,,,,,,,,,,30,,0225-DGJZT-SJ-YIN-DMRM-NEG.d,,Find by MRM,,
279,DGJZT_DG_69_2,,,193.1,,,,,100,,,,9.272,,,450,0.455,5424,,,,,Acq,,,,,,,,,,,,,,,30,,0225-DGJZT-SJ-YIN-DMRM-NEG.d,,Find by MRM,,
280,DGJZT_DG_70_1,,,237.1,,,,,100,,,,9.271,,,4111,0.493,47291,,,,,Acq,,,,,,,,,,,,,,,30,,0225-DGJZT-SJ-YIN-DMRM-NEG.d,,Find by MRM,,
281,DGJZT_DG_69_3,,,193.1,,,,,100,,,,9.272,,,316,0.478,3437,,,,,Acq,,,,,,,,,,,,,,,30,,0225-DGJZT-SJ-YIN-DMRM-NEG.d,,Find by MRM,,
282,DGJZT_CGC_106_1,,,695.2,,,,,100,,,,9.399,,,2284,0.443,20893,,,,,Acq,,,,,,,,,,,,,,,30,,0225-DGJZT-SJ-YIN-DMRM-NEG.d,,Find by MRM,,
283,DGJZT_CGC_106_2,,,695.2,,,,,100,,,,9.408,,,138,0.388,1159,,,,,Acq,,,,,,,,,,,,,,,30,,0225-DGJZT-SJ-YIN-DMRM-NEG.d,,Find by MRM,,
284,DGJZT_BS_144_2,,,493.2,,,,,100,,,,9.325,,,621,0.464,6147,,,,,Acq,,,,,,,,,,,,,,,30,,0225-DGJZT-SJ-YIN-DMRM-NEG.d,,Find by MRM,,
285,DGJZT_CGC_108_1,,,725.2,,,,,100,,,,9.424,,,1963,0.458,19099,,,,,Acq,,,,,,,,,,,,,,,30,,0225-DGJZT-SJ-YIN-DMRM-NEG.d,,Find by MRM,,
286,DGJZT_BS_144_1,,,493.2,,,,,100,,,,9.326,,,182,0.381,2226,,,,,Acq,,,,,,,,,,,,,,,30,,0225-DGJZT-SJ-YIN-DMRM-NEG.d,,Find by MRM,,
287,DGJZT_BS_147_3,,,491.2,,,,,100,,,,9.571,,,1233,0.424,10584,,,,,Acq,,,,,,,,,,,,,,,30,,0225-DGJZT-SJ-YIN-DMRM-NEG.d,,Find by MRM,,
288,DGJZT_BS_147_1,,,491.2,,,,,100,,,,9.554,,,671,0.352,5480,,,,,Acq,,,,,,,,,,,,,,,30,,0225-DGJZT-SJ-YIN-DMRM-NEG.d,,Find by MRM,,
289,DGJZT_DG_72_2,,,251.1,,,,,100,,,,9.573,,,864,0.345,8593,,,,,Acq,,,,,,,,,,,,,,,30,,0225-DGJZT-SJ-YIN-DMRM-NEG.d,,Find by MRM,,
290,DGJZT_DG_72_1,,,251.1,,,,,100,,,,9.573,,,832,0.413,9244,,,,,Acq,,,,,,,,,,,,,,,30,,0225-DGJZT-SJ-YIN-DMRM-NEG.d,,Find by MRM,,
291,DGJZT_DG_72_3,,,251.1,,,,,100,,,,9.581,,,442,0.47,4653,,,,,Acq,,,,,,,,,,,,,,,30,,0225-DGJZT-SJ-YIN-DMRM-NEG.d,,Find by MRM,,
292,DGJZT_BS_147_2,,,491.2,,,,,100,,,,9.562,,,2415,0.374,20666,,,,,Acq,,,,,,,,,,,,,,,30,,0225-DGJZT-SJ-YIN-DMRM-NEG.d,,Find by MRM,,
293,DGJZT_BS_149_2,,,507.2,,,,,100,,,,9.726,,,175,0.252,1364,,,,,Acq,,,,,,,,,,,,,,,30,,0225-DGJZT-SJ-YIN-DMRM-NEG.d,,Find by MRM,,
294,DGJZT_BS_149_1,,,507.2,,,,,100,,,,9.718,,,137,0.303,1221,,,,,Acq,,,,,,,,,,,,,,,30,,0225-DGJZT-SJ-YIN-DMRM-NEG.d,,Find by MRM,,
295,DGJZT_CGC_113_2,,,591.2,,,,,100,,,,9.809,,,253,0.321,1878,,,,,Acq,,,,,,,,,,,,,,,30,,0225-DGJZT-SJ-YIN-DMRM-NEG.d,,Find by MRM,,
296,DGJZT_BS_150_3,,,493.2,,,,,100,,,,9.778,,,293,0.222,1543,,,,,Acq,,,,,,,,,,,,,,,30,,0225-DGJZT-SJ-YIN-DMRM-NEG.d,,Find by MRM,,
297,DGJZT_BS_150_1,,,493.2,,,,,100,,,,9.795,,,84,0.314,795,,,,,Acq,,,,,,,,,,,,,,,30,,0225-DGJZT-SJ-YIN-DMRM-NEG.d,,Find by MRM,,
298,DGJZT_GZ_24_1,,,263.1,,,,,100,,,,9.85,,,170,0.393,1438,,,,,Acq,,,,,,,,,,,,,,,30,,0225-DGJZT-SJ-YIN-DMRM-NEG.d,,Find by MRM,,
299,DGJZT_BS_154_2,,,491.2,,,,,100,,,,9.931,,,789,0.311,5496,,,,,Acq,,,,,,,,,,,,,,,30,,0225-DGJZT-SJ-YIN-DMRM-NEG.d,,Find by MRM,,
300,DGJZT_BS_153_1,,,445.2,,,,,100,,,,9.933,,,136,0.293,1021,,,,,Acq,,,,,,,,,,,,,,,30,,0225-DGJZT-SJ-YIN-DMRM-NEG.d,,Find by MRM,,
301,DGJZT_GZ_24_2,,,263.1,,,,,100,,,,9.85,,,326,0.442,2698,,,,,Acq,,,,,,,,,,,,,,,30,,0225-DGJZT-SJ-YIN-DMRM-NEG.d,,Find by MRM,,
302,DGJZT_BS_155_2,,,507.2,,,,,100,,,,9.726,,,751,0.22,5435,,,,,Acq,,,,,,,,,,,,,,,30,,0225-DGJZT-SJ-YIN-DMRM-NEG.d,,Find by MRM,,
303,DGJZT_BS_154_3,,,491.2,,,,,100,,,,9.932,,,209,0.216,1297,,,,,Acq,,,,,,,,,,,,,,,30,,0225-DGJZT-SJ-YIN-DMRM-NEG.d,,Find by MRM,,
304,DGJZT_BS_154_1,,,491.2,,,,,100,,,,9.924,,,329,0.268,2082,,,,,Acq,,,,,,,,,,,,,,,30,,0225-DGJZT-SJ-YIN-DMRM-NEG.d,,Find by MRM,,
305,DGJZT_BS_153_2,,,445.2,,,,,100,,,,9.958,,,135,0.271,872,,,,,Acq,,,,,,,,,,,,,,,30,,0225-DGJZT-SJ-YIN-DMRM-NEG.d,,Find by MRM,,
306,DGJZT_BS_156_1,,,569.2,,,,,100,,,,10.012,,,1434,0.337,11088,,,,,Acq,,,,,,,,,,,,,,,30,,0225-DGJZT-SJ-YIN-DMRM-NEG.d,,Find by MRM,,
307,DGJZT_BS_156_2,,,569.2,,,,,100,,,,10.021,,,1365,0.319,10005,,,,,Acq,,,,,,,,,,,,,,,30,,0225-DGJZT-SJ-YIN-DMRM-NEG.d,,Find by MRM,,
308,DGJZT_BS_150_2,,,493.2,,,,,100,,,,9.82,,,92,0.162,457,,,,,Acq,,,,,,,,,,,,,,,30,,0225-DGJZT-SJ-YIN-DMRM-NEG.d,,Find by MRM,,
309,DGJZT_DG_73_2,,,429.1,,,,,100,,,,9.975,,,268,0.165,1339,,,,,Acq,,,,,,,,,,,,,,,30,,0225-DGJZT-SJ-YIN-DMRM-NEG.d,,Find by MRM,,
310,DGJZT_BS_155_3,,,507.2,,,,,100,,,,9.846,,,91,0.159,520,,,,,Acq,,,,,,,,,,,,,,,30,,0225-DGJZT-SJ-YIN-DMRM-NEG.d,,Find by MRM,,
311,DGJZT_CGC_129_1,,,999.4,,,,,100,,,,10.078,,,271,0.36,2215,,,,,Acq,,,,,,,,,,,,,,,30,,0225-DGJZT-SJ-YIN-DMRM-NEG.d,,Find by MRM,,
312,DGJZT_GZ_25_1,,,593.1,,,,,100,,,,10.088,,,328,0.331,2497,,,,,Acq,,,,,,,,,,,,,,,30,,0225-DGJZT-SJ-YIN-DMRM-NEG.d,,Find by MRM,,
313,DGJZT_BS_157_1,,,567.2,,,,,100,,,,10.114,,,634,0.358,4892,,,,,Acq,,,,,,,,,,,,,,,30,,0225-DGJZT-SJ-YIN-DMRM-NEG.d,,Find by MRM,,
314,DGJZT_BS_152_1,,,521.3,,,,,100,,,,10.08,,,106,0.203,708,,,,,Acq,,,,,,,,,,,,,,,30,,0225-DGJZT-SJ-YIN-DMRM-NEG.d,,Find by MRM,,
315,DGJZT_CGC_132_1,,,837.4,,,,,100,,,,10.12,,,669,0.317,4621,,,,,Acq,,,,,,,,,,,,,,,30,,0225-DGJZT-SJ-YIN-DMRM-NEG.d,,Find by MRM,,
316,DGJZT_CGC_125_1,,,692.2,,,,,100,,,,10.112,,,574,0.338,4507,,,,,Acq,,,,,,,,,,,,,,,30,,0225-DGJZT-SJ-YIN-DMRM-NEG.d,,Find by MRM,,
317,DGJZT_CGC_122_1,,,459.1,,,,,100,,,,10.16,,,126,0.211,602,,,,,Acq,,,,,,,,,,,,,,,30,,0225-DGJZT-SJ-YIN-DMRM-NEG.d,,Find by MRM,,
318,DGJZT_GZ_26_3,,,421.1,,,,,100,,,,10.135,,,163,0.207,916,,,,,Acq,,,,,,,,,,,,,,,30,,0225-DGJZT-SJ-YIN-DMRM-NEG.d,,Find by MRM,,
319,DGJZT_BS_160_1,,,507.2,,,,,100,,,,10.278,,,241,0.304,1952,,,,,Acq,,,,,,,,,,,,,,,30,,0225-DGJZT-SJ-YIN-DMRM-NEG.d,,Find by MRM,,
320,DGJZT_CGC_148_1,,,835.4,,,,,100,,,,10.264,,,235,0.227,1461,,,,,Acq,,,,,,,,,,,,,,,30,,0225-DGJZT-SJ-YIN-DMRM-NEG.d,,Find by MRM,,
321,DGJZT_BS_160_3,,,507.2,,,,,100,,,,10.268,,,385,0.46,3908,,,,,Acq,,,,,,,,,,,,,,,30,,0225-DGJZT-SJ-YIN-DMRM-NEG.d,,Find by MRM,,
322,DGJZT_BS_160_2,,,507.2,,,,,100,,,,10.277,,,198,0.31,1619,,,,,Acq,,,,,,,,,,,,,,,30,,0225-DGJZT-SJ-YIN-DMRM-NEG.d,,Find by MRM,,
323,DGJZT_CGC_150_1,,,695.2,,,,,100,,,,10.366,,,563,0.328,3518,,,,,Acq,,,,,,,,,,,,,,,30,,0225-DGJZT-SJ-YIN-DMRM-NEG.d,,Find by MRM,,
324,DGJZT_CGC_152_1,,,953.5,,,,,100,,,,10.297,,,305,0.339,2042,,,,,Acq,,,,,,,,,,,,,,,30,,0225-DGJZT-SJ-YIN-DMRM-NEG.d,,Find by MRM,,
325,DGJZT_CGC_151_1,,,725.2,,,,,100,,,,10.366,,,465,0.365,3311,,,,,Acq,,,,,,,,,,,,,,,30,,0225-DGJZT-SJ-YIN-DMRM-NEG.d,,Find by MRM,,
326,DGJZT_CGC_156_1,,,895.4,,,,,100,,,,10.381,,,1147,0.382,9126,,,,,Acq,,,,,,,,,,,,,,,30,,0225-DGJZT-SJ-YIN-DMRM-NEG.d,,Find by MRM,,
327,DGJZT_CGC_161_1,,,853.4,,,,,100,,,,10.423,,,890,0.334,6537,,,,,Acq,,,,,,,,,,,,,,,30,,0225-DGJZT-SJ-YIN-DMRM-NEG.d,,Find by MRM,,
328,DGJZT_CGC_163_1,,,983.5,,,,,100,,,,10.43,,,1357,0.34,10251,,,,,Acq,,,,,,,,,,,,,,,30,,0225-DGJZT-SJ-YIN-DMRM-NEG.d,,Find by MRM,,
329,DGJZT_CGC_163_2,,,983.5,,,,,100,,,,10.43,,,1089,0.375,8986,,,,,Acq,,,,,,,,,,,,,,,30,,0225-DGJZT-SJ-YIN-DMRM-NEG.d,,Find by MRM,,
330,DGJZT_BS_159_1,,,597.2,,,,,100,,,,10.47,,,496,0.236,3178,,,,,Acq,,,,,,,,,,,,,,,30,,0225-DGJZT-SJ-YIN-DMRM-NEG.d,,Find by MRM,,
331,DGJZT_CGC_175_1,,,669.2,,,,,100,,,,10.576,,,6844,0.321,46645,,,,,Acq,,,,,,,,,,,,,,,30,,0225-DGJZT-SJ-YIN-DMRM-NEG.d,,Find by MRM,,
332,DGJZT_BS_164_3,,,661.3,,,,,100,,,,10.602,,,290,0.305,2021,,,,,Acq,,,,,,,,,,,,,,,30,,0225-DGJZT-SJ-YIN-DMRM-NEG.d,,Find by MRM,,
333,DGJZT_BS_164_1,,,661.3,,,,,100,,,,10.603,,,210,0.266,1439,,,,,Acq,,,,,,,,,,,,,,,30,,0225-DGJZT-SJ-YIN-DMRM-NEG.d,,Find by MRM,,
334,DGJZT_BS_164_2,,,661.3,,,,,100,,,,10.603,,,161,0.319,1283,,,,,Acq,,,,,,,,,,,,,,,30,,0225-DGJZT-SJ-YIN-DMRM-NEG.d,,Find by MRM,,
335,DGJZT_BS_162_3,,,629.2,,,,,100,,,,10.72,,,4938,0.297,35366,,,,,Acq,,,,,,,,,,,,,,,30,,0225-DGJZT-SJ-YIN-DMRM-NEG.d,,Find by MRM,,
336,DGJZT_BS_162_1,,,629.2,,,,,100,,,,10.712,,,50344,0.304,390980,,,,,Acq,,,,,,,,,,,,,,,30,,0225-DGJZT-SJ-YIN-DMRM-NEG.d,,Find by MRM,,
337,DGJZT_BS_167_3,,,629.2,,,,,100,,,,10.713,,,4967,0.41,37202,,,,,Acq,,,,,,,,,,,,,,,30,,0225-DGJZT-SJ-YIN-DMRM-NEG.d,,Find by MRM,,
338,DGJZT_BS_167_1,,,629.2,,,,,100,,,,10.713,,,53217,0.423,432835,,,,,Acq,,,,,,,,,,,,,,,30,,0225-DGJZT-SJ-YIN-DMRM-NEG.d,,Find by MRM,,
339,DGJZT_BS_166_1,,,553.2,,,,,100,,,,10.722,,,510,0.308,3795,,,,,Acq,,,,,,,,,,,,,,,30,,0225-DGJZT-SJ-YIN-DMRM-NEG.d,,Find by MRM,,
340,DGJZT_CGC_190_1,,,879.4,,,,,100,,,,10.757,,,4409,0.311,30193,,,,,Acq,,,,,,,,,,,,,,,30,,0225-DGJZT-SJ-YIN-DMRM-NEG.d,,Find by MRM,,
341,DGJZT_CGC_190_3,,,879.4,,,,,100,,,,10.766,,,602,0.296,3834,,,,,Acq,,,,,,,,,,,,,,,30,,0225-DGJZT-SJ-YIN-DMRM-NEG.d,,Find by MRM,,
342,DGJZT_CGC_200_1,,,837.4,,,,,100,,,,10.834,,,3313,0.345,30843,,,,,Acq,,,,,,,,,,,,,,,30,,0225-DGJZT-SJ-YIN-DMRM-NEG.d,,Find by MRM,,
343,DGJZT_CGC_200_3,,,837.4,,,,,100,,,,10.842,,,406,0.329,3734,,,,,Acq,,,,,,,,,,,,,,,30,,0225-DGJZT-SJ-YIN-DMRM-NEG.d,,Find by MRM,,
344,DGJZT_CGC_200_2,,,837.4,,,,,100,,,,10.834,,,198,0.318,1462,,,,,Acq,,,,,,,,,,,,,,,30,,0225-DGJZT-SJ-YIN-DMRM-NEG.d,,Find by MRM,,
345,DGJZT_CGC_207_1,,,1027.5,,,,,100,,,,10.874,,,213,0.273,1578,,,,,Acq,,,,,,,,,,,,,,,30,,0225-DGJZT-SJ-YIN-DMRM-NEG.d,,Find by MRM,,
346,DGJZT_CGC_209_1,,,835.4,,,,,100,,,,10.927,,,894,0.23,5542,,,,,Acq,,,,,,,,,,,,,,,30,,0225-DGJZT-SJ-YIN-DMRM-NEG.d,,Find by MRM,,
347,DGJZT_CGC_218_1,,,865.4,,,,,100,,,,11.018,,,166,0.377,1461,,,,,Acq,,,,,,,,,,,,,,,30,,0225-DGJZT-SJ-YIN-DMRM-NEG.d,,Find by MRM,,
348,DGJZT_SJ_9_2,,,433.2,,,,,100,,,,11.181,,,7,0.085,15,,,,,Acq,,,,,,,,,,,,,,,30,,0225-DGJZT-SJ-YIN-DMRM-NEG.d,,Find by MRM,,
349,DGJZT_CGC_213_1,,,807.4,,,,,100,,,,11.003,,,126,0.278,990,,,,,Acq,,,,,,,,,,,,,,,30,,0225-DGJZT-SJ-YIN-DMRM-NEG.d,,Find by MRM,,
350,DGJZT_CGC_217_1,,,297,,,,,100,,,,11.133,,,262,0.327,1985,,,,,Acq,,,,,,,,,,,,,,,30,,0225-DGJZT-SJ-YIN-DMRM-NEG.d,,Find by MRM,,
351,DGJZT_CGC_224_1,,,881.4,,,,,100,,,,11.143,,,736,0.227,4175,,,,,Acq,,,,,,,,,,,,,,,30,,0225-DGJZT-SJ-YIN-DMRM-NEG.d,,Find by MRM,,
352,DGJZT_DG_79_2,,,571.1,,,,,100,,,,11.197,,,90,0.262,635,,,,,Acq,,,,,,,,,,,,,,,30,,0225-DGJZT-SJ-YIN-DMRM-NEG.d,,Find by MRM,,
353,DGJZT_DG_77_2,,,355.1,,,,,100,,,,11.165,,,138,0.301,872,,,,,Acq,,,,,,,,,,,,,,,30,,0225-DGJZT-SJ-YIN-DMRM-NEG.d,,Find by MRM,,
354,DGJZT_DG_77_3,,,355.1,,,,,100,,,,11.14,,,133,0.352,737,,,,,Acq,,,,,,,,,,,,,,,30,,0225-DGJZT-SJ-YIN-DMRM-NEG.d,,Find by MRM,,
355,DGJZT_DG_77_1,,,355.1,,,,,100,,,,11.149,,,285,0.241,1895,,,,,Acq,,,,,,,,,,,,,,,30,,0225-DGJZT-SJ-YIN-DMRM-NEG.d,,Find by MRM,,
356,DGJZT_CGC_229_1,,,837.4,,,,,100,,,,11.22,,,11099,0.252,80354,,,,,Acq,,,,,,,,,,,,,,,30,,0225-DGJZT-SJ-YIN-DMRM-NEG.d,,Find by MRM,,
357,DGJZT_CGC_229_3,,,837.4,,,,,100,,,,11.22,,,1004,0.231,6571,,,,,Acq,,,,,,,,,,,,,,,30,,0225-DGJZT-SJ-YIN-DMRM-NEG.d,,Find by MRM,,
358,DGJZT_DG_79_1,,,571.1,,,,,100,,,,11.189,,,338,0.41,2572,,,,,Acq,,,,,,,,,,,,,,,30,,0225-DGJZT-SJ-YIN-DMRM-NEG.d,,Find by MRM,,
359,DGJZT_CGC_229_2,,,837.4,,,,,100,,,,11.22,,,441,0.36,3766,,,,,Acq,,,,,,,,,,,,,,,30,,0225-DGJZT-SJ-YIN-DMRM-NEG.d,,Find by MRM,,
360,DGJZT_CGC_238_1,,,819.4,,,,,100,,,,11.305,,,3833,0.378,30615,,,,,Acq,,,,,,,,,,,,,,,30,,0225-DGJZT-SJ-YIN-DMRM-NEG.d,,Find by MRM,,
361,DGJZT_CGC_238_3,,,819.4,,,,,100,,,,11.288,,,508,0.386,3800,,,,,Acq,,,,,,,,,,,,,,,30,,0225-DGJZT-SJ-YIN-DMRM-NEG.d,,Find by MRM,,
362,DGJZT_CGC_238_2,,,819.4,,,,,100,,,,11.288,,,229,0.361,1715,,,,,Acq,,,,,,,,,,,,,,,30,,0225-DGJZT-SJ-YIN-DMRM-NEG.d,,Find by MRM,,
363,DGJZT_GZ_28_2,,,311.1,,,,,100,,,,11.25,,,103,0.217,620,,,,,Acq,,,,,,,,,,,,,,,30,,0225-DGJZT-SJ-YIN-DMRM-NEG.d,,Find by MRM,,
364,DGJZT_GZ_28_1,,,311.1,,,,,100,,,,11.275,,,420,0.379,3500,,,,,Acq,,,,,,,,,,,,,,,30,,0225-DGJZT-SJ-YIN-DMRM-NEG.d,,Find by MRM,,
365,DGJZT_CGC_240_1,,,967.5,,,,,100,,,,11.285,,,356,0.469,2839,,,,,Acq,,,,,,,,,,,,,,,30,,0225-DGJZT-SJ-YIN-DMRM-NEG.d,,Find by MRM,,
366,DGJZT_CGC_244_1,,,791.4,,,,,100,,,,11.347,,,211,0.404,1314,,,,,Acq,,,,,,,,,,,,,,,30,,0225-DGJZT-SJ-YIN-DMRM-NEG.d,,Find by MRM,,
367,DGJZT_BS_174_1,,,665.4,,,,,100,,,,11.356,,,273,0.301,2166,,,,,Acq,,,,,,,,,,,,,,,30,,0225-DGJZT-SJ-YIN-DMRM-NEG.d,,Find by MRM,,
368,DGJZT_SJ_10_3,,,431.2,,,,,100,,,,11.341,,,0,0.059,0,,,,,Acq,,,,,,,,,,,,,,,30,,0225-DGJZT-SJ-YIN-DMRM-NEG.d,,Find by MRM,,
369,DGJZT_CGC_254_1,,,985.5,,,,,100,,,,11.377,,,849,0.294,5186,,,,,Acq,,,,,,,,,,,,,,,30,,0225-DGJZT-SJ-YIN-DMRM-NEG.d,,Find by MRM,,
370,DGJZT_CGC_254_3,,,985.5,,,,,100,,,,11.394,,,73,0.185,414,,,,,Acq,,,,,,,,,,,,,,,30,,0225-DGJZT-SJ-YIN-DMRM-NEG.d,,Find by MRM,,
371,DGJZT_CGC_251_1,,,911.4,,,,,100,,,,11.386,,,737,0.268,4728,,,,,Acq,,,,,,,,,,,,,,,30,,0225-DGJZT-SJ-YIN-DMRM-NEG.d,,Find by MRM,,
372,DGJZT_CGC_248_1,,,863.4,,,,,100,,,,11.378,,,1293,0.269,8345,,,,,Acq,,,,,,,,,,,,,,,30,,0225-DGJZT-SJ-YIN-DMRM-NEG.d,,Find by MRM,,
373,DGJZT_CGC_250_1,,,837.4,,,,,100,,,,11.211,,,9138,0.209,61473,,,,,Acq,,,,,,,,,,,,,,,30,,0225-DGJZT-SJ-YIN-DMRM-NEG.d,,Find by MRM,,
374,DGJZT_CGC_250_3,,,837.4,,,,,100,,,,11.219,,,1135,0.367,9079,,,,,Acq,,,,,,,,,,,,,,,30,,0225-DGJZT-SJ-YIN-DMRM-NEG.d,,Find by MRM,,
375,DGJZT_SJ_10_1,,,431.2,,,,,100,,,,11.458,,,4,0.143,12,,,,,Acq,,,,,,,,,,,,,,,30,,0225-DGJZT-SJ-YIN-DMRM-NEG.d,,Find by MRM,,
376,DGJZT_SJ_10_2,,,431.2,,,,,100,,,,11.425,,,9,0.142,32,,,,,Acq,,,,,,,,,,,,,,,30,,0225-DGJZT-SJ-YIN-DMRM-NEG.d,,Find by MRM,,
377,DGJZT_CGC_250_2,,,837.4,,,,,100,,,,11.404,,,22,0.067,31,,,,,Acq,,,,,,,,,,,,,,,30,,0225-DGJZT-SJ-YIN-DMRM-NEG.d,,Find by MRM,,
378,DGJZT_CGC_259_1,,,299.1,,,,,100,,,,11.578,,,101,0.159,406,,,,,Acq,,,,,,,,,,,,,,,30,,0225-DGJZT-SJ-YIN-DMRM-NEG.d,,Find by MRM,,
379,DGJZT_CGC_264_3,,,821.4,,,,,100,,,,11.574,,,1610,0.308,18740,,,,,Acq,,,,,,,,,,,,,,,30,,0225-DGJZT-SJ-YIN-DMRM-NEG.d,,Find by MRM,,
380,DGJZT_BS_175_1,,,735.2,,,,,100,,,,11.449,,,84,0.141,300,,,,,Acq,,,,,,,,,,,,,,,30,,0225-DGJZT-SJ-YIN-DMRM-NEG.d,,Find by MRM,,
381,DGJZT_CGC_264_1,,,821.4,,,,,100,,,,11.565,,,17277,0.382,244230,,,,,Acq,,,,,,,,,,,,,,,30,,0225-DGJZT-SJ-YIN-DMRM-NEG.d,,Find by MRM,,
382,DGJZT_CGC_285_1,,,969.5,,,,,100,,,,11.746,,,372,0.298,2777,,,,,Acq,,,,,,,,,,,,,,,30,,0225-DGJZT-SJ-YIN-DMRM-NEG.d,,Find by MRM,,
383,DGJZT_CGC_282_1,,,955.5,,,,,100,,,,11.738,,,435,0.402,3543,,,,,Acq,,,,,,,,,,,,,,,30,,0225-DGJZT-SJ-YIN-DMRM-NEG.d,,Find by MRM,,
384,DGJZT_CGC_289_2,,,807.4,,,,,100,,,,11.791,,,1989,0.316,14652,,,,,Acq,,,,,,,,,,,,,,,30,,0225-DGJZT-SJ-YIN-DMRM-NEG.d,,Find by MRM,,
385,DGJZT_DG_80_3,,,399.1,,,,,100,,,,11.784,,,505,0.346,3962,,,,,Acq,,,,,,,,,,,,,,,30,,0225-DGJZT-SJ-YIN-DMRM-NEG.d,,Find by MRM,,
386,DGJZT_DG_80_2,,,399.1,,,,,100,,,,11.776,,,263,0.37,2172,,,,,Acq,,,,,,,,,,,,,,,30,,0225-DGJZT-SJ-YIN-DMRM-NEG.d,,Find by MRM,,
387,DGJZT_CGC_278_1,,,255.1,,,,,100,,,,11.754,,,3051,0.369,22407,,,,,Acq,,,,,,,,,,,,,,,30,,0225-DGJZT-SJ-YIN-DMRM-NEG.d,,Find by MRM,,
388,DGJZT_CGC_289_3,,,807.4,,,,,100,,,,11.8,,,240,0.257,1717,,,,,Acq,,,,,,,,,,,,,,,30,,0225-DGJZT-SJ-YIN-DMRM-NEG.d,,Find by MRM,,
389,DGJZT_DG_80_1,,,399.1,,,,,100,,,,11.785,,,336,0.317,2618,,,,,Acq,,,,,,,,,,,,,,,30,,0225-DGJZT-SJ-YIN-DMRM-NEG.d,,Find by MRM,,
390,DGJZT_CGC_293_1,,,821.4,,,,,100,,,,11.864,,,10326,0.318,112179,,,,,Acq,,,,,,,,,,,,,,,30,,0225-DGJZT-SJ-YIN-DMRM-NEG.d,,Find by MRM,,
391,DGJZT_CGC_293_3,,,821.4,,,,,100,,,,11.856,,,1120,0.32,10477,,,,,Acq,,,,,,,,,,,,,,,30,,0225-DGJZT-SJ-YIN-DMRM-NEG.d,,Find by MRM,,
392,DGJZT_CGC_293_2,,,821.4,,,,,100,,,,11.865,,,452,0.325,4915,,,,,Acq,,,,,,,,,,,,,,,30,,0225-DGJZT-SJ-YIN-DMRM-NEG.d,,Find by MRM,,
393,DGJZT_DG_81_2,,,357.1,,,,,100,,,,11.935,,,734,0.542,8370,,,,,Acq,,,,,,,,,,,,,,,30,,0225-DGJZT-SJ-YIN-DMRM-NEG.d,,Find by MRM,,
394,DGJZT_CGC_291_1,,,267.1,,,,,100,,,,11.921,,,1516,0.394,11846,,,,,Acq,,,,,,,,,,,,,,,30,,0225-DGJZT-SJ-YIN-DMRM-NEG.d,,Find by MRM,,
395,DGJZT_CGC_291_2,,,267.1,,,,,100,,,,11.921,,,879,0.357,7111,,,,,Acq,,,,,,,,,,,,,,,30,,0225-DGJZT-SJ-YIN-DMRM-NEG.d,,Find by MRM,,
396,DGJZT_CGC_291_3,,,267.1,,,,,100,,,,11.93,,,380,0.381,2540,,,,,Acq,,,,,,,,,,,,,,,30,,0225-DGJZT-SJ-YIN-DMRM-NEG.d,,Find by MRM,,
397,DGJZT_DG_81_1,,,357.1,,,,,100,,,,11.794,,,166,0.147,914,,,,,Acq,,,,,,,,,,,,,,,30,,0225-DGJZT-SJ-YIN-DMRM-NEG.d,,Find by MRM,,
398,DGJZT_CGC_301_1,,,939.5,,,,,100,,,,12.032,,,93,0.216,613,,,,,Acq,,,,,,,,,,,,,,,30,,0225-DGJZT-SJ-YIN-DMRM-NEG.d,,Find by MRM,,
399,DGJZT_CGC_305_1,,,823.4,,,,,100,,,,12.099,,,2165,0.185,12966,,,,,Acq,,,,,,,,,,,,,,,30,,0225-DGJZT-SJ-YIN-DMRM-NEG.d,,Find by MRM,,
400,DGJZT_DG_87_3,,,517.2,,,,,100,,,,12.059,,,115,0.266,660,,,,,Acq,,,,,,,,,,,,,,,30,,0225-DGJZT-SJ-YIN-DMRM-NEG.d,,Find by MRM,,
401,DGJZT_SJ_12_1,,,475.2,,,,,100,,,,12.134,,,6,0.091,14,,,,,Acq,,,,,,,,,,,,,,,30,,0225-DGJZT-SJ-YIN-DMRM-NEG.d,,Find by MRM,,
402,DGJZT_GZ_31_1,,,325.1,,,,,100,,,,12.186,,,59,0.125,205,,,,,Acq,,,,,,,,,,,,,,,30,,0225-DGJZT-SJ-YIN-DMRM-NEG.d,,Find by MRM,,
403,DGJZT_GZ_31_2,,,325.1,,,,,100,,,,12.12,,,142,0.143,733,,,,,Acq,,,,,,,,,,,,,,,30,,0225-DGJZT-SJ-YIN-DMRM-NEG.d,,Find by MRM,,
404,DGJZT_DG_89_3,,,313.1,,,,,100,,,,12.137,,,104,0.226,545,,,,,Acq,,,,,,,,,,,,,,,30,,0225-DGJZT-SJ-YIN-DMRM-NEG.d,,Find by MRM,,
405,DGJZT_GZ_29_1,,,295.1,,,,,100,,,,12.088,,,378,0.325,2656,,,,,Acq,,,,,,,,,,,,,,,30,,0225-DGJZT-SJ-YIN-DMRM-NEG.d,,Find by MRM,,
406,DGJZT_GZ_29_2,,,295.1,,,,,100,,,,12.081,,,825,0.334,6125,,,,,Acq,,,,,,,,,,,,,,,30,,0225-DGJZT-SJ-YIN-DMRM-NEG.d,,Find by MRM,,
407,DGJZT_CGC_305_3,,,823.4,,,,,100,,,,12.099,,,299,0.184,1582,,,,,Acq,,,,,,,,,,,,,,,30,,0225-DGJZT-SJ-YIN-DMRM-NEG.d,,Find by MRM,,
408,DGJZT_CGC_310_1,,,777.4,,,,,100,,,,12.15,,,133,0.134,580,,,,,Acq,,,,,,,,,,,,,,,30,,0225-DGJZT-SJ-YIN-DMRM-NEG.d,,Find by MRM,,
409,DGJZT_DG_90_1,,,357.1,,,,,100,,,,12.11,,,324,0.306,3445,,,,,Acq,,,,,,,,,,,,,,,30,,0225-DGJZT-SJ-YIN-DMRM-NEG.d,,Find by MRM,,
410,DGJZT_GZ_31_3,,,325.1,,,,,100,,,,12.119,,,87,0.352,703,,,,,Acq,,,,,,,,,,,,,,,30,,0225-DGJZT-SJ-YIN-DMRM-NEG.d,,Find by MRM,,
411,DGJZT_DG_88_3,,,383.2,,,,,100,,,,12.059,,,279,0.225,2007,,,,,Acq,,,,,,,,,,,,,,,30,,0225-DGJZT-SJ-YIN-DMRM-NEG.d,,Find by MRM,,
412,DGJZT_GZ_32_2,,,313.2,,,,,100,,,,12.178,,,126,0.325,1275,,,,,Acq,,,,,,,,,,,,,,,30,,0225-DGJZT-SJ-YIN-DMRM-NEG.d,,Find by MRM,,
413,DGJZT_DG_89_1,,,313.1,,,,,100,,,,12.121,,,1364,0.364,10452,,,,,Acq,,,,,,,,,,,,,,,30,,0225-DGJZT-SJ-YIN-DMRM-NEG.d,,Find by MRM,,
414,DGJZT_DG_89_2,,,313.1,,,,,100,,,,12.129,,,170,0.38,1381,,,,,Acq,,,,,,,,,,,,,,,30,,0225-DGJZT-SJ-YIN-DMRM-NEG.d,,Find by MRM,,
415,DGJZT_CGC_313_1,,,369.1,,,,,100,,,,12.193,,,176,0.233,1111,,,,,Acq,,,,,,,,,,,,,,,30,,0225-DGJZT-SJ-YIN-DMRM-NEG.d,,Find by MRM,,
416,DGJZT_DG_90_2,,,357.1,,,,,100,,,,11.934,,,707,0.212,3117,,,,,Acq,,,,,,,,,,,,,,,30,,0225-DGJZT-SJ-YIN-DMRM-NEG.d,,Find by MRM,,
417,DGJZT_GZ_32_1,,,313.2,,,,,100,,,,12.162,,,102,0.257,649,,,,,Acq,,,,,,,,,,,,,,,30,,0225-DGJZT-SJ-YIN-DMRM-NEG.d,,Find by MRM,,
418,DGJZT_DG_91_2,,,205.1,,,,,100,,,,12.215,,,51,0.343,408,,,,,Acq,,,,,,,,,,,,,,,30,,0225-DGJZT-SJ-YIN-DMRM-NEG.d,,Find by MRM,,
419,DGJZT_DG_91_1,,,205.1,,,,,100,,,,12.199,,,139,0.285,803,,,,,Acq,,,,,,,,,,,,,,,30,,0225-DGJZT-SJ-YIN-DMRM-NEG.d,,Find by MRM,,
420,DGJZT_CGC_314_1,,,805.4,,,,,100,,,,12.285,,,929,0.187,5948,,,,,Acq,,,,,,,,,,,,,,,30,,0225-DGJZT-SJ-YIN-DMRM-NEG.d,,Find by MRM,,
421,DGJZT_CGC_314_3,,,805.4,,,,,100,,,,12.31,,,144,0.182,956,,,,,Acq,,,,,,,,,,,,,,,30,,0225-DGJZT-SJ-YIN-DMRM-NEG.d,,Find by MRM,,
422,DGJZT_SJ_13_1,,,355.2,,,,,100,,,,12.194,,,10,0.151,29,,,,,Acq,,,,,,,,,,,,,,,30,,0225-DGJZT-SJ-YIN-DMRM-NEG.d,,Find by MRM,,
423,DGJZT_GZ_33_2,,,265.1,,,,,100,,,,12.348,,,116,0.309,867,,,,,Acq,,,,,,,,,,,,,,,30,,0225-DGJZT-SJ-YIN-DMRM-NEG.d,,Find by MRM,,
424,DGJZT_GZ_33_3,,,265.1,,,,,100,,,,12.358,,,56,0.268,394,,,,,Acq,,,,,,,,,,,,,,,30,,0225-DGJZT-SJ-YIN-DMRM-NEG.d,,Find by MRM,,
425,DGJZT_DG_92_1,,,203.1,,,,,100,,,,12.576,,,2039,0.176,42437,,,,,Acq,,,,,,,,,,,,,,,30,,0225-DGJZT-SJ-YIN-DMRM-NEG.d,,Find by MRM,,
426,DGJZT_DG_92_2,,,203.1,,,,,100,,,,12.576,,,5429,0.176,102357,,,,,Acq,,,,,,,,,,,,,,,30,,0225-DGJZT-SJ-YIN-DMRM-NEG.d,,Find by MRM,,
427,DGJZT_DG_92_3,,,203.1,,,,,100,,,,12.585,,,1362,0.176,27933,,,,,Acq,,,,,,,,,,,,,,,30,,0225-DGJZT-SJ-YIN-DMRM-NEG.d,,Find by MRM,,
428,DGJZT_GZ_33_1,,,265.1,,,,,100,,,,12.382,,,108,0.234,715,,,,,Acq,,,,,,,,,,,,,,,30,,0225-DGJZT-SJ-YIN-DMRM-NEG.d,,Find by MRM,,
429,DGJZT_CGC_324_1,,,805.4,,,,,100,,,,12.293,,,1649,0.151,10262,,,,,Acq,,,,,,,,,,,,,,,30,,0225-DGJZT-SJ-YIN-DMRM-NEG.d,,Find by MRM,,
430,DGJZT_CGC_325_1,,,353.1,,,,,100,,,,12.531,,,1852,0.462,13987,,,,,Acq,,,,,,,,,,,,,,,30,,0225-DGJZT-SJ-YIN-DMRM-NEG.d,,Find by MRM,,
431,DGJZT_DZ_45_1,,,517.3,,,,,100,,,,12.705,,,228,0.361,1730,,,,,Acq,,,,,,,,,,,,,,,30,,0225-DGJZT-SJ-YIN-DMRM-NEG.d,,Find by MRM,,
432,DGJZT_CGC_336_1,,,367.1,,,,,100,,,,12.788,,,39325,0.367,294558,,,,,Acq,,,,,,,,,,,,,,,30,,0225-DGJZT-SJ-YIN-DMRM-NEG.d,,Find by MRM,,
433,DGJZT_CGC_336_2,,,367.1,,,,,100,,,,12.789,,,11131,0.347,81913,,,,,Acq,,,,,,,,,,,,,,,30,,0225-DGJZT-SJ-YIN-DMRM-NEG.d,,Find by MRM,,
434,DGJZT_CGC_336_3,,,367.1,,,,,100,,,,12.789,,,1446,0.368,11094,,,,,Acq,,,,,,,,,,,,,,,30,,0225-DGJZT-SJ-YIN-DMRM-NEG.d,,Find by MRM,,
435,DGJZT_DZ_46_2,,,287.2,,,,,100,,,,12.903,,,52,0.218,335,,,,,Acq,,,,,,,,,,,,,,,30,,0225-DGJZT-SJ-YIN-DMRM-NEG.d,,Find by MRM,,
436,DGJZT_CGC_337_1,,,323.1,,,,,100,,,,12.811,,,209,0.259,1330,,,,,Acq,,,,,,,,,,,,,,,30,,0225-DGJZT-SJ-YIN-DMRM-NEG.d,,Find by MRM,,
437,DGJZT_CGC_338_2,,,355.1,,,,,100,,,,12.848,,,1924,0.366,14729,,,,,Acq,,,,,,,,,,,,,,,30,,0225-DGJZT-SJ-YIN-DMRM-NEG.d,,Find by MRM,,
438,DGJZT_CGC_338_3,,,355.1,,,,,100,,,,12.866,,,931,0.369,6742,,,,,Acq,,,,,,,,,,,,,,,30,,0225-DGJZT-SJ-YIN-DMRM-NEG.d,,Find by MRM,,
439,DGJZT_CGC_338_1,,,355.1,,,,,100,,,,12.859,,,4874,0.354,35448,,,,,Acq,,,,,,,,,,,,,,,30,,0225-DGJZT-SJ-YIN-DMRM-NEG.d,,Find by MRM,,
440,DGJZT_CGC_344_1,,,805.4,,,,,100,,,,12.905,,,308,0.297,2677,,,,,Acq,,,,,,,,,,,,,,,30,,0225-DGJZT-SJ-YIN-DMRM-NEG.d,,Find by MRM,,
441,DGJZT_CGC_341_1,,,711.3,,,,,100,,,,12.913,,,1659,0.299,9085,,,,,Acq,,,,,,,,,,,,,,,30,,0225-DGJZT-SJ-YIN-DMRM-NEG.d,,Find by MRM,,
442,DGJZT_CGC_346_1,,,369.1,,,,,100,,,,12.997,,,311,0.266,2145,,,,,Acq,,,,,,,,,,,,,,,30,,0225-DGJZT-SJ-YIN-DMRM-NEG.d,,Find by MRM,,
443,DGJZT_CGC_347_2,,,351.1,,,,,100,,,,13.042,,,768,0.299,5265,,,,,Acq,,,,,,,,,,,,,,,30,,0225-DGJZT-SJ-YIN-DMRM-NEG.d,,Find by MRM,,
444,DGJZT_CGC_347_3,,,351.1,,,,,100,,,,13.026,,,1413,0.363,10438,,,,,Acq,,,,,,,,,,,,,,,30,,0225-DGJZT-SJ-YIN-DMRM-NEG.d,,Find by MRM,,
445,DGJZT_CGC_347_1,,,351.1,,,,,100,,,,13.034,,,1584,0.319,11213,,,,,Acq,,,,,,,,,,,,,,,30,,0225-DGJZT-SJ-YIN-DMRM-NEG.d,,Find by MRM,,
446,DGJZT_CGC_345_1,,,337.1,,,,,100,,,,12.994,,,70,0.299,496,,,,,Acq,,,,,,,,,,,,,,,30,,0225-DGJZT-SJ-YIN-DMRM-NEG.d,,Find by MRM,,
447,DGJZT_CGC_354_1,,,823.4,,,,,100,,,,13.088,,,113,0.249,801,,,,,Acq,,,,,,,,,,,,,,,30,,0225-DGJZT-SJ-YIN-DMRM-NEG.d,,Find by MRM,,
448,DGJZT_CGC_353_1,,,807.4,,,,,100,,,,13.122,,,156,0.214,993,,,,,Acq,,,,,,,,,,,,,,,30,,0225-DGJZT-SJ-YIN-DMRM-NEG.d,,Find by MRM,,
449,DGJZT_CGC_355_1,,,339.1,,,,,100,,,,13.152,,,1101,0.353,7993,,,,,Acq,,,,,,,,,,,,,,,30,,0225-DGJZT-SJ-YIN-DMRM-NEG.d,,Find by MRM,,
450,DGJZT_CGC_355_2,,,339.1,,,,,100,,,,13.152,,,726,0.364,5525,,,,,Acq,,,,,,,,,,,,,,,30,,0225-DGJZT-SJ-YIN-DMRM-NEG.d,,Find by MRM,,
451,DGJZT_CGC_355_3,,,339.1,,,,,100,,,,13.144,,,366,0.392,2584,,,,,Acq,,,,,,,,,,,,,,,30,,0225-DGJZT-SJ-YIN-DMRM-NEG.d,,Find by MRM,,
452,DGJZT_CGC_351_1,,,313.1,,,,,100,,,,13.162,,,2309,0.37,16549,,,,,Acq,,,,,,,,,,,,,,,30,,0225-DGJZT-SJ-YIN-DMRM-NEG.d,,Find by MRM,,
453,DGJZT_CGC_351_2,,,313.1,,,,,100,,,,13.171,,,1049,0.383,7919,,,,,Acq,,,,,,,,,,,,,,,30,,0225-DGJZT-SJ-YIN-DMRM-NEG.d,,Find by MRM,,
454,DGJZT_CGC_357_2,,,353.1,,,,,100,,,,13.266,,,1881,0.306,12415,,,,,Acq,,,,,,,,,,,,,,,30,,0225-DGJZT-SJ-YIN-DMRM-NEG.d,,Find by MRM,,
455,DGJZT_DZ_48_1,,,487.3,,,,,100,,,,13.349,,,318,0.369,2260,,,,,Acq,,,,,,,,,,,,,,,30,,0225-DGJZT-SJ-YIN-DMRM-NEG.d,,Find by MRM,,
456,DGJZT_CGC_357_3,,,353.1,,,,,100,,,,13.317,,,1515,0.397,11623,,,,,Acq,,,,,,,,,,,,,,,30,,0225-DGJZT-SJ-YIN-DMRM-NEG.d,,Find by MRM,,
457,DGJZT_CGC_357_1,,,353.1,,,,,100,,,,13.318,,,26875,0.398,205494,,,,,Acq,,,,,,,,,,,,,,,30,,0225-DGJZT-SJ-YIN-DMRM-NEG.d,,Find by MRM,,
458,DGJZT_CGC_359_2,,,337.1,,,,,100,,,,13.329,,,344,0.344,2514,,,,,Acq,,,,,,,,,,,,,,,30,,0225-DGJZT-SJ-YIN-DMRM-NEG.d,,Find by MRM,,
459,DGJZT_CGC_364_1,,,365.1,,,,,100,,,,13.528,,,4815,0.416,35181,,,,,Acq,,,,,,,,,,,,,,,30,,0225-DGJZT-SJ-YIN-DMRM-NEG.d,,Find by MRM,,
460,DGJZT_CGC_364_2,,,365.1,,,,,100,,,,13.528,,,1844,0.407,14001,,,,,Acq,,,,,,,,,,,,,,,30,,0225-DGJZT-SJ-YIN-DMRM-NEG.d,,Find by MRM,,
461,DGJZT_DZ_49_3,,,501.3,,,,,100,,,,13.709,,,223,0.341,2256,,,,,Acq,,,,,,,,,,,,,,,30,,0225-DGJZT-SJ-YIN-DMRM-NEG.d,,Find by MRM,,
462,DGJZT_CGC_368_1,,,337.1,,,,,100,,,,13.648,,,27,0.196,143,,,,,Acq,,,,,,,,,,,,,,,30,,0225-DGJZT-SJ-YIN-DMRM-NEG.d,,Find by MRM,,
463,DGJZT_DZ_49_2,,,501.3,,,,,100,,,,13.692,,,702,0.259,4834,,,,,Acq,,,,,,,,,,,,,,,30,,0225-DGJZT-SJ-YIN-DMRM-NEG.d,,Find by MRM,,
464,DGJZT_DZ_50_1,,,450.3,,,,,100,,,,13.65,,,356,0.429,5030,,,,,Acq,,,,,,,,,,,,,,,30,,0225-DGJZT-SJ-YIN-DMRM-NEG.d,,Find by MRM,,
465,DGJZT_DZ_49_1,,,501.3,,,,,100,,,,13.683,,,143,0.32,1277,,,,,Acq,,,,,,,,,,,,,,,30,,0225-DGJZT-SJ-YIN-DMRM-NEG.d,,Find by MRM,,
466,DGJZT_DZ_50_2,,,450.3,,,,,100,,,,13.693,,,213,0.478,3708,,,,,Acq,,,,,,,,,,,,,,,30,,0225-DGJZT-SJ-YIN-DMRM-NEG.d,,Find by MRM,,
467,DGJZT_DG_96_2,,,409.2,,,,,100,,,,13.668,,,107,0.272,741,,,,,Acq,,,,,,,,,,,,,,,30,,0225-DGJZT-SJ-YIN-DMRM-NEG.d,,Find by MRM,,
468,DGJZT_DG_96_3,,,409.2,,,,,100,,,,13.669,,,42,0.082,126,,,,,Acq,,,,,,,,,,,,,,,30,,0225-DGJZT-SJ-YIN-DMRM-NEG.d,,Find by MRM,,
469,DGJZT_CGC_374_1,,,369.1,,,,,100,,,,13.747,,,818,0.405,6066,,,,,Acq,,,,,,,,,,,,,,,30,,0225-DGJZT-SJ-YIN-DMRM-NEG.d,,Find by MRM,,
470,DGJZT_CGC_373_1,,,339.1,,,,,100,,,,13.698,,,141,0.303,922,,,,,Acq,,,,,,,,,,,,,,,30,,0225-DGJZT-SJ-YIN-DMRM-NEG.d,,Find by MRM,,
471,DGJZT_DG_96_1,,,409.2,,,,,100,,,,13.693,,,1369,0.266,9473,,,,,Acq,,,,,,,,,,,,,,,30,,0225-DGJZT-SJ-YIN-DMRM-NEG.d,,Find by MRM,,
472,DGJZT_CGC_374_3,,,369.1,,,,,100,,,,13.747,,,215,0.345,1579,,,,,Acq,,,,,,,,,,,,,,,30,,0225-DGJZT-SJ-YIN-DMRM-NEG.d,,Find by MRM,,
473,DGJZT_CGC_374_2,,,369.1,,,,,100,,,,13.714,,,40,0.186,164,,,,,Acq,,,,,,,,,,,,,,,30,,0225-DGJZT-SJ-YIN-DMRM-NEG.d,,Find by MRM,,
474,DGJZT_BS_177_1,,,723.4,,,,,100,,,,13.793,,,415,0.285,2736,,,,,Acq,,,,,,,,,,,,,,,30,,0225-DGJZT-SJ-YIN-DMRM-NEG.d,,Find by MRM,,
475,DGJZT_DG_97_2,,,397.2,,,,,100,,,,13.744,,,98,0.151,497,,,,,Acq,,,,,,,,,,,,,,,30,,0225-DGJZT-SJ-YIN-DMRM-NEG.d,,Find by MRM,,
476,DGJZT_CGC_375_2,,,371.1,,,,,100,,,,13.771,,,965,0.375,6743,,,,,Acq,,,,,,,,,,,,,,,30,,0225-DGJZT-SJ-YIN-DMRM-NEG.d,,Find by MRM,,
477,DGJZT_CGC_375_1,,,371.1,,,,,100,,,,13.772,,,2395,0.277,16327,,,,,Acq,,,,,,,,,,,,,,,30,,0225-DGJZT-SJ-YIN-DMRM-NEG.d,,Find by MRM,,
478,DGJZT_DG_98_2,,,395.2,,,,,100,,,,13.855,,,59,0.219,328,,,,,Acq,,,,,,,,,,,,,,,30,,0225-DGJZT-SJ-YIN-DMRM-NEG.d,,Find by MRM,,
479,DGJZT_DG_98_1,,,395.2,,,,,100,,,,13.889,,,455,0.319,3779,,,,,Acq,,,,,,,,,,,,,,,30,,0225-DGJZT-SJ-YIN-DMRM-NEG.d,,Find by MRM,,
480,DGJZT_DG_98_3,,,395.2,,,,,100,,,,13.872,,,130,0.318,1107,,,,,Acq,,,,,,,,,,,,,,,30,,0225-DGJZT-SJ-YIN-DMRM-NEG.d,,Find by MRM,,
481,DGJZT_DG_104_3,,,817.4,,,,,100,,,,13.934,,,1868,0.26,9917,,,,,Acq,,,,,,,,,,,,,,,30,,0225-DGJZT-SJ-YIN-DMRM-NEG.d,,Find by MRM,,
482,DGJZT_DG_104_1,,,817.4,,,,,100,,,,13.934,,,222,0.295,1163,,,,,Acq,,,,,,,,,,,,,,,30,,0225-DGJZT-SJ-YIN-DMRM-NEG.d,,Find by MRM,,
483,DGJZT_DG_104_2,,,817.4,,,,,100,,,,13.901,,,41,0.092,109,,,,,Acq,,,,,,,,,,,,,,,30,,0225-DGJZT-SJ-YIN-DMRM-NEG.d,,Find by MRM,,
484,DGJZT_DG_103_3,,,795.4,,,,,100,,,,13.935,,,6744,0.361,35807,,,,,Acq,,,,,,,,,,,,,,,30,,0225-DGJZT-SJ-YIN-DMRM-NEG.d,,Find by MRM,,
485,DGJZT_DG_103_1,,,795.4,,,,,100,,,,13.935,,,817,0.32,4235,,,,,Acq,,,,,,,,,,,,,,,30,,0225-DGJZT-SJ-YIN-DMRM-NEG.d,,Find by MRM,,
486,DGJZT_DG_97_1,,,397.2,,,,,100,,,,13.947,,,6297,0.362,45478,,,,,Acq,,,,,,,,,,,,,,,30,,0225-DGJZT-SJ-YIN-DMRM-NEG.d,,Find by MRM,,
487,DGJZT_DG_97_3,,,397.2,,,,,100,,,,13.947,,,1551,0.388,11562,,,,,Acq,,,,,,,,,,,,,,,30,,0225-DGJZT-SJ-YIN-DMRM-NEG.d,,Find by MRM,,
488,DGJZT_DG_101_2,,,397.2,,,,,100,,,,13.948,,,10644,0.378,76363,,,,,Acq,,,,,,,,,,,,,,,30,,0225-DGJZT-SJ-YIN-DMRM-NEG.d,,Find by MRM,,
489,DGJZT_DG_101_3,,,397.2,,,,,100,,,,13.948,,,5847,0.421,46196,,,,,Acq,,,,,,,,,,,,,,,30,,0225-DGJZT-SJ-YIN-DMRM-NEG.d,,Find by MRM,,
490,DGJZT_DG_103_2,,,795.4,,,,,100,,,,13.935,,,144,0.269,610,,,,,Acq,,,,,,,,,,,,,,,30,,0225-DGJZT-SJ-YIN-DMRM-NEG.d,,Find by MRM,,
491,DGJZT_DG_102_2,,,497.1,,,,,100,,,,13.936,,,198,0.367,1240,,,,,Acq,,,,,,,,,,,,,,,30,,0225-DGJZT-SJ-YIN-DMRM-NEG.d,,Find by MRM,,
492,DGJZT_DG_102_1,,,497.1,,,,,100,,,,13.92,,,825,0.393,5358,,,,,Acq,,,,,,,,,,,,,,,30,,0225-DGJZT-SJ-YIN-DMRM-NEG.d,,Find by MRM,,
493,DGJZT_DG_101_1,,,397.2,,,,,100,,,,13.939,,,23999,0.483,182826,,,,,Acq,,,,,,,,,,,,,,,30,,0225-DGJZT-SJ-YIN-DMRM-NEG.d,,Find by MRM,,
494,DGJZT_DG_100_2,,,353.2,,,,,100,,,,13.941,,,475,0.253,3141,,,,,Acq,,,,,,,,,,,,,,,30,,0225-DGJZT-SJ-YIN-DMRM-NEG.d,,Find by MRM,,
495,DGJZT_DG_100_1,,,353.2,,,,,100,,,,13.95,,,338,0.412,2653,,,,,Acq,,,,,,,,,,,,,,,30,,0225-DGJZT-SJ-YIN-DMRM-NEG.d,,Find by MRM,,
496,DGJZT_DG_100_3,,,353.2,,,,,100,,,,13.933,,,124,0.233,652,,,,,Acq,,,,,,,,,,,,,,,30,,0225-DGJZT-SJ-YIN-DMRM-NEG.d,,Find by MRM,,
497,DGJZT_CGC_379_2,,,351.1,,,,,100,,,,13.975,,,24275,0.37,159019,,,,,Acq,,,,,,,,,,,,,,,30,,0225-DGJZT-SJ-YIN-DMRM-NEG.d,,Find by MRM,,
498,DGJZT_CGC_379_3,,,351.1,,,,,100,,,,13.976,,,7886,0.36,50870,,,,,Acq,,,,,,,,,,,,,,,30,,0225-DGJZT-SJ-YIN-DMRM-NEG.d,,Find by MRM,,
499,DGJZT_CGC_379_1,,,351.1,,,,,100,,,,13.976,,,6766,0.333,41518,,,,,Acq,,,,,,,,,,,,,,,30,,0225-DGJZT-SJ-YIN-DMRM-NEG.d,,Find by MRM,,
500,DGJZT_DG_105_3,,,411.2,,,,,100,,,,14.089,,,246,0.413,2318,,,,,Acq,,,,,,,,,,,,,,,30,,0225-DGJZT-SJ-YIN-DMRM-NEG.d,,Find by MRM,,
501,DGJZT_DG_105_1,,,411.2,,,,,100,,,,14.098,,,510,0.346,3967,,,,,Acq,,,,,,,,,,,,,,,30,,0225-DGJZT-SJ-YIN-DMRM-NEG.d,,Find by MRM,,
502,DGJZT_DG_105_2,,,411.2,,,,,100,,,,14.107,,,108,0.242,744,,,,,Acq,,,,,,,,,,,,,,,30,,0225-DGJZT-SJ-YIN-DMRM-NEG.d,,Find by MRM,,
503,DGJZT_CGC_386_1,,,391.2,,,,,100,,,,14.075,,,1738,0.276,11110,,,,,Acq,,,,,,,,,,,,,,,30,,0225-DGJZT-SJ-YIN-DMRM-NEG.d,,Find by MRM,,
504,DGJZT_CGC_386_2,,,391.2,,,,,100,,,,14.067,,,343,0.341,2106,,,,,Acq,,,,,,,,,,,,,,,30,,0225-DGJZT-SJ-YIN-DMRM-NEG.d,,Find by MRM,,
505,DGJZT_DG_107_3,,,649.3,,,,,100,,,,14.138,,,168,0.17,1095,,,,,Acq,,,,,,,,,,,,,,,30,,0225-DGJZT-SJ-YIN-DMRM-NEG.d,,Find by MRM,,
506,DGJZT_DG_106_3,,,721.3,,,,,100,,,,14.279,,,326,0.216,2530,,,,,Acq,,,,,,,,,,,,,,,30,,0225-DGJZT-SJ-YIN-DMRM-NEG.d,,Find by MRM,,
507,DGJZT_DG_107_2,,,649.3,,,,,100,,,,14.171,,,690,0.363,5272,,,,,Acq,,,,,,,,,,,,,,,30,,0225-DGJZT-SJ-YIN-DMRM-NEG.d,,Find by MRM,,
508,DGJZT_DG_108_1,,,399.2,,,,,100,,,,14.216,,,408,0.294,2595,,,,,Acq,,,,,,,,,,,,,,,30,,0225-DGJZT-SJ-YIN-DMRM-NEG.d,,Find by MRM,,
509,DGJZT_DG_107_1,,,649.3,,,,,100,,,,14.271,,,1355,0.281,8993,,,,,Acq,,,,,,,,,,,,,,,30,,0225-DGJZT-SJ-YIN-DMRM-NEG.d,,Find by MRM,,
510,DGJZT_DZ_53_1,,,485.3,,,,,100,,,,14.298,,,403,0.264,2667,,,,,Acq,,,,,,,,,,,,,,,30,,0225-DGJZT-SJ-YIN-DMRM-NEG.d,,Find by MRM,,
511,DGJZT_DZ_53_3,,,485.3,,,,,100,,,,14.315,,,51,0.177,228,,,,,Acq,,,,,,,,,,,,,,,30,,0225-DGJZT-SJ-YIN-DMRM-NEG.d,,Find by MRM,,
512,DGJZT_DG_106_1,,,721.3,,,,,100,,,,14.279,,,352,0.316,2706,,,,,Acq,,,,,,,,,,,,,,,30,,0225-DGJZT-SJ-YIN-DMRM-NEG.d,,Find by MRM,,
513,DGJZT_CGC_391_1,,,367.2,,,,,100,,,,14.336,,,1566,0.352,10505,,,,,Acq,,,,,,,,,,,,,,,30,,0225-DGJZT-SJ-YIN-DMRM-NEG.d,,Find by MRM,,
514,DGJZT_CGC_391_2,,,367.2,,,,,100,,,,14.345,,,406,0.301,2487,,,,,Acq,,,,,,,,,,,,,,,30,,0225-DGJZT-SJ-YIN-DMRM-NEG.d,,Find by MRM,,
515,DGJZT_CGC_393_2,,,423.2,,,,,100,,,,14.239,,,3402,0.15,14870,,,,,Acq,,,,,,,,,,,,,,,30,,0225-DGJZT-SJ-YIN-DMRM-NEG.d,,Find by MRM,,
516,DGJZT_CGC_393_1,,,423.2,,,,,100,,,,14.24,,,6553,0.152,28919,,,,,Acq,,,,,,,,,,,,,,,30,,0225-DGJZT-SJ-YIN-DMRM-NEG.d,,Find by MRM,,
517,DGJZT_CGC_393_3,,,423.2,,,,,100,,,,14.24,,,768,0.143,3357,,,,,Acq,,,,,,,,,,,,,,,30,,0225-DGJZT-SJ-YIN-DMRM-NEG.d,,Find by MRM,,
518,DGJZT_DG_111_2,,,625.3,,,,,100,,,,14.538,,,159,0.407,1380,,,,,Acq,,,,,,,,,,,,,,,30,,0225-DGJZT-SJ-YIN-DMRM-NEG.d,,Find by MRM,,
519,DGJZT_DG_111_1,,,625.3,,,,,100,,,,14.672,,,263,0.219,1829,,,,,Acq,,,,,,,,,,,,,,,30,,0225-DGJZT-SJ-YIN-DMRM-NEG.d,,Find by MRM,,
520,DGJZT_CGC_395_2,,,421.2,,,,,100,,,,14.734,,,461,0.312,2824,,,,,Acq,,,,,,,,,,,,,,,30,,0225-DGJZT-SJ-YIN-DMRM-NEG.d,,Find by MRM,,
521,DGJZT_CGC_395_1,,,421.2,,,,,100,,,,14.736,,,4483,0.355,27940,,,,,Acq,,,,,,,,,,,,,,,30,,0225-DGJZT-SJ-YIN-DMRM-NEG.d,,Find by MRM,,
522,DGJZT_CGC_395_3,,,421.2,,,,,100,,,,14.745,,,406,0.295,2491,,,,,Acq,,,,,,,,,,,,,,,30,,0225-DGJZT-SJ-YIN-DMRM-NEG.d,,Find by MRM,,
523,DGJZT_CGC_398_1,,,421.2,,,,,100,,,,14.741,,,4486,0.411,27896,,,,,Acq,,,,,,,,,,,,,,,30,,0225-DGJZT-SJ-YIN-DMRM-NEG.d,,Find by MRM,,
524,DGJZT_DG_113_2,,,216.9,,,,,100,,,,15.134,,,39,0.317,419,,,,,Acq,,,,,,,,,,,,,,,30,,0225-DGJZT-SJ-YIN-DMRM-NEG.d,,Find by MRM,,
525,DGJZT_DG_113_1,,,216.9,,,,,100,,,,15.128,,,44,0.488,670,,,,,Acq,,,,,,,,,,,,,,,30,,0225-DGJZT-SJ-YIN-DMRM-NEG.d,,Find by MRM,,
526,DGJZT_DG_113_3,,,216.9,,,,,100,,,,15.156,,,44,0.467,583,,,,,Acq,,,,,,,,,,,,,,,30,,0225-DGJZT-SJ-YIN-DMRM-NEG.d,,Find by MRM,,

