﻿#化合物列表: 526 found
#
Cpd,Name,Formula,Purity Result,Precursor,Mass,Diff (ppm),Score (Tgt),Flags (Tgt),Score,Std Dev,Relative Mass Difference (MFG),Base Peak,RT,RT Diff,Target Retention Time Difference,Height,Width,Area,Volume,Vol %,Ions,Saturated,ID Source,Score (MFG),Score (DB),Hit Count,Tgt MFG Hit,FV,Purity Value,Purity Comments,ADC% Area,EIC/TIC% Area,TIC% Area,UVA% Area,Score (Lib),CAS ID,Relative Reference Mass difference,CE,MS/MS Count,File,Notes,Algorithm,Lib/DB
1,DGJZT_SJ_1_3,,,308.1,,,,,100,,,,1.033,,,165,0.385,1151,,,,,Acq,,,,,,,,,,,,,,,30,,0225-DGJZT-BS-DMRM-NEG.d,,Find by MRM,,
2,DGJZT_SJ_1_1,,,308.1,,,,,100,,,,1.017,,,130,0.274,842,,,,,Acq,,,,,,,,,,,,,,,30,,0225-DGJZT-BS-DMRM-NEG.d,,Find by MRM,,
3,DGJZT_SJ_1_2,,,308.1,,,,,100,,,,1.026,,,91,0.266,569,,,,,Acq,,,,,,,,,,,,,,,30,,0225-DGJZT-BS-DMRM-NEG.d,,Find by MRM,,
4,DGJZT_DZ_4_3,,,618.2,,,,,100,,,,1.045,,,14,0.092,44,,,,,Acq,,,,,,,,,,,,,,,30,,0225-DGJZT-BS-DMRM-NEG.d,,Find by MRM,,
5,DGJZT_DZ_4_1,,,618.2,,,,,100,,,,1.062,,,35,0.302,191,,,,,Acq,,,,,,,,,,,,,,,30,,0225-DGJZT-BS-DMRM-NEG.d,,Find by MRM,,
6,DGJZT_DZ_4_2,,,618.2,,,,,100,,,,1.055,,,14,0.151,48,,,,,Acq,,,,,,,,,,,,,,,30,,0225-DGJZT-BS-DMRM-NEG.d,,Find by MRM,,
7,DGJZT_DZ_6_1,,,353.1,,,,,100,,,,1.082,,,97,0.351,858,,,,,Acq,,,,,,,,,,,,,,,30,,0225-DGJZT-BS-DMRM-NEG.d,,Find by MRM,,
8,DGJZT_DZ_6_3,,,353.1,,,,,100,,,,1.074,,,112,0.305,797,,,,,Acq,,,,,,,,,,,,,,,30,,0225-DGJZT-BS-DMRM-NEG.d,,Find by MRM,,
9,DGJZT_DG_6_1,,,470.2,,,,,100,,,,1.189,,,1559,0.35,16311,,,,,Acq,,,,,,,,,,,,,,,30,,0225-DGJZT-BS-DMRM-NEG.d,,Find by MRM,,
10,DGJZT_DZ_9_1,,,618.2,,,,,100,,,,1.061,,,37,0.273,199,,,,,Acq,,,,,,,,,,,,,,,30,,0225-DGJZT-BS-DMRM-NEG.d,,Find by MRM,,
11,DGJZT_DZ_9_2,,,618.2,,,,,100,,,,1.044,,,11,0.197,49,,,,,Acq,,,,,,,,,,,,,,,30,,0225-DGJZT-BS-DMRM-NEG.d,,Find by MRM,,
12,DGJZT_DG_9_3,,,387.1,,,,,100,,,,1.022,,,431,0.468,5135,,,,,Acq,,,,,,,,,,,,,,,30,,0225-DGJZT-BS-DMRM-NEG.d,,Find by MRM,,
13,DGJZT_DZ_9_3,,,618.2,,,,,100,,,,1.144,,,4,0.054,8,,,,,Acq,,,,,,,,,,,,,,,30,,0225-DGJZT-BS-DMRM-NEG.d,,Find by MRM,,
14,DGJZT_DG_10_1,,,527.1,,,,,100,,,,1.139,,,4,0.112,14,,,,,Acq,,,,,,,,,,,,,,,30,,0225-DGJZT-BS-DMRM-NEG.d,,Find by MRM,,
15,DGJZT_DG_9_2,,,387.1,,,,,100,,,,1.306,,,400,0.236,3613,,,,,Acq,,,,,,,,,,,,,,,30,,0225-DGJZT-BS-DMRM-NEG.d,,Find by MRM,,
16,DGJZT_DG_9_1,,,387.1,,,,,100,,,,1.307,,,166,0.217,1493,,,,,Acq,,,,,,,,,,,,,,,30,,0225-DGJZT-BS-DMRM-NEG.d,,Find by MRM,,
17,DGJZT_DZ_10_2,,,353.1,,,,,100,,,,1.468,,,39,0.157,209,,,,,Acq,,,,,,,,,,,,,,,30,,0225-DGJZT-BS-DMRM-NEG.d,,Find by MRM,,
18,DGJZT_DZ_10_1,,,353.1,,,,,100,,,,1.484,,,40,0.195,229,,,,,Acq,,,,,,,,,,,,,,,30,,0225-DGJZT-BS-DMRM-NEG.d,,Find by MRM,,
19,DGJZT_DG_16_1,,,470.2,,,,,100,,,,1.605,,,137,0.256,1062,,,,,Acq,,,,,,,,,,,,,,,30,,0225-DGJZT-BS-DMRM-NEG.d,,Find by MRM,,
20,DGJZT_DG_17_2,,,372.1,,,,,100,,,,1.623,,,5,0.183,28,,,,,Acq,,,,,,,,,,,,,,,30,,0225-DGJZT-BS-DMRM-NEG.d,,Find by MRM,,
21,DGJZT_DG_17_1,,,372.1,,,,,100,,,,1.608,,,8,0.174,31,,,,,Acq,,,,,,,,,,,,,,,30,,0225-DGJZT-BS-DMRM-NEG.d,,Find by MRM,,
22,DGJZT_BS_3_1,,,343.1,,,,,100,,,,1.642,,,225,0.402,1745,,,,,Acq,,,,,,,,,,,,,,,30,,0225-DGJZT-BS-DMRM-NEG.d,,Find by MRM,,
23,DGJZT_BS_5_1,,,331.1,,,,,100,,,,1.769,,,168,0.266,2126,,,,,Acq,,,,,,,,,,,,,,,30,,0225-DGJZT-BS-DMRM-NEG.d,,Find by MRM,,
24,DGJZT_DG_25_1,,,527.1,,,,,100,,,,1.838,,,11,0.226,64,,,,,Acq,,,,,,,,,,,,,,,30,,0225-DGJZT-BS-DMRM-NEG.d,,Find by MRM,,
25,DGJZT_BS_5_3,,,331.1,,,,,100,,,,2.019,,,874,0.24,6602,,,,,Acq,,,,,,,,,,,,,,,30,,0225-DGJZT-BS-DMRM-NEG.d,,Find by MRM,,
26,DGJZT_BS_5_2,,,331.1,,,,,100,,,,1.994,,,922,0.252,8433,,,,,Acq,,,,,,,,,,,,,,,30,,0225-DGJZT-BS-DMRM-NEG.d,,Find by MRM,,
27,DGJZT_DG_26_1,,,497.1,,,,,100,,,,1.915,,,10,0.117,38,,,,,Acq,,,,,,,,,,,,,,,30,,0225-DGJZT-BS-DMRM-NEG.d,,Find by MRM,,
28,DGJZT_DG_26_3,,,497.1,,,,,100,,,,1.906,,,16,0.117,46,,,,,Acq,,,,,,,,,,,,,,,30,,0225-DGJZT-BS-DMRM-NEG.d,,Find by MRM,,
29,DGJZT_BS_6_2,,,331.1,,,,,100,,,,2.011,,,1120,0.308,9179,,,,,Acq,,,,,,,,,,,,,,,30,,0225-DGJZT-BS-DMRM-NEG.d,,Find by MRM,,
30,DGJZT_BS_6_1,,,331.1,,,,,100,,,,1.995,,,1196,0.386,12701,,,,,Acq,,,,,,,,,,,,,,,30,,0225-DGJZT-BS-DMRM-NEG.d,,Find by MRM,,
31,DGJZT_BS_6_3,,,331.1,,,,,100,,,,2.03,,,145,0.188,904,,,,,Acq,,,,,,,,,,,,,,,30,,0225-DGJZT-BS-DMRM-NEG.d,,Find by MRM,,
32,DGJZT_BS_8_2,,,567.2,,,,,100,,,,1.963,,,142,0.46,1404,,,,,Acq,,,,,,,,,,,,,,,30,,0225-DGJZT-BS-DMRM-NEG.d,,Find by MRM,,
33,DGJZT_BS_9_3,,,421.1,,,,,100,,,,2.067,,,409,0.345,3206,,,,,Acq,,,,,,,,,,,,,,,30,,0225-DGJZT-BS-DMRM-NEG.d,,Find by MRM,,
34,DGJZT_DG_29_3,,,341.1,,,,,100,,,,2.168,,,31,0.183,208,,,,,Acq,,,,,,,,,,,,,,,30,,0225-DGJZT-BS-DMRM-NEG.d,,Find by MRM,,
35,DGJZT_DG_29_1,,,341.1,,,,,100,,,,1.934,,,32,0.333,422,,,,,Acq,,,,,,,,,,,,,,,30,,0225-DGJZT-BS-DMRM-NEG.d,,Find by MRM,,
36,DGJZT_DG_29_2,,,341.1,,,,,100,,,,2,,,22,0.109,83,,,,,Acq,,,,,,,,,,,,,,,30,,0225-DGJZT-BS-DMRM-NEG.d,,Find by MRM,,
37,DGJZT_BS_13_1,,,529.2,,,,,100,,,,2.257,,,2470,0.443,16593,,,,,Acq,,,,,,,,,,,,,,,30,,0225-DGJZT-BS-DMRM-NEG.d,,Find by MRM,,
38,DGJZT_BS_16_1,,,493.1,,,,,100,,,,2.34,,,4647,0.401,46595,,,,,Acq,,,,,,,,,,,,,,,30,,0225-DGJZT-BS-DMRM-NEG.d,,Find by MRM,,
39,DGJZT_BS_16_2,,,493.1,,,,,100,,,,2.349,,,507,0.387,5424,,,,,Acq,,,,,,,,,,,,,,,30,,0225-DGJZT-BS-DMRM-NEG.d,,Find by MRM,,
40,DGJZT_BS_16_3,,,493.1,,,,,100,,,,2.325,,,164,0.401,1628,,,,,Acq,,,,,,,,,,,,,,,30,,0225-DGJZT-BS-DMRM-NEG.d,,Find by MRM,,
41,DGJZT_BS_14_1,,,169,,,,,100,,,,2.33,,,9426,0.417,90421,,,,,Acq,,,,,,,,,,,,,,,30,,0225-DGJZT-BS-DMRM-NEG.d,,Find by MRM,,
42,DGJZT_BS_14_2,,,169,,,,,100,,,,2.322,,,6217,0.417,58874,,,,,Acq,,,,,,,,,,,,,,,30,,0225-DGJZT-BS-DMRM-NEG.d,,Find by MRM,,
43,DGJZT_BS_17_1,,,331.1,,,,,100,,,,2.378,,,2574,0.407,21197,,,,,Acq,,,,,,,,,,,,,,,30,,0225-DGJZT-BS-DMRM-NEG.d,,Find by MRM,,
44,DGJZT_BS_17_2,,,331.1,,,,,100,,,,2.379,,,1783,0.32,14037,,,,,Acq,,,,,,,,,,,,,,,30,,0225-DGJZT-BS-DMRM-NEG.d,,Find by MRM,,
45,DGJZT_BS_17_3,,,331.1,,,,,100,,,,2.363,,,385,0.385,3637,,,,,Acq,,,,,,,,,,,,,,,30,,0225-DGJZT-BS-DMRM-NEG.d,,Find by MRM,,
46,DGJZT_BS_18_1,,,526.2,,,,,100,,,,2.624,,,672,0.354,5199,,,,,Acq,,,,,,,,,,,,,,,30,,0225-DGJZT-BS-DMRM-NEG.d,,Find by MRM,,
47,DGJZT_DG_33_3,,,423.1,,,,,100,,,,2.71,,,1,0.164,4,,,,,Acq,,,,,,,,,,,,,,,30,,0225-DGJZT-BS-DMRM-NEG.d,,Find by MRM,,
48,DGJZT_DG_33_2,,,423.1,,,,,100,,,,2.893,,,3,0.125,6,,,,,Acq,,,,,,,,,,,,,,,30,,0225-DGJZT-BS-DMRM-NEG.d,,Find by MRM,,
49,DGJZT_DG_33_1,,,423.1,,,,,100,,,,2.635,,,2,0.127,7,,,,,Acq,,,,,,,,,,,,,,,30,,0225-DGJZT-BS-DMRM-NEG.d,,Find by MRM,,
50,DGJZT_BS_20_1,,,403.1,,,,,100,,,,2.804,,,217,0.33,1926,,,,,Acq,,,,,,,,,,,,,,,30,,0225-DGJZT-BS-DMRM-NEG.d,,Find by MRM,,
51,DGJZT_BS_20_2,,,403.1,,,,,100,,,,2.811,,,333,0.453,2871,,,,,Acq,,,,,,,,,,,,,,,30,,0225-DGJZT-BS-DMRM-NEG.d,,Find by MRM,,
52,DGJZT_BS_22_1,,,527.1,,,,,100,,,,2.875,,,516,0.328,4091,,,,,Acq,,,,,,,,,,,,,,,30,,0225-DGJZT-BS-DMRM-NEG.d,,Find by MRM,,
53,DGJZT_DZ_18_2,,,240.1,,,,,100,,,,2.999,,,3,0.224,15,,,,,Acq,,,,,,,,,,,,,,,30,,0225-DGJZT-BS-DMRM-NEG.d,,Find by MRM,,
54,DGJZT_BS_23_2,,,315.1,,,,,100,,,,3.004,,,568,0.371,4419,,,,,Acq,,,,,,,,,,,,,,,30,,0225-DGJZT-BS-DMRM-NEG.d,,Find by MRM,,
55,DGJZT_BS_23_1,,,315.1,,,,,100,,,,3.005,,,613,0.317,4531,,,,,Acq,,,,,,,,,,,,,,,30,,0225-DGJZT-BS-DMRM-NEG.d,,Find by MRM,,
56,DGJZT_DZ_19_2,,,297.1,,,,,100,,,,2.864,,,1,0.083,4,,,,,Acq,,,,,,,,,,,,,,,30,,0225-DGJZT-BS-DMRM-NEG.d,,Find by MRM,,
57,DGJZT_DZ_19_1,,,297.1,,,,,100,,,,3.082,,,2,0.15,5,,,,,Acq,,,,,,,,,,,,,,,30,,0225-DGJZT-BS-DMRM-NEG.d,,Find by MRM,,
58,DGJZT_DZ_21_1,,,221.1,,,,,100,,,,3.024,,,0,0.075,0,,,,,Acq,,,,,,,,,,,,,,,30,,0225-DGJZT-BS-DMRM-NEG.d,,Find by MRM,,
59,DGJZT_BS_26_3,,,389.1,,,,,100,,,,3.228,,,255,0.263,1431,,,,,Acq,,,,,,,,,,,,,,,30,,0225-DGJZT-BS-DMRM-NEG.d,,Find by MRM,,
60,DGJZT_BS_25_2,,,527.1,,,,,100,,,,3.227,,,1081,0.26,7708,,,,,Acq,,,,,,,,,,,,,,,30,,0225-DGJZT-BS-DMRM-NEG.d,,Find by MRM,,
61,DGJZT_BS_25_1,,,527.1,,,,,100,,,,3.228,,,234,0.213,1357,,,,,Acq,,,,,,,,,,,,,,,30,,0225-DGJZT-BS-DMRM-NEG.d,,Find by MRM,,
62,DGJZT_BS_26_2,,,389.1,,,,,100,,,,3.246,,,612,0.367,4325,,,,,Acq,,,,,,,,,,,,,,,30,,0225-DGJZT-BS-DMRM-NEG.d,,Find by MRM,,
63,DGJZT_BS_27_1,,,633.1,,,,,100,,,,3.336,,,1280,0.428,11523,,,,,Acq,,,,,,,,,,,,,,,30,,0225-DGJZT-BS-DMRM-NEG.d,,Find by MRM,,
64,DGJZT_BS_26_1,,,389.1,,,,,100,,,,3.238,,,708,0.439,5129,,,,,Acq,,,,,,,,,,,,,,,30,,0225-DGJZT-BS-DMRM-NEG.d,,Find by MRM,,
65,DGJZT_DG_36_2,,,353.1,,,,,100,,,,3.382,,,6,0.109,21,,,,,Acq,,,,,,,,,,,,,,,30,,0225-DGJZT-BS-DMRM-NEG.d,,Find by MRM,,
66,DGJZT_DG_36_1,,,353.1,,,,,100,,,,3.299,,,4,0.06,8,,,,,Acq,,,,,,,,,,,,,,,30,,0225-DGJZT-BS-DMRM-NEG.d,,Find by MRM,,
67,DGJZT_DG_36_3,,,353.1,,,,,100,,,,3.171,,,3,0.091,5,,,,,Acq,,,,,,,,,,,,,,,30,,0225-DGJZT-BS-DMRM-NEG.d,,Find by MRM,,
68,DGJZT_BS_28_3,,,287.1,,,,,100,,,,3.408,,,1990,0.344,14842,,,,,Acq,,,,,,,,,,,,,,,30,,0225-DGJZT-BS-DMRM-NEG.d,,Find by MRM,,
69,DGJZT_BS_28_1,,,287.1,,,,,100,,,,3.4,,,1451,0.378,11037,,,,,Acq,,,,,,,,,,,,,,,30,,0225-DGJZT-BS-DMRM-NEG.d,,Find by MRM,,
70,DGJZT_BS_28_2,,,287.1,,,,,100,,,,3.392,,,439,0.308,3540,,,,,Acq,,,,,,,,,,,,,,,30,,0225-DGJZT-BS-DMRM-NEG.d,,Find by MRM,,
71,DGJZT_DG_39_2,,,658.2,,,,,100,,,,3.611,,,0,0.12,0,,,,,Acq,,,,,,,,,,,,,,,30,,0225-DGJZT-BS-DMRM-NEG.d,,Find by MRM,,
72,DGJZT_DG_39_1,,,658.2,,,,,100,,,,3.486,,,3,0.083,5,,,,,Acq,,,,,,,,,,,,,,,30,,0225-DGJZT-BS-DMRM-NEG.d,,Find by MRM,,
73,DGJZT_BS_29_1,,,451.1,,,,,100,,,,3.489,,,1112,0.377,9336,,,,,Acq,,,,,,,,,,,,,,,30,,0225-DGJZT-BS-DMRM-NEG.d,,Find by MRM,,
74,DGJZT_BS_37_1,,,483.1,,,,,100,,,,3.665,,,228,0.223,1686,,,,,Acq,,,,,,,,,,,,,,,30,,0225-DGJZT-BS-DMRM-NEG.d,,Find by MRM,,
75,DGJZT_BS_37_3,,,483.1,,,,,100,,,,3.69,,,304,0.268,1909,,,,,Acq,,,,,,,,,,,,,,,30,,0225-DGJZT-BS-DMRM-NEG.d,,Find by MRM,,
76,DGJZT_DG_41_2,,,355.1,,,,,100,,,,3.676,,,5,0.085,14,,,,,Acq,,,,,,,,,,,,,,,30,,0225-DGJZT-BS-DMRM-NEG.d,,Find by MRM,,
77,DGJZT_DG_41_3,,,355.1,,,,,100,,,,3.684,,,7,0.226,45,,,,,Acq,,,,,,,,,,,,,,,30,,0225-DGJZT-BS-DMRM-NEG.d,,Find by MRM,,
78,DGJZT_DG_41_1,,,355.1,,,,,100,,,,3.71,,,13,0.255,98,,,,,Acq,,,,,,,,,,,,,,,30,,0225-DGJZT-BS-DMRM-NEG.d,,Find by MRM,,
79,DGJZT_DG_42_3,,,491.1,,,,,100,,,,3.755,,,17,0.117,61,,,,,Acq,,,,,,,,,,,,,,,30,,0225-DGJZT-BS-DMRM-NEG.d,,Find by MRM,,
80,DGJZT_DG_42_1,,,491.1,,,,,100,,,,3.764,,,14,0.067,35,,,,,Acq,,,,,,,,,,,,,,,30,,0225-DGJZT-BS-DMRM-NEG.d,,Find by MRM,,
81,DGJZT_BS_40_2,,,391.2,,,,,100,,,,3.767,,,445,0.387,3127,,,,,Acq,,,,,,,,,,,,,,,30,,0225-DGJZT-BS-DMRM-NEG.d,,Find by MRM,,
82,DGJZT_BS_40_3,,,391.2,,,,,100,,,,3.767,,,391,0.333,2772,,,,,Acq,,,,,,,,,,,,,,,30,,0225-DGJZT-BS-DMRM-NEG.d,,Find by MRM,,
83,DGJZT_GZ_4_1,,,349.1,,,,,100,,,,3.853,,,3,0.193,8,,,,,Acq,,,,,,,,,,,,,,,30,,0225-DGJZT-BS-DMRM-NEG.d,,Find by MRM,,
84,DGJZT_DG_43_1,,,293.1,,,,,100,,,,3.829,,,26,0.184,136,,,,,Acq,,,,,,,,,,,,,,,30,,0225-DGJZT-BS-DMRM-NEG.d,,Find by MRM,,
85,DGJZT_CGC_7_1,,,631.1,,,,,100,,,,3.746,,,1,0.092,3,,,,,Acq,,,,,,,,,,,,,,,30,,0225-DGJZT-BS-DMRM-NEG.d,,Find by MRM,,
86,DGJZT_DG_42_2,,,491.1,,,,,100,,,,4.093,,,10,0.073,20,,,,,Acq,,,,,,,,,,,,,,,30,,0225-DGJZT-BS-DMRM-NEG.d,,Find by MRM,,
87,DGJZT_BS_45_1,,,635.1,,,,,100,,,,3.965,,,1494,0.418,12913,,,,,Acq,,,,,,,,,,,,,,,30,,0225-DGJZT-BS-DMRM-NEG.d,,Find by MRM,,
88,DGJZT_DZ_23_1,,,477.2,,,,,100,,,,3.782,,,10,0.126,29,,,,,Acq,,,,,,,,,,,,,,,30,,0225-DGJZT-BS-DMRM-NEG.d,,Find by MRM,,
89,DGJZT_DZ_24_2,,,431.2,,,,,100,,,,3.867,,,2,0.093,4,,,,,Acq,,,,,,,,,,,,,,,30,,0225-DGJZT-BS-DMRM-NEG.d,,Find by MRM,,
90,DGJZT_DZ_24_1,,,431.2,,,,,100,,,,3.968,,,7,0.101,16,,,,,Acq,,,,,,,,,,,,,,,30,,0225-DGJZT-BS-DMRM-NEG.d,,Find by MRM,,
91,DGJZT_DZ_25_2,,,639.2,,,,,100,,,,3.989,,,5,0.101,11,,,,,Acq,,,,,,,,,,,,,,,30,,0225-DGJZT-BS-DMRM-NEG.d,,Find by MRM,,
92,DGJZT_DG_46_2,,,353.1,,,,,100,,,,4.037,,,26,0.317,227,,,,,Acq,,,,,,,,,,,,,,,30,,0225-DGJZT-BS-DMRM-NEG.d,,Find by MRM,,
93,DGJZT_DG_46_1,,,353.1,,,,,100,,,,4.037,,,10,0.205,61,,,,,Acq,,,,,,,,,,,,,,,30,,0225-DGJZT-BS-DMRM-NEG.d,,Find by MRM,,
94,DGJZT_DZ_25_3,,,639.2,,,,,100,,,,4.124,,,6,0.076,15,,,,,Acq,,,,,,,,,,,,,,,30,,0225-DGJZT-BS-DMRM-NEG.d,,Find by MRM,,
95,DGJZT_DZ_25_1,,,639.2,,,,,100,,,,4.099,,,0,0.071,0,,,,,Acq,,,,,,,,,,,,,,,30,,0225-DGJZT-BS-DMRM-NEG.d,,Find by MRM,,
96,DGJZT_BS_44_1,,,511.1,,,,,100,,,,4.051,,,404,0.311,3541,,,,,Acq,,,,,,,,,,,,,,,30,,0225-DGJZT-BS-DMRM-NEG.d,,Find by MRM,,
97,DGJZT_CGC_13_1,,,789.2,,,,,100,,,,4.299,,,3,0.106,7,,,,,Acq,,,,,,,,,,,,,,,30,,0225-DGJZT-BS-DMRM-NEG.d,,Find by MRM,,
98,DGJZT_CGC_16_1,,,625.2,,,,,100,,,,4.143,,,6,0.075,15,,,,,Acq,,,,,,,,,,,,,,,30,,0225-DGJZT-BS-DMRM-NEG.d,,Find by MRM,,
99,DGJZT_BS_46_3,,,525.2,,,,,100,,,,4.152,,,642,0.375,4982,,,,,Acq,,,,,,,,,,,,,,,30,,0225-DGJZT-BS-DMRM-NEG.d,,Find by MRM,,
100,DGJZT_CGC_14_1,,,417.1,,,,,100,,,,4.379,,,6,0.109,19,,,,,Acq,,,,,,,,,,,,,,,30,,0225-DGJZT-BS-DMRM-NEG.d,,Find by MRM,,
101,DGJZT_CGC_18_1,,,711.2,,,,,100,,,,4.216,,,2,0.128,4,,,,,Acq,,,,,,,,,,,,,,,30,,0225-DGJZT-BS-DMRM-NEG.d,,Find by MRM,,
102,DGJZT_CGC_14_3,,,417.1,,,,,100,,,,4.052,,,8,0.126,25,,,,,Acq,,,,,,,,,,,,,,,30,,0225-DGJZT-BS-DMRM-NEG.d,,Find by MRM,,
103,DGJZT_CGC_14_2,,,417.1,,,,,100,,,,4.363,,,4,0.116,10,,,,,Acq,,,,,,,,,,,,,,,30,,0225-DGJZT-BS-DMRM-NEG.d,,Find by MRM,,
104,DGJZT_CGC_18_3,,,711.2,,,,,100,,,,4.483,,,6,0.025,3,,,,,Acq,,,,,,,,,,,,,,,30,,0225-DGJZT-BS-DMRM-NEG.d,,Find by MRM,,
105,DGJZT_CGC_17_1,,,549.2,,,,,100,,,,4.126,,,4,0.101,8,,,,,Acq,,,,,,,,,,,,,,,30,,0225-DGJZT-BS-DMRM-NEG.d,,Find by MRM,,
106,DGJZT_BS_53_1,,,635.1,,,,,100,,,,4.334,,,761,0.392,7473,,,,,Acq,,,,,,,,,,,,,,,30,,0225-DGJZT-BS-DMRM-NEG.d,,Find by MRM,,
107,DGJZT_BS_51_2,,,183,,,,,100,,,,4.289,,,2844,0.449,26971,,,,,Acq,,,,,,,,,,,,,,,30,,0225-DGJZT-BS-DMRM-NEG.d,,Find by MRM,,
108,DGJZT_BS_51_1,,,183,,,,,100,,,,4.298,,,2833,0.439,25108,,,,,Acq,,,,,,,,,,,,,,,30,,0225-DGJZT-BS-DMRM-NEG.d,,Find by MRM,,
109,DGJZT_DZ_26_2,,,755.3,,,,,100,,,,4.566,,,2,0.059,3,,,,,Acq,,,,,,,,,,,,,,,30,,0225-DGJZT-BS-DMRM-NEG.d,,Find by MRM,,
110,DGJZT_BS_56_1,,,687.2,,,,,100,,,,4.392,,,1652,0.365,13563,,,,,Acq,,,,,,,,,,,,,,,30,,0225-DGJZT-BS-DMRM-NEG.d,,Find by MRM,,
111,DGJZT_BS_54_1,,,327.1,,,,,100,,,,4.38,,,542,0.401,4705,,,,,Acq,,,,,,,,,,,,,,,30,,0225-DGJZT-BS-DMRM-NEG.d,,Find by MRM,,
112,DGJZT_DG_49_1,,,215.1,,,,,100,,,,4.564,,,2,0.102,5,,,,,Acq,,,,,,,,,,,,,,,30,,0225-DGJZT-BS-DMRM-NEG.d,,Find by MRM,,
113,DGJZT_DG_49_2,,,215.1,,,,,100,,,,4.608,,,2,0.142,7,,,,,Acq,,,,,,,,,,,,,,,30,,0225-DGJZT-BS-DMRM-NEG.d,,Find by MRM,,
114,DGJZT_CGC_19_1,,,593.2,,,,,100,,,,4.577,,,3,0.126,7,,,,,Acq,,,,,,,,,,,,,,,30,,0225-DGJZT-BS-DMRM-NEG.d,,Find by MRM,,
115,DGJZT_BS_60_1,,,631.2,,,,,100,,,,4.711,,,269,0.303,1962,,,,,Acq,,,,,,,,,,,,,,,30,,0225-DGJZT-BS-DMRM-NEG.d,,Find by MRM,,
116,DGJZT_BS_60_3,,,631.2,,,,,100,,,,4.71,,,1949,0.435,16028,,,,,Acq,,,,,,,,,,,,,,,30,,0225-DGJZT-BS-DMRM-NEG.d,,Find by MRM,,
117,DGJZT_BS_61_1,,,491.1,,,,,100,,,,4.737,,,1658,0.379,12500,,,,,Acq,,,,,,,,,,,,,,,30,,0225-DGJZT-BS-DMRM-NEG.d,,Find by MRM,,
118,DGJZT_GZ_6_2,,,415.1,,,,,100,,,,4.639,,,6,0.159,23,,,,,Acq,,,,,,,,,,,,,,,30,,0225-DGJZT-BS-DMRM-NEG.d,,Find by MRM,,
119,DGJZT_GZ_6_1,,,415.1,,,,,100,,,,4.682,,,10,0.299,38,,,,,Acq,,,,,,,,,,,,,,,30,,0225-DGJZT-BS-DMRM-NEG.d,,Find by MRM,,
120,DGJZT_BS_62_2,,,519.2,,,,,100,,,,4.786,,,293,0.335,2390,,,,,Acq,,,,,,,,,,,,,,,30,,0225-DGJZT-BS-DMRM-NEG.d,,Find by MRM,,
121,DGJZT_BS_62_1,,,519.2,,,,,100,,,,4.795,,,297,0.362,2166,,,,,Acq,,,,,,,,,,,,,,,30,,0225-DGJZT-BS-DMRM-NEG.d,,Find by MRM,,
122,DGJZT_BS_66_3,,,687.2,,,,,100,,,,4.818,,,3250,0.374,28708,,,,,Acq,,,,,,,,,,,,,,,30,,0225-DGJZT-BS-DMRM-NEG.d,,Find by MRM,,
123,DGJZT_BS_66_1,,,687.2,,,,,100,,,,4.826,,,17840,0.424,164581,,,,,Acq,,,,,,,,,,,,,,,30,,0225-DGJZT-BS-DMRM-NEG.d,,Find by MRM,,
124,DGJZT_BS_66_2,,,687.2,,,,,100,,,,4.818,,,470,0.4,4620,,,,,Acq,,,,,,,,,,,,,,,30,,0225-DGJZT-BS-DMRM-NEG.d,,Find by MRM,,
125,DGJZT_GZ_8_2,,,327.1,,,,,100,,,,4.908,,,6,0.126,19,,,,,Acq,,,,,,,,,,,,,,,30,,0225-DGJZT-BS-DMRM-NEG.d,,Find by MRM,,
126,DGJZT_GZ_8_1,,,327.1,,,,,100,,,,5.21,,,13,0.126,56,,,,,Acq,,,,,,,,,,,,,,,30,,0225-DGJZT-BS-DMRM-NEG.d,,Find by MRM,,
127,DGJZT_GZ_8_3,,,327.1,,,,,100,,,,4.909,,,2,0.134,5,,,,,Acq,,,,,,,,,,,,,,,30,,0225-DGJZT-BS-DMRM-NEG.d,,Find by MRM,,
128,DGJZT_GZ_9_3,,,363.1,,,,,100,,,,4.999,,,9,0.131,21,,,,,Acq,,,,,,,,,,,,,,,30,,0225-DGJZT-BS-DMRM-NEG.d,,Find by MRM,,
129,DGJZT_DZ_28_3,,,340.2,,,,,100,,,,5.142,,,2,0.118,4,,,,,Acq,,,,,,,,,,,,,,,30,,0225-DGJZT-BS-DMRM-NEG.d,,Find by MRM,,
130,DGJZT_DZ_28_2,,,340.2,,,,,100,,,,5.032,,,10,0.108,35,,,,,Acq,,,,,,,,,,,,,,,30,,0225-DGJZT-BS-DMRM-NEG.d,,Find by MRM,,
131,DGJZT_DZ_28_1,,,340.2,,,,,100,,,,5.049,,,3,0.067,6,,,,,Acq,,,,,,,,,,,,,,,30,,0225-DGJZT-BS-DMRM-NEG.d,,Find by MRM,,
132,DGJZT_BS_75_1,,,525.2,,,,,100,,,,5.098,,,96265,0.394,1004646,,,,,Acq,,,,,,,,,,,,,,,30,,0225-DGJZT-BS-DMRM-NEG.d,,Find by MRM,,
133,DGJZT_DZ_30_1,,,579.3,,,,,100,,,,5.381,,,5,0.105,12,,,,,Acq,,,,,,,,,,,,,,,30,,0225-DGJZT-BS-DMRM-NEG.d,,Find by MRM,,
134,DGJZT_BS_79_1,,,787.1,,,,,100,,,,5.22,,,432,0.385,3883,,,,,Acq,,,,,,,,,,,,,,,30,,0225-DGJZT-BS-DMRM-NEG.d,,Find by MRM,,
135,DGJZT_SJ_4_1,,,519.2,,,,,100,,,,5.248,,,3,0.102,6,,,,,Acq,,,,,,,,,,,,,,,30,,0225-DGJZT-BS-DMRM-NEG.d,,Find by MRM,,
136,DGJZT_BS_80_2,,,631.2,,,,,100,,,,5.271,,,8252,0.41,70125,,,,,Acq,,,,,,,,,,,,,,,30,,0225-DGJZT-BS-DMRM-NEG.d,,Find by MRM,,
137,DGJZT_BS_80_1,,,631.2,,,,,100,,,,5.279,,,1338,0.409,11237,,,,,Acq,,,,,,,,,,,,,,,30,,0225-DGJZT-BS-DMRM-NEG.d,,Find by MRM,,
138,DGJZT_DZ_31_1,,,741.2,,,,,100,,,,5.329,,,2,0.117,4,,,,,Acq,,,,,,,,,,,,,,,30,,0225-DGJZT-BS-DMRM-NEG.d,,Find by MRM,,
139,DGJZT_BS_81_2,,,541.2,,,,,100,,,,5.306,,,757,0.361,5474,,,,,Acq,,,,,,,,,,,,,,,30,,0225-DGJZT-BS-DMRM-NEG.d,,Find by MRM,,
140,DGJZT_BS_81_1,,,541.2,,,,,100,,,,5.306,,,3063,0.37,22019,,,,,Acq,,,,,,,,,,,,,,,30,,0225-DGJZT-BS-DMRM-NEG.d,,Find by MRM,,
141,DGJZT_DG_58_2,,,367.1,,,,,100,,,,5.521,,,5,0.109,20,,,,,Acq,,,,,,,,,,,,,,,30,,0225-DGJZT-BS-DMRM-NEG.d,,Find by MRM,,
142,DGJZT_DG_58_1,,,367.1,,,,,100,,,,5.361,,,7,0.075,16,,,,,Acq,,,,,,,,,,,,,,,30,,0225-DGJZT-BS-DMRM-NEG.d,,Find by MRM,,
143,DGJZT_DG_58_3,,,367.1,,,,,100,,,,5.344,,,17,0.195,80,,,,,Acq,,,,,,,,,,,,,,,30,,0225-DGJZT-BS-DMRM-NEG.d,,Find by MRM,,
144,DGJZT_BS_86_3,,,525.2,,,,,100,,,,5.517,,,31941,0.487,843534,,,,,Acq,,,,,,,,,,,,,,,30,,0225-DGJZT-BS-DMRM-NEG.d,,Find by MRM,,
145,DGJZT_BS_86_2,,,525.2,,,,,100,,,,5.542,,,341,0.251,3559,,,,,Acq,,,,,,,,,,,,,,,30,,0225-DGJZT-BS-DMRM-NEG.d,,Find by MRM,,
146,DGJZT_BS_86_1,,,525.2,,,,,100,,,,5.509,,,155239,0.406,3679829,,,,,Acq,,,,,,,,,,,,,,,30,,0225-DGJZT-BS-DMRM-NEG.d,,Find by MRM,,
147,DGJZT_BS_85_3,,,449.1,,,,,100,,,,5.435,,,227,0.531,3455,,,,,Acq,,,,,,,,,,,,,,,30,,0225-DGJZT-BS-DMRM-NEG.d,,Find by MRM,,
148,DGJZT_BS_85_2,,,449.1,,,,,100,,,,5.502,,,55,0.201,412,,,,,Acq,,,,,,,,,,,,,,,30,,0225-DGJZT-BS-DMRM-NEG.d,,Find by MRM,,
149,DGJZT_BS_85_1,,,449.1,,,,,100,,,,5.478,,,6595,0.499,94176,,,,,Acq,,,,,,,,,,,,,,,30,,0225-DGJZT-BS-DMRM-NEG.d,,Find by MRM,,
150,DGJZT_BS_82_3,,,327.1,,,,,100,,,,5.496,,,67,0.502,837,,,,,Acq,,,,,,,,,,,,,,,30,,0225-DGJZT-BS-DMRM-NEG.d,,Find by MRM,,
151,DGJZT_BS_96_3,,,497.2,,,,,100,,,,5.617,,,358,0.386,2726,,,,,Acq,,,,,,,,,,,,,,,30,,0225-DGJZT-BS-DMRM-NEG.d,,Find by MRM,,
152,DGJZT_CGC_24_2,,,579.2,,,,,100,,,,5.675,,,2,0.166,11,,,,,Acq,,,,,,,,,,,,,,,30,,0225-DGJZT-BS-DMRM-NEG.d,,Find by MRM,,
153,DGJZT_BS_96_2,,,497.2,,,,,100,,,,5.609,,,255,0.363,1975,,,,,Acq,,,,,,,,,,,,,,,30,,0225-DGJZT-BS-DMRM-NEG.d,,Find by MRM,,
154,DGJZT_GZ_11_3,,,581.2,,,,,100,,,,5.555,,,2,0.091,4,,,,,Acq,,,,,,,,,,,,,,,30,,0225-DGJZT-BS-DMRM-NEG.d,,Find by MRM,,
155,DGJZT_CGC_24_1,,,579.2,,,,,100,,,,5.861,,,1,0.082,2,,,,,Acq,,,,,,,,,,,,,,,30,,0225-DGJZT-BS-DMRM-NEG.d,,Find by MRM,,
156,DGJZT_CGC_27_1,,,737.2,,,,,100,,,,5.975,,,3,0.092,5,,,,,Acq,,,,,,,,,,,,,,,30,,0225-DGJZT-BS-DMRM-NEG.d,,Find by MRM,,
157,DGJZT_BS_97_1,,,495.2,,,,,100,,,,5.838,,,11232,0.393,93746,,,,,Acq,,,,,,,,,,,,,,,30,,0225-DGJZT-BS-DMRM-NEG.d,,Find by MRM,,
158,DGJZT_CGC_26_1,,,737.2,,,,,100,,,,6.051,,,0,0.063,1,,,,,Acq,,,,,,,,,,,,,,,30,,0225-DGJZT-BS-DMRM-NEG.d,,Find by MRM,,
159,DGJZT_CGC_28_1,,,625.2,,,,,100,,,,5.9,,,2,0.135,4,,,,,Acq,,,,,,,,,,,,,,,30,,0225-DGJZT-BS-DMRM-NEG.d,,Find by MRM,,
160,DGJZT_BS_101_1,,,787.1,,,,,100,,,,5.915,,,1003,0.252,7572,,,,,Acq,,,,,,,,,,,,,,,30,,0225-DGJZT-BS-DMRM-NEG.d,,Find by MRM,,
161,DGJZT_BS_102_2,,,519.2,,,,,100,,,,5.862,,,333,0.366,2676,,,,,Acq,,,,,,,,,,,,,,,30,,0225-DGJZT-BS-DMRM-NEG.d,,Find by MRM,,
162,DGJZT_BS_102_1,,,519.2,,,,,100,,,,5.871,,,225,0.422,1806,,,,,Acq,,,,,,,,,,,,,,,30,,0225-DGJZT-BS-DMRM-NEG.d,,Find by MRM,,
163,DGJZT_CGC_29_1,,,415.1,,,,,100,,,,5.914,,,2,0.095,3,,,,,Acq,,,,,,,,,,,,,,,30,,0225-DGJZT-BS-DMRM-NEG.d,,Find by MRM,,
164,DGJZT_DZ_32_2,,,623.3,,,,,100,,,,6.002,,,37,0.279,287,,,,,Acq,,,,,,,,,,,,,,,30,,0225-DGJZT-BS-DMRM-NEG.d,,Find by MRM,,
165,DGJZT_DZ_32_1,,,623.3,,,,,100,,,,6.053,,,1,0.082,2,,,,,Acq,,,,,,,,,,,,,,,30,,0225-DGJZT-BS-DMRM-NEG.d,,Find by MRM,,
166,DGJZT_BS_103_2,,,787.1,,,,,100,,,,6.15,,,843,0.292,6622,,,,,Acq,,,,,,,,,,,,,,,30,,0225-DGJZT-BS-DMRM-NEG.d,,Find by MRM,,
167,DGJZT_BS_103_1,,,787.1,,,,,100,,,,6.158,,,356,0.254,2504,,,,,Acq,,,,,,,,,,,,,,,30,,0225-DGJZT-BS-DMRM-NEG.d,,Find by MRM,,
168,DGJZT_DG_61_2,,,527.2,,,,,100,,,,5.995,,,15,0.143,81,,,,,Acq,,,,,,,,,,,,,,,30,,0225-DGJZT-BS-DMRM-NEG.d,,Find by MRM,,
169,DGJZT_BS_104_2,,,477.1,,,,,100,,,,6.224,,,400,0.382,3633,,,,,Acq,,,,,,,,,,,,,,,30,,0225-DGJZT-BS-DMRM-NEG.d,,Find by MRM,,
170,DGJZT_DZ_33_3,,,609.1,,,,,100,,,,6.345,,,10,0.083,39,,,,,Acq,,,,,,,,,,,,,,,30,,0225-DGJZT-BS-DMRM-NEG.d,,Find by MRM,,
171,DGJZT_DZ_33_1,,,609.1,,,,,100,,,,6.32,,,18,0.175,83,,,,,Acq,,,,,,,,,,,,,,,30,,0225-DGJZT-BS-DMRM-NEG.d,,Find by MRM,,
172,DGJZT_CGC_33_1,,,579.2,,,,,100,,,,6.537,,,4,0.076,10,,,,,Acq,,,,,,,,,,,,,,,30,,0225-DGJZT-BS-DMRM-NEG.d,,Find by MRM,,
173,DGJZT_CGC_33_2,,,579.2,,,,,100,,,,6.363,,,0,0.111,1,,,,,Acq,,,,,,,,,,,,,,,30,,0225-DGJZT-BS-DMRM-NEG.d,,Find by MRM,,
174,DGJZT_GZ_15_1,,,559.2,,,,,100,,,,6.305,,,10,0.158,29,,,,,Acq,,,,,,,,,,,,,,,30,,0225-DGJZT-BS-DMRM-NEG.d,,Find by MRM,,
175,DGJZT_DZ_33_2,,,609.1,,,,,100,,,,6.329,,,4,0.108,8,,,,,Acq,,,,,,,,,,,,,,,30,,0225-DGJZT-BS-DMRM-NEG.d,,Find by MRM,,
176,DGJZT_CGC_31_1,,,549.2,,,,,100,,,,6.405,,,265,0.322,2327,,,,,Acq,,,,,,,,,,,,,,,30,,0225-DGJZT-BS-DMRM-NEG.d,,Find by MRM,,
177,DGJZT_CGC_31_2,,,549.2,,,,,100,,,,6.422,,,29,0.108,112,,,,,Acq,,,,,,,,,,,,,,,30,,0225-DGJZT-BS-DMRM-NEG.d,,Find by MRM,,
178,DGJZT_CGC_31_3,,,549.2,,,,,100,,,,6.54,,,6,0.084,13,,,,,Acq,,,,,,,,,,,,,,,30,,0225-DGJZT-BS-DMRM-NEG.d,,Find by MRM,,
179,DGJZT_CGC_40_2,,,1099.3,,,,,100,,,,6.317,,,0,0.268,2,,,,,Acq,,,,,,,,,,,,,,,30,,0225-DGJZT-BS-DMRM-NEG.d,,Find by MRM,,
180,DGJZT_CGC_36_1,,,549.2,,,,,100,,,,6.404,,,324,0.344,2354,,,,,Acq,,,,,,,,,,,,,,,30,,0225-DGJZT-BS-DMRM-NEG.d,,Find by MRM,,
181,DGJZT_CGC_36_2,,,549.2,,,,,100,,,,6.421,,,26,0.074,64,,,,,Acq,,,,,,,,,,,,,,,30,,0225-DGJZT-BS-DMRM-NEG.d,,Find by MRM,,
182,DGJZT_CGC_36_3,,,549.2,,,,,100,,,,6.447,,,17,0.233,84,,,,,Acq,,,,,,,,,,,,,,,30,,0225-DGJZT-BS-DMRM-NEG.d,,Find by MRM,,
183,DGJZT_CGC_43_3,,,707.2,,,,,100,,,,6.577,,,3,0.127,9,,,,,Acq,,,,,,,,,,,,,,,30,,0225-DGJZT-BS-DMRM-NEG.d,,Find by MRM,,
184,DGJZT_CGC_43_1,,,707.2,,,,,100,,,,6.628,,,4,0.106,8,,,,,Acq,,,,,,,,,,,,,,,30,,0225-DGJZT-BS-DMRM-NEG.d,,Find by MRM,,
185,DGJZT_BS_105_1,,,441.1,,,,,100,,,,6.482,,,294,0.307,2546,,,,,Acq,,,,,,,,,,,,,,,30,,0225-DGJZT-BS-DMRM-NEG.d,,Find by MRM,,
186,DGJZT_CGC_43_2,,,707.2,,,,,100,,,,6.51,,,5,0.12,10,,,,,Acq,,,,,,,,,,,,,,,30,,0225-DGJZT-BS-DMRM-NEG.d,,Find by MRM,,
187,DGJZT_CGC_47_2,,,417.1,,,,,100,,,,6.55,,,17,0.098,64,,,,,Acq,,,,,,,,,,,,,,,30,,0225-DGJZT-BS-DMRM-NEG.d,,Find by MRM,,
188,DGJZT_CGC_47_3,,,417.1,,,,,100,,,,6.59,,,82,0.432,602,,,,,Acq,,,,,,,,,,,,,,,30,,0225-DGJZT-BS-DMRM-NEG.d,,Find by MRM,,
189,DGJZT_CGC_47_1,,,417.1,,,,,100,,,,6.591,,,64,0.25,348,,,,,Acq,,,,,,,,,,,,,,,30,,0225-DGJZT-BS-DMRM-NEG.d,,Find by MRM,,
190,DGJZT_BS_106_2,,,301,,,,,100,,,,6.667,,,274,0.316,2735,,,,,Acq,,,,,,,,,,,,,,,30,,0225-DGJZT-BS-DMRM-NEG.d,,Find by MRM,,
191,DGJZT_CGC_54_1,,,565.2,,,,,100,,,,6.815,,,0,0.105,0,,,,,Acq,,,,,,,,,,,,,,,30,,0225-DGJZT-BS-DMRM-NEG.d,,Find by MRM,,
192,DGJZT_GZ_16_1,,,475.2,,,,,100,,,,6.532,,,5,0.142,11,,,,,Acq,,,,,,,,,,,,,,,30,,0225-DGJZT-BS-DMRM-NEG.d,,Find by MRM,,
193,DGJZT_BS_107_2,,,309.1,,,,,100,,,,6.658,,,292,0.377,2593,,,,,Acq,,,,,,,,,,,,,,,30,,0225-DGJZT-BS-DMRM-NEG.d,,Find by MRM,,
194,DGJZT_BS_107_1,,,309.1,,,,,100,,,,6.666,,,242,0.417,1854,,,,,Acq,,,,,,,,,,,,,,,30,,0225-DGJZT-BS-DMRM-NEG.d,,Find by MRM,,
195,DGJZT_BS_106_3,,,301,,,,,100,,,,6.659,,,316,0.398,2995,,,,,Acq,,,,,,,,,,,,,,,30,,0225-DGJZT-BS-DMRM-NEG.d,,Find by MRM,,
196,DGJZT_BS_106_1,,,301,,,,,100,,,,6.651,,,272,0.396,2554,,,,,Acq,,,,,,,,,,,,,,,30,,0225-DGJZT-BS-DMRM-NEG.d,,Find by MRM,,
197,DGJZT_BS_108_2,,,631.2,,,,,100,,,,6.823,,,409,0.496,4333,,,,,Acq,,,,,,,,,,,,,,,30,,0225-DGJZT-BS-DMRM-NEG.d,,Find by MRM,,
198,DGJZT_SJ_5_3,,,475.2,,,,,100,,,,7.042,,,0,0.055,0,,,,,Acq,,,,,,,,,,,,,,,30,,0225-DGJZT-BS-DMRM-NEG.d,,Find by MRM,,
199,DGJZT_BS_108_3,,,631.2,,,,,100,,,,6.814,,,16421,0.42,152226,,,,,Acq,,,,,,,,,,,,,,,30,,0225-DGJZT-BS-DMRM-NEG.d,,Find by MRM,,
200,DGJZT_BS_108_1,,,631.2,,,,,100,,,,6.797,,,6101,0.426,56988,,,,,Acq,,,,,,,,,,,,,,,30,,0225-DGJZT-BS-DMRM-NEG.d,,Find by MRM,,
201,DGJZT_DG_65_1,,,193,,,,,100,,,,6.794,,,6,0.201,18,,,,,Acq,,,,,,,,,,,,,,,30,,0225-DGJZT-BS-DMRM-NEG.d,,Find by MRM,,
202,DGJZT_DG_64_1,,,178,,,,,100,,,,6.803,,,4,0.067,11,,,,,Acq,,,,,,,,,,,,,,,30,,0225-DGJZT-BS-DMRM-NEG.d,,Find by MRM,,
203,DGJZT_DG_64_2,,,178,,,,,100,,,,6.652,,,3,0.081,5,,,,,Acq,,,,,,,,,,,,,,,30,,0225-DGJZT-BS-DMRM-NEG.d,,Find by MRM,,
204,DGJZT_DG_65_3,,,193,,,,,100,,,,6.87,,,3,0.109,8,,,,,Acq,,,,,,,,,,,,,,,30,,0225-DGJZT-BS-DMRM-NEG.d,,Find by MRM,,
205,DGJZT_BS_118_1,,,939.1,,,,,100,,,,6.946,,,1799,0.38,18087,,,,,Acq,,,,,,,,,,,,,,,30,,0225-DGJZT-BS-DMRM-NEG.d,,Find by MRM,,
206,DGJZT_BS_118_2,,,939.1,,,,,100,,,,6.955,,,175,0.35,1645,,,,,Acq,,,,,,,,,,,,,,,30,,0225-DGJZT-BS-DMRM-NEG.d,,Find by MRM,,
207,DGJZT_BS_115_1,,,769.1,,,,,100,,,,6.939,,,113,0.118,541,,,,,Acq,,,,,,,,,,,,,,,30,,0225-DGJZT-BS-DMRM-NEG.d,,Find by MRM,,
208,DGJZT_BS_118_3,,,939.1,,,,,100,,,,6.938,,,847,0.377,8253,,,,,Acq,,,,,,,,,,,,,,,30,,0225-DGJZT-BS-DMRM-NEG.d,,Find by MRM,,
209,DGJZT_BS_120_2,,,509.2,,,,,100,,,,7.076,,,143,0.496,1533,,,,,Acq,,,,,,,,,,,,,,,30,,0225-DGJZT-BS-DMRM-NEG.d,,Find by MRM,,
210,DGJZT_DZ_34_2,,,204.1,,,,,100,,,,7.112,,,7,0.068,16,,,,,Acq,,,,,,,,,,,,,,,30,,0225-DGJZT-BS-DMRM-NEG.d,,Find by MRM,,
211,DGJZT_DZ_36_2,,,637.3,,,,,100,,,,7.149,,,3,0.125,7,,,,,Acq,,,,,,,,,,,,,,,30,,0225-DGJZT-BS-DMRM-NEG.d,,Find by MRM,,
212,DGJZT_DZ_36_1,,,637.3,,,,,100,,,,7.015,,,3,0.1,6,,,,,Acq,,,,,,,,,,,,,,,30,,0225-DGJZT-BS-DMRM-NEG.d,,Find by MRM,,
213,DGJZT_DZ_34_1,,,204.1,,,,,100,,,,7.163,,,3,0.125,8,,,,,Acq,,,,,,,,,,,,,,,30,,0225-DGJZT-BS-DMRM-NEG.d,,Find by MRM,,
214,DGJZT_DZ_34_3,,,204.1,,,,,100,,,,7.281,,,2,0.101,6,,,,,Acq,,,,,,,,,,,,,,,30,,0225-DGJZT-BS-DMRM-NEG.d,,Find by MRM,,
215,DGJZT_DZ_36_3,,,637.3,,,,,100,,,,7.174,,,3,0.084,7,,,,,Acq,,,,,,,,,,,,,,,30,,0225-DGJZT-BS-DMRM-NEG.d,,Find by MRM,,
216,DGJZT_SJ_6_2,,,375.1,,,,,100,,,,7.421,,,4,0.1,9,,,,,Acq,,,,,,,,,,,,,,,30,,0225-DGJZT-BS-DMRM-NEG.d,,Find by MRM,,
217,DGJZT_SJ_6_1,,,375.1,,,,,100,,,,7.304,,,3,0.093,6,,,,,Acq,,,,,,,,,,,,,,,30,,0225-DGJZT-BS-DMRM-NEG.d,,Find by MRM,,
218,DGJZT_DG_66_1,,,209.1,,,,,100,,,,7.044,,,2,0.101,6,,,,,Acq,,,,,,,,,,,,,,,30,,0225-DGJZT-BS-DMRM-NEG.d,,Find by MRM,,
219,DGJZT_DG_66_3,,,209.1,,,,,100,,,,7.363,,,2,0.118,4,,,,,Acq,,,,,,,,,,,,,,,30,,0225-DGJZT-BS-DMRM-NEG.d,,Find by MRM,,
220,DGJZT_GZ_18_3,,,557.2,,,,,100,,,,7.393,,,6,0.102,17,,,,,Acq,,,,,,,,,,,,,,,30,,0225-DGJZT-BS-DMRM-NEG.d,,Find by MRM,,
221,DGJZT_GZ_18_2,,,557.2,,,,,100,,,,7.318,,,3,0.101,7,,,,,Acq,,,,,,,,,,,,,,,30,,0225-DGJZT-BS-DMRM-NEG.d,,Find by MRM,,
222,DGJZT_GZ_18_1,,,557.2,,,,,100,,,,7.579,,,0,0.225,2,,,,,Acq,,,,,,,,,,,,,,,30,,0225-DGJZT-BS-DMRM-NEG.d,,Find by MRM,,
223,DGJZT_BS_123_1,,,507.2,,,,,100,,,,7.488,,,586,0.46,5464,,,,,Acq,,,,,,,,,,,,,,,30,,0225-DGJZT-BS-DMRM-NEG.d,,Find by MRM,,
224,DGJZT_BS_125_3,,,567.2,,,,,100,,,,7.518,,,255,0.36,2019,,,,,Acq,,,,,,,,,,,,,,,30,,0225-DGJZT-BS-DMRM-NEG.d,,Find by MRM,,
225,DGJZT_BS_125_1,,,567.2,,,,,100,,,,7.519,,,1949,0.522,19271,,,,,Acq,,,,,,,,,,,,,,,30,,0225-DGJZT-BS-DMRM-NEG.d,,Find by MRM,,
226,DGJZT_BS_126_3,,,631.2,,,,,100,,,,7.567,,,388,0.304,3148,,,,,Acq,,,,,,,,,,,,,,,30,,0225-DGJZT-BS-DMRM-NEG.d,,Find by MRM,,
227,DGJZT_BS_126_2,,,631.2,,,,,100,,,,7.584,,,340,0.368,3051,,,,,Acq,,,,,,,,,,,,,,,30,,0225-DGJZT-BS-DMRM-NEG.d,,Find by MRM,,
228,DGJZT_BS_126_1,,,631.2,,,,,100,,,,7.583,,,5680,0.39,54074,,,,,Acq,,,,,,,,,,,,,,,30,,0225-DGJZT-BS-DMRM-NEG.d,,Find by MRM,,
229,DGJZT_GZ_19_1,,,421.2,,,,,100,,,,7.631,,,4,0.067,9,,,,,Acq,,,,,,,,,,,,,,,30,,0225-DGJZT-BS-DMRM-NEG.d,,Find by MRM,,
230,DGJZT_CGC_65_1,,,635.2,,,,,100,,,,7.483,,,3,0.115,6,,,,,Acq,,,,,,,,,,,,,,,30,,0225-DGJZT-BS-DMRM-NEG.d,,Find by MRM,,
231,DGJZT_CGC_64_1,,,591.2,,,,,100,,,,7.77,,,2,0.118,5,,,,,Acq,,,,,,,,,,,,,,,30,,0225-DGJZT-BS-DMRM-NEG.d,,Find by MRM,,
232,DGJZT_CGC_64_2,,,591.2,,,,,100,,,,7.636,,,0,0.123,0,,,,,Acq,,,,,,,,,,,,,,,30,,0225-DGJZT-BS-DMRM-NEG.d,,Find by MRM,,
233,DGJZT_BS_127_1,,,345.2,,,,,100,,,,7.616,,,276,0.377,2462,,,,,Acq,,,,,,,,,,,,,,,30,,0225-DGJZT-BS-DMRM-NEG.d,,Find by MRM,,
234,DGJZT_BS_128_2,,,503.2,,,,,100,,,,7.721,,,721,0.353,6080,,,,,Acq,,,,,,,,,,,,,,,30,,0225-DGJZT-BS-DMRM-NEG.d,,Find by MRM,,
235,DGJZT_BS_128_1,,,503.2,,,,,100,,,,7.696,,,226,0.342,1834,,,,,Acq,,,,,,,,,,,,,,,30,,0225-DGJZT-BS-DMRM-NEG.d,,Find by MRM,,
236,DGJZT_CGC_66_1,,,431.1,,,,,100,,,,7.892,,,10,0.168,37,,,,,Acq,,,,,,,,,,,,,,,30,,0225-DGJZT-BS-DMRM-NEG.d,,Find by MRM,,
237,DGJZT_CGC_67_1,,,459.1,,,,,100,,,,7.974,,,5,0.183,23,,,,,Acq,,,,,,,,,,,,,,,30,,0225-DGJZT-BS-DMRM-NEG.d,,Find by MRM,,
238,DGJZT_CGC_67_2,,,459.1,,,,,100,,,,7.815,,,0,0.084,1,,,,,Acq,,,,,,,,,,,,,,,30,,0225-DGJZT-BS-DMRM-NEG.d,,Find by MRM,,
239,DGJZT_DZ_37_3,,,671.3,,,,,100,,,,8.018,,,4,0.082,9,,,,,Acq,,,,,,,,,,,,,,,30,,0225-DGJZT-BS-DMRM-NEG.d,,Find by MRM,,
240,DGJZT_DZ_37_2,,,671.3,,,,,100,,,,7.926,,,3,0.085,7,,,,,Acq,,,,,,,,,,,,,,,30,,0225-DGJZT-BS-DMRM-NEG.d,,Find by MRM,,
241,DGJZT_DZ_37_1,,,671.3,,,,,100,,,,8.078,,,0,0.357,1,,,,,Acq,,,,,,,,,,,,,,,30,,0225-DGJZT-BS-DMRM-NEG.d,,Find by MRM,,
242,DGJZT_BS_130_1,,,645.2,,,,,100,,,,8.028,,,194,0.446,2405,,,,,Acq,,,,,,,,,,,,,,,30,,0225-DGJZT-BS-DMRM-NEG.d,,Find by MRM,,
243,DGJZT_CGC_69_1,,,433.1,,,,,100,,,,7.874,,,368,0.307,2905,,,,,Acq,,,,,,,,,,,,,,,30,,0225-DGJZT-BS-DMRM-NEG.d,,Find by MRM,,
244,DGJZT_DG_68_2,,,515.1,,,,,100,,,,8.005,,,6,0.083,13,,,,,Acq,,,,,,,,,,,,,,,30,,0225-DGJZT-BS-DMRM-NEG.d,,Find by MRM,,
245,DGJZT_DG_68_1,,,515.1,,,,,100,,,,7.98,,,5,0.1,15,,,,,Acq,,,,,,,,,,,,,,,30,,0225-DGJZT-BS-DMRM-NEG.d,,Find by MRM,,
246,DGJZT_DG_68_3,,,515.1,,,,,100,,,,8.023,,,3,0.059,5,,,,,Acq,,,,,,,,,,,,,,,30,,0225-DGJZT-BS-DMRM-NEG.d,,Find by MRM,,
247,DGJZT_BS_132_1,,,525.2,,,,,100,,,,8.121,,,28635,0.475,292996,,,,,Acq,,,,,,,,,,,,,,,30,,0225-DGJZT-BS-DMRM-NEG.d,,Find by MRM,,
248,DGJZT_BS_132_3,,,525.2,,,,,100,,,,8.121,,,26159,0.475,268718,,,,,Acq,,,,,,,,,,,,,,,30,,0225-DGJZT-BS-DMRM-NEG.d,,Find by MRM,,
249,DGJZT_BS_134_1,,,509.2,,,,,100,,,,8.166,,,4537,0.515,45411,,,,,Acq,,,,,,,,,,,,,,,30,,0225-DGJZT-BS-DMRM-NEG.d,,Find by MRM,,
250,DGJZT_CGC_71_1,,,301.1,,,,,100,,,,8.427,,,3,0.109,9,,,,,Acq,,,,,,,,,,,,,,,30,,0225-DGJZT-BS-DMRM-NEG.d,,Find by MRM,,
251,DGJZT_CGC_76_1,,,561.2,,,,,100,,,,8.64,,,2,0.117,5,,,,,Acq,,,,,,,,,,,,,,,30,,0225-DGJZT-BS-DMRM-NEG.d,,Find by MRM,,
252,DGJZT_CGC_76_2,,,561.2,,,,,100,,,,8.674,,,1,0.15,2,,,,,Acq,,,,,,,,,,,,,,,30,,0225-DGJZT-BS-DMRM-NEG.d,,Find by MRM,,
253,DGJZT_GZ_20_2,,,361.2,,,,,100,,,,8.56,,,10,0.13,33,,,,,Acq,,,,,,,,,,,,,,,30,,0225-DGJZT-BS-DMRM-NEG.d,,Find by MRM,,
254,DGJZT_CGC_80_1,,,549.2,,,,,100,,,,8.582,,,16,0.182,98,,,,,Acq,,,,,,,,,,,,,,,30,,0225-DGJZT-BS-DMRM-NEG.d,,Find by MRM,,
255,DGJZT_CGC_80_2,,,549.2,,,,,100,,,,8.65,,,2,0.079,6,,,,,Acq,,,,,,,,,,,,,,,30,,0225-DGJZT-BS-DMRM-NEG.d,,Find by MRM,,
256,DGJZT_GZ_20_1,,,361.2,,,,,100,,,,8.502,,,5,0.126,13,,,,,Acq,,,,,,,,,,,,,,,30,,0225-DGJZT-BS-DMRM-NEG.d,,Find by MRM,,
257,DGJZT_CGC_83_1,,,591.2,,,,,100,,,,8.664,,,2,0.083,6,,,,,Acq,,,,,,,,,,,,,,,30,,0225-DGJZT-BS-DMRM-NEG.d,,Find by MRM,,
258,DGJZT_CGC_83_2,,,591.2,,,,,100,,,,8.841,,,2,0.117,3,,,,,Acq,,,,,,,,,,,,,,,30,,0225-DGJZT-BS-DMRM-NEG.d,,Find by MRM,,
259,DGJZT_BS_137_1,,,507.1,,,,,100,,,,8.692,,,1708,0.427,17910,,,,,Acq,,,,,,,,,,,,,,,30,,0225-DGJZT-BS-DMRM-NEG.d,,Find by MRM,,
260,DGJZT_BS_138_3,,,783.2,,,,,100,,,,8.997,,,283,0.12,3502,,,,,Acq,,,,,,,,,,,,,,,30,,0225-DGJZT-BS-DMRM-NEG.d,,Find by MRM,,
261,DGJZT_BS_138_1,,,783.2,,,,,100,,,,8.788,,,94,0.21,644,,,,,Acq,,,,,,,,,,,,,,,30,,0225-DGJZT-BS-DMRM-NEG.d,,Find by MRM,,
262,DGJZT_BS_139_1,,,631.2,,,,,100,,,,8.747,,,144,0.261,1024,,,,,Acq,,,,,,,,,,,,,,,30,,0225-DGJZT-BS-DMRM-NEG.d,,Find by MRM,,
263,DGJZT_BS_140_1,,,505.2,,,,,100,,,,8.751,,,1519,0.359,12336,,,,,Acq,,,,,,,,,,,,,,,30,,0225-DGJZT-BS-DMRM-NEG.d,,Find by MRM,,
264,DGJZT_CGC_88_1,,,549.2,,,,,100,,,,8.799,,,11,0.08,22,,,,,Acq,,,,,,,,,,,,,,,30,,0225-DGJZT-BS-DMRM-NEG.d,,Find by MRM,,
265,DGJZT_CGC_88_2,,,549.2,,,,,100,,,,9.184,,,11,0.075,13,,,,,Acq,,,,,,,,,,,,,,,30,,0225-DGJZT-BS-DMRM-NEG.d,,Find by MRM,,
266,DGJZT_CGC_90_1,,,459.1,,,,,100,,,,8.92,,,4,0.153,12,,,,,Acq,,,,,,,,,,,,,,,30,,0225-DGJZT-BS-DMRM-NEG.d,,Find by MRM,,
267,DGJZT_CGC_93_1,,,697.2,,,,,100,,,,9.19,,,2,0.05,3,,,,,Acq,,,,,,,,,,,,,,,30,,0225-DGJZT-BS-DMRM-NEG.d,,Find by MRM,,
268,DGJZT_CGC_94_2,,,475.1,,,,,100,,,,8.969,,,8,0.148,37,,,,,Acq,,,,,,,,,,,,,,,30,,0225-DGJZT-BS-DMRM-NEG.d,,Find by MRM,,
269,DGJZT_CGC_94_1,,,475.1,,,,,100,,,,9.152,,,3,0.101,6,,,,,Acq,,,,,,,,,,,,,,,30,,0225-DGJZT-BS-DMRM-NEG.d,,Find by MRM,,
270,DGJZT_CGC_96_1,,,669.2,,,,,100,,,,8.991,,,1,0.086,2,,,,,Acq,,,,,,,,,,,,,,,30,,0225-DGJZT-BS-DMRM-NEG.d,,Find by MRM,,
271,DGJZT_CGC_100_1,,,835.2,,,,,100,,,,8.88,,,4,0.117,8,,,,,Acq,,,,,,,,,,,,,,,30,,0225-DGJZT-BS-DMRM-NEG.d,,Find by MRM,,
272,DGJZT_SJ_7_2,,,389.2,,,,,100,,,,9.013,,,3,0.174,12,,,,,Acq,,,,,,,,,,,,,,,30,,0225-DGJZT-BS-DMRM-NEG.d,,Find by MRM,,
273,DGJZT_SJ_7_1,,,389.2,,,,,100,,,,8.971,,,2,0.082,6,,,,,Acq,,,,,,,,,,,,,,,30,,0225-DGJZT-BS-DMRM-NEG.d,,Find by MRM,,
274,DGJZT_CGC_99_1,,,417.1,,,,,100,,,,9.02,,,11,0.19,65,,,,,Acq,,,,,,,,,,,,,,,30,,0225-DGJZT-BS-DMRM-NEG.d,,Find by MRM,,
275,DGJZT_BS_143_1,,,615.2,,,,,100,,,,9.124,,,154,0.344,1907,,,,,Acq,,,,,,,,,,,,,,,30,,0225-DGJZT-BS-DMRM-NEG.d,,Find by MRM,,
276,DGJZT_DG_70_2,,,237.1,,,,,100,,,,9.204,,,3,0.151,11,,,,,Acq,,,,,,,,,,,,,,,30,,0225-DGJZT-BS-DMRM-NEG.d,,Find by MRM,,
277,DGJZT_DG_69_1,,,193.1,,,,,100,,,,9.264,,,13,0.159,47,,,,,Acq,,,,,,,,,,,,,,,30,,0225-DGJZT-BS-DMRM-NEG.d,,Find by MRM,,
278,DGJZT_DG_70_3,,,237.1,,,,,100,,,,9.162,,,3,0.071,6,,,,,Acq,,,,,,,,,,,,,,,30,,0225-DGJZT-BS-DMRM-NEG.d,,Find by MRM,,
279,DGJZT_DG_69_2,,,193.1,,,,,100,,,,9.088,,,2,0.059,4,,,,,Acq,,,,,,,,,,,,,,,30,,0225-DGJZT-BS-DMRM-NEG.d,,Find by MRM,,
280,DGJZT_DG_70_1,,,237.1,,,,,100,,,,9.305,,,7,0.084,18,,,,,Acq,,,,,,,,,,,,,,,30,,0225-DGJZT-BS-DMRM-NEG.d,,Find by MRM,,
281,DGJZT_DG_69_3,,,193.1,,,,,100,,,,9.322,,,4,0.193,13,,,,,Acq,,,,,,,,,,,,,,,30,,0225-DGJZT-BS-DMRM-NEG.d,,Find by MRM,,
282,DGJZT_CGC_106_1,,,695.2,,,,,100,,,,9.424,,,2,0.125,5,,,,,Acq,,,,,,,,,,,,,,,30,,0225-DGJZT-BS-DMRM-NEG.d,,Find by MRM,,
283,DGJZT_CGC_106_2,,,695.2,,,,,100,,,,9.324,,,0,0.159,1,,,,,Acq,,,,,,,,,,,,,,,30,,0225-DGJZT-BS-DMRM-NEG.d,,Find by MRM,,
284,DGJZT_BS_144_2,,,493.2,,,,,100,,,,9.309,,,805,0.46,7887,,,,,Acq,,,,,,,,,,,,,,,30,,0225-DGJZT-BS-DMRM-NEG.d,,Find by MRM,,
285,DGJZT_CGC_108_1,,,725.2,,,,,100,,,,9.274,,,2,0.1,4,,,,,Acq,,,,,,,,,,,,,,,30,,0225-DGJZT-BS-DMRM-NEG.d,,Find by MRM,,
286,DGJZT_BS_144_1,,,493.2,,,,,100,,,,9.468,,,168,0.17,1018,,,,,Acq,,,,,,,,,,,,,,,30,,0225-DGJZT-BS-DMRM-NEG.d,,Find by MRM,,
287,DGJZT_BS_147_3,,,491.2,,,,,100,,,,9.553,,,1621,0.432,15002,,,,,Acq,,,,,,,,,,,,,,,30,,0225-DGJZT-BS-DMRM-NEG.d,,Find by MRM,,
288,DGJZT_BS_147_1,,,491.2,,,,,100,,,,9.563,,,946,0.408,8453,,,,,Acq,,,,,,,,,,,,,,,30,,0225-DGJZT-BS-DMRM-NEG.d,,Find by MRM,,
289,DGJZT_DG_72_2,,,251.1,,,,,100,,,,9.573,,,5,0.111,21,,,,,Acq,,,,,,,,,,,,,,,30,,0225-DGJZT-BS-DMRM-NEG.d,,Find by MRM,,
290,DGJZT_DG_72_1,,,251.1,,,,,100,,,,9.555,,,2,0.06,6,,,,,Acq,,,,,,,,,,,,,,,30,,0225-DGJZT-BS-DMRM-NEG.d,,Find by MRM,,
291,DGJZT_DG_72_3,,,251.1,,,,,100,,,,9.809,,,18,0.047,14,,,,,Acq,,,,,,,,,,,,,,,30,,0225-DGJZT-BS-DMRM-NEG.d,,Find by MRM,,
292,DGJZT_BS_147_2,,,491.2,,,,,100,,,,9.562,,,3569,0.359,30584,,,,,Acq,,,,,,,,,,,,,,,30,,0225-DGJZT-BS-DMRM-NEG.d,,Find by MRM,,
293,DGJZT_BS_149_2,,,507.2,,,,,100,,,,9.709,,,368,0.3,2653,,,,,Acq,,,,,,,,,,,,,,,30,,0225-DGJZT-BS-DMRM-NEG.d,,Find by MRM,,
294,DGJZT_BS_149_1,,,507.2,,,,,100,,,,9.752,,,148,0.249,1308,,,,,Acq,,,,,,,,,,,,,,,30,,0225-DGJZT-BS-DMRM-NEG.d,,Find by MRM,,
295,DGJZT_CGC_113_2,,,591.2,,,,,100,,,,9.886,,,0,0.27,2,,,,,Acq,,,,,,,,,,,,,,,30,,0225-DGJZT-BS-DMRM-NEG.d,,Find by MRM,,
296,DGJZT_BS_150_3,,,493.2,,,,,100,,,,9.77,,,377,0.183,2142,,,,,Acq,,,,,,,,,,,,,,,30,,0225-DGJZT-BS-DMRM-NEG.d,,Find by MRM,,
297,DGJZT_BS_150_1,,,493.2,,,,,100,,,,9.795,,,168,0.187,823,,,,,Acq,,,,,,,,,,,,,,,30,,0225-DGJZT-BS-DMRM-NEG.d,,Find by MRM,,
298,DGJZT_GZ_24_1,,,263.1,,,,,100,,,,9.892,,,7,0.193,17,,,,,Acq,,,,,,,,,,,,,,,30,,0225-DGJZT-BS-DMRM-NEG.d,,Find by MRM,,
299,DGJZT_BS_154_2,,,491.2,,,,,100,,,,9.94,,,1031,0.296,7839,,,,,Acq,,,,,,,,,,,,,,,30,,0225-DGJZT-BS-DMRM-NEG.d,,Find by MRM,,
300,DGJZT_BS_153_1,,,445.2,,,,,100,,,,9.916,,,172,0.232,1122,,,,,Acq,,,,,,,,,,,,,,,30,,0225-DGJZT-BS-DMRM-NEG.d,,Find by MRM,,
301,DGJZT_GZ_24_2,,,263.1,,,,,100,,,,9.791,,,7,0.16,24,,,,,Acq,,,,,,,,,,,,,,,30,,0225-DGJZT-BS-DMRM-NEG.d,,Find by MRM,,
302,DGJZT_BS_155_2,,,507.2,,,,,100,,,,9.718,,,1064,0.203,8018,,,,,Acq,,,,,,,,,,,,,,,30,,0225-DGJZT-BS-DMRM-NEG.d,,Find by MRM,,
303,DGJZT_BS_154_3,,,491.2,,,,,100,,,,9.923,,,297,0.265,1985,,,,,Acq,,,,,,,,,,,,,,,30,,0225-DGJZT-BS-DMRM-NEG.d,,Find by MRM,,
304,DGJZT_BS_154_1,,,491.2,,,,,100,,,,9.916,,,457,0.269,3251,,,,,Acq,,,,,,,,,,,,,,,30,,0225-DGJZT-BS-DMRM-NEG.d,,Find by MRM,,
305,DGJZT_BS_153_2,,,445.2,,,,,100,,,,9.916,,,140,0.239,1011,,,,,Acq,,,,,,,,,,,,,,,30,,0225-DGJZT-BS-DMRM-NEG.d,,Find by MRM,,
306,DGJZT_BS_156_1,,,569.2,,,,,100,,,,10.021,,,2809,0.364,22240,,,,,Acq,,,,,,,,,,,,,,,30,,0225-DGJZT-BS-DMRM-NEG.d,,Find by MRM,,
307,DGJZT_BS_156_2,,,569.2,,,,,100,,,,10.021,,,2798,0.358,21470,,,,,Acq,,,,,,,,,,,,,,,30,,0225-DGJZT-BS-DMRM-NEG.d,,Find by MRM,,
308,DGJZT_BS_150_2,,,493.2,,,,,100,,,,9.82,,,114,0.179,556,,,,,Acq,,,,,,,,,,,,,,,30,,0225-DGJZT-BS-DMRM-NEG.d,,Find by MRM,,
309,DGJZT_DG_73_2,,,429.1,,,,,100,,,,10.017,,,0,0.117,0,,,,,Acq,,,,,,,,,,,,,,,30,,0225-DGJZT-BS-DMRM-NEG.d,,Find by MRM,,
310,DGJZT_BS_155_3,,,507.2,,,,,100,,,,9.997,,,172,0.284,1179,,,,,Acq,,,,,,,,,,,,,,,30,,0225-DGJZT-BS-DMRM-NEG.d,,Find by MRM,,
311,DGJZT_CGC_129_1,,,999.4,,,,,100,,,,10.22,,,2,0.126,5,,,,,Acq,,,,,,,,,,,,,,,30,,0225-DGJZT-BS-DMRM-NEG.d,,Find by MRM,,
312,DGJZT_GZ_25_1,,,593.1,,,,,100,,,,10.028,,,6,0.118,14,,,,,Acq,,,,,,,,,,,,,,,30,,0225-DGJZT-BS-DMRM-NEG.d,,Find by MRM,,
313,DGJZT_BS_157_1,,,567.2,,,,,100,,,,10.097,,,1280,0.38,9650,,,,,Acq,,,,,,,,,,,,,,,30,,0225-DGJZT-BS-DMRM-NEG.d,,Find by MRM,,
314,DGJZT_BS_152_1,,,521.3,,,,,100,,,,10.097,,,176,0.28,1204,,,,,Acq,,,,,,,,,,,,,,,30,,0225-DGJZT-BS-DMRM-NEG.d,,Find by MRM,,
315,DGJZT_CGC_132_1,,,837.4,,,,,100,,,,10.112,,,3,0.101,6,,,,,Acq,,,,,,,,,,,,,,,30,,0225-DGJZT-BS-DMRM-NEG.d,,Find by MRM,,
316,DGJZT_CGC_125_1,,,692.2,,,,,100,,,,9.961,,,0,0.181,2,,,,,Acq,,,,,,,,,,,,,,,30,,0225-DGJZT-BS-DMRM-NEG.d,,Find by MRM,,
317,DGJZT_CGC_122_1,,,459.1,,,,,100,,,,9.983,,,0,0.209,2,,,,,Acq,,,,,,,,,,,,,,,30,,0225-DGJZT-BS-DMRM-NEG.d,,Find by MRM,,
318,DGJZT_GZ_26_3,,,421.1,,,,,100,,,,10.346,,,3,0.09,6,,,,,Acq,,,,,,,,,,,,,,,30,,0225-DGJZT-BS-DMRM-NEG.d,,Find by MRM,,
319,DGJZT_BS_160_1,,,507.2,,,,,100,,,,10.244,,,395,0.348,3567,,,,,Acq,,,,,,,,,,,,,,,30,,0225-DGJZT-BS-DMRM-NEG.d,,Find by MRM,,
320,DGJZT_CGC_148_1,,,835.4,,,,,100,,,,10.019,,,0,0.041,0,,,,,Acq,,,,,,,,,,,,,,,30,,0225-DGJZT-BS-DMRM-NEG.d,,Find by MRM,,
321,DGJZT_BS_160_3,,,507.2,,,,,100,,,,10.243,,,668,0.419,6502,,,,,Acq,,,,,,,,,,,,,,,30,,0225-DGJZT-BS-DMRM-NEG.d,,Find by MRM,,
322,DGJZT_BS_160_2,,,507.2,,,,,100,,,,10.26,,,333,0.417,2949,,,,,Acq,,,,,,,,,,,,,,,30,,0225-DGJZT-BS-DMRM-NEG.d,,Find by MRM,,
323,DGJZT_CGC_150_1,,,695.2,,,,,100,,,,10.375,,,5,0.1,9,,,,,Acq,,,,,,,,,,,,,,,30,,0225-DGJZT-BS-DMRM-NEG.d,,Find by MRM,,
324,DGJZT_CGC_152_1,,,953.5,,,,,100,,,,10.347,,,3,0.1,5,,,,,Acq,,,,,,,,,,,,,,,30,,0225-DGJZT-BS-DMRM-NEG.d,,Find by MRM,,
325,DGJZT_CGC_151_1,,,725.2,,,,,100,,,,10.39,,,4,0.134,15,,,,,Acq,,,,,,,,,,,,,,,30,,0225-DGJZT-BS-DMRM-NEG.d,,Find by MRM,,
326,DGJZT_CGC_156_1,,,895.4,,,,,100,,,,10.481,,,3,0.1,6,,,,,Acq,,,,,,,,,,,,,,,30,,0225-DGJZT-BS-DMRM-NEG.d,,Find by MRM,,
327,DGJZT_CGC_161_1,,,853.4,,,,,100,,,,10.415,,,3,0.14,7,,,,,Acq,,,,,,,,,,,,,,,30,,0225-DGJZT-BS-DMRM-NEG.d,,Find by MRM,,
328,DGJZT_CGC_163_1,,,983.5,,,,,100,,,,10.514,,,5,0.1,11,,,,,Acq,,,,,,,,,,,,,,,30,,0225-DGJZT-BS-DMRM-NEG.d,,Find by MRM,,
329,DGJZT_CGC_163_2,,,983.5,,,,,100,,,,10.405,,,4,0.129,9,,,,,Acq,,,,,,,,,,,,,,,30,,0225-DGJZT-BS-DMRM-NEG.d,,Find by MRM,,
330,DGJZT_BS_159_1,,,597.2,,,,,100,,,,10.461,,,718,0.267,4803,,,,,Acq,,,,,,,,,,,,,,,30,,0225-DGJZT-BS-DMRM-NEG.d,,Find by MRM,,
331,DGJZT_CGC_175_1,,,669.2,,,,,100,,,,10.685,,,5,0.091,9,,,,,Acq,,,,,,,,,,,,,,,30,,0225-DGJZT-BS-DMRM-NEG.d,,Find by MRM,,
332,DGJZT_BS_164_3,,,661.3,,,,,100,,,,10.602,,,399,0.267,2833,,,,,Acq,,,,,,,,,,,,,,,30,,0225-DGJZT-BS-DMRM-NEG.d,,Find by MRM,,
333,DGJZT_BS_164_1,,,661.3,,,,,100,,,,10.62,,,326,0.249,2130,,,,,Acq,,,,,,,,,,,,,,,30,,0225-DGJZT-BS-DMRM-NEG.d,,Find by MRM,,
334,DGJZT_BS_164_2,,,661.3,,,,,100,,,,10.619,,,210,0.311,1520,,,,,Acq,,,,,,,,,,,,,,,30,,0225-DGJZT-BS-DMRM-NEG.d,,Find by MRM,,
335,DGJZT_BS_162_3,,,629.2,,,,,100,,,,10.72,,,8183,0.315,67137,,,,,Acq,,,,,,,,,,,,,,,30,,0225-DGJZT-BS-DMRM-NEG.d,,Find by MRM,,
336,DGJZT_BS_162_1,,,629.2,,,,,100,,,,10.712,,,81438,0.3,683067,,,,,Acq,,,,,,,,,,,,,,,30,,0225-DGJZT-BS-DMRM-NEG.d,,Find by MRM,,
337,DGJZT_BS_167_3,,,629.2,,,,,100,,,,10.713,,,8229,0.413,69156,,,,,Acq,,,,,,,,,,,,,,,30,,0225-DGJZT-BS-DMRM-NEG.d,,Find by MRM,,
338,DGJZT_BS_167_1,,,629.2,,,,,100,,,,10.713,,,86492,0.416,785812,,,,,Acq,,,,,,,,,,,,,,,30,,0225-DGJZT-BS-DMRM-NEG.d,,Find by MRM,,
339,DGJZT_BS_166_1,,,553.2,,,,,100,,,,10.714,,,698,0.366,6338,,,,,Acq,,,,,,,,,,,,,,,30,,0225-DGJZT-BS-DMRM-NEG.d,,Find by MRM,,
340,DGJZT_CGC_190_1,,,879.4,,,,,100,,,,10.908,,,2,0.14,7,,,,,Acq,,,,,,,,,,,,,,,30,,0225-DGJZT-BS-DMRM-NEG.d,,Find by MRM,,
341,DGJZT_CGC_190_3,,,879.4,,,,,100,,,,10.799,,,1,0.092,2,,,,,Acq,,,,,,,,,,,,,,,30,,0225-DGJZT-BS-DMRM-NEG.d,,Find by MRM,,
342,DGJZT_CGC_200_1,,,837.4,,,,,100,,,,10.834,,,6,0.096,13,,,,,Acq,,,,,,,,,,,,,,,30,,0225-DGJZT-BS-DMRM-NEG.d,,Find by MRM,,
343,DGJZT_CGC_200_3,,,837.4,,,,,100,,,,11.077,,,6,0.058,4,,,,,Acq,,,,,,,,,,,,,,,30,,0225-DGJZT-BS-DMRM-NEG.d,,Find by MRM,,
344,DGJZT_CGC_200_2,,,837.4,,,,,100,,,,10.609,,,3,0.075,4,,,,,Acq,,,,,,,,,,,,,,,30,,0225-DGJZT-BS-DMRM-NEG.d,,Find by MRM,,
345,DGJZT_CGC_207_1,,,1027.5,,,,,100,,,,10.849,,,1,0.087,2,,,,,Acq,,,,,,,,,,,,,,,30,,0225-DGJZT-BS-DMRM-NEG.d,,Find by MRM,,
346,DGJZT_CGC_209_1,,,835.4,,,,,100,,,,10.919,,,3,0.135,7,,,,,Acq,,,,,,,,,,,,,,,30,,0225-DGJZT-BS-DMRM-NEG.d,,Find by MRM,,
347,DGJZT_CGC_218_1,,,865.4,,,,,100,,,,11.244,,,0,0.05,1,,,,,Acq,,,,,,,,,,,,,,,30,,0225-DGJZT-BS-DMRM-NEG.d,,Find by MRM,,
348,DGJZT_SJ_9_2,,,433.2,,,,,100,,,,10.764,,,2,0.067,3,,,,,Acq,,,,,,,,,,,,,,,30,,0225-DGJZT-BS-DMRM-NEG.d,,Find by MRM,,
349,DGJZT_CGC_213_1,,,807.4,,,,,100,,,,10.903,,,3,0.092,5,,,,,Acq,,,,,,,,,,,,,,,30,,0225-DGJZT-BS-DMRM-NEG.d,,Find by MRM,,
350,DGJZT_CGC_217_1,,,297,,,,,100,,,,11.091,,,11,0.185,26,,,,,Acq,,,,,,,,,,,,,,,30,,0225-DGJZT-BS-DMRM-NEG.d,,Find by MRM,,
351,DGJZT_CGC_224_1,,,881.4,,,,,100,,,,11.336,,,3,0.077,5,,,,,Acq,,,,,,,,,,,,,,,30,,0225-DGJZT-BS-DMRM-NEG.d,,Find by MRM,,
352,DGJZT_DG_79_2,,,571.1,,,,,100,,,,11.197,,,4,0.101,7,,,,,Acq,,,,,,,,,,,,,,,30,,0225-DGJZT-BS-DMRM-NEG.d,,Find by MRM,,
353,DGJZT_DG_77_2,,,355.1,,,,,100,,,,11.299,,,3,0.081,5,,,,,Acq,,,,,,,,,,,,,,,30,,0225-DGJZT-BS-DMRM-NEG.d,,Find by MRM,,
354,DGJZT_DG_77_3,,,355.1,,,,,100,,,,11.165,,,1,0.117,3,,,,,Acq,,,,,,,,,,,,,,,30,,0225-DGJZT-BS-DMRM-NEG.d,,Find by MRM,,
355,DGJZT_DG_77_1,,,355.1,,,,,100,,,,10.998,,,4,0.099,10,,,,,Acq,,,,,,,,,,,,,,,30,,0225-DGJZT-BS-DMRM-NEG.d,,Find by MRM,,
356,DGJZT_CGC_229_1,,,837.4,,,,,100,,,,11.22,,,27,0.244,177,,,,,Acq,,,,,,,,,,,,,,,30,,0225-DGJZT-BS-DMRM-NEG.d,,Find by MRM,,
357,DGJZT_CGC_229_3,,,837.4,,,,,100,,,,11.506,,,7,0.109,13,,,,,Acq,,,,,,,,,,,,,,,30,,0225-DGJZT-BS-DMRM-NEG.d,,Find by MRM,,
358,DGJZT_DG_79_1,,,571.1,,,,,100,,,,11.197,,,15,0.067,39,,,,,Acq,,,,,,,,,,,,,,,30,,0225-DGJZT-BS-DMRM-NEG.d,,Find by MRM,,
359,DGJZT_CGC_229_2,,,837.4,,,,,100,,,,11.145,,,7,0.076,15,,,,,Acq,,,,,,,,,,,,,,,30,,0225-DGJZT-BS-DMRM-NEG.d,,Find by MRM,,
360,DGJZT_CGC_238_1,,,819.4,,,,,100,,,,11.313,,,3,0.109,7,,,,,Acq,,,,,,,,,,,,,,,30,,0225-DGJZT-BS-DMRM-NEG.d,,Find by MRM,,
361,DGJZT_CGC_238_3,,,819.4,,,,,100,,,,11.204,,,0,0.127,0,,,,,Acq,,,,,,,,,,,,,,,30,,0225-DGJZT-BS-DMRM-NEG.d,,Find by MRM,,
362,DGJZT_CGC_238_2,,,819.4,,,,,100,,,,11.499,,,1,0.07,2,,,,,Acq,,,,,,,,,,,,,,,30,,0225-DGJZT-BS-DMRM-NEG.d,,Find by MRM,,
363,DGJZT_GZ_28_2,,,311.1,,,,,100,,,,11.225,,,3,0.142,8,,,,,Acq,,,,,,,,,,,,,,,30,,0225-DGJZT-BS-DMRM-NEG.d,,Find by MRM,,
364,DGJZT_GZ_28_1,,,311.1,,,,,100,,,,11.384,,,0,0.126,1,,,,,Acq,,,,,,,,,,,,,,,30,,0225-DGJZT-BS-DMRM-NEG.d,,Find by MRM,,
365,DGJZT_CGC_240_1,,,967.5,,,,,100,,,,11.251,,,0,0.134,1,,,,,Acq,,,,,,,,,,,,,,,30,,0225-DGJZT-BS-DMRM-NEG.d,,Find by MRM,,
366,DGJZT_CGC_244_1,,,791.4,,,,,100,,,,11.406,,,8,0.108,17,,,,,Acq,,,,,,,,,,,,,,,30,,0225-DGJZT-BS-DMRM-NEG.d,,Find by MRM,,
367,DGJZT_BS_174_1,,,665.4,,,,,100,,,,11.356,,,1617,0.394,12701,,,,,Acq,,,,,,,,,,,,,,,30,,0225-DGJZT-BS-DMRM-NEG.d,,Find by MRM,,
368,DGJZT_SJ_10_3,,,431.2,,,,,100,,,,11.542,,,0,0.111,1,,,,,Acq,,,,,,,,,,,,,,,30,,0225-DGJZT-BS-DMRM-NEG.d,,Find by MRM,,
369,DGJZT_CGC_254_1,,,985.5,,,,,100,,,,11.528,,,3,0.108,8,,,,,Acq,,,,,,,,,,,,,,,30,,0225-DGJZT-BS-DMRM-NEG.d,,Find by MRM,,
370,DGJZT_CGC_254_3,,,985.5,,,,,100,,,,11.192,,,0,0.098,0,,,,,Acq,,,,,,,,,,,,,,,30,,0225-DGJZT-BS-DMRM-NEG.d,,Find by MRM,,
371,DGJZT_CGC_251_1,,,911.4,,,,,100,,,,11.411,,,0,0.16,3,,,,,Acq,,,,,,,,,,,,,,,30,,0225-DGJZT-BS-DMRM-NEG.d,,Find by MRM,,
372,DGJZT_CGC_248_1,,,863.4,,,,,100,,,,11.445,,,1,0.061,1,,,,,Acq,,,,,,,,,,,,,,,30,,0225-DGJZT-BS-DMRM-NEG.d,,Find by MRM,,
373,DGJZT_CGC_250_1,,,837.4,,,,,100,,,,11.504,,,22,0.146,61,,,,,Acq,,,,,,,,,,,,,,,30,,0225-DGJZT-BS-DMRM-NEG.d,,Find by MRM,,
374,DGJZT_CGC_250_3,,,837.4,,,,,100,,,,11.278,,,9,0.199,37,,,,,Acq,,,,,,,,,,,,,,,30,,0225-DGJZT-BS-DMRM-NEG.d,,Find by MRM,,
375,DGJZT_SJ_10_1,,,431.2,,,,,100,,,,11.483,,,6,0.133,19,,,,,Acq,,,,,,,,,,,,,,,30,,0225-DGJZT-BS-DMRM-NEG.d,,Find by MRM,,
376,DGJZT_SJ_10_2,,,431.2,,,,,100,,,,11.66,,,0,0.058,0,,,,,Acq,,,,,,,,,,,,,,,30,,0225-DGJZT-BS-DMRM-NEG.d,,Find by MRM,,
377,DGJZT_CGC_250_2,,,837.4,,,,,100,,,,11.412,,,4,0.103,8,,,,,Acq,,,,,,,,,,,,,,,30,,0225-DGJZT-BS-DMRM-NEG.d,,Find by MRM,,
378,DGJZT_CGC_259_1,,,299.1,,,,,100,,,,11.41,,,4,0.143,11,,,,,Acq,,,,,,,,,,,,,,,30,,0225-DGJZT-BS-DMRM-NEG.d,,Find by MRM,,
379,DGJZT_CGC_264_3,,,821.4,,,,,100,,,,11.548,,,17,0.251,102,,,,,Acq,,,,,,,,,,,,,,,30,,0225-DGJZT-BS-DMRM-NEG.d,,Find by MRM,,
380,DGJZT_BS_175_1,,,735.2,,,,,100,,,,11.491,,,303,0.301,2101,,,,,Acq,,,,,,,,,,,,,,,30,,0225-DGJZT-BS-DMRM-NEG.d,,Find by MRM,,
381,DGJZT_CGC_264_1,,,821.4,,,,,100,,,,11.531,,,165,0.273,1060,,,,,Acq,,,,,,,,,,,,,,,30,,0225-DGJZT-BS-DMRM-NEG.d,,Find by MRM,,
382,DGJZT_CGC_285_1,,,969.5,,,,,100,,,,11.83,,,0,0.234,4,,,,,Acq,,,,,,,,,,,,,,,30,,0225-DGJZT-BS-DMRM-NEG.d,,Find by MRM,,
383,DGJZT_CGC_282_1,,,955.5,,,,,100,,,,11.922,,,0,0.109,1,,,,,Acq,,,,,,,,,,,,,,,30,,0225-DGJZT-BS-DMRM-NEG.d,,Find by MRM,,
384,DGJZT_CGC_289_2,,,807.4,,,,,100,,,,11.89,,,12,0.1,24,,,,,Acq,,,,,,,,,,,,,,,30,,0225-DGJZT-BS-DMRM-NEG.d,,Find by MRM,,
385,DGJZT_DG_80_3,,,399.1,,,,,100,,,,11.792,,,3,0.15,9,,,,,Acq,,,,,,,,,,,,,,,30,,0225-DGJZT-BS-DMRM-NEG.d,,Find by MRM,,
386,DGJZT_DG_80_2,,,399.1,,,,,100,,,,11.917,,,0,0.1,1,,,,,Acq,,,,,,,,,,,,,,,30,,0225-DGJZT-BS-DMRM-NEG.d,,Find by MRM,,
387,DGJZT_CGC_278_1,,,255.1,,,,,100,,,,11.812,,,33,0.264,246,,,,,Acq,,,,,,,,,,,,,,,30,,0225-DGJZT-BS-DMRM-NEG.d,,Find by MRM,,
388,DGJZT_CGC_289_3,,,807.4,,,,,100,,,,11.941,,,0,0.086,0,,,,,Acq,,,,,,,,,,,,,,,30,,0225-DGJZT-BS-DMRM-NEG.d,,Find by MRM,,
389,DGJZT_DG_80_1,,,399.1,,,,,100,,,,11.785,,,3,0.074,5,,,,,Acq,,,,,,,,,,,,,,,30,,0225-DGJZT-BS-DMRM-NEG.d,,Find by MRM,,
390,DGJZT_CGC_293_1,,,821.4,,,,,100,,,,11.856,,,21,0.109,72,,,,,Acq,,,,,,,,,,,,,,,30,,0225-DGJZT-BS-DMRM-NEG.d,,Find by MRM,,
391,DGJZT_CGC_293_3,,,821.4,,,,,100,,,,11.948,,,12,0.134,38,,,,,Acq,,,,,,,,,,,,,,,30,,0225-DGJZT-BS-DMRM-NEG.d,,Find by MRM,,
392,DGJZT_CGC_293_2,,,821.4,,,,,100,,,,12.058,,,4,0.079,8,,,,,Acq,,,,,,,,,,,,,,,30,,0225-DGJZT-BS-DMRM-NEG.d,,Find by MRM,,
393,DGJZT_DG_81_2,,,357.1,,,,,100,,,,11.851,,,5,0.118,11,,,,,Acq,,,,,,,,,,,,,,,30,,0225-DGJZT-BS-DMRM-NEG.d,,Find by MRM,,
394,DGJZT_CGC_291_1,,,267.1,,,,,100,,,,11.871,,,11,0.181,46,,,,,Acq,,,,,,,,,,,,,,,30,,0225-DGJZT-BS-DMRM-NEG.d,,Find by MRM,,
395,DGJZT_CGC_291_2,,,267.1,,,,,100,,,,11.93,,,22,0.177,65,,,,,Acq,,,,,,,,,,,,,,,30,,0225-DGJZT-BS-DMRM-NEG.d,,Find by MRM,,
396,DGJZT_CGC_291_3,,,267.1,,,,,100,,,,11.955,,,9,0.084,22,,,,,Acq,,,,,,,,,,,,,,,30,,0225-DGJZT-BS-DMRM-NEG.d,,Find by MRM,,
397,DGJZT_DG_81_1,,,357.1,,,,,100,,,,12.143,,,5,0.092,13,,,,,Acq,,,,,,,,,,,,,,,30,,0225-DGJZT-BS-DMRM-NEG.d,,Find by MRM,,
398,DGJZT_CGC_301_1,,,939.5,,,,,100,,,,12.124,,,5,0.098,11,,,,,Acq,,,,,,,,,,,,,,,30,,0225-DGJZT-BS-DMRM-NEG.d,,Find by MRM,,
399,DGJZT_CGC_305_1,,,823.4,,,,,100,,,,11.939,,,13,0.1,33,,,,,Acq,,,,,,,,,,,,,,,30,,0225-DGJZT-BS-DMRM-NEG.d,,Find by MRM,,
400,DGJZT_DG_87_3,,,517.2,,,,,100,,,,11.958,,,0,0.097,1,,,,,Acq,,,,,,,,,,,,,,,30,,0225-DGJZT-BS-DMRM-NEG.d,,Find by MRM,,
401,DGJZT_SJ_12_1,,,475.2,,,,,100,,,,11.916,,,2,0.117,5,,,,,Acq,,,,,,,,,,,,,,,30,,0225-DGJZT-BS-DMRM-NEG.d,,Find by MRM,,
402,DGJZT_GZ_31_1,,,325.1,,,,,100,,,,11.96,,,34,0.151,106,,,,,Acq,,,,,,,,,,,,,,,30,,0225-DGJZT-BS-DMRM-NEG.d,,Find by MRM,,
403,DGJZT_GZ_31_2,,,325.1,,,,,100,,,,11.91,,,0,0.122,1,,,,,Acq,,,,,,,,,,,,,,,30,,0225-DGJZT-BS-DMRM-NEG.d,,Find by MRM,,
404,DGJZT_DG_89_3,,,313.1,,,,,100,,,,12.264,,,5,0.076,9,,,,,Acq,,,,,,,,,,,,,,,30,,0225-DGJZT-BS-DMRM-NEG.d,,Find by MRM,,
405,DGJZT_GZ_29_1,,,295.1,,,,,100,,,,12.154,,,8,0.109,17,,,,,Acq,,,,,,,,,,,,,,,30,,0225-DGJZT-BS-DMRM-NEG.d,,Find by MRM,,
406,DGJZT_GZ_29_2,,,295.1,,,,,100,,,,12.064,,,3,0.137,6,,,,,Acq,,,,,,,,,,,,,,,30,,0225-DGJZT-BS-DMRM-NEG.d,,Find by MRM,,
407,DGJZT_CGC_305_3,,,823.4,,,,,100,,,,11.956,,,0,0.098,1,,,,,Acq,,,,,,,,,,,,,,,30,,0225-DGJZT-BS-DMRM-NEG.d,,Find by MRM,,
408,DGJZT_CGC_310_1,,,777.4,,,,,100,,,,12.075,,,12,0.132,26,,,,,Acq,,,,,,,,,,,,,,,30,,0225-DGJZT-BS-DMRM-NEG.d,,Find by MRM,,
409,DGJZT_DG_90_1,,,357.1,,,,,100,,,,11.985,,,5,0.085,14,,,,,Acq,,,,,,,,,,,,,,,30,,0225-DGJZT-BS-DMRM-NEG.d,,Find by MRM,,
410,DGJZT_GZ_31_3,,,325.1,,,,,100,,,,11.918,,,0,0.176,1,,,,,Acq,,,,,,,,,,,,,,,30,,0225-DGJZT-BS-DMRM-NEG.d,,Find by MRM,,
411,DGJZT_DG_88_3,,,383.2,,,,,100,,,,12.076,,,8,0.136,18,,,,,Acq,,,,,,,,,,,,,,,30,,0225-DGJZT-BS-DMRM-NEG.d,,Find by MRM,,
412,DGJZT_GZ_32_2,,,313.2,,,,,100,,,,12.297,,,5,0.15,11,,,,,Acq,,,,,,,,,,,,,,,30,,0225-DGJZT-BS-DMRM-NEG.d,,Find by MRM,,
413,DGJZT_DG_89_1,,,313.1,,,,,100,,,,12.029,,,5,0.096,10,,,,,Acq,,,,,,,,,,,,,,,30,,0225-DGJZT-BS-DMRM-NEG.d,,Find by MRM,,
414,DGJZT_DG_89_2,,,313.1,,,,,100,,,,12.112,,,6,0.1,12,,,,,Acq,,,,,,,,,,,,,,,30,,0225-DGJZT-BS-DMRM-NEG.d,,Find by MRM,,
415,DGJZT_CGC_313_1,,,369.1,,,,,100,,,,12.193,,,12,0.101,23,,,,,Acq,,,,,,,,,,,,,,,30,,0225-DGJZT-BS-DMRM-NEG.d,,Find by MRM,,
416,DGJZT_DG_90_2,,,357.1,,,,,100,,,,12.001,,,0,0.107,1,,,,,Acq,,,,,,,,,,,,,,,30,,0225-DGJZT-BS-DMRM-NEG.d,,Find by MRM,,
417,DGJZT_GZ_32_1,,,313.2,,,,,100,,,,12.437,,,9,0.041,4,,,,,Acq,,,,,,,,,,,,,,,30,,0225-DGJZT-BS-DMRM-NEG.d,,Find by MRM,,
418,DGJZT_DG_91_2,,,205.1,,,,,100,,,,12.316,,,2,0.1,5,,,,,Acq,,,,,,,,,,,,,,,30,,0225-DGJZT-BS-DMRM-NEG.d,,Find by MRM,,
419,DGJZT_DG_91_1,,,205.1,,,,,100,,,,12.249,,,0,0.352,2,,,,,Acq,,,,,,,,,,,,,,,30,,0225-DGJZT-BS-DMRM-NEG.d,,Find by MRM,,
420,DGJZT_CGC_314_1,,,805.4,,,,,100,,,,12.243,,,13,0.101,42,,,,,Acq,,,,,,,,,,,,,,,30,,0225-DGJZT-BS-DMRM-NEG.d,,Find by MRM,,
421,DGJZT_CGC_314_3,,,805.4,,,,,100,,,,12.302,,,4,0.113,9,,,,,Acq,,,,,,,,,,,,,,,30,,0225-DGJZT-BS-DMRM-NEG.d,,Find by MRM,,
422,DGJZT_SJ_13_1,,,355.2,,,,,100,,,,12.571,,,0,0.106,0,,,,,Acq,,,,,,,,,,,,,,,30,,0225-DGJZT-BS-DMRM-NEG.d,,Find by MRM,,
423,DGJZT_GZ_33_2,,,265.1,,,,,100,,,,12.189,,,10,0.101,19,,,,,Acq,,,,,,,,,,,,,,,30,,0225-DGJZT-BS-DMRM-NEG.d,,Find by MRM,,
424,DGJZT_GZ_33_3,,,265.1,,,,,100,,,,12.575,,,0,0.196,1,,,,,Acq,,,,,,,,,,,,,,,30,,0225-DGJZT-BS-DMRM-NEG.d,,Find by MRM,,
425,DGJZT_DG_92_1,,,203.1,,,,,100,,,,12.342,,,6,0.113,15,,,,,Acq,,,,,,,,,,,,,,,30,,0225-DGJZT-BS-DMRM-NEG.d,,Find by MRM,,
426,DGJZT_DG_92_2,,,203.1,,,,,100,,,,12.543,,,36,0.14,128,,,,,Acq,,,,,,,,,,,,,,,30,,0225-DGJZT-BS-DMRM-NEG.d,,Find by MRM,,
427,DGJZT_DG_92_3,,,203.1,,,,,100,,,,12.493,,,4,0.151,39,,,,,Acq,,,,,,,,,,,,,,,30,,0225-DGJZT-BS-DMRM-NEG.d,,Find by MRM,,
428,DGJZT_GZ_33_1,,,265.1,,,,,100,,,,12.332,,,4,0.108,9,,,,,Acq,,,,,,,,,,,,,,,30,,0225-DGJZT-BS-DMRM-NEG.d,,Find by MRM,,
429,DGJZT_CGC_324_1,,,805.4,,,,,100,,,,12.31,,,10,0.167,35,,,,,Acq,,,,,,,,,,,,,,,30,,0225-DGJZT-BS-DMRM-NEG.d,,Find by MRM,,
430,DGJZT_CGC_325_1,,,353.1,,,,,100,,,,12.531,,,18,0.185,83,,,,,Acq,,,,,,,,,,,,,,,30,,0225-DGJZT-BS-DMRM-NEG.d,,Find by MRM,,
431,DGJZT_DZ_45_1,,,517.3,,,,,100,,,,12.594,,,0,0.123,0,,,,,Acq,,,,,,,,,,,,,,,30,,0225-DGJZT-BS-DMRM-NEG.d,,Find by MRM,,
432,DGJZT_CGC_336_1,,,367.1,,,,,100,,,,12.772,,,96,0.292,711,,,,,Acq,,,,,,,,,,,,,,,30,,0225-DGJZT-BS-DMRM-NEG.d,,Find by MRM,,
433,DGJZT_CGC_336_2,,,367.1,,,,,100,,,,12.797,,,34,0.243,180,,,,,Acq,,,,,,,,,,,,,,,30,,0225-DGJZT-BS-DMRM-NEG.d,,Find by MRM,,
434,DGJZT_CGC_336_3,,,367.1,,,,,100,,,,12.673,,,4,0.092,12,,,,,Acq,,,,,,,,,,,,,,,30,,0225-DGJZT-BS-DMRM-NEG.d,,Find by MRM,,
435,DGJZT_DZ_46_2,,,287.2,,,,,100,,,,12.652,,,4,0.165,19,,,,,Acq,,,,,,,,,,,,,,,30,,0225-DGJZT-BS-DMRM-NEG.d,,Find by MRM,,
436,DGJZT_CGC_337_1,,,323.1,,,,,100,,,,12.802,,,2,0.1,3,,,,,Acq,,,,,,,,,,,,,,,30,,0225-DGJZT-BS-DMRM-NEG.d,,Find by MRM,,
437,DGJZT_CGC_338_2,,,355.1,,,,,100,,,,12.84,,,8,0.236,49,,,,,Acq,,,,,,,,,,,,,,,30,,0225-DGJZT-BS-DMRM-NEG.d,,Find by MRM,,
438,DGJZT_CGC_338_3,,,355.1,,,,,100,,,,12.858,,,6,0.099,15,,,,,Acq,,,,,,,,,,,,,,,30,,0225-DGJZT-BS-DMRM-NEG.d,,Find by MRM,,
439,DGJZT_CGC_338_1,,,355.1,,,,,100,,,,12.867,,,15,0.291,101,,,,,Acq,,,,,,,,,,,,,,,30,,0225-DGJZT-BS-DMRM-NEG.d,,Find by MRM,,
440,DGJZT_CGC_344_1,,,805.4,,,,,100,,,,12.737,,,2,0.116,4,,,,,Acq,,,,,,,,,,,,,,,30,,0225-DGJZT-BS-DMRM-NEG.d,,Find by MRM,,
441,DGJZT_CGC_341_1,,,711.3,,,,,100,,,,13.123,,,0,0.107,0,,,,,Acq,,,,,,,,,,,,,,,30,,0225-DGJZT-BS-DMRM-NEG.d,,Find by MRM,,
442,DGJZT_CGC_346_1,,,369.1,,,,,100,,,,12.989,,,12,0.182,66,,,,,Acq,,,,,,,,,,,,,,,30,,0225-DGJZT-BS-DMRM-NEG.d,,Find by MRM,,
443,DGJZT_CGC_347_2,,,351.1,,,,,100,,,,13.017,,,5,0.092,15,,,,,Acq,,,,,,,,,,,,,,,30,,0225-DGJZT-BS-DMRM-NEG.d,,Find by MRM,,
444,DGJZT_CGC_347_3,,,351.1,,,,,100,,,,13.067,,,12,0.283,43,,,,,Acq,,,,,,,,,,,,,,,30,,0225-DGJZT-BS-DMRM-NEG.d,,Find by MRM,,
445,DGJZT_CGC_347_1,,,351.1,,,,,100,,,,12.984,,,16,0.1,56,,,,,Acq,,,,,,,,,,,,,,,30,,0225-DGJZT-BS-DMRM-NEG.d,,Find by MRM,,
446,DGJZT_CGC_345_1,,,337.1,,,,,100,,,,13.053,,,4,0.182,18,,,,,Acq,,,,,,,,,,,,,,,30,,0225-DGJZT-BS-DMRM-NEG.d,,Find by MRM,,
447,DGJZT_CGC_354_1,,,823.4,,,,,100,,,,12.887,,,2,0.092,4,,,,,Acq,,,,,,,,,,,,,,,30,,0225-DGJZT-BS-DMRM-NEG.d,,Find by MRM,,
448,DGJZT_CGC_353_1,,,807.4,,,,,100,,,,13.206,,,2,0.117,8,,,,,Acq,,,,,,,,,,,,,,,30,,0225-DGJZT-BS-DMRM-NEG.d,,Find by MRM,,
449,DGJZT_CGC_355_1,,,339.1,,,,,100,,,,13.185,,,10,0.295,64,,,,,Acq,,,,,,,,,,,,,,,30,,0225-DGJZT-BS-DMRM-NEG.d,,Find by MRM,,
450,DGJZT_CGC_355_2,,,339.1,,,,,100,,,,13.194,,,8,0.192,45,,,,,Acq,,,,,,,,,,,,,,,30,,0225-DGJZT-BS-DMRM-NEG.d,,Find by MRM,,
451,DGJZT_CGC_355_3,,,339.1,,,,,100,,,,13.144,,,17,0.367,120,,,,,Acq,,,,,,,,,,,,,,,30,,0225-DGJZT-BS-DMRM-NEG.d,,Find by MRM,,
452,DGJZT_CGC_351_1,,,313.1,,,,,100,,,,13.104,,,9,0.075,25,,,,,Acq,,,,,,,,,,,,,,,30,,0225-DGJZT-BS-DMRM-NEG.d,,Find by MRM,,
453,DGJZT_CGC_351_2,,,313.1,,,,,100,,,,13.179,,,4,0.2,17,,,,,Acq,,,,,,,,,,,,,,,30,,0225-DGJZT-BS-DMRM-NEG.d,,Find by MRM,,
454,DGJZT_CGC_357_2,,,353.1,,,,,100,,,,13.249,,,22,0.346,194,,,,,Acq,,,,,,,,,,,,,,,30,,0225-DGJZT-BS-DMRM-NEG.d,,Find by MRM,,
455,DGJZT_DZ_48_1,,,487.3,,,,,100,,,,13.491,,,1,0.201,4,,,,,Acq,,,,,,,,,,,,,,,30,,0225-DGJZT-BS-DMRM-NEG.d,,Find by MRM,,
456,DGJZT_CGC_357_3,,,353.1,,,,,100,,,,13.274,,,6,0.102,20,,,,,Acq,,,,,,,,,,,,,,,30,,0225-DGJZT-BS-DMRM-NEG.d,,Find by MRM,,
457,DGJZT_CGC_357_1,,,353.1,,,,,100,,,,13.31,,,63,0.312,419,,,,,Acq,,,,,,,,,,,,,,,30,,0225-DGJZT-BS-DMRM-NEG.d,,Find by MRM,,
458,DGJZT_CGC_359_2,,,337.1,,,,,100,,,,13.337,,,3,0.269,8,,,,,Acq,,,,,,,,,,,,,,,30,,0225-DGJZT-BS-DMRM-NEG.d,,Find by MRM,,
459,DGJZT_CGC_364_1,,,365.1,,,,,100,,,,13.52,,,136,0.356,1032,,,,,Acq,,,,,,,,,,,,,,,30,,0225-DGJZT-BS-DMRM-NEG.d,,Find by MRM,,
460,DGJZT_CGC_364_2,,,365.1,,,,,100,,,,13.528,,,65,0.373,476,,,,,Acq,,,,,,,,,,,,,,,30,,0225-DGJZT-BS-DMRM-NEG.d,,Find by MRM,,
461,DGJZT_DZ_49_3,,,501.3,,,,,100,,,,13.674,,,4,0.099,9,,,,,Acq,,,,,,,,,,,,,,,30,,0225-DGJZT-BS-DMRM-NEG.d,,Find by MRM,,
462,DGJZT_CGC_368_1,,,337.1,,,,,100,,,,13.749,,,0,0.076,1,,,,,Acq,,,,,,,,,,,,,,,30,,0225-DGJZT-BS-DMRM-NEG.d,,Find by MRM,,
463,DGJZT_DZ_49_2,,,501.3,,,,,100,,,,13.591,,,4,0.084,7,,,,,Acq,,,,,,,,,,,,,,,30,,0225-DGJZT-BS-DMRM-NEG.d,,Find by MRM,,
464,DGJZT_DZ_50_1,,,450.3,,,,,100,,,,13.659,,,7,0.174,26,,,,,Acq,,,,,,,,,,,,,,,30,,0225-DGJZT-BS-DMRM-NEG.d,,Find by MRM,,
465,DGJZT_DZ_49_1,,,501.3,,,,,100,,,,13.683,,,2,0.154,5,,,,,Acq,,,,,,,,,,,,,,,30,,0225-DGJZT-BS-DMRM-NEG.d,,Find by MRM,,
466,DGJZT_DZ_50_2,,,450.3,,,,,100,,,,13.642,,,7,0.133,19,,,,,Acq,,,,,,,,,,,,,,,30,,0225-DGJZT-BS-DMRM-NEG.d,,Find by MRM,,
467,DGJZT_DG_96_2,,,409.2,,,,,100,,,,13.652,,,2,0.098,5,,,,,Acq,,,,,,,,,,,,,,,30,,0225-DGJZT-BS-DMRM-NEG.d,,Find by MRM,,
468,DGJZT_DG_96_3,,,409.2,,,,,100,,,,13.652,,,0,0.178,2,,,,,Acq,,,,,,,,,,,,,,,30,,0225-DGJZT-BS-DMRM-NEG.d,,Find by MRM,,
469,DGJZT_CGC_374_1,,,369.1,,,,,100,,,,13.722,,,12,0.101,32,,,,,Acq,,,,,,,,,,,,,,,30,,0225-DGJZT-BS-DMRM-NEG.d,,Find by MRM,,
470,DGJZT_CGC_373_1,,,339.1,,,,,100,,,,13.74,,,18,0.143,65,,,,,Acq,,,,,,,,,,,,,,,30,,0225-DGJZT-BS-DMRM-NEG.d,,Find by MRM,,
471,DGJZT_DG_96_1,,,409.2,,,,,100,,,,13.71,,,11,0.21,41,,,,,Acq,,,,,,,,,,,,,,,30,,0225-DGJZT-BS-DMRM-NEG.d,,Find by MRM,,
472,DGJZT_CGC_374_3,,,369.1,,,,,100,,,,13.949,,,3,0.118,7,,,,,Acq,,,,,,,,,,,,,,,30,,0225-DGJZT-BS-DMRM-NEG.d,,Find by MRM,,
473,DGJZT_CGC_374_2,,,369.1,,,,,100,,,,13.806,,,5,0.11,11,,,,,Acq,,,,,,,,,,,,,,,30,,0225-DGJZT-BS-DMRM-NEG.d,,Find by MRM,,
474,DGJZT_BS_177_1,,,723.4,,,,,100,,,,13.793,,,812,0.321,6358,,,,,Acq,,,,,,,,,,,,,,,30,,0225-DGJZT-BS-DMRM-NEG.d,,Find by MRM,,
475,DGJZT_DG_97_2,,,397.2,,,,,100,,,,13.694,,,3,0.108,6,,,,,Acq,,,,,,,,,,,,,,,30,,0225-DGJZT-BS-DMRM-NEG.d,,Find by MRM,,
476,DGJZT_CGC_375_2,,,371.1,,,,,100,,,,13.738,,,7,0.135,17,,,,,Acq,,,,,,,,,,,,,,,30,,0225-DGJZT-BS-DMRM-NEG.d,,Find by MRM,,
477,DGJZT_CGC_375_1,,,371.1,,,,,100,,,,13.797,,,10,0.084,29,,,,,Acq,,,,,,,,,,,,,,,30,,0225-DGJZT-BS-DMRM-NEG.d,,Find by MRM,,
478,DGJZT_DG_98_2,,,395.2,,,,,100,,,,14.006,,,8,0.101,16,,,,,Acq,,,,,,,,,,,,,,,30,,0225-DGJZT-BS-DMRM-NEG.d,,Find by MRM,,
479,DGJZT_DG_98_1,,,395.2,,,,,100,,,,13.94,,,14,0.177,48,,,,,Acq,,,,,,,,,,,,,,,30,,0225-DGJZT-BS-DMRM-NEG.d,,Find by MRM,,
480,DGJZT_DG_98_3,,,395.2,,,,,100,,,,13.931,,,6,0.109,12,,,,,Acq,,,,,,,,,,,,,,,30,,0225-DGJZT-BS-DMRM-NEG.d,,Find by MRM,,
481,DGJZT_DG_104_3,,,817.4,,,,,100,,,,13.892,,,0,0.202,2,,,,,Acq,,,,,,,,,,,,,,,30,,0225-DGJZT-BS-DMRM-NEG.d,,Find by MRM,,
482,DGJZT_DG_104_1,,,817.4,,,,,100,,,,14.161,,,0,0.109,1,,,,,Acq,,,,,,,,,,,,,,,30,,0225-DGJZT-BS-DMRM-NEG.d,,Find by MRM,,
483,DGJZT_DG_104_2,,,817.4,,,,,100,,,,14.17,,,0,0.269,1,,,,,Acq,,,,,,,,,,,,,,,30,,0225-DGJZT-BS-DMRM-NEG.d,,Find by MRM,,
484,DGJZT_DG_103_3,,,795.4,,,,,100,,,,13.775,,,0,0.1,1,,,,,Acq,,,,,,,,,,,,,,,30,,0225-DGJZT-BS-DMRM-NEG.d,,Find by MRM,,
485,DGJZT_DG_103_1,,,795.4,,,,,100,,,,14.061,,,0,0.102,1,,,,,Acq,,,,,,,,,,,,,,,30,,0225-DGJZT-BS-DMRM-NEG.d,,Find by MRM,,
486,DGJZT_DG_97_1,,,397.2,,,,,100,,,,13.913,,,43,0.159,201,,,,,Acq,,,,,,,,,,,,,,,30,,0225-DGJZT-BS-DMRM-NEG.d,,Find by MRM,,
487,DGJZT_DG_97_3,,,397.2,,,,,100,,,,13.964,,,15,0.067,36,,,,,Acq,,,,,,,,,,,,,,,30,,0225-DGJZT-BS-DMRM-NEG.d,,Find by MRM,,
488,DGJZT_DG_101_2,,,397.2,,,,,100,,,,13.956,,,60,0.084,199,,,,,Acq,,,,,,,,,,,,,,,30,,0225-DGJZT-BS-DMRM-NEG.d,,Find by MRM,,
489,DGJZT_DG_101_3,,,397.2,,,,,100,,,,13.914,,,35,0.194,147,,,,,Acq,,,,,,,,,,,,,,,30,,0225-DGJZT-BS-DMRM-NEG.d,,Find by MRM,,
490,DGJZT_DG_103_2,,,795.4,,,,,100,,,,13.851,,,0,0.083,1,,,,,Acq,,,,,,,,,,,,,,,30,,0225-DGJZT-BS-DMRM-NEG.d,,Find by MRM,,
491,DGJZT_DG_102_2,,,497.1,,,,,100,,,,14.046,,,1,0.185,14,,,,,Acq,,,,,,,,,,,,,,,30,,0225-DGJZT-BS-DMRM-NEG.d,,Find by MRM,,
492,DGJZT_DG_102_1,,,497.1,,,,,100,,,,13.903,,,7,0.127,15,,,,,Acq,,,,,,,,,,,,,,,30,,0225-DGJZT-BS-DMRM-NEG.d,,Find by MRM,,
493,DGJZT_DG_101_1,,,397.2,,,,,100,,,,13.939,,,203,0.269,1108,,,,,Acq,,,,,,,,,,,,,,,30,,0225-DGJZT-BS-DMRM-NEG.d,,Find by MRM,,
494,DGJZT_DG_100_2,,,353.2,,,,,100,,,,13.941,,,2,0.084,3,,,,,Acq,,,,,,,,,,,,,,,30,,0225-DGJZT-BS-DMRM-NEG.d,,Find by MRM,,
495,DGJZT_DG_100_1,,,353.2,,,,,100,,,,13.958,,,7,0.101,15,,,,,Acq,,,,,,,,,,,,,,,30,,0225-DGJZT-BS-DMRM-NEG.d,,Find by MRM,,
496,DGJZT_DG_100_3,,,353.2,,,,,100,,,,13.942,,,7,0.067,14,,,,,Acq,,,,,,,,,,,,,,,30,,0225-DGJZT-BS-DMRM-NEG.d,,Find by MRM,,
497,DGJZT_CGC_379_2,,,351.1,,,,,100,,,,13.967,,,121,0.291,704,,,,,Acq,,,,,,,,,,,,,,,30,,0225-DGJZT-BS-DMRM-NEG.d,,Find by MRM,,
498,DGJZT_CGC_379_3,,,351.1,,,,,100,,,,13.976,,,56,0.258,246,,,,,Acq,,,,,,,,,,,,,,,30,,0225-DGJZT-BS-DMRM-NEG.d,,Find by MRM,,
499,DGJZT_CGC_379_1,,,351.1,,,,,100,,,,13.909,,,32,0.109,106,,,,,Acq,,,,,,,,,,,,,,,30,,0225-DGJZT-BS-DMRM-NEG.d,,Find by MRM,,
500,DGJZT_DG_105_3,,,411.2,,,,,100,,,,13.937,,,0,0.239,2,,,,,Acq,,,,,,,,,,,,,,,30,,0225-DGJZT-BS-DMRM-NEG.d,,Find by MRM,,
501,DGJZT_DG_105_1,,,411.2,,,,,100,,,,14.073,,,7,0.118,30,,,,,Acq,,,,,,,,,,,,,,,30,,0225-DGJZT-BS-DMRM-NEG.d,,Find by MRM,,
502,DGJZT_DG_105_2,,,411.2,,,,,100,,,,14.107,,,0,0.059,0,,,,,Acq,,,,,,,,,,,,,,,30,,0225-DGJZT-BS-DMRM-NEG.d,,Find by MRM,,
503,DGJZT_CGC_386_1,,,391.2,,,,,100,,,,14.067,,,104,0.293,637,,,,,Acq,,,,,,,,,,,,,,,30,,0225-DGJZT-BS-DMRM-NEG.d,,Find by MRM,,
504,DGJZT_CGC_386_2,,,391.2,,,,,100,,,,14.059,,,27,0.219,146,,,,,Acq,,,,,,,,,,,,,,,30,,0225-DGJZT-BS-DMRM-NEG.d,,Find by MRM,,
505,DGJZT_DG_107_3,,,649.3,,,,,100,,,,14.155,,,9,0.154,31,,,,,Acq,,,,,,,,,,,,,,,30,,0225-DGJZT-BS-DMRM-NEG.d,,Find by MRM,,
506,DGJZT_DG_106_3,,,721.3,,,,,100,,,,14.204,,,12,0.091,44,,,,,Acq,,,,,,,,,,,,,,,30,,0225-DGJZT-BS-DMRM-NEG.d,,Find by MRM,,
507,DGJZT_DG_107_2,,,649.3,,,,,100,,,,14.187,,,10,0.301,64,,,,,Acq,,,,,,,,,,,,,,,30,,0225-DGJZT-BS-DMRM-NEG.d,,Find by MRM,,
508,DGJZT_DG_108_1,,,399.2,,,,,100,,,,14.469,,,1,0.073,3,,,,,Acq,,,,,,,,,,,,,,,30,,0225-DGJZT-BS-DMRM-NEG.d,,Find by MRM,,
509,DGJZT_DG_107_1,,,649.3,,,,,100,,,,14.18,,,36,0.125,188,,,,,Acq,,,,,,,,,,,,,,,30,,0225-DGJZT-BS-DMRM-NEG.d,,Find by MRM,,
510,DGJZT_DZ_53_1,,,485.3,,,,,100,,,,14.114,,,6,0.067,12,,,,,Acq,,,,,,,,,,,,,,,30,,0225-DGJZT-BS-DMRM-NEG.d,,Find by MRM,,
511,DGJZT_DZ_53_3,,,485.3,,,,,100,,,,14.4,,,2,0.168,9,,,,,Acq,,,,,,,,,,,,,,,30,,0225-DGJZT-BS-DMRM-NEG.d,,Find by MRM,,
512,DGJZT_DG_106_1,,,721.3,,,,,100,,,,14.32,,,12,0.075,31,,,,,Acq,,,,,,,,,,,,,,,30,,0225-DGJZT-BS-DMRM-NEG.d,,Find by MRM,,
513,DGJZT_CGC_391_1,,,367.2,,,,,100,,,,14.361,,,17,0.173,82,,,,,Acq,,,,,,,,,,,,,,,30,,0225-DGJZT-BS-DMRM-NEG.d,,Find by MRM,,
514,DGJZT_CGC_391_2,,,367.2,,,,,100,,,,14.328,,,11,0.16,37,,,,,Acq,,,,,,,,,,,,,,,30,,0225-DGJZT-BS-DMRM-NEG.d,,Find by MRM,,
515,DGJZT_CGC_393_2,,,423.2,,,,,100,,,,14.239,,,111,0.126,496,,,,,Acq,,,,,,,,,,,,,,,30,,0225-DGJZT-BS-DMRM-NEG.d,,Find by MRM,,
516,DGJZT_CGC_393_1,,,423.2,,,,,100,,,,14.401,,,153,0.237,858,,,,,Acq,,,,,,,,,,,,,,,30,,0225-DGJZT-BS-DMRM-NEG.d,,Find by MRM,,
517,DGJZT_CGC_393_3,,,423.2,,,,,100,,,,14.41,,,24,0.217,114,,,,,Acq,,,,,,,,,,,,,,,30,,0225-DGJZT-BS-DMRM-NEG.d,,Find by MRM,,
518,DGJZT_DG_111_2,,,625.3,,,,,100,,,,14.522,,,10,0.199,55,,,,,Acq,,,,,,,,,,,,,,,30,,0225-DGJZT-BS-DMRM-NEG.d,,Find by MRM,,
519,DGJZT_DG_111_1,,,625.3,,,,,100,,,,14.672,,,14,0.191,74,,,,,Acq,,,,,,,,,,,,,,,30,,0225-DGJZT-BS-DMRM-NEG.d,,Find by MRM,,
520,DGJZT_CGC_395_2,,,421.2,,,,,100,,,,14.759,,,20,0.282,132,,,,,Acq,,,,,,,,,,,,,,,30,,0225-DGJZT-BS-DMRM-NEG.d,,Find by MRM,,
521,DGJZT_CGC_395_1,,,421.2,,,,,100,,,,14.736,,,198,0.256,1229,,,,,Acq,,,,,,,,,,,,,,,30,,0225-DGJZT-BS-DMRM-NEG.d,,Find by MRM,,
522,DGJZT_CGC_395_3,,,421.2,,,,,100,,,,14.72,,,15,0.229,98,,,,,Acq,,,,,,,,,,,,,,,30,,0225-DGJZT-BS-DMRM-NEG.d,,Find by MRM,,
523,DGJZT_CGC_398_1,,,421.2,,,,,100,,,,14.733,,,206,0.331,1280,,,,,Acq,,,,,,,,,,,,,,,30,,0225-DGJZT-BS-DMRM-NEG.d,,Find by MRM,,
524,DGJZT_DG_113_2,,,216.9,,,,,100,,,,15.209,,,23,0.375,267,,,,,Acq,,,,,,,,,,,,,,,30,,0225-DGJZT-BS-DMRM-NEG.d,,Find by MRM,,
525,DGJZT_DG_113_1,,,216.9,,,,,100,,,,15.245,,,27,0.491,649,,,,,Acq,,,,,,,,,,,,,,,30,,0225-DGJZT-BS-DMRM-NEG.d,,Find by MRM,,
526,DGJZT_DG_113_3,,,216.9,,,,,100,,,,15.256,,,21,0.443,306,,,,,Acq,,,,,,,,,,,,,,,30,,0225-DGJZT-BS-DMRM-NEG.d,,Find by MRM,,

