﻿#化合物列表: 526 found
#
Cpd,Name,Formula,Purity Result,Precursor,Mass,Diff (ppm),Score (Tgt),Flags (Tgt),Score,Std Dev,Relative Mass Difference (MFG),Base Peak,RT,RT Diff,Target Retention Time Difference,Height,Width,Area,Volume,Vol %,Ions,Saturated,ID Source,Score (MFG),Score (DB),Hit Count,Tgt MFG Hit,FV,Purity Value,Purity Comments,ADC% Area,EIC/TIC% Area,TIC% Area,UVA% Area,Score (Lib),CAS ID,Relative Reference Mass difference,CE,MS/MS Count,File,Notes,Algorithm,Lib/DB
1,DGJZT_SJ_1_3,,,308.1,,,,,100,,,,1.016,,,606,0.292,4384,,,,,Acq,,,,,,,,,,,,,,,30,,0225-DGJZT-DMRM-NEG.d,,Find by MRM,,
2,DGJZT_SJ_1_1,,,308.1,,,,,100,,,,1.017,,,547,0.353,5155,,,,,Acq,,,,,,,,,,,,,,,30,,0225-DGJZT-DMRM-NEG.d,,Find by MRM,,
3,DGJZT_SJ_1_2,,,308.1,,,,,100,,,,1.009,,,359,0.265,2907,,,,,Acq,,,,,,,,,,,,,,,30,,0225-DGJZT-DMRM-NEG.d,,Find by MRM,,
4,DGJZT_DZ_4_3,,,618.2,,,,,100,,,,1.045,,,3940,0.228,24701,,,,,Acq,,,,,,,,,,,,,,,30,,0225-DGJZT-DMRM-NEG.d,,Find by MRM,,
5,DGJZT_DZ_4_1,,,618.2,,,,,100,,,,1.045,,,6740,0.19,33598,,,,,Acq,,,,,,,,,,,,,,,30,,0225-DGJZT-DMRM-NEG.d,,Find by MRM,,
6,DGJZT_DZ_4_2,,,618.2,,,,,100,,,,1.046,,,1895,0.239,12297,,,,,Acq,,,,,,,,,,,,,,,30,,0225-DGJZT-DMRM-NEG.d,,Find by MRM,,
7,DGJZT_DZ_6_1,,,353.1,,,,,100,,,,1.082,,,1006,0.303,8342,,,,,Acq,,,,,,,,,,,,,,,30,,0225-DGJZT-DMRM-NEG.d,,Find by MRM,,
8,DGJZT_DZ_6_3,,,353.1,,,,,100,,,,1.074,,,1211,0.318,14061,,,,,Acq,,,,,,,,,,,,,,,30,,0225-DGJZT-DMRM-NEG.d,,Find by MRM,,
9,DGJZT_DG_6_1,,,470.2,,,,,100,,,,1.206,,,3839,0.353,45056,,,,,Acq,,,,,,,,,,,,,,,30,,0225-DGJZT-DMRM-NEG.d,,Find by MRM,,
10,DGJZT_DZ_9_1,,,618.2,,,,,100,,,,1.052,,,9177,0.259,66795,,,,,Acq,,,,,,,,,,,,,,,30,,0225-DGJZT-DMRM-NEG.d,,Find by MRM,,
11,DGJZT_DZ_9_2,,,618.2,,,,,100,,,,1.044,,,2028,0.243,12421,,,,,Acq,,,,,,,,,,,,,,,30,,0225-DGJZT-DMRM-NEG.d,,Find by MRM,,
12,DGJZT_DG_9_3,,,387.1,,,,,100,,,,0.997,,,330,0.182,1426,,,,,Acq,,,,,,,,,,,,,,,30,,0225-DGJZT-DMRM-NEG.d,,Find by MRM,,
13,DGJZT_DZ_9_3,,,618.2,,,,,100,,,,1.336,,,1330,0.326,16904,,,,,Acq,,,,,,,,,,,,,,,30,,0225-DGJZT-DMRM-NEG.d,,Find by MRM,,
14,DGJZT_DG_10_1,,,527.1,,,,,100,,,,1.38,,,175,0.266,1385,,,,,Acq,,,,,,,,,,,,,,,30,,0225-DGJZT-DMRM-NEG.d,,Find by MRM,,
15,DGJZT_DG_9_2,,,387.1,,,,,100,,,,1.298,,,657,0.1,3669,,,,,Acq,,,,,,,,,,,,,,,30,,0225-DGJZT-DMRM-NEG.d,,Find by MRM,,
16,DGJZT_DG_9_1,,,387.1,,,,,100,,,,1.375,,,281,0.288,3284,,,,,Acq,,,,,,,,,,,,,,,30,,0225-DGJZT-DMRM-NEG.d,,Find by MRM,,
17,DGJZT_DZ_10_2,,,353.1,,,,,100,,,,1.484,,,1189,0.224,7451,,,,,Acq,,,,,,,,,,,,,,,30,,0225-DGJZT-DMRM-NEG.d,,Find by MRM,,
18,DGJZT_DZ_10_1,,,353.1,,,,,100,,,,1.501,,,965,0.285,6432,,,,,Acq,,,,,,,,,,,,,,,30,,0225-DGJZT-DMRM-NEG.d,,Find by MRM,,
19,DGJZT_DG_16_1,,,470.2,,,,,100,,,,1.605,,,1334,0.36,13385,,,,,Acq,,,,,,,,,,,,,,,30,,0225-DGJZT-DMRM-NEG.d,,Find by MRM,,
20,DGJZT_DG_17_2,,,372.1,,,,,100,,,,1.599,,,171,0.282,1007,,,,,Acq,,,,,,,,,,,,,,,30,,0225-DGJZT-DMRM-NEG.d,,Find by MRM,,
21,DGJZT_DG_17_1,,,372.1,,,,,100,,,,1.6,,,94,0.266,603,,,,,Acq,,,,,,,,,,,,,,,30,,0225-DGJZT-DMRM-NEG.d,,Find by MRM,,
22,DGJZT_BS_3_1,,,343.1,,,,,100,,,,1.634,,,76,0.306,594,,,,,Acq,,,,,,,,,,,,,,,30,,0225-DGJZT-DMRM-NEG.d,,Find by MRM,,
23,DGJZT_BS_5_1,,,331.1,,,,,100,,,,1.819,,,45,0.153,212,,,,,Acq,,,,,,,,,,,,,,,30,,0225-DGJZT-DMRM-NEG.d,,Find by MRM,,
24,DGJZT_DG_25_1,,,527.1,,,,,100,,,,1.838,,,828,0.43,8210,,,,,Acq,,,,,,,,,,,,,,,30,,0225-DGJZT-DMRM-NEG.d,,Find by MRM,,
25,DGJZT_BS_5_3,,,331.1,,,,,100,,,,2.019,,,461,0.251,4121,,,,,Acq,,,,,,,,,,,,,,,30,,0225-DGJZT-DMRM-NEG.d,,Find by MRM,,
26,DGJZT_BS_5_2,,,331.1,,,,,100,,,,2.019,,,404,0.312,3454,,,,,Acq,,,,,,,,,,,,,,,30,,0225-DGJZT-DMRM-NEG.d,,Find by MRM,,
27,DGJZT_DG_26_1,,,497.1,,,,,100,,,,1.94,,,424,0.337,5399,,,,,Acq,,,,,,,,,,,,,,,30,,0225-DGJZT-DMRM-NEG.d,,Find by MRM,,
28,DGJZT_DG_26_3,,,497.1,,,,,100,,,,1.939,,,174,0.443,1755,,,,,Acq,,,,,,,,,,,,,,,30,,0225-DGJZT-DMRM-NEG.d,,Find by MRM,,
29,DGJZT_BS_6_2,,,331.1,,,,,100,,,,2.244,,,240,0.067,4303,,,,,Acq,,,,,,,,,,,,,,,30,,0225-DGJZT-DMRM-NEG.d,,Find by MRM,,
30,DGJZT_BS_6_1,,,331.1,,,,,100,,,,2.004,,,467,0.43,4960,,,,,Acq,,,,,,,,,,,,,,,30,,0225-DGJZT-DMRM-NEG.d,,Find by MRM,,
31,DGJZT_BS_6_3,,,331.1,,,,,100,,,,2.228,,,55,0.075,1159,,,,,Acq,,,,,,,,,,,,,,,30,,0225-DGJZT-DMRM-NEG.d,,Find by MRM,,
32,DGJZT_BS_8_2,,,567.2,,,,,100,,,,2.005,,,53,0.299,544,,,,,Acq,,,,,,,,,,,,,,,30,,0225-DGJZT-DMRM-NEG.d,,Find by MRM,,
33,DGJZT_BS_9_3,,,421.1,,,,,100,,,,2.075,,,134,0.31,979,,,,,Acq,,,,,,,,,,,,,,,30,,0225-DGJZT-DMRM-NEG.d,,Find by MRM,,
34,DGJZT_DG_29_3,,,341.1,,,,,100,,,,2.009,,,133,0.36,1946,,,,,Acq,,,,,,,,,,,,,,,30,,0225-DGJZT-DMRM-NEG.d,,Find by MRM,,
35,DGJZT_DG_29_1,,,341.1,,,,,100,,,,1.934,,,161,0.459,2910,,,,,Acq,,,,,,,,,,,,,,,30,,0225-DGJZT-DMRM-NEG.d,,Find by MRM,,
36,DGJZT_DG_29_2,,,341.1,,,,,100,,,,2.05,,,149,0.31,1689,,,,,Acq,,,,,,,,,,,,,,,30,,0225-DGJZT-DMRM-NEG.d,,Find by MRM,,
37,DGJZT_BS_13_1,,,529.2,,,,,100,,,,2.257,,,667,0.434,5175,,,,,Acq,,,,,,,,,,,,,,,30,,0225-DGJZT-DMRM-NEG.d,,Find by MRM,,
38,DGJZT_BS_16_1,,,493.1,,,,,100,,,,2.358,,,2299,0.38,22552,,,,,Acq,,,,,,,,,,,,,,,30,,0225-DGJZT-DMRM-NEG.d,,Find by MRM,,
39,DGJZT_BS_16_2,,,493.1,,,,,100,,,,2.333,,,272,0.392,2654,,,,,Acq,,,,,,,,,,,,,,,30,,0225-DGJZT-DMRM-NEG.d,,Find by MRM,,
40,DGJZT_BS_16_3,,,493.1,,,,,100,,,,2.342,,,95,0.351,855,,,,,Acq,,,,,,,,,,,,,,,30,,0225-DGJZT-DMRM-NEG.d,,Find by MRM,,
41,DGJZT_BS_14_1,,,169,,,,,100,,,,2.33,,,5408,0.404,50045,,,,,Acq,,,,,,,,,,,,,,,30,,0225-DGJZT-DMRM-NEG.d,,Find by MRM,,
42,DGJZT_BS_14_2,,,169,,,,,100,,,,2.339,,,3539,0.405,32102,,,,,Acq,,,,,,,,,,,,,,,30,,0225-DGJZT-DMRM-NEG.d,,Find by MRM,,
43,DGJZT_BS_17_1,,,331.1,,,,,100,,,,2.386,,,695,0.417,6550,,,,,Acq,,,,,,,,,,,,,,,30,,0225-DGJZT-DMRM-NEG.d,,Find by MRM,,
44,DGJZT_BS_17_2,,,331.1,,,,,100,,,,2.379,,,567,0.349,4646,,,,,Acq,,,,,,,,,,,,,,,30,,0225-DGJZT-DMRM-NEG.d,,Find by MRM,,
45,DGJZT_BS_17_3,,,331.1,,,,,100,,,,2.379,,,138,0.44,1851,,,,,Acq,,,,,,,,,,,,,,,30,,0225-DGJZT-DMRM-NEG.d,,Find by MRM,,
46,DGJZT_BS_18_1,,,526.2,,,,,100,,,,2.616,,,302,0.263,2097,,,,,Acq,,,,,,,,,,,,,,,30,,0225-DGJZT-DMRM-NEG.d,,Find by MRM,,
47,DGJZT_DG_33_3,,,423.1,,,,,100,,,,2.685,,,197,0.396,1696,,,,,Acq,,,,,,,,,,,,,,,30,,0225-DGJZT-DMRM-NEG.d,,Find by MRM,,
48,DGJZT_DG_33_2,,,423.1,,,,,100,,,,2.669,,,180,0.373,1607,,,,,Acq,,,,,,,,,,,,,,,30,,0225-DGJZT-DMRM-NEG.d,,Find by MRM,,
49,DGJZT_DG_33_1,,,423.1,,,,,100,,,,2.687,,,120,0.439,1243,,,,,Acq,,,,,,,,,,,,,,,30,,0225-DGJZT-DMRM-NEG.d,,Find by MRM,,
50,DGJZT_BS_20_1,,,403.1,,,,,100,,,,2.812,,,72,0.325,577,,,,,Acq,,,,,,,,,,,,,,,30,,0225-DGJZT-DMRM-NEG.d,,Find by MRM,,
51,DGJZT_BS_20_2,,,403.1,,,,,100,,,,2.803,,,112,0.368,889,,,,,Acq,,,,,,,,,,,,,,,30,,0225-DGJZT-DMRM-NEG.d,,Find by MRM,,
52,DGJZT_BS_22_1,,,527.1,,,,,100,,,,2.883,,,243,0.308,1757,,,,,Acq,,,,,,,,,,,,,,,30,,0225-DGJZT-DMRM-NEG.d,,Find by MRM,,
53,DGJZT_DZ_18_2,,,240.1,,,,,100,,,,2.965,,,236,0.385,2101,,,,,Acq,,,,,,,,,,,,,,,30,,0225-DGJZT-DMRM-NEG.d,,Find by MRM,,
54,DGJZT_BS_23_2,,,315.1,,,,,100,,,,2.996,,,442,0.301,3508,,,,,Acq,,,,,,,,,,,,,,,30,,0225-DGJZT-DMRM-NEG.d,,Find by MRM,,
55,DGJZT_BS_23_1,,,315.1,,,,,100,,,,3.005,,,390,0.325,2739,,,,,Acq,,,,,,,,,,,,,,,30,,0225-DGJZT-DMRM-NEG.d,,Find by MRM,,
56,DGJZT_DZ_19_2,,,297.1,,,,,100,,,,3.031,,,290,0.213,1799,,,,,Acq,,,,,,,,,,,,,,,30,,0225-DGJZT-DMRM-NEG.d,,Find by MRM,,
57,DGJZT_DZ_19_1,,,297.1,,,,,100,,,,3.04,,,183,0.203,1071,,,,,Acq,,,,,,,,,,,,,,,30,,0225-DGJZT-DMRM-NEG.d,,Find by MRM,,
58,DGJZT_DZ_21_1,,,221.1,,,,,100,,,,3.217,,,85,0.385,724,,,,,Acq,,,,,,,,,,,,,,,30,,0225-DGJZT-DMRM-NEG.d,,Find by MRM,,
59,DGJZT_BS_26_3,,,389.1,,,,,100,,,,3.254,,,77,0.186,428,,,,,Acq,,,,,,,,,,,,,,,30,,0225-DGJZT-DMRM-NEG.d,,Find by MRM,,
60,DGJZT_BS_25_2,,,527.1,,,,,100,,,,3.236,,,434,0.241,2990,,,,,Acq,,,,,,,,,,,,,,,30,,0225-DGJZT-DMRM-NEG.d,,Find by MRM,,
61,DGJZT_BS_25_1,,,527.1,,,,,100,,,,3.244,,,93,0.154,503,,,,,Acq,,,,,,,,,,,,,,,30,,0225-DGJZT-DMRM-NEG.d,,Find by MRM,,
62,DGJZT_BS_26_2,,,389.1,,,,,100,,,,3.246,,,277,0.311,1934,,,,,Acq,,,,,,,,,,,,,,,30,,0225-DGJZT-DMRM-NEG.d,,Find by MRM,,
63,DGJZT_BS_27_1,,,633.1,,,,,100,,,,3.328,,,857,0.373,7298,,,,,Acq,,,,,,,,,,,,,,,30,,0225-DGJZT-DMRM-NEG.d,,Find by MRM,,
64,DGJZT_BS_26_1,,,389.1,,,,,100,,,,3.246,,,285,0.335,1841,,,,,Acq,,,,,,,,,,,,,,,30,,0225-DGJZT-DMRM-NEG.d,,Find by MRM,,
65,DGJZT_DG_36_2,,,353.1,,,,,100,,,,3.315,,,767,0.401,6383,,,,,Acq,,,,,,,,,,,,,,,30,,0225-DGJZT-DMRM-NEG.d,,Find by MRM,,
66,DGJZT_DG_36_1,,,353.1,,,,,100,,,,3.299,,,637,0.383,4892,,,,,Acq,,,,,,,,,,,,,,,30,,0225-DGJZT-DMRM-NEG.d,,Find by MRM,,
67,DGJZT_DG_36_3,,,353.1,,,,,100,,,,3.315,,,294,0.415,2534,,,,,Acq,,,,,,,,,,,,,,,30,,0225-DGJZT-DMRM-NEG.d,,Find by MRM,,
68,DGJZT_BS_28_3,,,287.1,,,,,100,,,,3.408,,,912,0.355,7306,,,,,Acq,,,,,,,,,,,,,,,30,,0225-DGJZT-DMRM-NEG.d,,Find by MRM,,
69,DGJZT_BS_28_1,,,287.1,,,,,100,,,,3.417,,,673,0.333,5328,,,,,Acq,,,,,,,,,,,,,,,30,,0225-DGJZT-DMRM-NEG.d,,Find by MRM,,
70,DGJZT_BS_28_2,,,287.1,,,,,100,,,,3.409,,,221,0.401,1932,,,,,Acq,,,,,,,,,,,,,,,30,,0225-DGJZT-DMRM-NEG.d,,Find by MRM,,
71,DGJZT_DG_39_2,,,658.2,,,,,100,,,,3.435,,,330,0.296,2279,,,,,Acq,,,,,,,,,,,,,,,30,,0225-DGJZT-DMRM-NEG.d,,Find by MRM,,
72,DGJZT_DG_39_1,,,658.2,,,,,100,,,,3.436,,,347,0.318,2790,,,,,Acq,,,,,,,,,,,,,,,30,,0225-DGJZT-DMRM-NEG.d,,Find by MRM,,
73,DGJZT_BS_29_1,,,451.1,,,,,100,,,,3.489,,,356,0.406,3252,,,,,Acq,,,,,,,,,,,,,,,30,,0225-DGJZT-DMRM-NEG.d,,Find by MRM,,
74,DGJZT_BS_37_1,,,483.1,,,,,100,,,,3.665,,,180,0.226,1447,,,,,Acq,,,,,,,,,,,,,,,30,,0225-DGJZT-DMRM-NEG.d,,Find by MRM,,
75,DGJZT_BS_37_3,,,483.1,,,,,100,,,,3.681,,,163,0.344,1434,,,,,Acq,,,,,,,,,,,,,,,30,,0225-DGJZT-DMRM-NEG.d,,Find by MRM,,
76,DGJZT_DG_41_2,,,355.1,,,,,100,,,,3.693,,,310,0.233,2479,,,,,Acq,,,,,,,,,,,,,,,30,,0225-DGJZT-DMRM-NEG.d,,Find by MRM,,
77,DGJZT_DG_41_3,,,355.1,,,,,100,,,,3.692,,,358,0.373,2522,,,,,Acq,,,,,,,,,,,,,,,30,,0225-DGJZT-DMRM-NEG.d,,Find by MRM,,
78,DGJZT_DG_41_1,,,355.1,,,,,100,,,,3.693,,,1528,0.39,11313,,,,,Acq,,,,,,,,,,,,,,,30,,0225-DGJZT-DMRM-NEG.d,,Find by MRM,,
79,DGJZT_DG_42_3,,,491.1,,,,,100,,,,3.763,,,412,0.182,3201,,,,,Acq,,,,,,,,,,,,,,,30,,0225-DGJZT-DMRM-NEG.d,,Find by MRM,,
80,DGJZT_DG_42_1,,,491.1,,,,,100,,,,3.739,,,90,0.185,685,,,,,Acq,,,,,,,,,,,,,,,30,,0225-DGJZT-DMRM-NEG.d,,Find by MRM,,
81,DGJZT_BS_40_2,,,391.2,,,,,100,,,,3.775,,,172,0.303,1296,,,,,Acq,,,,,,,,,,,,,,,30,,0225-DGJZT-DMRM-NEG.d,,Find by MRM,,
82,DGJZT_BS_40_3,,,391.2,,,,,100,,,,3.783,,,159,0.329,1237,,,,,Acq,,,,,,,,,,,,,,,30,,0225-DGJZT-DMRM-NEG.d,,Find by MRM,,
83,DGJZT_GZ_4_1,,,349.1,,,,,100,,,,3.828,,,256,0.427,2074,,,,,Acq,,,,,,,,,,,,,,,30,,0225-DGJZT-DMRM-NEG.d,,Find by MRM,,
84,DGJZT_DG_43_1,,,293.1,,,,,100,,,,3.82,,,152,0.193,794,,,,,Acq,,,,,,,,,,,,,,,30,,0225-DGJZT-DMRM-NEG.d,,Find by MRM,,
85,DGJZT_CGC_7_1,,,631.1,,,,,100,,,,3.814,,,698,0.487,7387,,,,,Acq,,,,,,,,,,,,,,,30,,0225-DGJZT-DMRM-NEG.d,,Find by MRM,,
86,DGJZT_DG_42_2,,,491.1,,,,,100,,,,3.772,,,525,0.495,7748,,,,,Acq,,,,,,,,,,,,,,,30,,0225-DGJZT-DMRM-NEG.d,,Find by MRM,,
87,DGJZT_BS_45_1,,,635.1,,,,,100,,,,3.948,,,553,0.369,3655,,,,,Acq,,,,,,,,,,,,,,,30,,0225-DGJZT-DMRM-NEG.d,,Find by MRM,,
88,DGJZT_DZ_23_1,,,477.2,,,,,100,,,,3.925,,,73,0.224,466,,,,,Acq,,,,,,,,,,,,,,,30,,0225-DGJZT-DMRM-NEG.d,,Find by MRM,,
89,DGJZT_DZ_24_2,,,431.2,,,,,100,,,,3.926,,,56,0.243,353,,,,,Acq,,,,,,,,,,,,,,,30,,0225-DGJZT-DMRM-NEG.d,,Find by MRM,,
90,DGJZT_DZ_24_1,,,431.2,,,,,100,,,,4.094,,,53,0.208,342,,,,,Acq,,,,,,,,,,,,,,,30,,0225-DGJZT-DMRM-NEG.d,,Find by MRM,,
91,DGJZT_DZ_25_2,,,639.2,,,,,100,,,,4.048,,,74,0.316,684,,,,,Acq,,,,,,,,,,,,,,,30,,0225-DGJZT-DMRM-NEG.d,,Find by MRM,,
92,DGJZT_DG_46_2,,,353.1,,,,,100,,,,4.012,,,2389,0.413,24529,,,,,Acq,,,,,,,,,,,,,,,30,,0225-DGJZT-DMRM-NEG.d,,Find by MRM,,
93,DGJZT_DG_46_1,,,353.1,,,,,100,,,,4.012,,,1588,0.367,16496,,,,,Acq,,,,,,,,,,,,,,,30,,0225-DGJZT-DMRM-NEG.d,,Find by MRM,,
94,DGJZT_DZ_25_3,,,639.2,,,,,100,,,,4.056,,,238,0.379,2204,,,,,Acq,,,,,,,,,,,,,,,30,,0225-DGJZT-DMRM-NEG.d,,Find by MRM,,
95,DGJZT_DZ_25_1,,,639.2,,,,,100,,,,4.04,,,76,0.245,565,,,,,Acq,,,,,,,,,,,,,,,30,,0225-DGJZT-DMRM-NEG.d,,Find by MRM,,
96,DGJZT_BS_44_1,,,511.1,,,,,100,,,,3.89,,,41,0.358,590,,,,,Acq,,,,,,,,,,,,,,,30,,0225-DGJZT-DMRM-NEG.d,,Find by MRM,,
97,DGJZT_CGC_13_1,,,789.2,,,,,100,,,,4.122,,,8699,0.402,56761,,,,,Acq,,,,,,,,,,,,,,,30,,0225-DGJZT-DMRM-NEG.d,,Find by MRM,,
98,DGJZT_CGC_16_1,,,625.2,,,,,100,,,,4.143,,,1833,0.382,15218,,,,,Acq,,,,,,,,,,,,,,,30,,0225-DGJZT-DMRM-NEG.d,,Find by MRM,,
99,DGJZT_BS_46_3,,,525.2,,,,,100,,,,4.152,,,166,0.305,1179,,,,,Acq,,,,,,,,,,,,,,,30,,0225-DGJZT-DMRM-NEG.d,,Find by MRM,,
100,DGJZT_CGC_14_1,,,417.1,,,,,100,,,,4.146,,,1131,0.365,9368,,,,,Acq,,,,,,,,,,,,,,,30,,0225-DGJZT-DMRM-NEG.d,,Find by MRM,,
101,DGJZT_CGC_18_1,,,711.2,,,,,100,,,,4.19,,,334,0.324,2570,,,,,Acq,,,,,,,,,,,,,,,30,,0225-DGJZT-DMRM-NEG.d,,Find by MRM,,
102,DGJZT_CGC_14_3,,,417.1,,,,,100,,,,4.162,,,1310,0.451,11440,,,,,Acq,,,,,,,,,,,,,,,30,,0225-DGJZT-DMRM-NEG.d,,Find by MRM,,
103,DGJZT_CGC_14_2,,,417.1,,,,,100,,,,4.138,,,413,0.46,3820,,,,,Acq,,,,,,,,,,,,,,,30,,0225-DGJZT-DMRM-NEG.d,,Find by MRM,,
104,DGJZT_CGC_18_3,,,711.2,,,,,100,,,,4.19,,,3223,0.424,25450,,,,,Acq,,,,,,,,,,,,,,,30,,0225-DGJZT-DMRM-NEG.d,,Find by MRM,,
105,DGJZT_CGC_17_1,,,549.2,,,,,100,,,,4.21,,,160,0.266,1195,,,,,Acq,,,,,,,,,,,,,,,30,,0225-DGJZT-DMRM-NEG.d,,Find by MRM,,
106,DGJZT_BS_53_1,,,635.1,,,,,100,,,,4.359,,,305,0.368,3113,,,,,Acq,,,,,,,,,,,,,,,30,,0225-DGJZT-DMRM-NEG.d,,Find by MRM,,
107,DGJZT_BS_51_2,,,183,,,,,100,,,,4.314,,,1137,0.437,10327,,,,,Acq,,,,,,,,,,,,,,,30,,0225-DGJZT-DMRM-NEG.d,,Find by MRM,,
108,DGJZT_BS_51_1,,,183,,,,,100,,,,4.298,,,1061,0.436,9383,,,,,Acq,,,,,,,,,,,,,,,30,,0225-DGJZT-DMRM-NEG.d,,Find by MRM,,
109,DGJZT_DZ_26_2,,,755.3,,,,,100,,,,4.324,,,164,0.343,1240,,,,,Acq,,,,,,,,,,,,,,,30,,0225-DGJZT-DMRM-NEG.d,,Find by MRM,,
110,DGJZT_BS_56_1,,,687.2,,,,,100,,,,4.401,,,953,0.417,8317,,,,,Acq,,,,,,,,,,,,,,,30,,0225-DGJZT-DMRM-NEG.d,,Find by MRM,,
111,DGJZT_BS_54_1,,,327.1,,,,,100,,,,4.397,,,496,0.381,3914,,,,,Acq,,,,,,,,,,,,,,,30,,0225-DGJZT-DMRM-NEG.d,,Find by MRM,,
112,DGJZT_DG_49_1,,,215.1,,,,,100,,,,4.43,,,76,0.349,840,,,,,Acq,,,,,,,,,,,,,,,30,,0225-DGJZT-DMRM-NEG.d,,Find by MRM,,
113,DGJZT_DG_49_2,,,215.1,,,,,100,,,,4.439,,,104,0.436,1173,,,,,Acq,,,,,,,,,,,,,,,30,,0225-DGJZT-DMRM-NEG.d,,Find by MRM,,
114,DGJZT_CGC_19_1,,,593.2,,,,,100,,,,4.612,,,831,0.378,6699,,,,,Acq,,,,,,,,,,,,,,,30,,0225-DGJZT-DMRM-NEG.d,,Find by MRM,,
115,DGJZT_BS_60_1,,,631.2,,,,,100,,,,4.694,,,94,0.339,785,,,,,Acq,,,,,,,,,,,,,,,30,,0225-DGJZT-DMRM-NEG.d,,Find by MRM,,
116,DGJZT_BS_60_3,,,631.2,,,,,100,,,,4.71,,,739,0.46,6508,,,,,Acq,,,,,,,,,,,,,,,30,,0225-DGJZT-DMRM-NEG.d,,Find by MRM,,
117,DGJZT_BS_61_1,,,491.1,,,,,100,,,,4.746,,,764,0.353,5822,,,,,Acq,,,,,,,,,,,,,,,30,,0225-DGJZT-DMRM-NEG.d,,Find by MRM,,
118,DGJZT_GZ_6_2,,,415.1,,,,,100,,,,4.747,,,125,0.334,1031,,,,,Acq,,,,,,,,,,,,,,,30,,0225-DGJZT-DMRM-NEG.d,,Find by MRM,,
119,DGJZT_GZ_6_1,,,415.1,,,,,100,,,,4.764,,,189,0.43,1759,,,,,Acq,,,,,,,,,,,,,,,30,,0225-DGJZT-DMRM-NEG.d,,Find by MRM,,
120,DGJZT_BS_62_2,,,519.2,,,,,100,,,,4.778,,,106,0.35,960,,,,,Acq,,,,,,,,,,,,,,,30,,0225-DGJZT-DMRM-NEG.d,,Find by MRM,,
121,DGJZT_BS_62_1,,,519.2,,,,,100,,,,4.778,,,110,0.258,828,,,,,Acq,,,,,,,,,,,,,,,30,,0225-DGJZT-DMRM-NEG.d,,Find by MRM,,
122,DGJZT_BS_66_3,,,687.2,,,,,100,,,,4.843,,,2104,0.387,18013,,,,,Acq,,,,,,,,,,,,,,,30,,0225-DGJZT-DMRM-NEG.d,,Find by MRM,,
123,DGJZT_BS_66_1,,,687.2,,,,,100,,,,4.835,,,10934,0.401,98902,,,,,Acq,,,,,,,,,,,,,,,30,,0225-DGJZT-DMRM-NEG.d,,Find by MRM,,
124,DGJZT_BS_66_2,,,687.2,,,,,100,,,,4.827,,,334,0.372,2796,,,,,Acq,,,,,,,,,,,,,,,30,,0225-DGJZT-DMRM-NEG.d,,Find by MRM,,
125,DGJZT_GZ_8_2,,,327.1,,,,,100,,,,4.958,,,211,0.358,1555,,,,,Acq,,,,,,,,,,,,,,,30,,0225-DGJZT-DMRM-NEG.d,,Find by MRM,,
126,DGJZT_GZ_8_1,,,327.1,,,,,100,,,,4.95,,,549,0.432,3692,,,,,Acq,,,,,,,,,,,,,,,30,,0225-DGJZT-DMRM-NEG.d,,Find by MRM,,
127,DGJZT_GZ_8_3,,,327.1,,,,,100,,,,4.959,,,32,0.184,186,,,,,Acq,,,,,,,,,,,,,,,30,,0225-DGJZT-DMRM-NEG.d,,Find by MRM,,
128,DGJZT_GZ_9_3,,,363.1,,,,,100,,,,5.023,,,53,0.218,379,,,,,Acq,,,,,,,,,,,,,,,30,,0225-DGJZT-DMRM-NEG.d,,Find by MRM,,
129,DGJZT_DZ_28_3,,,340.2,,,,,100,,,,5.057,,,591,0.367,5323,,,,,Acq,,,,,,,,,,,,,,,30,,0225-DGJZT-DMRM-NEG.d,,Find by MRM,,
130,DGJZT_DZ_28_2,,,340.2,,,,,100,,,,5.057,,,2527,0.411,22366,,,,,Acq,,,,,,,,,,,,,,,30,,0225-DGJZT-DMRM-NEG.d,,Find by MRM,,
131,DGJZT_DZ_28_1,,,340.2,,,,,100,,,,5.049,,,511,0.395,4746,,,,,Acq,,,,,,,,,,,,,,,30,,0225-DGJZT-DMRM-NEG.d,,Find by MRM,,
132,DGJZT_BS_75_1,,,525.2,,,,,100,,,,5.098,,,60165,0.386,589733,,,,,Acq,,,,,,,,,,,,,,,30,,0225-DGJZT-DMRM-NEG.d,,Find by MRM,,
133,DGJZT_DZ_30_1,,,579.3,,,,,100,,,,5.179,,,107,0.243,744,,,,,Acq,,,,,,,,,,,,,,,30,,0225-DGJZT-DMRM-NEG.d,,Find by MRM,,
134,DGJZT_BS_79_1,,,787.1,,,,,100,,,,5.22,,,266,0.411,2810,,,,,Acq,,,,,,,,,,,,,,,30,,0225-DGJZT-DMRM-NEG.d,,Find by MRM,,
135,DGJZT_SJ_4_1,,,519.2,,,,,100,,,,5.232,,,226,0.38,2013,,,,,Acq,,,,,,,,,,,,,,,30,,0225-DGJZT-DMRM-NEG.d,,Find by MRM,,
136,DGJZT_BS_80_2,,,631.2,,,,,100,,,,5.271,,,4395,0.43,38861,,,,,Acq,,,,,,,,,,,,,,,30,,0225-DGJZT-DMRM-NEG.d,,Find by MRM,,
137,DGJZT_BS_80_1,,,631.2,,,,,100,,,,5.271,,,721,0.375,5991,,,,,Acq,,,,,,,,,,,,,,,30,,0225-DGJZT-DMRM-NEG.d,,Find by MRM,,
138,DGJZT_DZ_31_1,,,741.2,,,,,100,,,,5.321,,,367,0.389,2774,,,,,Acq,,,,,,,,,,,,,,,30,,0225-DGJZT-DMRM-NEG.d,,Find by MRM,,
139,DGJZT_BS_81_2,,,541.2,,,,,100,,,,5.314,,,392,0.361,2929,,,,,Acq,,,,,,,,,,,,,,,30,,0225-DGJZT-DMRM-NEG.d,,Find by MRM,,
140,DGJZT_BS_81_1,,,541.2,,,,,100,,,,5.298,,,1428,0.367,11317,,,,,Acq,,,,,,,,,,,,,,,30,,0225-DGJZT-DMRM-NEG.d,,Find by MRM,,
141,DGJZT_DG_58_2,,,367.1,,,,,100,,,,5.37,,,194,0.376,1363,,,,,Acq,,,,,,,,,,,,,,,30,,0225-DGJZT-DMRM-NEG.d,,Find by MRM,,
142,DGJZT_DG_58_1,,,367.1,,,,,100,,,,5.377,,,441,0.41,3151,,,,,Acq,,,,,,,,,,,,,,,30,,0225-DGJZT-DMRM-NEG.d,,Find by MRM,,
143,DGJZT_DG_58_3,,,367.1,,,,,100,,,,5.361,,,257,0.429,2250,,,,,Acq,,,,,,,,,,,,,,,30,,0225-DGJZT-DMRM-NEG.d,,Find by MRM,,
144,DGJZT_BS_86_3,,,525.2,,,,,100,,,,5.467,,,23872,0.364,293761,,,,,Acq,,,,,,,,,,,,,,,30,,0225-DGJZT-DMRM-NEG.d,,Find by MRM,,
145,DGJZT_BS_86_2,,,525.2,,,,,100,,,,5.492,,,356,0.364,4296,,,,,Acq,,,,,,,,,,,,,,,30,,0225-DGJZT-DMRM-NEG.d,,Find by MRM,,
146,DGJZT_BS_86_1,,,525.2,,,,,100,,,,5.484,,,139621,0.381,1840585,,,,,Acq,,,,,,,,,,,,,,,30,,0225-DGJZT-DMRM-NEG.d,,Find by MRM,,
147,DGJZT_BS_85_3,,,449.1,,,,,100,,,,5.51,,,202,0.298,1493,,,,,Acq,,,,,,,,,,,,,,,30,,0225-DGJZT-DMRM-NEG.d,,Find by MRM,,
148,DGJZT_BS_85_2,,,449.1,,,,,100,,,,5.469,,,72,0.503,816,,,,,Acq,,,,,,,,,,,,,,,30,,0225-DGJZT-DMRM-NEG.d,,Find by MRM,,
149,DGJZT_BS_85_1,,,449.1,,,,,100,,,,5.486,,,6163,0.51,79686,,,,,Acq,,,,,,,,,,,,,,,30,,0225-DGJZT-DMRM-NEG.d,,Find by MRM,,
150,DGJZT_BS_82_3,,,327.1,,,,,100,,,,5.513,,,58,0.387,638,,,,,Acq,,,,,,,,,,,,,,,30,,0225-DGJZT-DMRM-NEG.d,,Find by MRM,,
151,DGJZT_BS_96_3,,,497.2,,,,,100,,,,5.626,,,248,0.402,1861,,,,,Acq,,,,,,,,,,,,,,,30,,0225-DGJZT-DMRM-NEG.d,,Find by MRM,,
152,DGJZT_CGC_24_2,,,579.2,,,,,100,,,,5.615,,,3000,0.308,22974,,,,,Acq,,,,,,,,,,,,,,,30,,0225-DGJZT-DMRM-NEG.d,,Find by MRM,,
153,DGJZT_BS_96_2,,,497.2,,,,,100,,,,5.609,,,187,0.4,1455,,,,,Acq,,,,,,,,,,,,,,,30,,0225-DGJZT-DMRM-NEG.d,,Find by MRM,,
154,DGJZT_GZ_11_3,,,581.2,,,,,100,,,,5.682,,,149,0.487,1490,,,,,Acq,,,,,,,,,,,,,,,30,,0225-DGJZT-DMRM-NEG.d,,Find by MRM,,
155,DGJZT_CGC_24_1,,,579.2,,,,,100,,,,5.615,,,247,0.32,1859,,,,,Acq,,,,,,,,,,,,,,,30,,0225-DGJZT-DMRM-NEG.d,,Find by MRM,,
156,DGJZT_CGC_27_1,,,737.2,,,,,100,,,,5.865,,,326,0.21,2156,,,,,Acq,,,,,,,,,,,,,,,30,,0225-DGJZT-DMRM-NEG.d,,Find by MRM,,
157,DGJZT_BS_97_1,,,495.2,,,,,100,,,,5.838,,,6979,0.425,59860,,,,,Acq,,,,,,,,,,,,,,,30,,0225-DGJZT-DMRM-NEG.d,,Find by MRM,,
158,DGJZT_CGC_26_1,,,737.2,,,,,100,,,,5.866,,,258,0.343,2261,,,,,Acq,,,,,,,,,,,,,,,30,,0225-DGJZT-DMRM-NEG.d,,Find by MRM,,
159,DGJZT_CGC_28_1,,,625.2,,,,,100,,,,5.908,,,626,0.383,5334,,,,,Acq,,,,,,,,,,,,,,,30,,0225-DGJZT-DMRM-NEG.d,,Find by MRM,,
160,DGJZT_BS_101_1,,,787.1,,,,,100,,,,5.915,,,688,0.238,4650,,,,,Acq,,,,,,,,,,,,,,,30,,0225-DGJZT-DMRM-NEG.d,,Find by MRM,,
161,DGJZT_BS_102_2,,,519.2,,,,,100,,,,5.862,,,188,0.38,1518,,,,,Acq,,,,,,,,,,,,,,,30,,0225-DGJZT-DMRM-NEG.d,,Find by MRM,,
162,DGJZT_BS_102_1,,,519.2,,,,,100,,,,5.853,,,121,0.462,1104,,,,,Acq,,,,,,,,,,,,,,,30,,0225-DGJZT-DMRM-NEG.d,,Find by MRM,,
163,DGJZT_CGC_29_1,,,415.1,,,,,100,,,,5.914,,,393,0.452,4289,,,,,Acq,,,,,,,,,,,,,,,30,,0225-DGJZT-DMRM-NEG.d,,Find by MRM,,
164,DGJZT_DZ_32_2,,,623.3,,,,,100,,,,6.068,,,566,0.229,4376,,,,,Acq,,,,,,,,,,,,,,,30,,0225-DGJZT-DMRM-NEG.d,,Find by MRM,,
165,DGJZT_DZ_32_1,,,623.3,,,,,100,,,,6.06,,,73,0.282,553,,,,,Acq,,,,,,,,,,,,,,,30,,0225-DGJZT-DMRM-NEG.d,,Find by MRM,,
166,DGJZT_BS_103_2,,,787.1,,,,,100,,,,6.175,,,389,0.219,2520,,,,,Acq,,,,,,,,,,,,,,,30,,0225-DGJZT-DMRM-NEG.d,,Find by MRM,,
167,DGJZT_BS_103_1,,,787.1,,,,,100,,,,6.167,,,63,0.09,182,,,,,Acq,,,,,,,,,,,,,,,30,,0225-DGJZT-DMRM-NEG.d,,Find by MRM,,
168,DGJZT_DG_61_2,,,527.2,,,,,100,,,,6.147,,,169,0.294,1319,,,,,Acq,,,,,,,,,,,,,,,30,,0225-DGJZT-DMRM-NEG.d,,Find by MRM,,
169,DGJZT_BS_104_2,,,477.1,,,,,100,,,,6.191,,,266,0.31,2218,,,,,Acq,,,,,,,,,,,,,,,30,,0225-DGJZT-DMRM-NEG.d,,Find by MRM,,
170,DGJZT_DZ_33_3,,,609.1,,,,,100,,,,6.294,,,3839,0.441,34129,,,,,Acq,,,,,,,,,,,,,,,30,,0225-DGJZT-DMRM-NEG.d,,Find by MRM,,
171,DGJZT_DZ_33_1,,,609.1,,,,,100,,,,6.295,,,6187,0.405,55131,,,,,Acq,,,,,,,,,,,,,,,30,,0225-DGJZT-DMRM-NEG.d,,Find by MRM,,
172,DGJZT_CGC_33_1,,,579.2,,,,,100,,,,6.462,,,1206,0.184,12027,,,,,Acq,,,,,,,,,,,,,,,30,,0225-DGJZT-DMRM-NEG.d,,Find by MRM,,
173,DGJZT_CGC_33_2,,,579.2,,,,,100,,,,6.437,,,78,0.179,433,,,,,Acq,,,,,,,,,,,,,,,30,,0225-DGJZT-DMRM-NEG.d,,Find by MRM,,
174,DGJZT_GZ_15_1,,,559.2,,,,,100,,,,6.296,,,1735,0.43,13737,,,,,Acq,,,,,,,,,,,,,,,30,,0225-DGJZT-DMRM-NEG.d,,Find by MRM,,
175,DGJZT_DZ_33_2,,,609.1,,,,,100,,,,6.304,,,134,0.366,1175,,,,,Acq,,,,,,,,,,,,,,,30,,0225-DGJZT-DMRM-NEG.d,,Find by MRM,,
176,DGJZT_CGC_31_1,,,549.2,,,,,100,,,,6.398,,,102943,0.366,976463,,,,,Acq,,,,,,,,,,,,,,,30,,0225-DGJZT-DMRM-NEG.d,,Find by MRM,,
177,DGJZT_CGC_31_2,,,549.2,,,,,100,,,,6.405,,,8810,0.366,81771,,,,,Acq,,,,,,,,,,,,,,,30,,0225-DGJZT-DMRM-NEG.d,,Find by MRM,,
178,DGJZT_CGC_31_3,,,549.2,,,,,100,,,,6.39,,,1829,0.382,18485,,,,,Acq,,,,,,,,,,,,,,,30,,0225-DGJZT-DMRM-NEG.d,,Find by MRM,,
179,DGJZT_CGC_40_2,,,1099.3,,,,,100,,,,6.392,,,11473,0.344,75726,,,,,Acq,,,,,,,,,,,,,,,30,,0225-DGJZT-DMRM-NEG.d,,Find by MRM,,
180,DGJZT_CGC_36_1,,,549.2,,,,,100,,,,6.397,,,100419,0.4,898558,,,,,Acq,,,,,,,,,,,,,,,30,,0225-DGJZT-DMRM-NEG.d,,Find by MRM,,
181,DGJZT_CGC_36_2,,,549.2,,,,,100,,,,6.405,,,8327,0.342,72266,,,,,Acq,,,,,,,,,,,,,,,30,,0225-DGJZT-DMRM-NEG.d,,Find by MRM,,
182,DGJZT_CGC_36_3,,,549.2,,,,,100,,,,6.389,,,1772,0.374,15461,,,,,Acq,,,,,,,,,,,,,,,30,,0225-DGJZT-DMRM-NEG.d,,Find by MRM,,
183,DGJZT_CGC_43_3,,,707.2,,,,,100,,,,6.502,,,4270,0.351,36228,,,,,Acq,,,,,,,,,,,,,,,30,,0225-DGJZT-DMRM-NEG.d,,Find by MRM,,
184,DGJZT_CGC_43_1,,,707.2,,,,,100,,,,6.511,,,556,0.32,5824,,,,,Acq,,,,,,,,,,,,,,,30,,0225-DGJZT-DMRM-NEG.d,,Find by MRM,,
185,DGJZT_BS_105_1,,,441.1,,,,,100,,,,6.499,,,108,0.191,690,,,,,Acq,,,,,,,,,,,,,,,30,,0225-DGJZT-DMRM-NEG.d,,Find by MRM,,
186,DGJZT_CGC_43_2,,,707.2,,,,,100,,,,6.485,,,492,0.419,6207,,,,,Acq,,,,,,,,,,,,,,,30,,0225-DGJZT-DMRM-NEG.d,,Find by MRM,,
187,DGJZT_CGC_47_2,,,417.1,,,,,100,,,,6.575,,,29393,0.521,319797,,,,,Acq,,,,,,,,,,,,,,,30,,0225-DGJZT-DMRM-NEG.d,,Find by MRM,,
188,DGJZT_CGC_47_3,,,417.1,,,,,100,,,,6.583,,,96302,0.48,968232,,,,,Acq,,,,,,,,,,,,,,,30,,0225-DGJZT-DMRM-NEG.d,,Find by MRM,,
189,DGJZT_CGC_47_1,,,417.1,,,,,100,,,,6.583,,,81672,0.474,828183,,,,,Acq,,,,,,,,,,,,,,,30,,0225-DGJZT-DMRM-NEG.d,,Find by MRM,,
190,DGJZT_BS_106_2,,,301,,,,,100,,,,6.675,,,136,0.383,1381,,,,,Acq,,,,,,,,,,,,,,,30,,0225-DGJZT-DMRM-NEG.d,,Find by MRM,,
191,DGJZT_CGC_54_1,,,565.2,,,,,100,,,,6.646,,,96,0.21,515,,,,,Acq,,,,,,,,,,,,,,,30,,0225-DGJZT-DMRM-NEG.d,,Find by MRM,,
192,DGJZT_GZ_16_1,,,475.2,,,,,100,,,,6.749,,,88,0.474,873,,,,,Acq,,,,,,,,,,,,,,,30,,0225-DGJZT-DMRM-NEG.d,,Find by MRM,,
193,DGJZT_BS_107_2,,,309.1,,,,,100,,,,6.65,,,230,0.376,2210,,,,,Acq,,,,,,,,,,,,,,,30,,0225-DGJZT-DMRM-NEG.d,,Find by MRM,,
194,DGJZT_BS_107_1,,,309.1,,,,,100,,,,6.666,,,210,0.421,1524,,,,,Acq,,,,,,,,,,,,,,,30,,0225-DGJZT-DMRM-NEG.d,,Find by MRM,,
195,DGJZT_BS_106_3,,,301,,,,,100,,,,6.651,,,190,0.369,1677,,,,,Acq,,,,,,,,,,,,,,,30,,0225-DGJZT-DMRM-NEG.d,,Find by MRM,,
196,DGJZT_BS_106_1,,,301,,,,,100,,,,6.676,,,160,0.403,1461,,,,,Acq,,,,,,,,,,,,,,,30,,0225-DGJZT-DMRM-NEG.d,,Find by MRM,,
197,DGJZT_BS_108_2,,,631.2,,,,,100,,,,6.823,,,307,0.453,3058,,,,,Acq,,,,,,,,,,,,,,,30,,0225-DGJZT-DMRM-NEG.d,,Find by MRM,,
198,DGJZT_SJ_5_3,,,475.2,,,,,100,,,,6.756,,,73,0.343,587,,,,,Acq,,,,,,,,,,,,,,,30,,0225-DGJZT-DMRM-NEG.d,,Find by MRM,,
199,DGJZT_BS_108_3,,,631.2,,,,,100,,,,6.805,,,11890,0.431,112352,,,,,Acq,,,,,,,,,,,,,,,30,,0225-DGJZT-DMRM-NEG.d,,Find by MRM,,
200,DGJZT_BS_108_1,,,631.2,,,,,100,,,,6.797,,,4514,0.454,42619,,,,,Acq,,,,,,,,,,,,,,,30,,0225-DGJZT-DMRM-NEG.d,,Find by MRM,,
201,DGJZT_DG_65_1,,,193,,,,,100,,,,6.81,,,1010,0.485,10569,,,,,Acq,,,,,,,,,,,,,,,30,,0225-DGJZT-DMRM-NEG.d,,Find by MRM,,
202,DGJZT_DG_64_1,,,178,,,,,100,,,,6.811,,,1041,0.457,10449,,,,,Acq,,,,,,,,,,,,,,,30,,0225-DGJZT-DMRM-NEG.d,,Find by MRM,,
203,DGJZT_DG_64_2,,,178,,,,,100,,,,6.828,,,958,0.476,10132,,,,,Acq,,,,,,,,,,,,,,,30,,0225-DGJZT-DMRM-NEG.d,,Find by MRM,,
204,DGJZT_DG_65_3,,,193,,,,,100,,,,6.811,,,743,0.455,7610,,,,,Acq,,,,,,,,,,,,,,,30,,0225-DGJZT-DMRM-NEG.d,,Find by MRM,,
205,DGJZT_BS_118_1,,,939.1,,,,,100,,,,6.929,,,891,0.393,8495,,,,,Acq,,,,,,,,,,,,,,,30,,0225-DGJZT-DMRM-NEG.d,,Find by MRM,,
206,DGJZT_BS_118_2,,,939.1,,,,,100,,,,6.913,,,105,0.31,712,,,,,Acq,,,,,,,,,,,,,,,30,,0225-DGJZT-DMRM-NEG.d,,Find by MRM,,
207,DGJZT_BS_115_1,,,769.1,,,,,100,,,,6.947,,,116,0.369,1064,,,,,Acq,,,,,,,,,,,,,,,30,,0225-DGJZT-DMRM-NEG.d,,Find by MRM,,
208,DGJZT_BS_118_3,,,939.1,,,,,100,,,,6.93,,,506,0.467,4233,,,,,Acq,,,,,,,,,,,,,,,30,,0225-DGJZT-DMRM-NEG.d,,Find by MRM,,
209,DGJZT_BS_120_2,,,509.2,,,,,100,,,,7.025,,,75,0.324,581,,,,,Acq,,,,,,,,,,,,,,,30,,0225-DGJZT-DMRM-NEG.d,,Find by MRM,,
210,DGJZT_DZ_34_2,,,204.1,,,,,100,,,,7.12,,,178,0.366,1615,,,,,Acq,,,,,,,,,,,,,,,30,,0225-DGJZT-DMRM-NEG.d,,Find by MRM,,
211,DGJZT_DZ_36_2,,,637.3,,,,,100,,,,7.149,,,445,0.306,3473,,,,,Acq,,,,,,,,,,,,,,,30,,0225-DGJZT-DMRM-NEG.d,,Find by MRM,,
212,DGJZT_DZ_36_1,,,637.3,,,,,100,,,,7.191,,,97,0.243,752,,,,,Acq,,,,,,,,,,,,,,,30,,0225-DGJZT-DMRM-NEG.d,,Find by MRM,,
213,DGJZT_DZ_34_1,,,204.1,,,,,100,,,,7.137,,,206,0.47,2027,,,,,Acq,,,,,,,,,,,,,,,30,,0225-DGJZT-DMRM-NEG.d,,Find by MRM,,
214,DGJZT_DZ_34_3,,,204.1,,,,,100,,,,7.12,,,150,0.395,1272,,,,,Acq,,,,,,,,,,,,,,,30,,0225-DGJZT-DMRM-NEG.d,,Find by MRM,,
215,DGJZT_DZ_36_3,,,637.3,,,,,100,,,,7.174,,,934,0.492,10523,,,,,Acq,,,,,,,,,,,,,,,30,,0225-DGJZT-DMRM-NEG.d,,Find by MRM,,
216,DGJZT_SJ_6_2,,,375.1,,,,,100,,,,7.211,,,733,0.421,6727,,,,,Acq,,,,,,,,,,,,,,,30,,0225-DGJZT-DMRM-NEG.d,,Find by MRM,,
217,DGJZT_SJ_6_1,,,375.1,,,,,100,,,,7.22,,,1015,0.433,9375,,,,,Acq,,,,,,,,,,,,,,,30,,0225-DGJZT-DMRM-NEG.d,,Find by MRM,,
218,DGJZT_DG_66_1,,,209.1,,,,,100,,,,7.229,,,178,0.395,1651,,,,,Acq,,,,,,,,,,,,,,,30,,0225-DGJZT-DMRM-NEG.d,,Find by MRM,,
219,DGJZT_DG_66_3,,,209.1,,,,,100,,,,7.229,,,67,0.123,292,,,,,Acq,,,,,,,,,,,,,,,30,,0225-DGJZT-DMRM-NEG.d,,Find by MRM,,
220,DGJZT_GZ_18_3,,,557.2,,,,,100,,,,7.351,,,176,0.35,2115,,,,,Acq,,,,,,,,,,,,,,,30,,0225-DGJZT-DMRM-NEG.d,,Find by MRM,,
221,DGJZT_GZ_18_2,,,557.2,,,,,100,,,,7.343,,,356,0.226,2625,,,,,Acq,,,,,,,,,,,,,,,30,,0225-DGJZT-DMRM-NEG.d,,Find by MRM,,
222,DGJZT_GZ_18_1,,,557.2,,,,,100,,,,7.369,,,45,0.198,300,,,,,Acq,,,,,,,,,,,,,,,30,,0225-DGJZT-DMRM-NEG.d,,Find by MRM,,
223,DGJZT_BS_123_1,,,507.2,,,,,100,,,,7.496,,,401,0.417,3685,,,,,Acq,,,,,,,,,,,,,,,30,,0225-DGJZT-DMRM-NEG.d,,Find by MRM,,
224,DGJZT_BS_125_3,,,567.2,,,,,100,,,,7.485,,,131,0.395,1179,,,,,Acq,,,,,,,,,,,,,,,30,,0225-DGJZT-DMRM-NEG.d,,Find by MRM,,
225,DGJZT_BS_125_1,,,567.2,,,,,100,,,,7.527,,,1077,0.522,10223,,,,,Acq,,,,,,,,,,,,,,,30,,0225-DGJZT-DMRM-NEG.d,,Find by MRM,,
226,DGJZT_BS_126_3,,,631.2,,,,,100,,,,7.6,,,234,0.319,2000,,,,,Acq,,,,,,,,,,,,,,,30,,0225-DGJZT-DMRM-NEG.d,,Find by MRM,,
227,DGJZT_BS_126_2,,,631.2,,,,,100,,,,7.576,,,205,0.292,1716,,,,,Acq,,,,,,,,,,,,,,,30,,0225-DGJZT-DMRM-NEG.d,,Find by MRM,,
228,DGJZT_BS_126_1,,,631.2,,,,,100,,,,7.583,,,3908,0.407,36562,,,,,Acq,,,,,,,,,,,,,,,30,,0225-DGJZT-DMRM-NEG.d,,Find by MRM,,
229,DGJZT_GZ_19_1,,,421.2,,,,,100,,,,7.665,,,63,0.392,575,,,,,Acq,,,,,,,,,,,,,,,30,,0225-DGJZT-DMRM-NEG.d,,Find by MRM,,
230,DGJZT_CGC_65_1,,,635.2,,,,,100,,,,7.666,,,1660,0.387,14847,,,,,Acq,,,,,,,,,,,,,,,30,,0225-DGJZT-DMRM-NEG.d,,Find by MRM,,
231,DGJZT_CGC_64_1,,,591.2,,,,,100,,,,7.669,,,363,0.275,2690,,,,,Acq,,,,,,,,,,,,,,,30,,0225-DGJZT-DMRM-NEG.d,,Find by MRM,,
232,DGJZT_CGC_64_2,,,591.2,,,,,100,,,,7.669,,,36,0.192,219,,,,,Acq,,,,,,,,,,,,,,,30,,0225-DGJZT-DMRM-NEG.d,,Find by MRM,,
233,DGJZT_BS_127_1,,,345.2,,,,,100,,,,7.649,,,128,0.268,1014,,,,,Acq,,,,,,,,,,,,,,,30,,0225-DGJZT-DMRM-NEG.d,,Find by MRM,,
234,DGJZT_BS_128_2,,,503.2,,,,,100,,,,7.696,,,285,0.326,2341,,,,,Acq,,,,,,,,,,,,,,,30,,0225-DGJZT-DMRM-NEG.d,,Find by MRM,,
235,DGJZT_BS_128_1,,,503.2,,,,,100,,,,7.713,,,116,0.373,886,,,,,Acq,,,,,,,,,,,,,,,30,,0225-DGJZT-DMRM-NEG.d,,Find by MRM,,
236,DGJZT_CGC_66_1,,,431.1,,,,,100,,,,7.841,,,560,0.423,7068,,,,,Acq,,,,,,,,,,,,,,,30,,0225-DGJZT-DMRM-NEG.d,,Find by MRM,,
237,DGJZT_CGC_67_1,,,459.1,,,,,100,,,,7.924,,,2010,0.416,17912,,,,,Acq,,,,,,,,,,,,,,,30,,0225-DGJZT-DMRM-NEG.d,,Find by MRM,,
238,DGJZT_CGC_67_2,,,459.1,,,,,100,,,,7.924,,,629,0.443,5847,,,,,Acq,,,,,,,,,,,,,,,30,,0225-DGJZT-DMRM-NEG.d,,Find by MRM,,
239,DGJZT_DZ_37_3,,,671.3,,,,,100,,,,7.951,,,922,0.288,6989,,,,,Acq,,,,,,,,,,,,,,,30,,0225-DGJZT-DMRM-NEG.d,,Find by MRM,,
240,DGJZT_DZ_37_2,,,671.3,,,,,100,,,,7.943,,,665,0.299,5202,,,,,Acq,,,,,,,,,,,,,,,30,,0225-DGJZT-DMRM-NEG.d,,Find by MRM,,
241,DGJZT_DZ_37_1,,,671.3,,,,,100,,,,7.952,,,148,0.257,1052,,,,,Acq,,,,,,,,,,,,,,,30,,0225-DGJZT-DMRM-NEG.d,,Find by MRM,,
242,DGJZT_BS_130_1,,,645.2,,,,,100,,,,8.011,,,105,0.455,1330,,,,,Acq,,,,,,,,,,,,,,,30,,0225-DGJZT-DMRM-NEG.d,,Find by MRM,,
243,DGJZT_CGC_69_1,,,433.1,,,,,100,,,,8.008,,,4818,0.477,47335,,,,,Acq,,,,,,,,,,,,,,,30,,0225-DGJZT-DMRM-NEG.d,,Find by MRM,,
244,DGJZT_DG_68_2,,,515.1,,,,,100,,,,8.03,,,958,0.409,8245,,,,,Acq,,,,,,,,,,,,,,,30,,0225-DGJZT-DMRM-NEG.d,,Find by MRM,,
245,DGJZT_DG_68_1,,,515.1,,,,,100,,,,8.03,,,1248,0.431,11564,,,,,Acq,,,,,,,,,,,,,,,30,,0225-DGJZT-DMRM-NEG.d,,Find by MRM,,
246,DGJZT_DG_68_3,,,515.1,,,,,100,,,,8.014,,,121,0.421,1005,,,,,Acq,,,,,,,,,,,,,,,30,,0225-DGJZT-DMRM-NEG.d,,Find by MRM,,
247,DGJZT_BS_132_1,,,525.2,,,,,100,,,,8.121,,,14838,0.462,148603,,,,,Acq,,,,,,,,,,,,,,,30,,0225-DGJZT-DMRM-NEG.d,,Find by MRM,,
248,DGJZT_BS_132_3,,,525.2,,,,,100,,,,8.121,,,13930,0.497,140535,,,,,Acq,,,,,,,,,,,,,,,30,,0225-DGJZT-DMRM-NEG.d,,Find by MRM,,
249,DGJZT_BS_134_1,,,509.2,,,,,100,,,,8.166,,,2249,0.526,23409,,,,,Acq,,,,,,,,,,,,,,,30,,0225-DGJZT-DMRM-NEG.d,,Find by MRM,,
250,DGJZT_CGC_71_1,,,301.1,,,,,100,,,,8.185,,,946,0.434,9760,,,,,Acq,,,,,,,,,,,,,,,30,,0225-DGJZT-DMRM-NEG.d,,Find by MRM,,
251,DGJZT_CGC_76_1,,,561.2,,,,,100,,,,8.531,,,2245,0.438,21346,,,,,Acq,,,,,,,,,,,,,,,30,,0225-DGJZT-DMRM-NEG.d,,Find by MRM,,
252,DGJZT_CGC_76_2,,,561.2,,,,,100,,,,8.54,,,91,0.303,738,,,,,Acq,,,,,,,,,,,,,,,30,,0225-DGJZT-DMRM-NEG.d,,Find by MRM,,
253,DGJZT_GZ_20_2,,,361.2,,,,,100,,,,8.543,,,305,0.439,3046,,,,,Acq,,,,,,,,,,,,,,,30,,0225-DGJZT-DMRM-NEG.d,,Find by MRM,,
254,DGJZT_CGC_80_1,,,549.2,,,,,100,,,,8.607,,,22724,0.305,159446,,,,,Acq,,,,,,,,,,,,,,,30,,0225-DGJZT-DMRM-NEG.d,,Find by MRM,,
255,DGJZT_CGC_80_2,,,549.2,,,,,100,,,,8.608,,,2980,0.309,24366,,,,,Acq,,,,,,,,,,,,,,,30,,0225-DGJZT-DMRM-NEG.d,,Find by MRM,,
256,DGJZT_GZ_20_1,,,361.2,,,,,100,,,,8.569,,,87,0.324,796,,,,,Acq,,,,,,,,,,,,,,,30,,0225-DGJZT-DMRM-NEG.d,,Find by MRM,,
257,DGJZT_CGC_83_1,,,591.2,,,,,100,,,,8.664,,,1663,0.463,15730,,,,,Acq,,,,,,,,,,,,,,,30,,0225-DGJZT-DMRM-NEG.d,,Find by MRM,,
258,DGJZT_CGC_83_2,,,591.2,,,,,100,,,,8.673,,,113,0.377,970,,,,,Acq,,,,,,,,,,,,,,,30,,0225-DGJZT-DMRM-NEG.d,,Find by MRM,,
259,DGJZT_BS_137_1,,,507.1,,,,,100,,,,8.709,,,993,0.423,10378,,,,,Acq,,,,,,,,,,,,,,,30,,0225-DGJZT-DMRM-NEG.d,,Find by MRM,,
260,DGJZT_BS_138_3,,,783.2,,,,,100,,,,8.729,,,268,0.267,1939,,,,,Acq,,,,,,,,,,,,,,,30,,0225-DGJZT-DMRM-NEG.d,,Find by MRM,,
261,DGJZT_BS_138_1,,,783.2,,,,,100,,,,8.738,,,37,0.062,79,,,,,Acq,,,,,,,,,,,,,,,30,,0225-DGJZT-DMRM-NEG.d,,Find by MRM,,
262,DGJZT_BS_139_1,,,631.2,,,,,100,,,,8.722,,,95,0.324,883,,,,,Acq,,,,,,,,,,,,,,,30,,0225-DGJZT-DMRM-NEG.d,,Find by MRM,,
263,DGJZT_BS_140_1,,,505.2,,,,,100,,,,8.768,,,830,0.422,7572,,,,,Acq,,,,,,,,,,,,,,,30,,0225-DGJZT-DMRM-NEG.d,,Find by MRM,,
264,DGJZT_CGC_88_1,,,549.2,,,,,100,,,,8.858,,,4328,0.361,42344,,,,,Acq,,,,,,,,,,,,,,,30,,0225-DGJZT-DMRM-NEG.d,,Find by MRM,,
265,DGJZT_CGC_88_2,,,549.2,,,,,100,,,,8.867,,,374,0.308,3115,,,,,Acq,,,,,,,,,,,,,,,30,,0225-DGJZT-DMRM-NEG.d,,Find by MRM,,
266,DGJZT_CGC_90_1,,,459.1,,,,,100,,,,8.92,,,1332,0.383,12001,,,,,Acq,,,,,,,,,,,,,,,30,,0225-DGJZT-DMRM-NEG.d,,Find by MRM,,
267,DGJZT_CGC_93_1,,,697.2,,,,,100,,,,8.973,,,184,0.41,1975,,,,,Acq,,,,,,,,,,,,,,,30,,0225-DGJZT-DMRM-NEG.d,,Find by MRM,,
268,DGJZT_CGC_94_2,,,475.1,,,,,100,,,,8.994,,,8284,0.492,79147,,,,,Acq,,,,,,,,,,,,,,,30,,0225-DGJZT-DMRM-NEG.d,,Find by MRM,,
269,DGJZT_CGC_94_1,,,475.1,,,,,100,,,,8.978,,,1125,0.467,10921,,,,,Acq,,,,,,,,,,,,,,,30,,0225-DGJZT-DMRM-NEG.d,,Find by MRM,,
270,DGJZT_CGC_96_1,,,669.2,,,,,100,,,,9.016,,,471,0.417,4490,,,,,Acq,,,,,,,,,,,,,,,30,,0225-DGJZT-DMRM-NEG.d,,Find by MRM,,
271,DGJZT_CGC_100_1,,,835.2,,,,,100,,,,9.064,,,1001,0.349,7069,,,,,Acq,,,,,,,,,,,,,,,30,,0225-DGJZT-DMRM-NEG.d,,Find by MRM,,
272,DGJZT_SJ_7_2,,,389.2,,,,,100,,,,9.021,,,509,0.461,4580,,,,,Acq,,,,,,,,,,,,,,,30,,0225-DGJZT-DMRM-NEG.d,,Find by MRM,,
273,DGJZT_SJ_7_1,,,389.2,,,,,100,,,,9.005,,,833,0.437,8230,,,,,Acq,,,,,,,,,,,,,,,30,,0225-DGJZT-DMRM-NEG.d,,Find by MRM,,
274,DGJZT_CGC_99_1,,,417.1,,,,,100,,,,9.069,,,14959,0.441,143106,,,,,Acq,,,,,,,,,,,,,,,30,,0225-DGJZT-DMRM-NEG.d,,Find by MRM,,
275,DGJZT_BS_143_1,,,615.2,,,,,100,,,,9.09,,,117,0.301,1234,,,,,Acq,,,,,,,,,,,,,,,30,,0225-DGJZT-DMRM-NEG.d,,Find by MRM,,
276,DGJZT_DG_70_2,,,237.1,,,,,100,,,,9.279,,,318,0.391,3781,,,,,Acq,,,,,,,,,,,,,,,30,,0225-DGJZT-DMRM-NEG.d,,Find by MRM,,
277,DGJZT_DG_69_1,,,193.1,,,,,100,,,,9.281,,,3072,0.455,35168,,,,,Acq,,,,,,,,,,,,,,,30,,0225-DGJZT-DMRM-NEG.d,,Find by MRM,,
278,DGJZT_DG_70_3,,,237.1,,,,,100,,,,9.262,,,638,0.431,7118,,,,,Acq,,,,,,,,,,,,,,,30,,0225-DGJZT-DMRM-NEG.d,,Find by MRM,,
279,DGJZT_DG_69_2,,,193.1,,,,,100,,,,9.239,,,272,0.459,2951,,,,,Acq,,,,,,,,,,,,,,,30,,0225-DGJZT-DMRM-NEG.d,,Find by MRM,,
280,DGJZT_DG_70_1,,,237.1,,,,,100,,,,9.263,,,2165,0.495,26212,,,,,Acq,,,,,,,,,,,,,,,30,,0225-DGJZT-DMRM-NEG.d,,Find by MRM,,
281,DGJZT_DG_69_3,,,193.1,,,,,100,,,,9.247,,,160,0.412,1692,,,,,Acq,,,,,,,,,,,,,,,30,,0225-DGJZT-DMRM-NEG.d,,Find by MRM,,
282,DGJZT_CGC_106_1,,,695.2,,,,,100,,,,9.391,,,1613,0.45,14433,,,,,Acq,,,,,,,,,,,,,,,30,,0225-DGJZT-DMRM-NEG.d,,Find by MRM,,
283,DGJZT_CGC_106_2,,,695.2,,,,,100,,,,9.358,,,90,0.4,810,,,,,Acq,,,,,,,,,,,,,,,30,,0225-DGJZT-DMRM-NEG.d,,Find by MRM,,
284,DGJZT_BS_144_2,,,493.2,,,,,100,,,,9.309,,,407,0.279,3064,,,,,Acq,,,,,,,,,,,,,,,30,,0225-DGJZT-DMRM-NEG.d,,Find by MRM,,
285,DGJZT_CGC_108_1,,,725.2,,,,,100,,,,9.416,,,1552,0.432,14719,,,,,Acq,,,,,,,,,,,,,,,30,,0225-DGJZT-DMRM-NEG.d,,Find by MRM,,
286,DGJZT_BS_144_1,,,493.2,,,,,100,,,,9.318,,,98,0.186,595,,,,,Acq,,,,,,,,,,,,,,,30,,0225-DGJZT-DMRM-NEG.d,,Find by MRM,,
287,DGJZT_BS_147_3,,,491.2,,,,,100,,,,9.545,,,888,0.401,7478,,,,,Acq,,,,,,,,,,,,,,,30,,0225-DGJZT-DMRM-NEG.d,,Find by MRM,,
288,DGJZT_BS_147_1,,,491.2,,,,,100,,,,9.563,,,463,0.39,4023,,,,,Acq,,,,,,,,,,,,,,,30,,0225-DGJZT-DMRM-NEG.d,,Find by MRM,,
289,DGJZT_DG_72_2,,,251.1,,,,,100,,,,9.564,,,580,0.433,6334,,,,,Acq,,,,,,,,,,,,,,,30,,0225-DGJZT-DMRM-NEG.d,,Find by MRM,,
290,DGJZT_DG_72_1,,,251.1,,,,,100,,,,9.573,,,587,0.441,6600,,,,,Acq,,,,,,,,,,,,,,,30,,0225-DGJZT-DMRM-NEG.d,,Find by MRM,,
291,DGJZT_DG_72_3,,,251.1,,,,,100,,,,9.52,,,261,0.444,3112,,,,,Acq,,,,,,,,,,,,,,,30,,0225-DGJZT-DMRM-NEG.d,,Find by MRM,,
292,DGJZT_BS_147_2,,,491.2,,,,,100,,,,9.57,,,1865,0.388,16232,,,,,Acq,,,,,,,,,,,,,,,30,,0225-DGJZT-DMRM-NEG.d,,Find by MRM,,
293,DGJZT_BS_149_2,,,507.2,,,,,100,,,,9.946,,,80,0.092,1753,,,,,Acq,,,,,,,,,,,,,,,30,,0225-DGJZT-DMRM-NEG.d,,Find by MRM,,
294,DGJZT_BS_149_1,,,507.2,,,,,100,,,,9.726,,,98,0.202,691,,,,,Acq,,,,,,,,,,,,,,,30,,0225-DGJZT-DMRM-NEG.d,,Find by MRM,,
295,DGJZT_CGC_113_2,,,591.2,,,,,100,,,,9.801,,,280,0.298,1846,,,,,Acq,,,,,,,,,,,,,,,30,,0225-DGJZT-DMRM-NEG.d,,Find by MRM,,
296,DGJZT_BS_150_3,,,493.2,,,,,100,,,,9.778,,,224,0.256,1791,,,,,Acq,,,,,,,,,,,,,,,30,,0225-DGJZT-DMRM-NEG.d,,Find by MRM,,
297,DGJZT_BS_150_1,,,493.2,,,,,100,,,,9.804,,,69,0.242,446,,,,,Acq,,,,,,,,,,,,,,,30,,0225-DGJZT-DMRM-NEG.d,,Find by MRM,,
298,DGJZT_GZ_24_1,,,263.1,,,,,100,,,,9.816,,,106,0.394,1016,,,,,Acq,,,,,,,,,,,,,,,30,,0225-DGJZT-DMRM-NEG.d,,Find by MRM,,
299,DGJZT_BS_154_2,,,491.2,,,,,100,,,,9.931,,,493,0.233,3115,,,,,Acq,,,,,,,,,,,,,,,30,,0225-DGJZT-DMRM-NEG.d,,Find by MRM,,
300,DGJZT_BS_153_1,,,445.2,,,,,100,,,,9.924,,,91,0.292,701,,,,,Acq,,,,,,,,,,,,,,,30,,0225-DGJZT-DMRM-NEG.d,,Find by MRM,,
301,DGJZT_GZ_24_2,,,263.1,,,,,100,,,,9.859,,,205,0.367,1941,,,,,Acq,,,,,,,,,,,,,,,30,,0225-DGJZT-DMRM-NEG.d,,Find by MRM,,
302,DGJZT_BS_155_2,,,507.2,,,,,100,,,,9.718,,,212,0.101,1296,,,,,Acq,,,,,,,,,,,,,,,30,,0225-DGJZT-DMRM-NEG.d,,Find by MRM,,
303,DGJZT_BS_154_3,,,491.2,,,,,100,,,,9.932,,,139,0.193,938,,,,,Acq,,,,,,,,,,,,,,,30,,0225-DGJZT-DMRM-NEG.d,,Find by MRM,,
304,DGJZT_BS_154_1,,,491.2,,,,,100,,,,9.932,,,217,0.21,1459,,,,,Acq,,,,,,,,,,,,,,,30,,0225-DGJZT-DMRM-NEG.d,,Find by MRM,,
305,DGJZT_BS_153_2,,,445.2,,,,,100,,,,9.941,,,77,0.3,553,,,,,Acq,,,,,,,,,,,,,,,30,,0225-DGJZT-DMRM-NEG.d,,Find by MRM,,
306,DGJZT_BS_156_1,,,569.2,,,,,100,,,,10.012,,,1301,0.369,9309,,,,,Acq,,,,,,,,,,,,,,,30,,0225-DGJZT-DMRM-NEG.d,,Find by MRM,,
307,DGJZT_BS_156_2,,,569.2,,,,,100,,,,10.029,,,1051,0.321,7855,,,,,Acq,,,,,,,,,,,,,,,30,,0225-DGJZT-DMRM-NEG.d,,Find by MRM,,
308,DGJZT_BS_150_2,,,493.2,,,,,100,,,,9.787,,,41,0.195,339,,,,,Acq,,,,,,,,,,,,,,,30,,0225-DGJZT-DMRM-NEG.d,,Find by MRM,,
309,DGJZT_DG_73_2,,,429.1,,,,,100,,,,9.967,,,136,0.172,839,,,,,Acq,,,,,,,,,,,,,,,30,,0225-DGJZT-DMRM-NEG.d,,Find by MRM,,
310,DGJZT_BS_155_3,,,507.2,,,,,100,,,,9.989,,,61,0.278,562,,,,,Acq,,,,,,,,,,,,,,,30,,0225-DGJZT-DMRM-NEG.d,,Find by MRM,,
311,DGJZT_CGC_129_1,,,999.4,,,,,100,,,,10.094,,,189,0.235,1203,,,,,Acq,,,,,,,,,,,,,,,30,,0225-DGJZT-DMRM-NEG.d,,Find by MRM,,
312,DGJZT_GZ_25_1,,,593.1,,,,,100,,,,10.079,,,213,0.335,1709,,,,,Acq,,,,,,,,,,,,,,,30,,0225-DGJZT-DMRM-NEG.d,,Find by MRM,,
313,DGJZT_BS_157_1,,,567.2,,,,,100,,,,10.097,,,536,0.396,4048,,,,,Acq,,,,,,,,,,,,,,,30,,0225-DGJZT-DMRM-NEG.d,,Find by MRM,,
314,DGJZT_BS_152_1,,,521.3,,,,,100,,,,10.089,,,82,0.228,547,,,,,Acq,,,,,,,,,,,,,,,30,,0225-DGJZT-DMRM-NEG.d,,Find by MRM,,
315,DGJZT_CGC_132_1,,,837.4,,,,,100,,,,10.112,,,473,0.325,4040,,,,,Acq,,,,,,,,,,,,,,,30,,0225-DGJZT-DMRM-NEG.d,,Find by MRM,,
316,DGJZT_CGC_125_1,,,692.2,,,,,100,,,,10.121,,,512,0.347,3977,,,,,Acq,,,,,,,,,,,,,,,30,,0225-DGJZT-DMRM-NEG.d,,Find by MRM,,
317,DGJZT_CGC_122_1,,,459.1,,,,,100,,,,10.134,,,149,0.313,1061,,,,,Acq,,,,,,,,,,,,,,,30,,0225-DGJZT-DMRM-NEG.d,,Find by MRM,,
318,DGJZT_GZ_26_3,,,421.1,,,,,100,,,,10.11,,,95,0.176,594,,,,,Acq,,,,,,,,,,,,,,,30,,0225-DGJZT-DMRM-NEG.d,,Find by MRM,,
319,DGJZT_BS_160_1,,,507.2,,,,,100,,,,10.244,,,220,0.316,1572,,,,,Acq,,,,,,,,,,,,,,,30,,0225-DGJZT-DMRM-NEG.d,,Find by MRM,,
320,DGJZT_CGC_148_1,,,835.4,,,,,100,,,,10.264,,,95,0.308,654,,,,,Acq,,,,,,,,,,,,,,,30,,0225-DGJZT-DMRM-NEG.d,,Find by MRM,,
321,DGJZT_BS_160_3,,,507.2,,,,,100,,,,10.26,,,323,0.407,2780,,,,,Acq,,,,,,,,,,,,,,,30,,0225-DGJZT-DMRM-NEG.d,,Find by MRM,,
322,DGJZT_BS_160_2,,,507.2,,,,,100,,,,10.268,,,139,0.366,1149,,,,,Acq,,,,,,,,,,,,,,,30,,0225-DGJZT-DMRM-NEG.d,,Find by MRM,,
323,DGJZT_CGC_150_1,,,695.2,,,,,100,,,,10.341,,,430,0.349,2959,,,,,Acq,,,,,,,,,,,,,,,30,,0225-DGJZT-DMRM-NEG.d,,Find by MRM,,
324,DGJZT_CGC_152_1,,,953.5,,,,,100,,,,10.297,,,248,0.289,1882,,,,,Acq,,,,,,,,,,,,,,,30,,0225-DGJZT-DMRM-NEG.d,,Find by MRM,,
325,DGJZT_CGC_151_1,,,725.2,,,,,100,,,,10.349,,,367,0.389,2739,,,,,Acq,,,,,,,,,,,,,,,30,,0225-DGJZT-DMRM-NEG.d,,Find by MRM,,
326,DGJZT_CGC_156_1,,,895.4,,,,,100,,,,10.373,,,793,0.352,6949,,,,,Acq,,,,,,,,,,,,,,,30,,0225-DGJZT-DMRM-NEG.d,,Find by MRM,,
327,DGJZT_CGC_161_1,,,853.4,,,,,100,,,,10.415,,,830,0.386,6834,,,,,Acq,,,,,,,,,,,,,,,30,,0225-DGJZT-DMRM-NEG.d,,Find by MRM,,
328,DGJZT_CGC_163_1,,,983.5,,,,,100,,,,10.421,,,1154,0.352,8430,,,,,Acq,,,,,,,,,,,,,,,30,,0225-DGJZT-DMRM-NEG.d,,Find by MRM,,
329,DGJZT_CGC_163_2,,,983.5,,,,,100,,,,10.422,,,874,0.376,6494,,,,,Acq,,,,,,,,,,,,,,,30,,0225-DGJZT-DMRM-NEG.d,,Find by MRM,,
330,DGJZT_BS_159_1,,,597.2,,,,,100,,,,10.47,,,333,0.25,2454,,,,,Acq,,,,,,,,,,,,,,,30,,0225-DGJZT-DMRM-NEG.d,,Find by MRM,,
331,DGJZT_CGC_175_1,,,669.2,,,,,100,,,,10.576,,,3244,0.373,23195,,,,,Acq,,,,,,,,,,,,,,,30,,0225-DGJZT-DMRM-NEG.d,,Find by MRM,,
332,DGJZT_BS_164_3,,,661.3,,,,,100,,,,10.619,,,181,0.241,1310,,,,,Acq,,,,,,,,,,,,,,,30,,0225-DGJZT-DMRM-NEG.d,,Find by MRM,,
333,DGJZT_BS_164_1,,,661.3,,,,,100,,,,10.603,,,155,0.276,1134,,,,,Acq,,,,,,,,,,,,,,,30,,0225-DGJZT-DMRM-NEG.d,,Find by MRM,,
334,DGJZT_BS_164_2,,,661.3,,,,,100,,,,10.619,,,113,0.278,773,,,,,Acq,,,,,,,,,,,,,,,30,,0225-DGJZT-DMRM-NEG.d,,Find by MRM,,
335,DGJZT_BS_162_3,,,629.2,,,,,100,,,,10.704,,,3955,0.31,27893,,,,,Acq,,,,,,,,,,,,,,,30,,0225-DGJZT-DMRM-NEG.d,,Find by MRM,,
336,DGJZT_BS_162_1,,,629.2,,,,,100,,,,10.704,,,39246,0.304,299378,,,,,Acq,,,,,,,,,,,,,,,30,,0225-DGJZT-DMRM-NEG.d,,Find by MRM,,
337,DGJZT_BS_167_3,,,629.2,,,,,100,,,,10.704,,,3871,0.391,29072,,,,,Acq,,,,,,,,,,,,,,,30,,0225-DGJZT-DMRM-NEG.d,,Find by MRM,,
338,DGJZT_BS_167_1,,,629.2,,,,,100,,,,10.705,,,41152,0.416,328751,,,,,Acq,,,,,,,,,,,,,,,30,,0225-DGJZT-DMRM-NEG.d,,Find by MRM,,
339,DGJZT_BS_166_1,,,553.2,,,,,100,,,,10.706,,,355,0.389,3062,,,,,Acq,,,,,,,,,,,,,,,30,,0225-DGJZT-DMRM-NEG.d,,Find by MRM,,
340,DGJZT_CGC_190_1,,,879.4,,,,,100,,,,10.757,,,3873,0.292,26862,,,,,Acq,,,,,,,,,,,,,,,30,,0225-DGJZT-DMRM-NEG.d,,Find by MRM,,
341,DGJZT_CGC_190_3,,,879.4,,,,,100,,,,10.766,,,501,0.295,3433,,,,,Acq,,,,,,,,,,,,,,,30,,0225-DGJZT-DMRM-NEG.d,,Find by MRM,,
342,DGJZT_CGC_200_1,,,837.4,,,,,100,,,,10.825,,,2788,0.212,20013,,,,,Acq,,,,,,,,,,,,,,,30,,0225-DGJZT-DMRM-NEG.d,,Find by MRM,,
343,DGJZT_CGC_200_3,,,837.4,,,,,100,,,,10.817,,,367,0.338,3332,,,,,Acq,,,,,,,,,,,,,,,30,,0225-DGJZT-DMRM-NEG.d,,Find by MRM,,
344,DGJZT_CGC_200_2,,,837.4,,,,,100,,,,10.834,,,169,0.33,1317,,,,,Acq,,,,,,,,,,,,,,,30,,0225-DGJZT-DMRM-NEG.d,,Find by MRM,,
345,DGJZT_CGC_207_1,,,1027.5,,,,,100,,,,10.857,,,160,0.351,1300,,,,,Acq,,,,,,,,,,,,,,,30,,0225-DGJZT-DMRM-NEG.d,,Find by MRM,,
346,DGJZT_CGC_209_1,,,835.4,,,,,100,,,,10.919,,,629,0.245,3911,,,,,Acq,,,,,,,,,,,,,,,30,,0225-DGJZT-DMRM-NEG.d,,Find by MRM,,
347,DGJZT_CGC_218_1,,,865.4,,,,,100,,,,11.001,,,194,0.339,1659,,,,,Acq,,,,,,,,,,,,,,,30,,0225-DGJZT-DMRM-NEG.d,,Find by MRM,,
348,DGJZT_SJ_9_2,,,433.2,,,,,100,,,,11.006,,,79,0.182,463,,,,,Acq,,,,,,,,,,,,,,,30,,0225-DGJZT-DMRM-NEG.d,,Find by MRM,,
349,DGJZT_CGC_213_1,,,807.4,,,,,100,,,,10.953,,,99,0.342,778,,,,,Acq,,,,,,,,,,,,,,,30,,0225-DGJZT-DMRM-NEG.d,,Find by MRM,,
350,DGJZT_CGC_217_1,,,297,,,,,100,,,,11.099,,,253,0.23,1835,,,,,Acq,,,,,,,,,,,,,,,30,,0225-DGJZT-DMRM-NEG.d,,Find by MRM,,
351,DGJZT_CGC_224_1,,,881.4,,,,,100,,,,11.143,,,643,0.328,4251,,,,,Acq,,,,,,,,,,,,,,,30,,0225-DGJZT-DMRM-NEG.d,,Find by MRM,,
352,DGJZT_DG_79_2,,,571.1,,,,,100,,,,11.147,,,65,0.293,277,,,,,Acq,,,,,,,,,,,,,,,30,,0225-DGJZT-DMRM-NEG.d,,Find by MRM,,
353,DGJZT_DG_77_2,,,355.1,,,,,100,,,,11.139,,,114,0.235,708,,,,,Acq,,,,,,,,,,,,,,,30,,0225-DGJZT-DMRM-NEG.d,,Find by MRM,,
354,DGJZT_DG_77_3,,,355.1,,,,,100,,,,11.14,,,105,0.284,714,,,,,Acq,,,,,,,,,,,,,,,30,,0225-DGJZT-DMRM-NEG.d,,Find by MRM,,
355,DGJZT_DG_77_1,,,355.1,,,,,100,,,,11.157,,,215,0.226,1470,,,,,Acq,,,,,,,,,,,,,,,30,,0225-DGJZT-DMRM-NEG.d,,Find by MRM,,
356,DGJZT_CGC_229_1,,,837.4,,,,,100,,,,11.211,,,8870,0.225,64070,,,,,Acq,,,,,,,,,,,,,,,30,,0225-DGJZT-DMRM-NEG.d,,Find by MRM,,
357,DGJZT_CGC_229_3,,,837.4,,,,,100,,,,11.22,,,1183,0.415,10435,,,,,Acq,,,,,,,,,,,,,,,30,,0225-DGJZT-DMRM-NEG.d,,Find by MRM,,
358,DGJZT_DG_79_1,,,571.1,,,,,100,,,,11.155,,,255,0.277,1901,,,,,Acq,,,,,,,,,,,,,,,30,,0225-DGJZT-DMRM-NEG.d,,Find by MRM,,
359,DGJZT_CGC_229_2,,,837.4,,,,,100,,,,11.212,,,396,0.231,2865,,,,,Acq,,,,,,,,,,,,,,,30,,0225-DGJZT-DMRM-NEG.d,,Find by MRM,,
360,DGJZT_CGC_238_1,,,819.4,,,,,100,,,,11.288,,,2928,0.365,22935,,,,,Acq,,,,,,,,,,,,,,,30,,0225-DGJZT-DMRM-NEG.d,,Find by MRM,,
361,DGJZT_CGC_238_3,,,819.4,,,,,100,,,,11.305,,,436,0.382,3134,,,,,Acq,,,,,,,,,,,,,,,30,,0225-DGJZT-DMRM-NEG.d,,Find by MRM,,
362,DGJZT_CGC_238_2,,,819.4,,,,,100,,,,11.305,,,181,0.349,1373,,,,,Acq,,,,,,,,,,,,,,,30,,0225-DGJZT-DMRM-NEG.d,,Find by MRM,,
363,DGJZT_GZ_28_2,,,311.1,,,,,100,,,,11.258,,,110,0.336,635,,,,,Acq,,,,,,,,,,,,,,,30,,0225-DGJZT-DMRM-NEG.d,,Find by MRM,,
364,DGJZT_GZ_28_1,,,311.1,,,,,100,,,,11.258,,,282,0.355,1960,,,,,Acq,,,,,,,,,,,,,,,30,,0225-DGJZT-DMRM-NEG.d,,Find by MRM,,
365,DGJZT_CGC_240_1,,,967.5,,,,,100,,,,11.268,,,280,0.388,2359,,,,,Acq,,,,,,,,,,,,,,,30,,0225-DGJZT-DMRM-NEG.d,,Find by MRM,,
366,DGJZT_CGC_244_1,,,791.4,,,,,100,,,,11.364,,,118,0.344,1061,,,,,Acq,,,,,,,,,,,,,,,30,,0225-DGJZT-DMRM-NEG.d,,Find by MRM,,
367,DGJZT_BS_174_1,,,665.4,,,,,100,,,,11.356,,,365,0.328,2473,,,,,Acq,,,,,,,,,,,,,,,30,,0225-DGJZT-DMRM-NEG.d,,Find by MRM,,
368,DGJZT_SJ_10_3,,,431.2,,,,,100,,,,11.366,,,116,0.276,656,,,,,Acq,,,,,,,,,,,,,,,30,,0225-DGJZT-DMRM-NEG.d,,Find by MRM,,
369,DGJZT_CGC_254_1,,,985.5,,,,,100,,,,11.377,,,970,0.253,6183,,,,,Acq,,,,,,,,,,,,,,,30,,0225-DGJZT-DMRM-NEG.d,,Find by MRM,,
370,DGJZT_CGC_254_3,,,985.5,,,,,100,,,,11.369,,,115,0.252,668,,,,,Acq,,,,,,,,,,,,,,,30,,0225-DGJZT-DMRM-NEG.d,,Find by MRM,,
371,DGJZT_CGC_251_1,,,911.4,,,,,100,,,,11.394,,,746,0.274,4502,,,,,Acq,,,,,,,,,,,,,,,30,,0225-DGJZT-DMRM-NEG.d,,Find by MRM,,
372,DGJZT_CGC_248_1,,,863.4,,,,,100,,,,11.386,,,1047,0.294,7472,,,,,Acq,,,,,,,,,,,,,,,30,,0225-DGJZT-DMRM-NEG.d,,Find by MRM,,
373,DGJZT_CGC_250_1,,,837.4,,,,,100,,,,11.219,,,8571,0.369,68220,,,,,Acq,,,,,,,,,,,,,,,30,,0225-DGJZT-DMRM-NEG.d,,Find by MRM,,
374,DGJZT_CGC_250_3,,,837.4,,,,,100,,,,11.219,,,1100,0.226,6561,,,,,Acq,,,,,,,,,,,,,,,30,,0225-DGJZT-DMRM-NEG.d,,Find by MRM,,
375,DGJZT_SJ_10_1,,,431.2,,,,,100,,,,11.349,,,1327,0.378,9061,,,,,Acq,,,,,,,,,,,,,,,30,,0225-DGJZT-DMRM-NEG.d,,Find by MRM,,
376,DGJZT_SJ_10_2,,,431.2,,,,,100,,,,11.357,,,367,0.259,2604,,,,,Acq,,,,,,,,,,,,,,,30,,0225-DGJZT-DMRM-NEG.d,,Find by MRM,,
377,DGJZT_CGC_250_2,,,837.4,,,,,100,,,,11.387,,,94,0.177,530,,,,,Acq,,,,,,,,,,,,,,,30,,0225-DGJZT-DMRM-NEG.d,,Find by MRM,,
378,DGJZT_CGC_259_1,,,299.1,,,,,100,,,,11.502,,,109,0.156,752,,,,,Acq,,,,,,,,,,,,,,,30,,0225-DGJZT-DMRM-NEG.d,,Find by MRM,,
379,DGJZT_CGC_264_3,,,821.4,,,,,100,,,,11.582,,,2175,0.363,25705,,,,,Acq,,,,,,,,,,,,,,,30,,0225-DGJZT-DMRM-NEG.d,,Find by MRM,,
380,DGJZT_BS_175_1,,,735.2,,,,,100,,,,11.441,,,83,0.199,397,,,,,Acq,,,,,,,,,,,,,,,30,,0225-DGJZT-DMRM-NEG.d,,Find by MRM,,
381,DGJZT_CGC_264_1,,,821.4,,,,,100,,,,11.565,,,17433,0.375,228776,,,,,Acq,,,,,,,,,,,,,,,30,,0225-DGJZT-DMRM-NEG.d,,Find by MRM,,
382,DGJZT_CGC_285_1,,,969.5,,,,,100,,,,11.729,,,342,0.376,3006,,,,,Acq,,,,,,,,,,,,,,,30,,0225-DGJZT-DMRM-NEG.d,,Find by MRM,,
383,DGJZT_CGC_282_1,,,955.5,,,,,100,,,,11.738,,,493,0.259,3206,,,,,Acq,,,,,,,,,,,,,,,30,,0225-DGJZT-DMRM-NEG.d,,Find by MRM,,
384,DGJZT_CGC_289_2,,,807.4,,,,,100,,,,11.791,,,1712,0.388,13287,,,,,Acq,,,,,,,,,,,,,,,30,,0225-DGJZT-DMRM-NEG.d,,Find by MRM,,
385,DGJZT_DG_80_3,,,399.1,,,,,100,,,,11.776,,,298,0.33,2376,,,,,Acq,,,,,,,,,,,,,,,30,,0225-DGJZT-DMRM-NEG.d,,Find by MRM,,
386,DGJZT_DG_80_2,,,399.1,,,,,100,,,,11.793,,,188,0.231,1287,,,,,Acq,,,,,,,,,,,,,,,30,,0225-DGJZT-DMRM-NEG.d,,Find by MRM,,
387,DGJZT_CGC_278_1,,,255.1,,,,,100,,,,11.754,,,2846,0.402,21833,,,,,Acq,,,,,,,,,,,,,,,30,,0225-DGJZT-DMRM-NEG.d,,Find by MRM,,
388,DGJZT_CGC_289_3,,,807.4,,,,,100,,,,11.783,,,205,0.293,1491,,,,,Acq,,,,,,,,,,,,,,,30,,0225-DGJZT-DMRM-NEG.d,,Find by MRM,,
389,DGJZT_DG_80_1,,,399.1,,,,,100,,,,11.785,,,202,0.371,1800,,,,,Acq,,,,,,,,,,,,,,,30,,0225-DGJZT-DMRM-NEG.d,,Find by MRM,,
390,DGJZT_CGC_293_1,,,821.4,,,,,100,,,,11.864,,,6589,0.322,70205,,,,,Acq,,,,,,,,,,,,,,,30,,0225-DGJZT-DMRM-NEG.d,,Find by MRM,,
391,DGJZT_CGC_293_3,,,821.4,,,,,100,,,,11.856,,,1195,0.339,12120,,,,,Acq,,,,,,,,,,,,,,,30,,0225-DGJZT-DMRM-NEG.d,,Find by MRM,,
392,DGJZT_CGC_293_2,,,821.4,,,,,100,,,,11.873,,,273,0.231,1718,,,,,Acq,,,,,,,,,,,,,,,30,,0225-DGJZT-DMRM-NEG.d,,Find by MRM,,
393,DGJZT_DG_81_2,,,357.1,,,,,100,,,,11.918,,,535,0.525,6057,,,,,Acq,,,,,,,,,,,,,,,30,,0225-DGJZT-DMRM-NEG.d,,Find by MRM,,
394,DGJZT_CGC_291_1,,,267.1,,,,,100,,,,11.93,,,1835,0.398,14759,,,,,Acq,,,,,,,,,,,,,,,30,,0225-DGJZT-DMRM-NEG.d,,Find by MRM,,
395,DGJZT_CGC_291_2,,,267.1,,,,,100,,,,11.921,,,1170,0.39,9693,,,,,Acq,,,,,,,,,,,,,,,30,,0225-DGJZT-DMRM-NEG.d,,Find by MRM,,
396,DGJZT_CGC_291_3,,,267.1,,,,,100,,,,11.913,,,578,0.402,4478,,,,,Acq,,,,,,,,,,,,,,,30,,0225-DGJZT-DMRM-NEG.d,,Find by MRM,,
397,DGJZT_DG_81_1,,,357.1,,,,,100,,,,12.102,,,111,0.182,606,,,,,Acq,,,,,,,,,,,,,,,30,,0225-DGJZT-DMRM-NEG.d,,Find by MRM,,
398,DGJZT_CGC_301_1,,,939.5,,,,,100,,,,12.048,,,149,0.223,1046,,,,,Acq,,,,,,,,,,,,,,,30,,0225-DGJZT-DMRM-NEG.d,,Find by MRM,,
399,DGJZT_CGC_305_1,,,823.4,,,,,100,,,,12.107,,,2730,0.244,19495,,,,,Acq,,,,,,,,,,,,,,,30,,0225-DGJZT-DMRM-NEG.d,,Find by MRM,,
400,DGJZT_DG_87_3,,,517.2,,,,,100,,,,12.084,,,76,0.209,548,,,,,Acq,,,,,,,,,,,,,,,30,,0225-DGJZT-DMRM-NEG.d,,Find by MRM,,
401,DGJZT_SJ_12_1,,,475.2,,,,,100,,,,12.101,,,59,0.2,396,,,,,Acq,,,,,,,,,,,,,,,30,,0225-DGJZT-DMRM-NEG.d,,Find by MRM,,
402,DGJZT_GZ_31_1,,,325.1,,,,,100,,,,12.27,,,50,0.089,165,,,,,Acq,,,,,,,,,,,,,,,30,,0225-DGJZT-DMRM-NEG.d,,Find by MRM,,
403,DGJZT_GZ_31_2,,,325.1,,,,,100,,,,12.094,,,114,0.311,790,,,,,Acq,,,,,,,,,,,,,,,30,,0225-DGJZT-DMRM-NEG.d,,Find by MRM,,
404,DGJZT_DG_89_3,,,313.1,,,,,100,,,,12.146,,,60,0.159,294,,,,,Acq,,,,,,,,,,,,,,,30,,0225-DGJZT-DMRM-NEG.d,,Find by MRM,,
405,DGJZT_GZ_29_1,,,295.1,,,,,100,,,,12.096,,,231,0.266,1785,,,,,Acq,,,,,,,,,,,,,,,30,,0225-DGJZT-DMRM-NEG.d,,Find by MRM,,
406,DGJZT_GZ_29_2,,,295.1,,,,,100,,,,12.08,,,690,0.326,5209,,,,,Acq,,,,,,,,,,,,,,,30,,0225-DGJZT-DMRM-NEG.d,,Find by MRM,,
407,DGJZT_CGC_305_3,,,823.4,,,,,100,,,,12.107,,,283,0.165,1293,,,,,Acq,,,,,,,,,,,,,,,30,,0225-DGJZT-DMRM-NEG.d,,Find by MRM,,
408,DGJZT_CGC_310_1,,,777.4,,,,,100,,,,12.142,,,124,0.254,838,,,,,Acq,,,,,,,,,,,,,,,30,,0225-DGJZT-DMRM-NEG.d,,Find by MRM,,
409,DGJZT_DG_90_1,,,357.1,,,,,100,,,,12.134,,,140,0.191,621,,,,,Acq,,,,,,,,,,,,,,,30,,0225-DGJZT-DMRM-NEG.d,,Find by MRM,,
410,DGJZT_GZ_31_3,,,325.1,,,,,100,,,,12.111,,,99,0.184,559,,,,,Acq,,,,,,,,,,,,,,,30,,0225-DGJZT-DMRM-NEG.d,,Find by MRM,,
411,DGJZT_DG_88_3,,,383.2,,,,,100,,,,12.043,,,240,0.402,2623,,,,,Acq,,,,,,,,,,,,,,,30,,0225-DGJZT-DMRM-NEG.d,,Find by MRM,,
412,DGJZT_GZ_32_2,,,313.2,,,,,100,,,,12.162,,,147,0.189,894,,,,,Acq,,,,,,,,,,,,,,,30,,0225-DGJZT-DMRM-NEG.d,,Find by MRM,,
413,DGJZT_DG_89_1,,,313.1,,,,,100,,,,12.112,,,997,0.307,7657,,,,,Acq,,,,,,,,,,,,,,,30,,0225-DGJZT-DMRM-NEG.d,,Find by MRM,,
414,DGJZT_DG_89_2,,,313.1,,,,,100,,,,12.112,,,139,0.251,924,,,,,Acq,,,,,,,,,,,,,,,30,,0225-DGJZT-DMRM-NEG.d,,Find by MRM,,
415,DGJZT_CGC_313_1,,,369.1,,,,,100,,,,12.193,,,238,0.376,1799,,,,,Acq,,,,,,,,,,,,,,,30,,0225-DGJZT-DMRM-NEG.d,,Find by MRM,,
416,DGJZT_DG_90_2,,,357.1,,,,,100,,,,12.286,,,33,0.095,89,,,,,Acq,,,,,,,,,,,,,,,30,,0225-DGJZT-DMRM-NEG.d,,Find by MRM,,
417,DGJZT_GZ_32_1,,,313.2,,,,,100,,,,12.17,,,85,0.383,544,,,,,Acq,,,,,,,,,,,,,,,30,,0225-DGJZT-DMRM-NEG.d,,Find by MRM,,
418,DGJZT_DG_91_2,,,205.1,,,,,100,,,,12.241,,,40,0.184,237,,,,,Acq,,,,,,,,,,,,,,,30,,0225-DGJZT-DMRM-NEG.d,,Find by MRM,,
419,DGJZT_DG_91_1,,,205.1,,,,,100,,,,12.199,,,103,0.355,729,,,,,Acq,,,,,,,,,,,,,,,30,,0225-DGJZT-DMRM-NEG.d,,Find by MRM,,
420,DGJZT_CGC_314_1,,,805.4,,,,,100,,,,12.285,,,921,0.228,6882,,,,,Acq,,,,,,,,,,,,,,,30,,0225-DGJZT-DMRM-NEG.d,,Find by MRM,,
421,DGJZT_CGC_314_3,,,805.4,,,,,100,,,,12.276,,,227,0.226,1706,,,,,Acq,,,,,,,,,,,,,,,30,,0225-DGJZT-DMRM-NEG.d,,Find by MRM,,
422,DGJZT_SJ_13_1,,,355.2,,,,,100,,,,12.287,,,28,0.159,125,,,,,Acq,,,,,,,,,,,,,,,30,,0225-DGJZT-DMRM-NEG.d,,Find by MRM,,
423,DGJZT_GZ_33_2,,,265.1,,,,,100,,,,12.365,,,78,0.401,589,,,,,Acq,,,,,,,,,,,,,,,30,,0225-DGJZT-DMRM-NEG.d,,Find by MRM,,
424,DGJZT_GZ_33_3,,,265.1,,,,,100,,,,12.366,,,28,0.301,217,,,,,Acq,,,,,,,,,,,,,,,30,,0225-DGJZT-DMRM-NEG.d,,Find by MRM,,
425,DGJZT_DG_92_1,,,203.1,,,,,100,,,,12.568,,,1472,0.176,28987,,,,,Acq,,,,,,,,,,,,,,,30,,0225-DGJZT-DMRM-NEG.d,,Find by MRM,,
426,DGJZT_DG_92_2,,,203.1,,,,,100,,,,12.568,,,3702,0.193,74397,,,,,Acq,,,,,,,,,,,,,,,30,,0225-DGJZT-DMRM-NEG.d,,Find by MRM,,
427,DGJZT_DG_92_3,,,203.1,,,,,100,,,,12.568,,,937,0.167,5757,,,,,Acq,,,,,,,,,,,,,,,30,,0225-DGJZT-DMRM-NEG.d,,Find by MRM,,
428,DGJZT_GZ_33_1,,,265.1,,,,,100,,,,12.349,,,99,0.35,562,,,,,Acq,,,,,,,,,,,,,,,30,,0225-DGJZT-DMRM-NEG.d,,Find by MRM,,
429,DGJZT_CGC_324_1,,,805.4,,,,,100,,,,12.284,,,1466,0.159,9838,,,,,Acq,,,,,,,,,,,,,,,30,,0225-DGJZT-DMRM-NEG.d,,Find by MRM,,
430,DGJZT_CGC_325_1,,,353.1,,,,,100,,,,12.522,,,1175,0.454,9231,,,,,Acq,,,,,,,,,,,,,,,30,,0225-DGJZT-DMRM-NEG.d,,Find by MRM,,
431,DGJZT_DZ_45_1,,,517.3,,,,,100,,,,12.713,,,176,0.338,1323,,,,,Acq,,,,,,,,,,,,,,,30,,0225-DGJZT-DMRM-NEG.d,,Find by MRM,,
432,DGJZT_CGC_336_1,,,367.1,,,,,100,,,,12.78,,,35907,0.381,271675,,,,,Acq,,,,,,,,,,,,,,,30,,0225-DGJZT-DMRM-NEG.d,,Find by MRM,,
433,DGJZT_CGC_336_2,,,367.1,,,,,100,,,,12.781,,,10400,0.365,77234,,,,,Acq,,,,,,,,,,,,,,,30,,0225-DGJZT-DMRM-NEG.d,,Find by MRM,,
434,DGJZT_CGC_336_3,,,367.1,,,,,100,,,,12.773,,,1334,0.341,10020,,,,,Acq,,,,,,,,,,,,,,,30,,0225-DGJZT-DMRM-NEG.d,,Find by MRM,,
435,DGJZT_DZ_46_2,,,287.2,,,,,100,,,,12.778,,,38,0.201,253,,,,,Acq,,,,,,,,,,,,,,,30,,0225-DGJZT-DMRM-NEG.d,,Find by MRM,,
436,DGJZT_CGC_337_1,,,323.1,,,,,100,,,,12.811,,,130,0.392,1036,,,,,Acq,,,,,,,,,,,,,,,30,,0225-DGJZT-DMRM-NEG.d,,Find by MRM,,
437,DGJZT_CGC_338_2,,,355.1,,,,,100,,,,12.848,,,3706,0.408,28716,,,,,Acq,,,,,,,,,,,,,,,30,,0225-DGJZT-DMRM-NEG.d,,Find by MRM,,
438,DGJZT_CGC_338_3,,,355.1,,,,,100,,,,12.849,,,1661,0.408,12742,,,,,Acq,,,,,,,,,,,,,,,30,,0225-DGJZT-DMRM-NEG.d,,Find by MRM,,
439,DGJZT_CGC_338_1,,,355.1,,,,,100,,,,12.849,,,9326,0.407,70635,,,,,Acq,,,,,,,,,,,,,,,30,,0225-DGJZT-DMRM-NEG.d,,Find by MRM,,
440,DGJZT_CGC_344_1,,,805.4,,,,,100,,,,12.929,,,293,0.361,2894,,,,,Acq,,,,,,,,,,,,,,,30,,0225-DGJZT-DMRM-NEG.d,,Find by MRM,,
441,DGJZT_CGC_341_1,,,711.3,,,,,100,,,,12.905,,,1412,0.337,7758,,,,,Acq,,,,,,,,,,,,,,,30,,0225-DGJZT-DMRM-NEG.d,,Find by MRM,,
442,DGJZT_CGC_346_1,,,369.1,,,,,100,,,,12.989,,,374,0.324,2698,,,,,Acq,,,,,,,,,,,,,,,30,,0225-DGJZT-DMRM-NEG.d,,Find by MRM,,
443,DGJZT_CGC_347_2,,,351.1,,,,,100,,,,13.042,,,568,0.299,4202,,,,,Acq,,,,,,,,,,,,,,,30,,0225-DGJZT-DMRM-NEG.d,,Find by MRM,,
444,DGJZT_CGC_347_3,,,351.1,,,,,100,,,,13.026,,,1146,0.356,8621,,,,,Acq,,,,,,,,,,,,,,,30,,0225-DGJZT-DMRM-NEG.d,,Find by MRM,,
445,DGJZT_CGC_347_1,,,351.1,,,,,100,,,,13.026,,,1268,0.373,9601,,,,,Acq,,,,,,,,,,,,,,,30,,0225-DGJZT-DMRM-NEG.d,,Find by MRM,,
446,DGJZT_CGC_345_1,,,337.1,,,,,100,,,,13.011,,,49,0.245,283,,,,,Acq,,,,,,,,,,,,,,,30,,0225-DGJZT-DMRM-NEG.d,,Find by MRM,,
447,DGJZT_CGC_354_1,,,823.4,,,,,100,,,,13.079,,,71,0.231,623,,,,,Acq,,,,,,,,,,,,,,,30,,0225-DGJZT-DMRM-NEG.d,,Find by MRM,,
448,DGJZT_CGC_353_1,,,807.4,,,,,100,,,,13.122,,,132,0.226,848,,,,,Acq,,,,,,,,,,,,,,,30,,0225-DGJZT-DMRM-NEG.d,,Find by MRM,,
449,DGJZT_CGC_355_1,,,339.1,,,,,100,,,,13.152,,,1482,0.323,9898,,,,,Acq,,,,,,,,,,,,,,,30,,0225-DGJZT-DMRM-NEG.d,,Find by MRM,,
450,DGJZT_CGC_355_2,,,339.1,,,,,100,,,,13.144,,,954,0.37,6752,,,,,Acq,,,,,,,,,,,,,,,30,,0225-DGJZT-DMRM-NEG.d,,Find by MRM,,
451,DGJZT_CGC_355_3,,,339.1,,,,,100,,,,13.144,,,462,0.324,3120,,,,,Acq,,,,,,,,,,,,,,,30,,0225-DGJZT-DMRM-NEG.d,,Find by MRM,,
452,DGJZT_CGC_351_1,,,313.1,,,,,100,,,,13.154,,,1322,0.41,9890,,,,,Acq,,,,,,,,,,,,,,,30,,0225-DGJZT-DMRM-NEG.d,,Find by MRM,,
453,DGJZT_CGC_351_2,,,313.1,,,,,100,,,,13.154,,,607,0.355,4273,,,,,Acq,,,,,,,,,,,,,,,30,,0225-DGJZT-DMRM-NEG.d,,Find by MRM,,
454,DGJZT_CGC_357_2,,,353.1,,,,,100,,,,13.257,,,2926,0.33,20928,,,,,Acq,,,,,,,,,,,,,,,30,,0225-DGJZT-DMRM-NEG.d,,Find by MRM,,
455,DGJZT_DZ_48_1,,,487.3,,,,,100,,,,13.349,,,222,0.347,1704,,,,,Acq,,,,,,,,,,,,,,,30,,0225-DGJZT-DMRM-NEG.d,,Find by MRM,,
456,DGJZT_CGC_357_3,,,353.1,,,,,100,,,,13.317,,,1311,0.349,10310,,,,,Acq,,,,,,,,,,,,,,,30,,0225-DGJZT-DMRM-NEG.d,,Find by MRM,,
457,DGJZT_CGC_357_1,,,353.1,,,,,100,,,,13.318,,,24051,0.409,186891,,,,,Acq,,,,,,,,,,,,,,,30,,0225-DGJZT-DMRM-NEG.d,,Find by MRM,,
458,DGJZT_CGC_359_2,,,337.1,,,,,100,,,,13.329,,,146,0.365,1196,,,,,Acq,,,,,,,,,,,,,,,30,,0225-DGJZT-DMRM-NEG.d,,Find by MRM,,
459,DGJZT_CGC_364_1,,,365.1,,,,,100,,,,13.52,,,4631,0.403,33924,,,,,Acq,,,,,,,,,,,,,,,30,,0225-DGJZT-DMRM-NEG.d,,Find by MRM,,
460,DGJZT_CGC_364_2,,,365.1,,,,,100,,,,13.52,,,1850,0.423,13663,,,,,Acq,,,,,,,,,,,,,,,30,,0225-DGJZT-DMRM-NEG.d,,Find by MRM,,
461,DGJZT_DZ_49_3,,,501.3,,,,,100,,,,13.657,,,140,0.152,863,,,,,Acq,,,,,,,,,,,,,,,30,,0225-DGJZT-DMRM-NEG.d,,Find by MRM,,
462,DGJZT_CGC_368_1,,,337.1,,,,,100,,,,13.707,,,26,0.126,94,,,,,Acq,,,,,,,,,,,,,,,30,,0225-DGJZT-DMRM-NEG.d,,Find by MRM,,
463,DGJZT_DZ_49_2,,,501.3,,,,,100,,,,13.709,,,524,0.469,6863,,,,,Acq,,,,,,,,,,,,,,,30,,0225-DGJZT-DMRM-NEG.d,,Find by MRM,,
464,DGJZT_DZ_50_1,,,450.3,,,,,100,,,,13.609,,,208,0.197,1494,,,,,Acq,,,,,,,,,,,,,,,30,,0225-DGJZT-DMRM-NEG.d,,Find by MRM,,
465,DGJZT_DZ_49_1,,,501.3,,,,,100,,,,13.675,,,125,0.323,980,,,,,Acq,,,,,,,,,,,,,,,30,,0225-DGJZT-DMRM-NEG.d,,Find by MRM,,
466,DGJZT_DZ_50_2,,,450.3,,,,,100,,,,13.659,,,197,0.282,1779,,,,,Acq,,,,,,,,,,,,,,,30,,0225-DGJZT-DMRM-NEG.d,,Find by MRM,,
467,DGJZT_DG_96_2,,,409.2,,,,,100,,,,13.677,,,39,0.311,278,,,,,Acq,,,,,,,,,,,,,,,30,,0225-DGJZT-DMRM-NEG.d,,Find by MRM,,
468,DGJZT_DG_96_3,,,409.2,,,,,100,,,,13.711,,,48,0.275,356,,,,,Acq,,,,,,,,,,,,,,,30,,0225-DGJZT-DMRM-NEG.d,,Find by MRM,,
469,DGJZT_CGC_374_1,,,369.1,,,,,100,,,,13.722,,,1112,0.269,6800,,,,,Acq,,,,,,,,,,,,,,,30,,0225-DGJZT-DMRM-NEG.d,,Find by MRM,,
470,DGJZT_CGC_373_1,,,339.1,,,,,100,,,,13.698,,,157,0.291,1197,,,,,Acq,,,,,,,,,,,,,,,30,,0225-DGJZT-DMRM-NEG.d,,Find by MRM,,
471,DGJZT_DG_96_1,,,409.2,,,,,100,,,,13.685,,,817,0.322,6485,,,,,Acq,,,,,,,,,,,,,,,30,,0225-DGJZT-DMRM-NEG.d,,Find by MRM,,
472,DGJZT_CGC_374_3,,,369.1,,,,,100,,,,13.714,,,239,0.289,1525,,,,,Acq,,,,,,,,,,,,,,,30,,0225-DGJZT-DMRM-NEG.d,,Find by MRM,,
473,DGJZT_CGC_374_2,,,369.1,,,,,100,,,,13.73,,,68,0.208,358,,,,,Acq,,,,,,,,,,,,,,,30,,0225-DGJZT-DMRM-NEG.d,,Find by MRM,,
474,DGJZT_BS_177_1,,,723.4,,,,,100,,,,13.809,,,373,0.276,2429,,,,,Acq,,,,,,,,,,,,,,,30,,0225-DGJZT-DMRM-NEG.d,,Find by MRM,,
475,DGJZT_DG_97_2,,,397.2,,,,,100,,,,13.728,,,108,0.257,642,,,,,Acq,,,,,,,,,,,,,,,30,,0225-DGJZT-DMRM-NEG.d,,Find by MRM,,
476,DGJZT_CGC_375_2,,,371.1,,,,,100,,,,13.771,,,883,0.295,6471,,,,,Acq,,,,,,,,,,,,,,,30,,0225-DGJZT-DMRM-NEG.d,,Find by MRM,,
477,DGJZT_CGC_375_1,,,371.1,,,,,100,,,,13.763,,,2107,0.385,15426,,,,,Acq,,,,,,,,,,,,,,,30,,0225-DGJZT-DMRM-NEG.d,,Find by MRM,,
478,DGJZT_DG_98_2,,,395.2,,,,,100,,,,13.83,,,59,0.294,497,,,,,Acq,,,,,,,,,,,,,,,30,,0225-DGJZT-DMRM-NEG.d,,Find by MRM,,
479,DGJZT_DG_98_1,,,395.2,,,,,100,,,,13.855,,,356,0.118,1344,,,,,Acq,,,,,,,,,,,,,,,30,,0225-DGJZT-DMRM-NEG.d,,Find by MRM,,
480,DGJZT_DG_98_3,,,395.2,,,,,100,,,,13.872,,,152,0.275,1036,,,,,Acq,,,,,,,,,,,,,,,30,,0225-DGJZT-DMRM-NEG.d,,Find by MRM,,
481,DGJZT_DG_104_3,,,817.4,,,,,100,,,,13.926,,,726,0.293,3716,,,,,Acq,,,,,,,,,,,,,,,30,,0225-DGJZT-DMRM-NEG.d,,Find by MRM,,
482,DGJZT_DG_104_1,,,817.4,,,,,100,,,,13.934,,,116,0.197,432,,,,,Acq,,,,,,,,,,,,,,,30,,0225-DGJZT-DMRM-NEG.d,,Find by MRM,,
483,DGJZT_DG_104_2,,,817.4,,,,,100,,,,13.918,,,20,0.075,52,,,,,Acq,,,,,,,,,,,,,,,30,,0225-DGJZT-DMRM-NEG.d,,Find by MRM,,
484,DGJZT_DG_103_3,,,795.4,,,,,100,,,,13.926,,,2060,0.342,10919,,,,,Acq,,,,,,,,,,,,,,,30,,0225-DGJZT-DMRM-NEG.d,,Find by MRM,,
485,DGJZT_DG_103_1,,,795.4,,,,,100,,,,13.927,,,280,0.328,1330,,,,,Acq,,,,,,,,,,,,,,,30,,0225-DGJZT-DMRM-NEG.d,,Find by MRM,,
486,DGJZT_DG_97_1,,,397.2,,,,,100,,,,13.947,,,3557,0.36,27335,,,,,Acq,,,,,,,,,,,,,,,30,,0225-DGJZT-DMRM-NEG.d,,Find by MRM,,
487,DGJZT_DG_97_3,,,397.2,,,,,100,,,,13.939,,,943,0.371,7127,,,,,Acq,,,,,,,,,,,,,,,30,,0225-DGJZT-DMRM-NEG.d,,Find by MRM,,
488,DGJZT_DG_101_2,,,397.2,,,,,100,,,,13.931,,,5976,0.392,43937,,,,,Acq,,,,,,,,,,,,,,,30,,0225-DGJZT-DMRM-NEG.d,,Find by MRM,,
489,DGJZT_DG_101_3,,,397.2,,,,,100,,,,13.931,,,3748,0.409,27596,,,,,Acq,,,,,,,,,,,,,,,30,,0225-DGJZT-DMRM-NEG.d,,Find by MRM,,
490,DGJZT_DG_103_2,,,795.4,,,,,100,,,,13.927,,,51,0.194,194,,,,,Acq,,,,,,,,,,,,,,,30,,0225-DGJZT-DMRM-NEG.d,,Find by MRM,,
491,DGJZT_DG_102_2,,,497.1,,,,,100,,,,13.911,,,100,0.284,553,,,,,Acq,,,,,,,,,,,,,,,30,,0225-DGJZT-DMRM-NEG.d,,Find by MRM,,
492,DGJZT_DG_102_1,,,497.1,,,,,100,,,,13.928,,,405,0.27,2896,,,,,Acq,,,,,,,,,,,,,,,30,,0225-DGJZT-DMRM-NEG.d,,Find by MRM,,
493,DGJZT_DG_101_1,,,397.2,,,,,100,,,,13.939,,,14672,0.492,108668,,,,,Acq,,,,,,,,,,,,,,,30,,0225-DGJZT-DMRM-NEG.d,,Find by MRM,,
494,DGJZT_DG_100_2,,,353.2,,,,,100,,,,13.95,,,293,0.264,1981,,,,,Acq,,,,,,,,,,,,,,,30,,0225-DGJZT-DMRM-NEG.d,,Find by MRM,,
495,DGJZT_DG_100_1,,,353.2,,,,,100,,,,13.95,,,190,0.196,1093,,,,,Acq,,,,,,,,,,,,,,,30,,0225-DGJZT-DMRM-NEG.d,,Find by MRM,,
496,DGJZT_DG_100_3,,,353.2,,,,,100,,,,13.933,,,31,0.16,169,,,,,Acq,,,,,,,,,,,,,,,30,,0225-DGJZT-DMRM-NEG.d,,Find by MRM,,
497,DGJZT_CGC_379_2,,,351.1,,,,,100,,,,13.967,,,18485,0.37,124534,,,,,Acq,,,,,,,,,,,,,,,30,,0225-DGJZT-DMRM-NEG.d,,Find by MRM,,
498,DGJZT_CGC_379_3,,,351.1,,,,,100,,,,13.967,,,5775,0.36,39524,,,,,Acq,,,,,,,,,,,,,,,30,,0225-DGJZT-DMRM-NEG.d,,Find by MRM,,
499,DGJZT_CGC_379_1,,,351.1,,,,,100,,,,13.967,,,5528,0.36,36353,,,,,Acq,,,,,,,,,,,,,,,30,,0225-DGJZT-DMRM-NEG.d,,Find by MRM,,
500,DGJZT_DG_105_3,,,411.2,,,,,100,,,,14.081,,,152,0.321,1058,,,,,Acq,,,,,,,,,,,,,,,30,,0225-DGJZT-DMRM-NEG.d,,Find by MRM,,
501,DGJZT_DG_105_1,,,411.2,,,,,100,,,,14.081,,,380,0.345,2539,,,,,Acq,,,,,,,,,,,,,,,30,,0225-DGJZT-DMRM-NEG.d,,Find by MRM,,
502,DGJZT_DG_105_2,,,411.2,,,,,100,,,,14.081,,,73,0.202,473,,,,,Acq,,,,,,,,,,,,,,,30,,0225-DGJZT-DMRM-NEG.d,,Find by MRM,,
503,DGJZT_CGC_386_1,,,391.2,,,,,100,,,,14.067,,,1525,0.365,10100,,,,,Acq,,,,,,,,,,,,,,,30,,0225-DGJZT-DMRM-NEG.d,,Find by MRM,,
504,DGJZT_CGC_386_2,,,391.2,,,,,100,,,,14.059,,,397,0.268,2398,,,,,Acq,,,,,,,,,,,,,,,30,,0225-DGJZT-DMRM-NEG.d,,Find by MRM,,
505,DGJZT_DG_107_3,,,649.3,,,,,100,,,,14.164,,,169,0.184,926,,,,,Acq,,,,,,,,,,,,,,,30,,0225-DGJZT-DMRM-NEG.d,,Find by MRM,,
506,DGJZT_DG_106_3,,,721.3,,,,,100,,,,14.279,,,192,0.234,1599,,,,,Acq,,,,,,,,,,,,,,,30,,0225-DGJZT-DMRM-NEG.d,,Find by MRM,,
507,DGJZT_DG_107_2,,,649.3,,,,,100,,,,14.146,,,500,0.376,4123,,,,,Acq,,,,,,,,,,,,,,,30,,0225-DGJZT-DMRM-NEG.d,,Find by MRM,,
508,DGJZT_DG_108_1,,,399.2,,,,,100,,,,14.225,,,224,0.356,1512,,,,,Acq,,,,,,,,,,,,,,,30,,0225-DGJZT-DMRM-NEG.d,,Find by MRM,,
509,DGJZT_DG_107_1,,,649.3,,,,,100,,,,14.271,,,1162,0.286,8787,,,,,Acq,,,,,,,,,,,,,,,30,,0225-DGJZT-DMRM-NEG.d,,Find by MRM,,
510,DGJZT_DZ_53_1,,,485.3,,,,,100,,,,14.298,,,343,0.35,2244,,,,,Acq,,,,,,,,,,,,,,,30,,0225-DGJZT-DMRM-NEG.d,,Find by MRM,,
511,DGJZT_DZ_53_3,,,485.3,,,,,100,,,,14.29,,,58,0.126,267,,,,,Acq,,,,,,,,,,,,,,,30,,0225-DGJZT-DMRM-NEG.d,,Find by MRM,,
512,DGJZT_DG_106_1,,,721.3,,,,,100,,,,14.253,,,239,0.491,3232,,,,,Acq,,,,,,,,,,,,,,,30,,0225-DGJZT-DMRM-NEG.d,,Find by MRM,,
513,DGJZT_CGC_391_1,,,367.2,,,,,100,,,,14.336,,,1690,0.363,10958,,,,,Acq,,,,,,,,,,,,,,,30,,0225-DGJZT-DMRM-NEG.d,,Find by MRM,,
514,DGJZT_CGC_391_2,,,367.2,,,,,100,,,,14.337,,,475,0.368,2959,,,,,Acq,,,,,,,,,,,,,,,30,,0225-DGJZT-DMRM-NEG.d,,Find by MRM,,
515,DGJZT_CGC_393_2,,,423.2,,,,,100,,,,14.231,,,5120,0.152,29818,,,,,Acq,,,,,,,,,,,,,,,30,,0225-DGJZT-DMRM-NEG.d,,Find by MRM,,
516,DGJZT_CGC_393_1,,,423.2,,,,,100,,,,14.231,,,10069,0.152,59085,,,,,Acq,,,,,,,,,,,,,,,30,,0225-DGJZT-DMRM-NEG.d,,Find by MRM,,
517,DGJZT_CGC_393_3,,,423.2,,,,,100,,,,14.232,,,1269,0.152,7463,,,,,Acq,,,,,,,,,,,,,,,30,,0225-DGJZT-DMRM-NEG.d,,Find by MRM,,
518,DGJZT_DG_111_2,,,625.3,,,,,100,,,,14.514,,,100,0.371,804,,,,,Acq,,,,,,,,,,,,,,,30,,0225-DGJZT-DMRM-NEG.d,,Find by MRM,,
519,DGJZT_DG_111_1,,,625.3,,,,,100,,,,14.531,,,168,0.148,911,,,,,Acq,,,,,,,,,,,,,,,30,,0225-DGJZT-DMRM-NEG.d,,Find by MRM,,
520,DGJZT_CGC_395_2,,,421.2,,,,,100,,,,14.743,,,483,0.358,3201,,,,,Acq,,,,,,,,,,,,,,,30,,0225-DGJZT-DMRM-NEG.d,,Find by MRM,,
521,DGJZT_CGC_395_1,,,421.2,,,,,100,,,,14.736,,,4701,0.329,29708,,,,,Acq,,,,,,,,,,,,,,,30,,0225-DGJZT-DMRM-NEG.d,,Find by MRM,,
522,DGJZT_CGC_395_3,,,421.2,,,,,100,,,,14.737,,,456,0.289,2796,,,,,Acq,,,,,,,,,,,,,,,30,,0225-DGJZT-DMRM-NEG.d,,Find by MRM,,
523,DGJZT_CGC_398_1,,,421.2,,,,,100,,,,14.733,,,4724,0.466,30802,,,,,Acq,,,,,,,,,,,,,,,30,,0225-DGJZT-DMRM-NEG.d,,Find by MRM,,
524,DGJZT_DG_113_2,,,216.9,,,,,100,,,,15.159,,,86,0.467,1282,,,,,Acq,,,,,,,,,,,,,,,30,,0225-DGJZT-DMRM-NEG.d,,Find by MRM,,
525,DGJZT_DG_113_1,,,216.9,,,,,100,,,,15.153,,,64,0.446,844,,,,,Acq,,,,,,,,,,,,,,,30,,0225-DGJZT-DMRM-NEG.d,,Find by MRM,,
526,DGJZT_DG_113_3,,,216.9,,,,,100,,,,15.156,,,65,0.486,993,,,,,Acq,,,,,,,,,,,,,,,30,,0225-DGJZT-DMRM-NEG.d,,Find by MRM,,

