﻿#化合物列表: 239 found
#
Cpd,Name,Formula,Purity Result,Precursor,Mass,Diff (ppm),Score (Tgt),Flags (Tgt),Score,Std Dev,Relative Mass Difference (MFG),Base Peak,RT,RT Diff,Target Retention Time Difference,Height,Width,Area,Volume,Vol %,Ions,Saturated,ID Source,Score (MFG),Score (DB),Hit Count,Tgt MFG Hit,FV,Purity Value,Purity Comments,ADC% Area,EIC/TIC% Area,TIC% Area,UVA% Area,Score (Lib),CAS ID,Relative Reference Mass difference,CE,MS/MS Count,File,Notes,Algorithm,Lib/DB
1,DGJZT_CGC_3_1,,,427.2,,,,,100,,,,1.088,,,25,0.105,45,,,,,Acq,,,,,,,,,,,,,,,30,,0225-DGJZT-DZ-DMRM-POS.d,,Find by MRM,,
2,DGJZT_CGC_2_2,,,265.2,,,,,100,,,,0.848,,,13,0.182,60,,,,,Acq,,,,,,,,,,,,,,,30,,0225-DGJZT-DZ-DMRM-POS.d,,Find by MRM,,
3,DGJZT_CGC_2_1,,,265.2,,,,,100,,,,0.857,,,118,0.182,516,,,,,Acq,,,,,,,,,,,,,,,30,,0225-DGJZT-DZ-DMRM-POS.d,,Find by MRM,,
4,DGJZT_DZ_4_3,,,437.2,,,,,100,,,,0.868,,,3254,0.302,20681,,,,,Acq,,,,,,,,,,,,,,,30,,0225-DGJZT-DZ-DMRM-POS.d,,Find by MRM,,
5,DGJZT_DZ_4_1,,,437.2,,,,,100,,,,0.869,,,849,0.311,5054,,,,,Acq,,,,,,,,,,,,,,,30,,0225-DGJZT-DZ-DMRM-POS.d,,Find by MRM,,
6,DGJZT_DZ_4_2,,,437.2,,,,,100,,,,0.877,,,1270,0.135,5829,,,,,Acq,,,,,,,,,,,,,,,30,,0225-DGJZT-DZ-DMRM-POS.d,,Find by MRM,,
7,DGJZT_CGC_3_2,,,427.2,,,,,100,,,,0.845,,,23,0.207,101,,,,,Acq,,,,,,,,,,,,,,,30,,0225-DGJZT-DZ-DMRM-POS.d,,Find by MRM,,
8,DGJZT_CGC_3_3,,,427.2,,,,,100,,,,1.088,,,16,0.092,38,,,,,Acq,,,,,,,,,,,,,,,30,,0225-DGJZT-DZ-DMRM-POS.d,,Find by MRM,,
9,DGJZT_CGC_6_2,,,138.1,,,,,100,,,,1.101,,,33,0.198,234,,,,,Acq,,,,,,,,,,,,,,,30,,0225-DGJZT-DZ-DMRM-POS.d,,Find by MRM,,
10,DGJZT_CGC_6_1,,,138.1,,,,,100,,,,1.134,,,39,0.233,281,,,,,Acq,,,,,,,,,,,,,,,30,,0225-DGJZT-DZ-DMRM-POS.d,,Find by MRM,,
11,DGJZT_CGC_6_3,,,138.1,,,,,100,,,,1.102,,,43,0.203,245,,,,,Acq,,,,,,,,,,,,,,,30,,0225-DGJZT-DZ-DMRM-POS.d,,Find by MRM,,
12,DGJZT_DZ_17_2,,,360.2,,,,,100,,,,1.08,,,3654,0.315,30117,,,,,Acq,,,,,,,,,,,,,,,30,,0225-DGJZT-DZ-DMRM-POS.d,,Find by MRM,,
13,DGJZT_DZ_17_1,,,360.2,,,,,100,,,,1.072,,,1902,0.288,14651,,,,,Acq,,,,,,,,,,,,,,,30,,0225-DGJZT-DZ-DMRM-POS.d,,Find by MRM,,
14,DGJZT_DZ_17_3,,,360.2,,,,,100,,,,1.09,,,1040,0.418,12060,,,,,Acq,,,,,,,,,,,,,,,30,,0225-DGJZT-DZ-DMRM-POS.d,,Find by MRM,,
15,DGJZT_DZ_14_3,,,232.1,,,,,100,,,,1.156,,,269,0.378,3352,,,,,Acq,,,,,,,,,,,,,,,30,,0225-DGJZT-DZ-DMRM-POS.d,,Find by MRM,,
16,DGJZT_DZ_14_1,,,232.1,,,,,100,,,,1.108,,,985,0.382,12224,,,,,Acq,,,,,,,,,,,,,,,30,,0225-DGJZT-DZ-DMRM-POS.d,,Find by MRM,,
17,DGJZT_DZ_14_2,,,232.1,,,,,100,,,,1.117,,,764,0.419,10255,,,,,Acq,,,,,,,,,,,,,,,30,,0225-DGJZT-DZ-DMRM-POS.d,,Find by MRM,,
18,DGJZT_BS_5_2,,,331.1,,,,,100,,,,1.62,,,19,0.194,112,,,,,Acq,,,,,,,,,,,,,,,30,,0225-DGJZT-DZ-DMRM-POS.d,,Find by MRM,,
19,DGJZT_BS_5_3,,,331.1,,,,,100,,,,1.621,,,15,0.187,72,,,,,Acq,,,,,,,,,,,,,,,30,,0225-DGJZT-DZ-DMRM-POS.d,,Find by MRM,,
20,DGJZT_BS_5_1,,,331.1,,,,,100,,,,1.614,,,47,0.316,417,,,,,Acq,,,,,,,,,,,,,,,30,,0225-DGJZT-DZ-DMRM-POS.d,,Find by MRM,,
21,DGJZT_CGC_10_1,,,163.1,,,,,100,,,,1.535,,,18,0.186,93,,,,,Acq,,,,,,,,,,,,,,,30,,0225-DGJZT-DZ-DMRM-POS.d,,Find by MRM,,
22,DGJZT_CGC_10_2,,,163.1,,,,,100,,,,1.611,,,16,0.259,89,,,,,Acq,,,,,,,,,,,,,,,30,,0225-DGJZT-DZ-DMRM-POS.d,,Find by MRM,,
23,DGJZT_DZ_25_1,,,330.2,,,,,100,,,,1.623,,,6226,0.322,42030,,,,,Acq,,,,,,,,,,,,,,,30,,0225-DGJZT-DZ-DMRM-POS.d,,Find by MRM,,
24,DGJZT_DZ_25_2,,,330.2,,,,,100,,,,1.616,,,3736,0.396,26906,,,,,Acq,,,,,,,,,,,,,,,30,,0225-DGJZT-DZ-DMRM-POS.d,,Find by MRM,,
25,DGJZT_DZ_25_3,,,330.2,,,,,100,,,,1.617,,,759,0.487,5883,,,,,Acq,,,,,,,,,,,,,,,30,,0225-DGJZT-DZ-DMRM-POS.d,,Find by MRM,,
26,DGJZT_DZ_27_3,,,180.1,,,,,100,,,,2.255,,,15828,0.757,164234,,,,,Acq,,,,,,,,,,,,,,,30,,0225-DGJZT-DZ-DMRM-POS.d,,Find by MRM,,
27,DGJZT_DZ_27_1,,,180.1,,,,,100,,,,2.257,,,11474,0.476,111484,,,,,Acq,,,,,,,,,,,,,,,30,,0225-DGJZT-DZ-DMRM-POS.d,,Find by MRM,,
28,DGJZT_DZ_27_2,,,180.1,,,,,100,,,,2.252,,,938,0.47,9612,,,,,Acq,,,,,,,,,,,,,,,30,,0225-DGJZT-DZ-DMRM-POS.d,,Find by MRM,,
29,DGJZT_BS_6_2,,,482.2,,,,,100,,,,2.805,,,7,0.15,36,,,,,Acq,,,,,,,,,,,,,,,30,,0225-DGJZT-DZ-DMRM-POS.d,,Find by MRM,,
30,DGJZT_BS_6_1,,,482.2,,,,,100,,,,2.607,,,1,0.079,4,,,,,Acq,,,,,,,,,,,,,,,30,,0225-DGJZT-DZ-DMRM-POS.d,,Find by MRM,,
31,DGJZT_BS_6_3,,,482.2,,,,,100,,,,2.483,,,5,0.161,25,,,,,Acq,,,,,,,,,,,,,,,30,,0225-DGJZT-DZ-DMRM-POS.d,,Find by MRM,,
32,DGJZT_DG_19_2,,,367.1,,,,,100,,,,3.281,,,286,0.406,3473,,,,,Acq,,,,,,,,,,,,,,,30,,0225-DGJZT-DZ-DMRM-POS.d,,Find by MRM,,
33,DGJZT_DG_19_3,,,367.1,,,,,100,,,,3.282,,,172,0.606,2514,,,,,Acq,,,,,,,,,,,,,,,30,,0225-DGJZT-DZ-DMRM-POS.d,,Find by MRM,,
34,DGJZT_DG_19_1,,,367.1,,,,,100,,,,3.275,,,17,0.29,142,,,,,Acq,,,,,,,,,,,,,,,30,,0225-DGJZT-DZ-DMRM-POS.d,,Find by MRM,,
35,DGJZT_CGC_15_3,,,262.2,,,,,100,,,,3.686,,,7,0.128,29,,,,,Acq,,,,,,,,,,,,,,,30,,0225-DGJZT-DZ-DMRM-POS.d,,Find by MRM,,
36,DGJZT_CGC_15_1,,,262.2,,,,,100,,,,3.561,,,30,0.326,336,,,,,Acq,,,,,,,,,,,,,,,30,,0225-DGJZT-DZ-DMRM-POS.d,,Find by MRM,,
37,DGJZT_CGC_15_2,,,262.2,,,,,100,,,,3.271,,,3,0.039,4,,,,,Acq,,,,,,,,,,,,,,,30,,0225-DGJZT-DZ-DMRM-POS.d,,Find by MRM,,
38,DGJZT_DZ_33_1,,,239.1,,,,,100,,,,3.53,,,89959,0.455,761204,,,,,Acq,,,,,,,,,,,,,,,30,,0225-DGJZT-DZ-DMRM-POS.d,,Find by MRM,,
39,DGJZT_DZ_33_2,,,239.1,,,,,100,,,,3.522,,,562,0.418,4906,,,,,Acq,,,,,,,,,,,,,,,30,,0225-DGJZT-DZ-DMRM-POS.d,,Find by MRM,,
40,DGJZT_BS_8_2,,,637.3,,,,,100,,,,3.49,,,4,0.042,44,,,,,Acq,,,,,,,,,,,,,,,30,,0225-DGJZT-DZ-DMRM-POS.d,,Find by MRM,,
41,DGJZT_BS_8_3,,,637.3,,,,,100,,,,3.724,,,6,0.135,37,,,,,Acq,,,,,,,,,,,,,,,30,,0225-DGJZT-DZ-DMRM-POS.d,,Find by MRM,,
42,DGJZT_BS_8_1,,,637.3,,,,,100,,,,3.575,,,1,0.091,2,,,,,Acq,,,,,,,,,,,,,,,30,,0225-DGJZT-DZ-DMRM-POS.d,,Find by MRM,,
43,DGJZT_CGC_16_1,,,250.1,,,,,100,,,,3.812,,,5,0.151,27,,,,,Acq,,,,,,,,,,,,,,,30,,0225-DGJZT-DZ-DMRM-POS.d,,Find by MRM,,
44,DGJZT_CGC_17_1,,,433.1,,,,,100,,,,4.1,,,27,0.143,114,,,,,Acq,,,,,,,,,,,,,,,30,,0225-DGJZT-DZ-DMRM-POS.d,,Find by MRM,,
45,DGJZT_CGC_17_2,,,433.1,,,,,100,,,,4.242,,,3,0.105,9,,,,,Acq,,,,,,,,,,,,,,,30,,0225-DGJZT-DZ-DMRM-POS.d,,Find by MRM,,
46,DGJZT_CGC_18_3,,,257.1,,,,,100,,,,4.097,,,10,0.097,27,,,,,Acq,,,,,,,,,,,,,,,30,,0225-DGJZT-DZ-DMRM-POS.d,,Find by MRM,,
47,DGJZT_CGC_18_1,,,257.1,,,,,100,,,,4.272,,,20,0.223,134,,,,,Acq,,,,,,,,,,,,,,,30,,0225-DGJZT-DZ-DMRM-POS.d,,Find by MRM,,
48,DGJZT_CGC_18_2,,,257.1,,,,,100,,,,4.206,,,8,0.182,40,,,,,Acq,,,,,,,,,,,,,,,30,,0225-DGJZT-DZ-DMRM-POS.d,,Find by MRM,,
49,DGJZT_DZ_36_2,,,314.2,,,,,100,,,,4.219,,,1769,0.465,18507,,,,,Acq,,,,,,,,,,,,,,,30,,0225-DGJZT-DZ-DMRM-POS.d,,Find by MRM,,
50,DGJZT_DZ_36_1,,,314.2,,,,,100,,,,4.219,,,12652,0.485,129228,,,,,Acq,,,,,,,,,,,,,,,30,,0225-DGJZT-DZ-DMRM-POS.d,,Find by MRM,,
51,DGJZT_DG_23_2,,,305.1,,,,,100,,,,4.004,,,66,0.21,429,,,,,Acq,,,,,,,,,,,,,,,30,,0225-DGJZT-DZ-DMRM-POS.d,,Find by MRM,,
52,DGJZT_DZ_36_3,,,314.2,,,,,100,,,,4.226,,,1356,0.443,13525,,,,,Acq,,,,,,,,,,,,,,,30,,0225-DGJZT-DZ-DMRM-POS.d,,Find by MRM,,
53,DGJZT_DG_23_3,,,305.1,,,,,100,,,,4.195,,,7,0.065,18,,,,,Acq,,,,,,,,,,,,,,,30,,0225-DGJZT-DZ-DMRM-POS.d,,Find by MRM,,
54,DGJZT_DG_23_1,,,305.1,,,,,100,,,,4.437,,,17,0.15,80,,,,,Acq,,,,,,,,,,,,,,,30,,0225-DGJZT-DZ-DMRM-POS.d,,Find by MRM,,
55,DGJZT_DG_25_3,,,144.1,,,,,100,,,,4.449,,,270,0.353,2335,,,,,Acq,,,,,,,,,,,,,,,30,,0225-DGJZT-DZ-DMRM-POS.d,,Find by MRM,,
56,DGJZT_DG_25_2,,,144.1,,,,,100,,,,4.441,,,47,0.509,413,,,,,Acq,,,,,,,,,,,,,,,30,,0225-DGJZT-DZ-DMRM-POS.d,,Find by MRM,,
57,DGJZT_DG_25_1,,,144.1,,,,,100,,,,4.433,,,405,0.4,3935,,,,,Acq,,,,,,,,,,,,,,,30,,0225-DGJZT-DZ-DMRM-POS.d,,Find by MRM,,
58,DGJZT_GZ_5_3,,,328.2,,,,,100,,,,5.122,,,21,0.025,17,,,,,Acq,,,,,,,,,,,,,,,30,,0225-DGJZT-DZ-DMRM-POS.d,,Find by MRM,,
59,DGJZT_GZ_5_1,,,328.2,,,,,100,,,,4.636,,,9,0.089,79,,,,,Acq,,,,,,,,,,,,,,,30,,0225-DGJZT-DZ-DMRM-POS.d,,Find by MRM,,
60,DGJZT_GZ_5_2,,,328.2,,,,,100,,,,5.022,,,25,0.225,190,,,,,Acq,,,,,,,,,,,,,,,30,,0225-DGJZT-DZ-DMRM-POS.d,,Find by MRM,,
61,DGJZT_BS_12_3,,,481.2,,,,,100,,,,5.07,,,14,0.174,92,,,,,Acq,,,,,,,,,,,,,,,30,,0225-DGJZT-DZ-DMRM-POS.d,,Find by MRM,,
62,DGJZT_BS_12_1,,,481.2,,,,,100,,,,5.095,,,185,0.443,1837,,,,,Acq,,,,,,,,,,,,,,,30,,0225-DGJZT-DZ-DMRM-POS.d,,Find by MRM,,
63,DGJZT_BS_10_3,,,319.1,,,,,100,,,,5.14,,,5,0.055,9,,,,,Acq,,,,,,,,,,,,,,,30,,0225-DGJZT-DZ-DMRM-POS.d,,Find by MRM,,
64,DGJZT_BS_10_2,,,319.1,,,,,100,,,,5.116,,,28,0.331,266,,,,,Acq,,,,,,,,,,,,,,,30,,0225-DGJZT-DZ-DMRM-POS.d,,Find by MRM,,
65,DGJZT_BS_10_1,,,319.1,,,,,100,,,,5.108,,,38,0.292,282,,,,,Acq,,,,,,,,,,,,,,,30,,0225-DGJZT-DZ-DMRM-POS.d,,Find by MRM,,
66,DGJZT_BS_12_2,,,481.2,,,,,100,,,,5.112,,,70,0.504,653,,,,,Acq,,,,,,,,,,,,,,,30,,0225-DGJZT-DZ-DMRM-POS.d,,Find by MRM,,
67,DGJZT_BS_11_2,,,197.1,,,,,100,,,,5.134,,,11,0.184,57,,,,,Acq,,,,,,,,,,,,,,,30,,0225-DGJZT-DZ-DMRM-POS.d,,Find by MRM,,
68,DGJZT_BS_11_1,,,197.1,,,,,100,,,,5.06,,,6,0.054,11,,,,,Acq,,,,,,,,,,,,,,,30,,0225-DGJZT-DZ-DMRM-POS.d,,Find by MRM,,
69,DGJZT_BS_21_1,,,503.2,,,,,100,,,,5.486,,,6,0.142,29,,,,,Acq,,,,,,,,,,,,,,,30,,0225-DGJZT-DZ-DMRM-POS.d,,Find by MRM,,
70,DGJZT_BS_21_2,,,503.2,,,,,100,,,,5.531,,,30,0.191,200,,,,,Acq,,,,,,,,,,,,,,,30,,0225-DGJZT-DZ-DMRM-POS.d,,Find by MRM,,
71,DGJZT_DZ_38_2,,,314.2,,,,,100,,,,5.854,,,5762,0.416,54160,,,,,Acq,,,,,,,,,,,,,,,30,,0225-DGJZT-DZ-DMRM-POS.d,,Find by MRM,,
72,DGJZT_DZ_38_3,,,314.2,,,,,100,,,,5.847,,,2605,0.38,23981,,,,,Acq,,,,,,,,,,,,,,,30,,0225-DGJZT-DZ-DMRM-POS.d,,Find by MRM,,
73,DGJZT_DZ_38_1,,,314.2,,,,,100,,,,5.848,,,28308,0.418,263554,,,,,Acq,,,,,,,,,,,,,,,30,,0225-DGJZT-DZ-DMRM-POS.d,,Find by MRM,,
74,DGJZT_DZ_40_1,,,162.1,,,,,100,,,,6.104,,,1161,0.399,12259,,,,,Acq,,,,,,,,,,,,,,,30,,0225-DGJZT-DZ-DMRM-POS.d,,Find by MRM,,
75,DGJZT_DZ_40_3,,,162.1,,,,,100,,,,6.107,,,1723,0.7,20386,,,,,Acq,,,,,,,,,,,,,,,30,,0225-DGJZT-DZ-DMRM-POS.d,,Find by MRM,,
76,DGJZT_DZ_40_2,,,162.1,,,,,100,,,,6.11,,,7336,0.785,86806,,,,,Acq,,,,,,,,,,,,,,,30,,0225-DGJZT-DZ-DMRM-POS.d,,Find by MRM,,
77,DGJZT_GZ_7_2,,,249.1,,,,,100,,,,6.555,,,19,0.354,170,,,,,Acq,,,,,,,,,,,,,,,30,,0225-DGJZT-DZ-DMRM-POS.d,,Find by MRM,,
78,DGJZT_GZ_7_1,,,249.1,,,,,100,,,,6.573,,,14,0.504,191,,,,,Acq,,,,,,,,,,,,,,,30,,0225-DGJZT-DZ-DMRM-POS.d,,Find by MRM,,
79,DGJZT_GZ_7_3,,,249.1,,,,,100,,,,6.533,,,15,0.377,155,,,,,Acq,,,,,,,,,,,,,,,30,,0225-DGJZT-DZ-DMRM-POS.d,,Find by MRM,,
80,DGJZT_BS_24_1,,,771.1,,,,,100,,,,6.965,,,2456,0.473,28372,,,,,Acq,,,,,,,,,,,,,,,30,,0225-DGJZT-DZ-DMRM-POS.d,,Find by MRM,,
81,DGJZT_BS_24_2,,,771.1,,,,,100,,,,6.95,,,30,0.333,286,,,,,Acq,,,,,,,,,,,,,,,30,,0225-DGJZT-DZ-DMRM-POS.d,,Find by MRM,,
82,DGJZT_BS_24_3,,,771.1,,,,,100,,,,6.947,,,2,0.146,11,,,,,Acq,,,,,,,,,,,,,,,30,,0225-DGJZT-DZ-DMRM-POS.d,,Find by MRM,,
83,DGJZT_DZ_42_2,,,639.3,,,,,100,,,,7.195,,,124,0.258,911,,,,,Acq,,,,,,,,,,,,,,,30,,0225-DGJZT-DZ-DMRM-POS.d,,Find by MRM,,
84,DGJZT_DZ_42_1,,,639.3,,,,,100,,,,7.171,,,90,0.383,1067,,,,,Acq,,,,,,,,,,,,,,,30,,0225-DGJZT-DZ-DMRM-POS.d,,Find by MRM,,
85,DGJZT_DZ_42_3,,,639.3,,,,,100,,,,7.177,,,281,0.292,2315,,,,,Acq,,,,,,,,,,,,,,,30,,0225-DGJZT-DZ-DMRM-POS.d,,Find by MRM,,
86,DGJZT_BS_25_2,,,633.2,,,,,100,,,,7.59,,,17,0.37,160,,,,,Acq,,,,,,,,,,,,,,,30,,0225-DGJZT-DZ-DMRM-POS.d,,Find by MRM,,
87,DGJZT_BS_25_3,,,633.2,,,,,100,,,,7.676,,,2,0.116,5,,,,,Acq,,,,,,,,,,,,,,,30,,0225-DGJZT-DZ-DMRM-POS.d,,Find by MRM,,
88,DGJZT_BS_25_1,,,633.2,,,,,100,,,,7.587,,,10,0.269,98,,,,,Acq,,,,,,,,,,,,,,,30,,0225-DGJZT-DZ-DMRM-POS.d,,Find by MRM,,
89,DGJZT_DZ_43_3,,,673.3,,,,,100,,,,7.958,,,125,0.223,969,,,,,Acq,,,,,,,,,,,,,,,30,,0225-DGJZT-DZ-DMRM-POS.d,,Find by MRM,,
90,DGJZT_DZ_43_1,,,673.3,,,,,100,,,,7.959,,,661,0.336,5392,,,,,Acq,,,,,,,,,,,,,,,30,,0225-DGJZT-DZ-DMRM-POS.d,,Find by MRM,,
91,DGJZT_DZ_43_2,,,673.3,,,,,100,,,,7.965,,,159,0.349,1282,,,,,Acq,,,,,,,,,,,,,,,30,,0225-DGJZT-DZ-DMRM-POS.d,,Find by MRM,,
92,DGJZT_CGC_30_2,,,273.1,,,,,100,,,,7.813,,,4,0.09,11,,,,,Acq,,,,,,,,,,,,,,,30,,0225-DGJZT-DZ-DMRM-POS.d,,Find by MRM,,
93,DGJZT_CGC_30_1,,,273.1,,,,,100,,,,8.179,,,16,0.09,38,,,,,Acq,,,,,,,,,,,,,,,30,,0225-DGJZT-DZ-DMRM-POS.d,,Find by MRM,,
94,DGJZT_CGC_30_3,,,273.1,,,,,100,,,,8.172,,,5,0.139,21,,,,,Acq,,,,,,,,,,,,,,,30,,0225-DGJZT-DZ-DMRM-POS.d,,Find by MRM,,
95,DGJZT_CGC_31_3,,,301.1,,,,,100,,,,8.101,,,3,0.092,9,,,,,Acq,,,,,,,,,,,,,,,30,,0225-DGJZT-DZ-DMRM-POS.d,,Find by MRM,,
96,DGJZT_CGC_31_2,,,301.1,,,,,100,,,,8.202,,,8,0.448,69,,,,,Acq,,,,,,,,,,,,,,,30,,0225-DGJZT-DZ-DMRM-POS.d,,Find by MRM,,
97,DGJZT_CGC_31_1,,,301.1,,,,,100,,,,8.061,,,5,0.133,27,,,,,Acq,,,,,,,,,,,,,,,30,,0225-DGJZT-DZ-DMRM-POS.d,,Find by MRM,,
98,DGJZT_DG_30_3,,,207.1,,,,,100,,,,8.164,,,20,0.084,54,,,,,Acq,,,,,,,,,,,,,,,30,,0225-DGJZT-DZ-DMRM-POS.d,,Find by MRM,,
99,DGJZT_DG_30_1,,,207.1,,,,,100,,,,8.256,,,23,0.196,182,,,,,Acq,,,,,,,,,,,,,,,30,,0225-DGJZT-DZ-DMRM-POS.d,,Find by MRM,,
100,DGJZT_DG_30_2,,,207.1,,,,,100,,,,7.931,,,6,0.068,14,,,,,Acq,,,,,,,,,,,,,,,30,,0225-DGJZT-DZ-DMRM-POS.d,,Find by MRM,,
101,DGJZT_CGC_35_3,,,257.1,,,,,100,,,,8.456,,,4,0.098,15,,,,,Acq,,,,,,,,,,,,,,,30,,0225-DGJZT-DZ-DMRM-POS.d,,Find by MRM,,
102,DGJZT_CGC_35_2,,,257.1,,,,,100,,,,8.625,,,6,0.115,18,,,,,Acq,,,,,,,,,,,,,,,30,,0225-DGJZT-DZ-DMRM-POS.d,,Find by MRM,,
103,DGJZT_CGC_34_2,,,551.2,,,,,100,,,,8.659,,,20,0.252,161,,,,,Acq,,,,,,,,,,,,,,,30,,0225-DGJZT-DZ-DMRM-POS.d,,Find by MRM,,
104,DGJZT_CGC_34_3,,,551.2,,,,,100,,,,8.601,,,6,0.175,29,,,,,Acq,,,,,,,,,,,,,,,30,,0225-DGJZT-DZ-DMRM-POS.d,,Find by MRM,,
105,DGJZT_CGC_33_3,,,419.1,,,,,100,,,,8.645,,,11,0.092,44,,,,,Acq,,,,,,,,,,,,,,,30,,0225-DGJZT-DZ-DMRM-POS.d,,Find by MRM,,
106,DGJZT_CGC_33_2,,,419.1,,,,,100,,,,8.537,,,6,0.217,34,,,,,Acq,,,,,,,,,,,,,,,30,,0225-DGJZT-DZ-DMRM-POS.d,,Find by MRM,,
107,DGJZT_CGC_33_1,,,419.1,,,,,100,,,,8.739,,,9,0.217,53,,,,,Acq,,,,,,,,,,,,,,,30,,0225-DGJZT-DZ-DMRM-POS.d,,Find by MRM,,
108,DGJZT_CGC_34_1,,,551.2,,,,,100,,,,8.728,,,3,0.099,10,,,,,Acq,,,,,,,,,,,,,,,30,,0225-DGJZT-DZ-DMRM-POS.d,,Find by MRM,,
109,DGJZT_CGC_35_1,,,257.1,,,,,100,,,,8.432,,,5,0.045,28,,,,,Acq,,,,,,,,,,,,,,,30,,0225-DGJZT-DZ-DMRM-POS.d,,Find by MRM,,
110,DGJZT_CGC_36_1,,,431.1,,,,,100,,,,9.052,,,77,0.263,564,,,,,Acq,,,,,,,,,,,,,,,30,,0225-DGJZT-DZ-DMRM-POS.d,,Find by MRM,,
111,DGJZT_CGC_36_3,,,431.1,,,,,100,,,,9.137,,,2,0.133,6,,,,,Acq,,,,,,,,,,,,,,,30,,0225-DGJZT-DZ-DMRM-POS.d,,Find by MRM,,
112,DGJZT_CGC_37_1,,,269.1,,,,,100,,,,9.249,,,10,0.051,13,,,,,Acq,,,,,,,,,,,,,,,30,,0225-DGJZT-DZ-DMRM-POS.d,,Find by MRM,,
113,DGJZT_CGC_37_2,,,269.1,,,,,100,,,,9.249,,,19,0.056,25,,,,,Acq,,,,,,,,,,,,,,,30,,0225-DGJZT-DZ-DMRM-POS.d,,Find by MRM,,
114,DGJZT_CGC_36_2,,,431.1,,,,,100,,,,8.969,,,1,0.091,2,,,,,Acq,,,,,,,,,,,,,,,30,,0225-DGJZT-DZ-DMRM-POS.d,,Find by MRM,,
115,DGJZT_CGC_37_3,,,269.1,,,,,100,,,,8.848,,,7,0.074,13,,,,,Acq,,,,,,,,,,,,,,,30,,0225-DGJZT-DZ-DMRM-POS.d,,Find by MRM,,
116,DGJZT_CGC_38_3,,,257.1,,,,,100,,,,8.95,,,7,0.276,74,,,,,Acq,,,,,,,,,,,,,,,30,,0225-DGJZT-DZ-DMRM-POS.d,,Find by MRM,,
117,DGJZT_CGC_38_2,,,257.1,,,,,100,,,,9.201,,,7,0.088,19,,,,,Acq,,,,,,,,,,,,,,,30,,0225-DGJZT-DZ-DMRM-POS.d,,Find by MRM,,
118,DGJZT_CGC_39_3,,,419.1,,,,,100,,,,9.189,,,38,0.356,398,,,,,Acq,,,,,,,,,,,,,,,30,,0225-DGJZT-DZ-DMRM-POS.d,,Find by MRM,,
119,DGJZT_CGC_39_2,,,419.1,,,,,100,,,,9.197,,,12,0.175,72,,,,,Acq,,,,,,,,,,,,,,,30,,0225-DGJZT-DZ-DMRM-POS.d,,Find by MRM,,
120,DGJZT_CGC_39_1,,,419.1,,,,,100,,,,9.038,,,20,0.139,99,,,,,Acq,,,,,,,,,,,,,,,30,,0225-DGJZT-DZ-DMRM-POS.d,,Find by MRM,,
121,DGJZT_CGC_38_1,,,257.1,,,,,100,,,,9.083,,,26,0.159,137,,,,,Acq,,,,,,,,,,,,,,,30,,0225-DGJZT-DZ-DMRM-POS.d,,Find by MRM,,
122,DGJZT_DG_32_3,,,207.1,,,,,100,,,,9.218,,,16,0.117,57,,,,,Acq,,,,,,,,,,,,,,,30,,0225-DGJZT-DZ-DMRM-POS.d,,Find by MRM,,
123,DGJZT_DG_32_1,,,207.1,,,,,100,,,,9.001,,,10,0.08,59,,,,,Acq,,,,,,,,,,,,,,,30,,0225-DGJZT-DZ-DMRM-POS.d,,Find by MRM,,
124,DGJZT_DG_32_2,,,207.1,,,,,100,,,,9.252,,,18,0.132,62,,,,,Acq,,,,,,,,,,,,,,,30,,0225-DGJZT-DZ-DMRM-POS.d,,Find by MRM,,
125,DGJZT_CGC_40_3,,,419.1,,,,,100,,,,9.263,,,10,0.042,13,,,,,Acq,,,,,,,,,,,,,,,30,,0225-DGJZT-DZ-DMRM-POS.d,,Find by MRM,,
126,DGJZT_CGC_40_2,,,419.1,,,,,100,,,,9.505,,,4,0.178,22,,,,,Acq,,,,,,,,,,,,,,,30,,0225-DGJZT-DZ-DMRM-POS.d,,Find by MRM,,
127,DGJZT_CGC_40_1,,,419.1,,,,,100,,,,9.138,,,14,0.083,37,,,,,Acq,,,,,,,,,,,,,,,30,,0225-DGJZT-DZ-DMRM-POS.d,,Find by MRM,,
128,DGJZT_CGC_42_2,,,287.1,,,,,100,,,,9.749,,,3,0.297,33,,,,,Acq,,,,,,,,,,,,,,,30,,0225-DGJZT-DZ-DMRM-POS.d,,Find by MRM,,
129,DGJZT_CGC_42_1,,,287.1,,,,,100,,,,9.776,,,27,0.432,365,,,,,Acq,,,,,,,,,,,,,,,30,,0225-DGJZT-DZ-DMRM-POS.d,,Find by MRM,,
130,DGJZT_CGC_42_3,,,287.1,,,,,100,,,,10.321,,,11,0.15,31,,,,,Acq,,,,,,,,,,,,,,,30,,0225-DGJZT-DZ-DMRM-POS.d,,Find by MRM,,
131,DGJZT_CGC_43_3,,,257.1,,,,,100,,,,10.107,,,11,0.175,63,,,,,Acq,,,,,,,,,,,,,,,30,,0225-DGJZT-DZ-DMRM-POS.d,,Find by MRM,,
132,DGJZT_CGC_43_1,,,257.1,,,,,100,,,,11.789,,,130,0.445,1333,,,,,Acq,,,,,,,,,,,,,,,30,,0225-DGJZT-DZ-DMRM-POS.d,,Find by MRM,,
133,DGJZT_CGC_43_2,,,257.1,,,,,100,,,,11.844,,,30,0.403,310,,,,,Acq,,,,,,,,,,,,,,,30,,0225-DGJZT-DZ-DMRM-POS.d,,Find by MRM,,
134,DGJZT_CGC_77_1,,,437.3,,,,,100,,,,12.259,,,4,0.153,17,,,,,Acq,,,,,,,,,,,,,,,30,,0225-DGJZT-DZ-DMRM-POS.d,,Find by MRM,,
135,DGJZT_CGC_77_3,,,437.3,,,,,100,,,,12.366,,,7,0.126,30,,,,,Acq,,,,,,,,,,,,,,,30,,0225-DGJZT-DZ-DMRM-POS.d,,Find by MRM,,
136,DGJZT_CGC_77_2,,,437.3,,,,,100,,,,12.279,,,4,0.14,21,,,,,Acq,,,,,,,,,,,,,,,30,,0225-DGJZT-DZ-DMRM-POS.d,,Find by MRM,,
137,DGJZT_CGC_79_1,,,823.4,,,,,100,,,,12.65,,,6,0.151,17,,,,,Acq,,,,,,,,,,,,,,,30,,0225-DGJZT-DZ-DMRM-POS.d,,Find by MRM,,
138,DGJZT_DG_34_3,,,205.1,,,,,100,,,,12.622,,,10,0.124,42,,,,,Acq,,,,,,,,,,,,,,,30,,0225-DGJZT-DZ-DMRM-POS.d,,Find by MRM,,
139,DGJZT_DG_34_1,,,205.1,,,,,100,,,,12.572,,,8,0.12,25,,,,,Acq,,,,,,,,,,,,,,,30,,0225-DGJZT-DZ-DMRM-POS.d,,Find by MRM,,
140,DGJZT_DG_34_2,,,205.1,,,,,100,,,,12.538,,,8,0.152,35,,,,,Acq,,,,,,,,,,,,,,,30,,0225-DGJZT-DZ-DMRM-POS.d,,Find by MRM,,
141,DGJZT_SJ_11_2,,,457.3,,,,,100,,,,12.759,,,19,0.171,58,,,,,Acq,,,,,,,,,,,,,,,30,,0225-DGJZT-DZ-DMRM-POS.d,,Find by MRM,,
142,DGJZT_SJ_10_2,,,277.2,,,,,100,,,,12.67,,,207,0.3,1296,,,,,Acq,,,,,,,,,,,,,,,30,,0225-DGJZT-DZ-DMRM-POS.d,,Find by MRM,,
143,DGJZT_SJ_10_1,,,277.2,,,,,100,,,,12.671,,,143,0.345,1178,,,,,Acq,,,,,,,,,,,,,,,30,,0225-DGJZT-DZ-DMRM-POS.d,,Find by MRM,,
144,DGJZT_SJ_10_3,,,277.2,,,,,100,,,,12.688,,,41,0.206,243,,,,,Acq,,,,,,,,,,,,,,,30,,0225-DGJZT-DZ-DMRM-POS.d,,Find by MRM,,
145,DGJZT_SJ_9_3,,,177.1,,,,,100,,,,12.647,,,53,0.241,325,,,,,Acq,,,,,,,,,,,,,,,30,,0225-DGJZT-DZ-DMRM-POS.d,,Find by MRM,,
146,DGJZT_SJ_9_2,,,177.1,,,,,100,,,,12.648,,,290,0.405,2770,,,,,Acq,,,,,,,,,,,,,,,30,,0225-DGJZT-DZ-DMRM-POS.d,,Find by MRM,,
147,DGJZT_SJ_9_1,,,177.1,,,,,100,,,,12.648,,,335,0.268,2273,,,,,Acq,,,,,,,,,,,,,,,30,,0225-DGJZT-DZ-DMRM-POS.d,,Find by MRM,,
148,DGJZT_SJ_8_3,,,145.1,,,,,100,,,,12.666,,,16,0.172,84,,,,,Acq,,,,,,,,,,,,,,,30,,0225-DGJZT-DZ-DMRM-POS.d,,Find by MRM,,
149,DGJZT_SJ_8_1,,,145.1,,,,,100,,,,12.683,,,55,0.217,351,,,,,Acq,,,,,,,,,,,,,,,30,,0225-DGJZT-DZ-DMRM-POS.d,,Find by MRM,,
150,DGJZT_SJ_11_3,,,457.3,,,,,100,,,,12.784,,,27,0.15,166,,,,,Acq,,,,,,,,,,,,,,,30,,0225-DGJZT-DZ-DMRM-POS.d,,Find by MRM,,
151,DGJZT_SJ_11_1,,,457.3,,,,,100,,,,12.667,,,5,0.067,10,,,,,Acq,,,,,,,,,,,,,,,30,,0225-DGJZT-DZ-DMRM-POS.d,,Find by MRM,,
152,DGJZT_CGC_83_1,,,369.1,,,,,100,,,,12.852,,,11,0.141,38,,,,,Acq,,,,,,,,,,,,,,,30,,0225-DGJZT-DZ-DMRM-POS.d,,Find by MRM,,
153,DGJZT_SJ_8_2,,,145.1,,,,,100,,,,12.682,,,6,0.117,21,,,,,Acq,,,,,,,,,,,,,,,30,,0225-DGJZT-DZ-DMRM-POS.d,,Find by MRM,,
154,DGJZT_CGC_83_3,,,369.1,,,,,100,,,,12.711,,,7,0.108,17,,,,,Acq,,,,,,,,,,,,,,,30,,0225-DGJZT-DZ-DMRM-POS.d,,Find by MRM,,
155,DGJZT_CGC_83_2,,,369.1,,,,,100,,,,12.811,,,6,0.1,22,,,,,Acq,,,,,,,,,,,,,,,30,,0225-DGJZT-DZ-DMRM-POS.d,,Find by MRM,,
156,DGJZT_CGC_80_1,,,353.1,,,,,100,,,,12.981,,,16,0.04,8,,,,,Acq,,,,,,,,,,,,,,,30,,0225-DGJZT-DZ-DMRM-POS.d,,Find by MRM,,
157,DGJZT_CGC_87_1,,,299.1,,,,,100,,,,12.753,,,7,0.118,19,,,,,Acq,,,,,,,,,,,,,,,30,,0225-DGJZT-DZ-DMRM-POS.d,,Find by MRM,,
158,DGJZT_CGC_87_2,,,299.1,,,,,100,,,,13.034,,,2,0.175,8,,,,,Acq,,,,,,,,,,,,,,,30,,0225-DGJZT-DZ-DMRM-POS.d,,Find by MRM,,
159,DGJZT_CGC_86_3,,,353.1,,,,,100,,,,13.036,,,111,0.243,691,,,,,Acq,,,,,,,,,,,,,,,30,,0225-DGJZT-DZ-DMRM-POS.d,,Find by MRM,,
160,DGJZT_CGC_86_2,,,353.1,,,,,100,,,,12.913,,,4,0.21,26,,,,,Acq,,,,,,,,,,,,,,,30,,0225-DGJZT-DZ-DMRM-POS.d,,Find by MRM,,
161,DGJZT_CGC_86_1,,,353.1,,,,,100,,,,13.054,,,80,0.179,523,,,,,Acq,,,,,,,,,,,,,,,30,,0225-DGJZT-DZ-DMRM-POS.d,,Find by MRM,,
162,DGJZT_CGC_91_3,,,355.1,,,,,100,,,,13.279,,,163,0.289,1170,,,,,Acq,,,,,,,,,,,,,,,30,,0225-DGJZT-DZ-DMRM-POS.d,,Find by MRM,,
163,DGJZT_CGC_87_3,,,299.1,,,,,100,,,,13.308,,,5,0.141,23,,,,,Acq,,,,,,,,,,,,,,,30,,0225-DGJZT-DZ-DMRM-POS.d,,Find by MRM,,
164,DGJZT_CGC_92_3,,,383.2,,,,,100,,,,13.228,,,5,0.084,14,,,,,Acq,,,,,,,,,,,,,,,30,,0225-DGJZT-DZ-DMRM-POS.d,,Find by MRM,,
165,DGJZT_DG_37_3,,,193.1,,,,,100,,,,13.359,,,7,0.267,43,,,,,Acq,,,,,,,,,,,,,,,30,,0225-DGJZT-DZ-DMRM-POS.d,,Find by MRM,,
166,DGJZT_DG_37_2,,,193.1,,,,,100,,,,13.1,,,7,0.259,68,,,,,Acq,,,,,,,,,,,,,,,30,,0225-DGJZT-DZ-DMRM-POS.d,,Find by MRM,,
167,DGJZT_DG_37_1,,,193.1,,,,,100,,,,13.528,,,11,0.048,18,,,,,Acq,,,,,,,,,,,,,,,30,,0225-DGJZT-DZ-DMRM-POS.d,,Find by MRM,,
168,DGJZT_CGC_91_2,,,355.1,,,,,100,,,,13.322,,,55,0.277,382,,,,,Acq,,,,,,,,,,,,,,,30,,0225-DGJZT-DZ-DMRM-POS.d,,Find by MRM,,
169,DGJZT_CGC_91_1,,,355.1,,,,,100,,,,13.356,,,36,0.14,125,,,,,Acq,,,,,,,,,,,,,,,30,,0225-DGJZT-DZ-DMRM-POS.d,,Find by MRM,,
170,DGJZT_CGC_93_3,,,327.1,,,,,100,,,,13.49,,,3,0.106,7,,,,,Acq,,,,,,,,,,,,,,,30,,0225-DGJZT-DZ-DMRM-POS.d,,Find by MRM,,
171,DGJZT_CGC_92_2,,,383.2,,,,,100,,,,13.369,,,4,0.134,11,,,,,Acq,,,,,,,,,,,,,,,30,,0225-DGJZT-DZ-DMRM-POS.d,,Find by MRM,,
172,DGJZT_CGC_92_1,,,383.2,,,,,100,,,,13.387,,,4,0.1,8,,,,,Acq,,,,,,,,,,,,,,,30,,0225-DGJZT-DZ-DMRM-POS.d,,Find by MRM,,
173,DGJZT_CGC_93_2,,,327.1,,,,,100,,,,13.533,,,6,0.136,16,,,,,Acq,,,,,,,,,,,,,,,30,,0225-DGJZT-DZ-DMRM-POS.d,,Find by MRM,,
174,DGJZT_CGC_97_2,,,337.1,,,,,100,,,,13.83,,,14,0.143,42,,,,,Acq,,,,,,,,,,,,,,,30,,0225-DGJZT-DZ-DMRM-POS.d,,Find by MRM,,
175,DGJZT_CGC_97_1,,,337.1,,,,,100,,,,13.764,,,12,0.068,35,,,,,Acq,,,,,,,,,,,,,,,30,,0225-DGJZT-DZ-DMRM-POS.d,,Find by MRM,,
176,DGJZT_CGC_98_3,,,317.1,,,,,100,,,,13.815,,,15,0.1,40,,,,,Acq,,,,,,,,,,,,,,,30,,0225-DGJZT-DZ-DMRM-POS.d,,Find by MRM,,
177,DGJZT_CGC_98_1,,,317.1,,,,,100,,,,13.815,,,15,0.227,50,,,,,Acq,,,,,,,,,,,,,,,30,,0225-DGJZT-DZ-DMRM-POS.d,,Find by MRM,,
178,DGJZT_CGC_98_2,,,317.1,,,,,100,,,,13.691,,,6,0.073,12,,,,,Acq,,,,,,,,,,,,,,,30,,0225-DGJZT-DZ-DMRM-POS.d,,Find by MRM,,
179,DGJZT_CGC_97_3,,,337.1,,,,,100,,,,14.017,,,11,0.06,22,,,,,Acq,,,,,,,,,,,,,,,30,,0225-DGJZT-DZ-DMRM-POS.d,,Find by MRM,,
180,DGJZT_DG_41_1,,,189.1,,,,,100,,,,14.011,,,34,0.14,191,,,,,Acq,,,,,,,,,,,,,,,30,,0225-DGJZT-DZ-DMRM-POS.d,,Find by MRM,,
181,DGJZT_DG_41_2,,,189.1,,,,,100,,,,14.078,,,18,0.039,18,,,,,Acq,,,,,,,,,,,,,,,30,,0225-DGJZT-DZ-DMRM-POS.d,,Find by MRM,,
182,DGJZT_DG_41_3,,,189.1,,,,,100,,,,14.02,,,25,0.134,81,,,,,Acq,,,,,,,,,,,,,,,30,,0225-DGJZT-DZ-DMRM-POS.d,,Find by MRM,,
183,DGJZT_SJ_13_3,,,177.1,,,,,100,,,,14.003,,,9,0.301,74,,,,,Acq,,,,,,,,,,,,,,,30,,0225-DGJZT-DZ-DMRM-POS.d,,Find by MRM,,
184,DGJZT_SJ_13_2,,,177.1,,,,,100,,,,13.928,,,45,0.142,200,,,,,Acq,,,,,,,,,,,,,,,30,,0225-DGJZT-DZ-DMRM-POS.d,,Find by MRM,,
185,DGJZT_SJ_13_1,,,177.1,,,,,100,,,,13.97,,,45,0.108,179,,,,,Acq,,,,,,,,,,,,,,,30,,0225-DGJZT-DZ-DMRM-POS.d,,Find by MRM,,
186,DGJZT_CGC_100_2,,,383.1,,,,,100,,,,14.006,,,22,0.119,74,,,,,Acq,,,,,,,,,,,,,,,30,,0225-DGJZT-DZ-DMRM-POS.d,,Find by MRM,,
187,DGJZT_CGC_100_1,,,383.1,,,,,100,,,,13.947,,,2,0.093,5,,,,,Acq,,,,,,,,,,,,,,,30,,0225-DGJZT-DZ-DMRM-POS.d,,Find by MRM,,
188,DGJZT_DG_47_3,,,191.1,,,,,100,,,,14.001,,,68,0.274,427,,,,,Acq,,,,,,,,,,,,,,,30,,0225-DGJZT-DZ-DMRM-POS.d,,Find by MRM,,
189,DGJZT_DG_47_1,,,191.1,,,,,100,,,,13.993,,,141,0.31,1127,,,,,Acq,,,,,,,,,,,,,,,30,,0225-DGJZT-DZ-DMRM-POS.d,,Find by MRM,,
190,DGJZT_DG_47_2,,,191.1,,,,,100,,,,13.976,,,57,0.141,266,,,,,Acq,,,,,,,,,,,,,,,30,,0225-DGJZT-DZ-DMRM-POS.d,,Find by MRM,,
191,DGJZT_DG_45_3,,,145.1,,,,,100,,,,14.046,,,12,0.134,46,,,,,Acq,,,,,,,,,,,,,,,30,,0225-DGJZT-DZ-DMRM-POS.d,,Find by MRM,,
192,DGJZT_DG_45_1,,,145.1,,,,,100,,,,13.954,,,28,0.198,175,,,,,Acq,,,,,,,,,,,,,,,30,,0225-DGJZT-DZ-DMRM-POS.d,,Find by MRM,,
193,DGJZT_DG_45_2,,,145.1,,,,,100,,,,14.013,,,31,0.117,99,,,,,Acq,,,,,,,,,,,,,,,30,,0225-DGJZT-DZ-DMRM-POS.d,,Find by MRM,,
194,DGJZT_CGC_100_3,,,383.1,,,,,100,,,,14.134,,,4,0.135,16,,,,,Acq,,,,,,,,,,,,,,,30,,0225-DGJZT-DZ-DMRM-POS.d,,Find by MRM,,
195,DGJZT_CGC_101_2,,,371.2,,,,,100,,,,14.227,,,28,0.361,217,,,,,Acq,,,,,,,,,,,,,,,30,,0225-DGJZT-DZ-DMRM-POS.d,,Find by MRM,,
196,DGJZT_CGC_101_3,,,371.2,,,,,100,,,,14.007,,,15,0.128,63,,,,,Acq,,,,,,,,,,,,,,,30,,0225-DGJZT-DZ-DMRM-POS.d,,Find by MRM,,
197,DGJZT_CGC_103_1,,,425.2,,,,,100,,,,14.081,,,49,0.214,291,,,,,Acq,,,,,,,,,,,,,,,30,,0225-DGJZT-DZ-DMRM-POS.d,,Find by MRM,,
198,DGJZT_CGC_103_2,,,425.2,,,,,100,,,,14.257,,,50,0.251,293,,,,,Acq,,,,,,,,,,,,,,,30,,0225-DGJZT-DZ-DMRM-POS.d,,Find by MRM,,
199,DGJZT_CGC_103_3,,,425.2,,,,,100,,,,14.383,,,29,0.157,161,,,,,Acq,,,,,,,,,,,,,,,30,,0225-DGJZT-DZ-DMRM-POS.d,,Find by MRM,,
200,DGJZT_CGC_101_1,,,371.2,,,,,100,,,,14.186,,,28,0.171,134,,,,,Acq,,,,,,,,,,,,,,,30,,0225-DGJZT-DZ-DMRM-POS.d,,Find by MRM,,
201,DGJZT_SJ_14_1,,,404.2,,,,,100,,,,14.267,,,17,0.174,84,,,,,Acq,,,,,,,,,,,,,,,30,,0225-DGJZT-DZ-DMRM-POS.d,,Find by MRM,,
202,DGJZT_SJ_14_3,,,404.2,,,,,100,,,,14.469,,,4,0.091,11,,,,,Acq,,,,,,,,,,,,,,,30,,0225-DGJZT-DZ-DMRM-POS.d,,Find by MRM,,
203,DGJZT_SJ_14_2,,,404.2,,,,,100,,,,14.26,,,9,0.078,28,,,,,Acq,,,,,,,,,,,,,,,30,,0225-DGJZT-DZ-DMRM-POS.d,,Find by MRM,,
204,DGJZT_CGC_106_2,,,423.2,,,,,100,,,,14.501,,,248,0.368,1822,,,,,Acq,,,,,,,,,,,,,,,30,,0225-DGJZT-DZ-DMRM-POS.d,,Find by MRM,,
205,DGJZT_CGC_106_1,,,423.2,,,,,100,,,,14.893,,,91,0.052,82,,,,,Acq,,,,,,,,,,,,,,,30,,0225-DGJZT-DZ-DMRM-POS.d,,Find by MRM,,
206,DGJZT_DG_49_3,,,191.1,,,,,100,,,,14.898,,,68,0.051,64,,,,,Acq,,,,,,,,,,,,,,,30,,0225-DGJZT-DZ-DMRM-POS.d,,Find by MRM,,
207,DGJZT_DG_49_1,,,191.1,,,,,100,,,,14.89,,,62,0.049,44,,,,,Acq,,,,,,,,,,,,,,,30,,0225-DGJZT-DZ-DMRM-POS.d,,Find by MRM,,
208,DGJZT_DG_49_2,,,191.1,,,,,100,,,,14.89,,,37,0.047,63,,,,,Acq,,,,,,,,,,,,,,,30,,0225-DGJZT-DZ-DMRM-POS.d,,Find by MRM,,
209,DGJZT_GZ_24_1,,,279.1,,,,,100,,,,14.754,,,27,0.318,187,,,,,Acq,,,,,,,,,,,,,,,30,,0225-DGJZT-DZ-DMRM-POS.d,,Find by MRM,,
210,DGJZT_GZ_24_3,,,279.1,,,,,100,,,,14.713,,,11,0.101,37,,,,,Acq,,,,,,,,,,,,,,,30,,0225-DGJZT-DZ-DMRM-POS.d,,Find by MRM,,
211,DGJZT_CGC_106_3,,,423.2,,,,,100,,,,14.717,,,8,0.079,20,,,,,Acq,,,,,,,,,,,,,,,30,,0225-DGJZT-DZ-DMRM-POS.d,,Find by MRM,,
212,DGJZT_GZ_24_2,,,279.1,,,,,100,,,,14.738,,,46,0.141,189,,,,,Acq,,,,,,,,,,,,,,,30,,0225-DGJZT-DZ-DMRM-POS.d,,Find by MRM,,
213,DGJZT_GZ_25_2,,,309.2,,,,,100,,,,14.913,,,5,0.156,15,,,,,Acq,,,,,,,,,,,,,,,30,,0225-DGJZT-DZ-DMRM-POS.d,,Find by MRM,,
214,DGJZT_GZ_25_3,,,309.2,,,,,100,,,,14.845,,,2,0.084,3,,,,,Acq,,,,,,,,,,,,,,,30,,0225-DGJZT-DZ-DMRM-POS.d,,Find by MRM,,
215,DGJZT_GZ_25_1,,,309.2,,,,,100,,,,14.795,,,47,0.3,353,,,,,Acq,,,,,,,,,,,,,,,30,,0225-DGJZT-DZ-DMRM-POS.d,,Find by MRM,,
216,DGJZT_SJ_16_3,,,177.1,,,,,100,,,,14.908,,,12,0.062,24,,,,,Acq,,,,,,,,,,,,,,,30,,0225-DGJZT-DZ-DMRM-POS.d,,Find by MRM,,
217,DGJZT_SJ_16_2,,,177.1,,,,,100,,,,14.632,,,13,0.106,78,,,,,Acq,,,,,,,,,,,,,,,30,,0225-DGJZT-DZ-DMRM-POS.d,,Find by MRM,,
218,DGJZT_SJ_16_1,,,177.1,,,,,100,,,,14.984,,,22,0.13,81,,,,,Acq,,,,,,,,,,,,,,,30,,0225-DGJZT-DZ-DMRM-POS.d,,Find by MRM,,
219,DGJZT_DG_50_2,,,412.3,,,,,100,,,,15.121,,,11,0.074,26,,,,,Acq,,,,,,,,,,,,,,,30,,0225-DGJZT-DZ-DMRM-POS.d,,Find by MRM,,
220,DGJZT_DG_50_1,,,412.3,,,,,100,,,,15.129,,,107,0.286,905,,,,,Acq,,,,,,,,,,,,,,,30,,0225-DGJZT-DZ-DMRM-POS.d,,Find by MRM,,
221,DGJZT_DG_50_3,,,412.3,,,,,100,,,,15.104,,,18,0.158,64,,,,,Acq,,,,,,,,,,,,,,,30,,0225-DGJZT-DZ-DMRM-POS.d,,Find by MRM,,
222,DGJZT_DG_52_3,,,381.2,,,,,100,,,,15.065,,,69,0.236,501,,,,,Acq,,,,,,,,,,,,,,,30,,0225-DGJZT-DZ-DMRM-POS.d,,Find by MRM,,
223,DGJZT_DG_58_1,,,412.2,,,,,100,,,,15.139,,,106,0.463,1217,,,,,Acq,,,,,,,,,,,,,,,30,,0225-DGJZT-DZ-DMRM-POS.d,,Find by MRM,,
224,DGJZT_DG_58_3,,,412.2,,,,,100,,,,15.054,,,20,0.143,70,,,,,Acq,,,,,,,,,,,,,,,30,,0225-DGJZT-DZ-DMRM-POS.d,,Find by MRM,,
225,DGJZT_DG_55_2,,,363.2,,,,,100,,,,15.192,,,3,0.068,6,,,,,Acq,,,,,,,,,,,,,,,30,,0225-DGJZT-DZ-DMRM-POS.d,,Find by MRM,,
226,DGJZT_DG_59_3,,,191.1,,,,,100,,,,15.084,,,18,0.31,123,,,,,Acq,,,,,,,,,,,,,,,30,,0225-DGJZT-DZ-DMRM-POS.d,,Find by MRM,,
227,DGJZT_DG_59_1,,,191.1,,,,,100,,,,14.975,,,78,0.452,1059,,,,,Acq,,,,,,,,,,,,,,,30,,0225-DGJZT-DZ-DMRM-POS.d,,Find by MRM,,
228,DGJZT_DG_59_2,,,191.1,,,,,100,,,,15.059,,,73,0.405,835,,,,,Acq,,,,,,,,,,,,,,,30,,0225-DGJZT-DZ-DMRM-POS.d,,Find by MRM,,
229,DGJZT_DG_58_2,,,412.2,,,,,100,,,,15.123,,,7,0.091,19,,,,,Acq,,,,,,,,,,,,,,,30,,0225-DGJZT-DZ-DMRM-POS.d,,Find by MRM,,
230,DGJZT_DG_52_1,,,381.2,,,,,100,,,,15.124,,,545,0.453,5614,,,,,Acq,,,,,,,,,,,,,,,30,,0225-DGJZT-DZ-DMRM-POS.d,,Find by MRM,,
231,DGJZT_DG_52_2,,,381.2,,,,,100,,,,15.125,,,44,0.234,282,,,,,Acq,,,,,,,,,,,,,,,30,,0225-DGJZT-DZ-DMRM-POS.d,,Find by MRM,,
232,DGJZT_GZ_27_1,,,448.3,,,,,100,,,,15.144,,,1386,0.376,9800,,,,,Acq,,,,,,,,,,,,,,,30,,0225-DGJZT-DZ-DMRM-POS.d,,Find by MRM,,
233,DGJZT_GZ_27_2,,,448.3,,,,,100,,,,15.169,,,56,0.201,364,,,,,Acq,,,,,,,,,,,,,,,30,,0225-DGJZT-DZ-DMRM-POS.d,,Find by MRM,,
234,DGJZT_DG_61_1,,,381.2,,,,,100,,,,15.148,,,433,0.363,4222,,,,,Acq,,,,,,,,,,,,,,,30,,0225-DGJZT-DZ-DMRM-POS.d,,Find by MRM,,
235,DGJZT_DG_61_3,,,381.2,,,,,100,,,,15.132,,,106,0.331,782,,,,,Acq,,,,,,,,,,,,,,,30,,0225-DGJZT-DZ-DMRM-POS.d,,Find by MRM,,
236,DGJZT_DG_61_2,,,381.2,,,,,100,,,,15.157,,,98,0.198,506,,,,,Acq,,,,,,,,,,,,,,,30,,0225-DGJZT-DZ-DMRM-POS.d,,Find by MRM,,
237,DGJZT_SJ_17_1,,,432.3,,,,,100,,,,15.237,,,18,0.226,92,,,,,Acq,,,,,,,,,,,,,,,30,,0225-DGJZT-DZ-DMRM-POS.d,,Find by MRM,,
238,DGJZT_SJ_17_3,,,432.3,,,,,100,,,,15.304,,,9,0.109,21,,,,,Acq,,,,,,,,,,,,,,,30,,0225-DGJZT-DZ-DMRM-POS.d,,Find by MRM,,
239,DGJZT_SJ_17_2,,,432.3,,,,,100,,,,15.271,,,11,0.18,37,,,,,Acq,,,,,,,,,,,,,,,30,,0225-DGJZT-DZ-DMRM-POS.d,,Find by MRM,,

