﻿#化合物列表: 239 found
#
Cpd,Name,Formula,Purity Result,Precursor,Mass,Diff (ppm),Score (Tgt),Flags (Tgt),Score,Std Dev,Relative Mass Difference (MFG),Base Peak,RT,RT Diff,Target Retention Time Difference,Height,Width,Area,Volume,Vol %,Ions,Saturated,ID Source,Score (MFG),Score (DB),Hit Count,Tgt MFG Hit,FV,Purity Value,Purity Comments,ADC% Area,EIC/TIC% Area,TIC% Area,UVA% Area,Score (Lib),CAS ID,Relative Reference Mass difference,CE,MS/MS Count,File,Notes,Algorithm,Lib/DB
1,DGJZT_CGC_3_1,,,427.2,,,,,100,,,,1.038,,,7,0.101,41,,,,,Acq,,,,,,,,,,,,,,,30,,0225-DGJZT-DG-DMRM-POS.d,,Find by MRM,,
2,DGJZT_CGC_2_2,,,265.2,,,,,100,,,,1.057,,,39,0.053,38,,,,,Acq,,,,,,,,,,,,,,,30,,0225-DGJZT-DG-DMRM-POS.d,,Find by MRM,,
3,DGJZT_CGC_2_1,,,265.2,,,,,100,,,,0.84,,,218,0.164,915,,,,,Acq,,,,,,,,,,,,,,,30,,0225-DGJZT-DG-DMRM-POS.d,,Find by MRM,,
4,DGJZT_DZ_4_3,,,437.2,,,,,100,,,,0.835,,,2,0.092,6,,,,,Acq,,,,,,,,,,,,,,,30,,0225-DGJZT-DG-DMRM-POS.d,,Find by MRM,,
5,DGJZT_DZ_4_1,,,437.2,,,,,100,,,,1.036,,,9,0.117,27,,,,,Acq,,,,,,,,,,,,,,,30,,0225-DGJZT-DG-DMRM-POS.d,,Find by MRM,,
6,DGJZT_DZ_4_2,,,437.2,,,,,100,,,,1.169,,,15,0.159,86,,,,,Acq,,,,,,,,,,,,,,,30,,0225-DGJZT-DG-DMRM-POS.d,,Find by MRM,,
7,DGJZT_CGC_3_2,,,427.2,,,,,100,,,,0.845,,,15,0.139,69,,,,,Acq,,,,,,,,,,,,,,,30,,0225-DGJZT-DG-DMRM-POS.d,,Find by MRM,,
8,DGJZT_CGC_3_3,,,427.2,,,,,100,,,,1.071,,,18,0.098,58,,,,,Acq,,,,,,,,,,,,,,,30,,0225-DGJZT-DG-DMRM-POS.d,,Find by MRM,,
9,DGJZT_CGC_6_2,,,138.1,,,,,100,,,,0.875,,,15,0.065,35,,,,,Acq,,,,,,,,,,,,,,,30,,0225-DGJZT-DG-DMRM-POS.d,,Find by MRM,,
10,DGJZT_CGC_6_1,,,138.1,,,,,100,,,,0.875,,,26,0.096,86,,,,,Acq,,,,,,,,,,,,,,,30,,0225-DGJZT-DG-DMRM-POS.d,,Find by MRM,,
11,DGJZT_CGC_6_3,,,138.1,,,,,100,,,,0.851,,,25,0.09,95,,,,,Acq,,,,,,,,,,,,,,,30,,0225-DGJZT-DG-DMRM-POS.d,,Find by MRM,,
12,DGJZT_DZ_17_2,,,360.2,,,,,100,,,,1.178,,,15,0.191,98,,,,,Acq,,,,,,,,,,,,,,,30,,0225-DGJZT-DG-DMRM-POS.d,,Find by MRM,,
13,DGJZT_DZ_17_1,,,360.2,,,,,100,,,,1.081,,,12,0.161,52,,,,,Acq,,,,,,,,,,,,,,,30,,0225-DGJZT-DG-DMRM-POS.d,,Find by MRM,,
14,DGJZT_DZ_17_3,,,360.2,,,,,100,,,,1.122,,,8,0.344,55,,,,,Acq,,,,,,,,,,,,,,,30,,0225-DGJZT-DG-DMRM-POS.d,,Find by MRM,,
15,DGJZT_DZ_14_3,,,232.1,,,,,100,,,,1.164,,,11,0.151,62,,,,,Acq,,,,,,,,,,,,,,,30,,0225-DGJZT-DG-DMRM-POS.d,,Find by MRM,,
16,DGJZT_DZ_14_1,,,232.1,,,,,100,,,,1.091,,,64,0.424,824,,,,,Acq,,,,,,,,,,,,,,,30,,0225-DGJZT-DG-DMRM-POS.d,,Find by MRM,,
17,DGJZT_DZ_14_2,,,232.1,,,,,100,,,,1.124,,,45,0.22,278,,,,,Acq,,,,,,,,,,,,,,,30,,0225-DGJZT-DG-DMRM-POS.d,,Find by MRM,,
18,DGJZT_BS_5_2,,,331.1,,,,,100,,,,1.595,,,158,0.267,996,,,,,Acq,,,,,,,,,,,,,,,30,,0225-DGJZT-DG-DMRM-POS.d,,Find by MRM,,
19,DGJZT_BS_5_3,,,331.1,,,,,100,,,,1.588,,,153,0.367,1096,,,,,Acq,,,,,,,,,,,,,,,30,,0225-DGJZT-DG-DMRM-POS.d,,Find by MRM,,
20,DGJZT_BS_5_1,,,331.1,,,,,100,,,,1.597,,,255,0.394,1822,,,,,Acq,,,,,,,,,,,,,,,30,,0225-DGJZT-DG-DMRM-POS.d,,Find by MRM,,
21,DGJZT_CGC_10_1,,,163.1,,,,,100,,,,1.585,,,8,0.141,38,,,,,Acq,,,,,,,,,,,,,,,30,,0225-DGJZT-DG-DMRM-POS.d,,Find by MRM,,
22,DGJZT_CGC_10_2,,,163.1,,,,,100,,,,1.502,,,5,0.105,19,,,,,Acq,,,,,,,,,,,,,,,30,,0225-DGJZT-DG-DMRM-POS.d,,Find by MRM,,
23,DGJZT_DZ_25_1,,,330.2,,,,,100,,,,1.615,,,54,0.381,424,,,,,Acq,,,,,,,,,,,,,,,30,,0225-DGJZT-DG-DMRM-POS.d,,Find by MRM,,
24,DGJZT_DZ_25_2,,,330.2,,,,,100,,,,1.616,,,30,0.362,257,,,,,Acq,,,,,,,,,,,,,,,30,,0225-DGJZT-DG-DMRM-POS.d,,Find by MRM,,
25,DGJZT_DZ_25_3,,,330.2,,,,,100,,,,1.559,,,44,0.299,337,,,,,Acq,,,,,,,,,,,,,,,30,,0225-DGJZT-DG-DMRM-POS.d,,Find by MRM,,
26,DGJZT_DZ_27_3,,,180.1,,,,,100,,,,2.246,,,284,0.507,2764,,,,,Acq,,,,,,,,,,,,,,,30,,0225-DGJZT-DG-DMRM-POS.d,,Find by MRM,,
27,DGJZT_DZ_27_1,,,180.1,,,,,100,,,,2.249,,,202,0.474,2001,,,,,Acq,,,,,,,,,,,,,,,30,,0225-DGJZT-DG-DMRM-POS.d,,Find by MRM,,
28,DGJZT_DZ_27_2,,,180.1,,,,,100,,,,2.26,,,23,0.252,177,,,,,Acq,,,,,,,,,,,,,,,30,,0225-DGJZT-DG-DMRM-POS.d,,Find by MRM,,
29,DGJZT_BS_6_2,,,482.2,,,,,100,,,,2.772,,,5,0.067,14,,,,,Acq,,,,,,,,,,,,,,,30,,0225-DGJZT-DG-DMRM-POS.d,,Find by MRM,,
30,DGJZT_BS_6_1,,,482.2,,,,,100,,,,2.799,,,4,0.105,14,,,,,Acq,,,,,,,,,,,,,,,30,,0225-DGJZT-DG-DMRM-POS.d,,Find by MRM,,
31,DGJZT_BS_6_3,,,482.2,,,,,100,,,,2.726,,,4,0.335,39,,,,,Acq,,,,,,,,,,,,,,,30,,0225-DGJZT-DG-DMRM-POS.d,,Find by MRM,,
32,DGJZT_DG_19_2,,,367.1,,,,,100,,,,3.256,,,8402,0.443,101538,,,,,Acq,,,,,,,,,,,,,,,30,,0225-DGJZT-DG-DMRM-POS.d,,Find by MRM,,
33,DGJZT_DG_19_3,,,367.1,,,,,100,,,,3.257,,,4492,0.608,67413,,,,,Acq,,,,,,,,,,,,,,,30,,0225-DGJZT-DG-DMRM-POS.d,,Find by MRM,,
34,DGJZT_DG_19_1,,,367.1,,,,,100,,,,3.291,,,302,0.499,3666,,,,,Acq,,,,,,,,,,,,,,,30,,0225-DGJZT-DG-DMRM-POS.d,,Find by MRM,,
35,DGJZT_CGC_15_3,,,262.2,,,,,100,,,,3.359,,,72,0.268,486,,,,,Acq,,,,,,,,,,,,,,,30,,0225-DGJZT-DG-DMRM-POS.d,,Find by MRM,,
36,DGJZT_CGC_15_1,,,262.2,,,,,100,,,,3.344,,,7,0.083,17,,,,,Acq,,,,,,,,,,,,,,,30,,0225-DGJZT-DG-DMRM-POS.d,,Find by MRM,,
37,DGJZT_CGC_15_2,,,262.2,,,,,100,,,,3.378,,,18,0.264,136,,,,,Acq,,,,,,,,,,,,,,,30,,0225-DGJZT-DG-DMRM-POS.d,,Find by MRM,,
38,DGJZT_DZ_33_1,,,239.1,,,,,100,,,,3.513,,,210,0.267,1456,,,,,Acq,,,,,,,,,,,,,,,30,,0225-DGJZT-DG-DMRM-POS.d,,Find by MRM,,
39,DGJZT_DZ_33_2,,,239.1,,,,,100,,,,3.489,,,7,0.165,39,,,,,Acq,,,,,,,,,,,,,,,30,,0225-DGJZT-DG-DMRM-POS.d,,Find by MRM,,
40,DGJZT_BS_8_2,,,637.3,,,,,100,,,,3.607,,,8,0.148,43,,,,,Acq,,,,,,,,,,,,,,,30,,0225-DGJZT-DG-DMRM-POS.d,,Find by MRM,,
41,DGJZT_BS_8_3,,,637.3,,,,,100,,,,3.775,,,6,0.096,16,,,,,Acq,,,,,,,,,,,,,,,30,,0225-DGJZT-DG-DMRM-POS.d,,Find by MRM,,
42,DGJZT_BS_8_1,,,637.3,,,,,100,,,,3.491,,,1,0.025,6,,,,,Acq,,,,,,,,,,,,,,,30,,0225-DGJZT-DG-DMRM-POS.d,,Find by MRM,,
43,DGJZT_CGC_16_1,,,250.1,,,,,100,,,,3.787,,,8,0.067,16,,,,,Acq,,,,,,,,,,,,,,,30,,0225-DGJZT-DG-DMRM-POS.d,,Find by MRM,,
44,DGJZT_CGC_17_1,,,433.1,,,,,100,,,,4.376,,,72,0.074,69,,,,,Acq,,,,,,,,,,,,,,,30,,0225-DGJZT-DG-DMRM-POS.d,,Find by MRM,,
45,DGJZT_CGC_17_2,,,433.1,,,,,100,,,,4.134,,,6,0.107,20,,,,,Acq,,,,,,,,,,,,,,,30,,0225-DGJZT-DG-DMRM-POS.d,,Find by MRM,,
46,DGJZT_CGC_18_3,,,257.1,,,,,100,,,,3.92,,,6,0.072,14,,,,,Acq,,,,,,,,,,,,,,,30,,0225-DGJZT-DG-DMRM-POS.d,,Find by MRM,,
47,DGJZT_CGC_18_1,,,257.1,,,,,100,,,,4.115,,,10,0.078,23,,,,,Acq,,,,,,,,,,,,,,,30,,0225-DGJZT-DG-DMRM-POS.d,,Find by MRM,,
48,DGJZT_CGC_18_2,,,257.1,,,,,100,,,,4.132,,,7,0.165,29,,,,,Acq,,,,,,,,,,,,,,,30,,0225-DGJZT-DG-DMRM-POS.d,,Find by MRM,,
49,DGJZT_DZ_36_2,,,314.2,,,,,100,,,,4.235,,,2,0.041,2,,,,,Acq,,,,,,,,,,,,,,,30,,0225-DGJZT-DG-DMRM-POS.d,,Find by MRM,,
50,DGJZT_DZ_36_1,,,314.2,,,,,100,,,,4.227,,,7,0.091,19,,,,,Acq,,,,,,,,,,,,,,,30,,0225-DGJZT-DG-DMRM-POS.d,,Find by MRM,,
51,DGJZT_DG_23_2,,,305.1,,,,,100,,,,4.246,,,1554,0.388,13099,,,,,Acq,,,,,,,,,,,,,,,30,,0225-DGJZT-DG-DMRM-POS.d,,Find by MRM,,
52,DGJZT_DZ_36_3,,,314.2,,,,,100,,,,4.059,,,2,0.082,6,,,,,Acq,,,,,,,,,,,,,,,30,,0225-DGJZT-DG-DMRM-POS.d,,Find by MRM,,
53,DGJZT_DG_23_3,,,305.1,,,,,100,,,,4.236,,,5916,0.431,53303,,,,,Acq,,,,,,,,,,,,,,,30,,0225-DGJZT-DG-DMRM-POS.d,,Find by MRM,,
54,DGJZT_DG_23_1,,,305.1,,,,,100,,,,4.237,,,2718,0.45,24714,,,,,Acq,,,,,,,,,,,,,,,30,,0225-DGJZT-DG-DMRM-POS.d,,Find by MRM,,
55,DGJZT_DG_25_3,,,144.1,,,,,100,,,,4.423,,,20384,0.391,171025,,,,,Acq,,,,,,,,,,,,,,,30,,0225-DGJZT-DG-DMRM-POS.d,,Find by MRM,,
56,DGJZT_DG_25_2,,,144.1,,,,,100,,,,4.424,,,2707,0.552,24462,,,,,Acq,,,,,,,,,,,,,,,30,,0225-DGJZT-DG-DMRM-POS.d,,Find by MRM,,
57,DGJZT_DG_25_1,,,144.1,,,,,100,,,,4.425,,,28238,0.415,241179,,,,,Acq,,,,,,,,,,,,,,,30,,0225-DGJZT-DG-DMRM-POS.d,,Find by MRM,,
58,DGJZT_GZ_5_3,,,328.2,,,,,100,,,,4.971,,,4,0.052,7,,,,,Acq,,,,,,,,,,,,,,,30,,0225-DGJZT-DG-DMRM-POS.d,,Find by MRM,,
59,DGJZT_GZ_5_1,,,328.2,,,,,100,,,,4.678,,,4,0.188,26,,,,,Acq,,,,,,,,,,,,,,,30,,0225-DGJZT-DG-DMRM-POS.d,,Find by MRM,,
60,DGJZT_GZ_5_2,,,328.2,,,,,100,,,,5.073,,,15,0.125,42,,,,,Acq,,,,,,,,,,,,,,,30,,0225-DGJZT-DG-DMRM-POS.d,,Find by MRM,,
61,DGJZT_BS_12_3,,,481.2,,,,,100,,,,5.113,,,26,0.33,217,,,,,Acq,,,,,,,,,,,,,,,30,,0225-DGJZT-DG-DMRM-POS.d,,Find by MRM,,
62,DGJZT_BS_12_1,,,481.2,,,,,100,,,,5.087,,,339,0.363,2896,,,,,Acq,,,,,,,,,,,,,,,30,,0225-DGJZT-DG-DMRM-POS.d,,Find by MRM,,
63,DGJZT_BS_10_3,,,319.1,,,,,100,,,,5.315,,,9,0.215,69,,,,,Acq,,,,,,,,,,,,,,,30,,0225-DGJZT-DG-DMRM-POS.d,,Find by MRM,,
64,DGJZT_BS_10_2,,,319.1,,,,,100,,,,5.125,,,28,0.125,91,,,,,Acq,,,,,,,,,,,,,,,30,,0225-DGJZT-DG-DMRM-POS.d,,Find by MRM,,
65,DGJZT_BS_10_1,,,319.1,,,,,100,,,,5.134,,,39,0.283,334,,,,,Acq,,,,,,,,,,,,,,,30,,0225-DGJZT-DG-DMRM-POS.d,,Find by MRM,,
66,DGJZT_BS_12_2,,,481.2,,,,,100,,,,5.085,,,108,0.333,1018,,,,,Acq,,,,,,,,,,,,,,,30,,0225-DGJZT-DG-DMRM-POS.d,,Find by MRM,,
67,DGJZT_BS_11_2,,,197.1,,,,,100,,,,5.092,,,13,0.142,60,,,,,Acq,,,,,,,,,,,,,,,30,,0225-DGJZT-DG-DMRM-POS.d,,Find by MRM,,
68,DGJZT_BS_11_1,,,197.1,,,,,100,,,,5.302,,,9,0.117,63,,,,,Acq,,,,,,,,,,,,,,,30,,0225-DGJZT-DG-DMRM-POS.d,,Find by MRM,,
69,DGJZT_BS_21_1,,,503.2,,,,,100,,,,5.111,,,18,0.082,45,,,,,Acq,,,,,,,,,,,,,,,30,,0225-DGJZT-DG-DMRM-POS.d,,Find by MRM,,
70,DGJZT_BS_21_2,,,503.2,,,,,100,,,,5.523,,,20,0.228,134,,,,,Acq,,,,,,,,,,,,,,,30,,0225-DGJZT-DG-DMRM-POS.d,,Find by MRM,,
71,DGJZT_DZ_38_2,,,314.2,,,,,100,,,,5.845,,,2,0.075,6,,,,,Acq,,,,,,,,,,,,,,,30,,0225-DGJZT-DG-DMRM-POS.d,,Find by MRM,,
72,DGJZT_DZ_38_3,,,314.2,,,,,100,,,,5.872,,,4,0.082,14,,,,,Acq,,,,,,,,,,,,,,,30,,0225-DGJZT-DG-DMRM-POS.d,,Find by MRM,,
73,DGJZT_DZ_38_1,,,314.2,,,,,100,,,,5.801,,,11,0.126,45,,,,,Acq,,,,,,,,,,,,,,,30,,0225-DGJZT-DG-DMRM-POS.d,,Find by MRM,,
74,DGJZT_DZ_40_1,,,162.1,,,,,100,,,,6.091,,,55,0.372,480,,,,,Acq,,,,,,,,,,,,,,,30,,0225-DGJZT-DG-DMRM-POS.d,,Find by MRM,,
75,DGJZT_DZ_40_3,,,162.1,,,,,100,,,,6.093,,,69,0.448,762,,,,,Acq,,,,,,,,,,,,,,,30,,0225-DGJZT-DG-DMRM-POS.d,,Find by MRM,,
76,DGJZT_DZ_40_2,,,162.1,,,,,100,,,,6.094,,,288,0.719,3376,,,,,Acq,,,,,,,,,,,,,,,30,,0225-DGJZT-DG-DMRM-POS.d,,Find by MRM,,
77,DGJZT_GZ_7_2,,,249.1,,,,,100,,,,6.471,,,6,0.307,64,,,,,Acq,,,,,,,,,,,,,,,30,,0225-DGJZT-DG-DMRM-POS.d,,Find by MRM,,
78,DGJZT_GZ_7_1,,,249.1,,,,,100,,,,6.802,,,7,0.27,69,,,,,Acq,,,,,,,,,,,,,,,30,,0225-DGJZT-DG-DMRM-POS.d,,Find by MRM,,
79,DGJZT_GZ_7_3,,,249.1,,,,,100,,,,6.658,,,8,0.117,29,,,,,Acq,,,,,,,,,,,,,,,30,,0225-DGJZT-DG-DMRM-POS.d,,Find by MRM,,
80,DGJZT_BS_24_1,,,771.1,,,,,100,,,,6.957,,,1290,0.469,16326,,,,,Acq,,,,,,,,,,,,,,,30,,0225-DGJZT-DG-DMRM-POS.d,,Find by MRM,,
81,DGJZT_BS_24_2,,,771.1,,,,,100,,,,6.975,,,13,0.229,94,,,,,Acq,,,,,,,,,,,,,,,30,,0225-DGJZT-DG-DMRM-POS.d,,Find by MRM,,
82,DGJZT_BS_24_3,,,771.1,,,,,100,,,,7.055,,,3,0.134,10,,,,,Acq,,,,,,,,,,,,,,,30,,0225-DGJZT-DG-DMRM-POS.d,,Find by MRM,,
83,DGJZT_DZ_42_2,,,639.3,,,,,100,,,,7.407,,,5,0.048,5,,,,,Acq,,,,,,,,,,,,,,,30,,0225-DGJZT-DG-DMRM-POS.d,,Find by MRM,,
84,DGJZT_DZ_42_1,,,639.3,,,,,100,,,,7.334,,,2,0.162,7,,,,,Acq,,,,,,,,,,,,,,,30,,0225-DGJZT-DG-DMRM-POS.d,,Find by MRM,,
85,DGJZT_DZ_42_3,,,639.3,,,,,100,,,,7.076,,,1,0.075,3,,,,,Acq,,,,,,,,,,,,,,,30,,0225-DGJZT-DG-DMRM-POS.d,,Find by MRM,,
86,DGJZT_BS_25_2,,,633.2,,,,,100,,,,7.54,,,12,0.414,130,,,,,Acq,,,,,,,,,,,,,,,30,,0225-DGJZT-DG-DMRM-POS.d,,Find by MRM,,
87,DGJZT_BS_25_3,,,633.2,,,,,100,,,,7.592,,,2,0.108,9,,,,,Acq,,,,,,,,,,,,,,,30,,0225-DGJZT-DG-DMRM-POS.d,,Find by MRM,,
88,DGJZT_BS_25_1,,,633.2,,,,,100,,,,7.795,,,9,0.037,3,,,,,Acq,,,,,,,,,,,,,,,30,,0225-DGJZT-DG-DMRM-POS.d,,Find by MRM,,
89,DGJZT_DZ_43_3,,,673.3,,,,,100,,,,8.1,,,3,0.142,7,,,,,Acq,,,,,,,,,,,,,,,30,,0225-DGJZT-DG-DMRM-POS.d,,Find by MRM,,
90,DGJZT_DZ_43_1,,,673.3,,,,,100,,,,8.226,,,23,0.058,22,,,,,Acq,,,,,,,,,,,,,,,30,,0225-DGJZT-DG-DMRM-POS.d,,Find by MRM,,
91,DGJZT_DZ_43_2,,,673.3,,,,,100,,,,8.082,,,4,0.146,12,,,,,Acq,,,,,,,,,,,,,,,30,,0225-DGJZT-DG-DMRM-POS.d,,Find by MRM,,
92,DGJZT_CGC_30_2,,,273.1,,,,,100,,,,8.046,,,5,0.082,13,,,,,Acq,,,,,,,,,,,,,,,30,,0225-DGJZT-DG-DMRM-POS.d,,Find by MRM,,
93,DGJZT_CGC_30_1,,,273.1,,,,,100,,,,8.07,,,11,0.138,42,,,,,Acq,,,,,,,,,,,,,,,30,,0225-DGJZT-DG-DMRM-POS.d,,Find by MRM,,
94,DGJZT_CGC_30_3,,,273.1,,,,,100,,,,7.996,,,6,0.269,46,,,,,Acq,,,,,,,,,,,,,,,30,,0225-DGJZT-DG-DMRM-POS.d,,Find by MRM,,
95,DGJZT_CGC_31_3,,,301.1,,,,,100,,,,8.034,,,6,0.117,21,,,,,Acq,,,,,,,,,,,,,,,30,,0225-DGJZT-DG-DMRM-POS.d,,Find by MRM,,
96,DGJZT_CGC_31_2,,,301.1,,,,,100,,,,8.127,,,10,0.192,46,,,,,Acq,,,,,,,,,,,,,,,30,,0225-DGJZT-DG-DMRM-POS.d,,Find by MRM,,
97,DGJZT_CGC_31_1,,,301.1,,,,,100,,,,8.086,,,2,0.05,3,,,,,Acq,,,,,,,,,,,,,,,30,,0225-DGJZT-DG-DMRM-POS.d,,Find by MRM,,
98,DGJZT_DG_30_3,,,207.1,,,,,100,,,,8.105,,,2582,0.428,25483,,,,,Acq,,,,,,,,,,,,,,,30,,0225-DGJZT-DG-DMRM-POS.d,,Find by MRM,,
99,DGJZT_DG_30_1,,,207.1,,,,,100,,,,8.106,,,4376,0.456,42692,,,,,Acq,,,,,,,,,,,,,,,30,,0225-DGJZT-DG-DMRM-POS.d,,Find by MRM,,
100,DGJZT_DG_30_2,,,207.1,,,,,100,,,,8.107,,,757,0.493,7877,,,,,Acq,,,,,,,,,,,,,,,30,,0225-DGJZT-DG-DMRM-POS.d,,Find by MRM,,
101,DGJZT_CGC_35_3,,,257.1,,,,,100,,,,8.623,,,5,0.225,30,,,,,Acq,,,,,,,,,,,,,,,30,,0225-DGJZT-DG-DMRM-POS.d,,Find by MRM,,
102,DGJZT_CGC_35_2,,,257.1,,,,,100,,,,8.759,,,9,0.117,42,,,,,Acq,,,,,,,,,,,,,,,30,,0225-DGJZT-DG-DMRM-POS.d,,Find by MRM,,
103,DGJZT_CGC_34_2,,,551.2,,,,,100,,,,8.617,,,29,0.205,156,,,,,Acq,,,,,,,,,,,,,,,30,,0225-DGJZT-DG-DMRM-POS.d,,Find by MRM,,
104,DGJZT_CGC_34_3,,,551.2,,,,,100,,,,8.618,,,11,0.323,108,,,,,Acq,,,,,,,,,,,,,,,30,,0225-DGJZT-DG-DMRM-POS.d,,Find by MRM,,
105,DGJZT_CGC_33_3,,,419.1,,,,,100,,,,8.57,,,10,0.18,57,,,,,Acq,,,,,,,,,,,,,,,30,,0225-DGJZT-DG-DMRM-POS.d,,Find by MRM,,
106,DGJZT_CGC_33_2,,,419.1,,,,,100,,,,8.837,,,13,0.099,21,,,,,Acq,,,,,,,,,,,,,,,30,,0225-DGJZT-DG-DMRM-POS.d,,Find by MRM,,
107,DGJZT_CGC_33_1,,,419.1,,,,,100,,,,8.68,,,10,0.132,42,,,,,Acq,,,,,,,,,,,,,,,30,,0225-DGJZT-DG-DMRM-POS.d,,Find by MRM,,
108,DGJZT_CGC_34_1,,,551.2,,,,,100,,,,8.669,,,10,0.201,51,,,,,Acq,,,,,,,,,,,,,,,30,,0225-DGJZT-DG-DMRM-POS.d,,Find by MRM,,
109,DGJZT_CGC_35_1,,,257.1,,,,,100,,,,8.893,,,26,0.037,228,,,,,Acq,,,,,,,,,,,,,,,30,,0225-DGJZT-DG-DMRM-POS.d,,Find by MRM,,
110,DGJZT_CGC_36_1,,,431.1,,,,,100,,,,8.968,,,51,0.158,234,,,,,Acq,,,,,,,,,,,,,,,30,,0225-DGJZT-DG-DMRM-POS.d,,Find by MRM,,
111,DGJZT_CGC_36_3,,,431.1,,,,,100,,,,9.12,,,3,0.183,10,,,,,Acq,,,,,,,,,,,,,,,30,,0225-DGJZT-DG-DMRM-POS.d,,Find by MRM,,
112,DGJZT_CGC_37_1,,,269.1,,,,,100,,,,9.047,,,4,0.151,15,,,,,Acq,,,,,,,,,,,,,,,30,,0225-DGJZT-DG-DMRM-POS.d,,Find by MRM,,
113,DGJZT_CGC_37_2,,,269.1,,,,,100,,,,9.199,,,10,0.1,33,,,,,Acq,,,,,,,,,,,,,,,30,,0225-DGJZT-DG-DMRM-POS.d,,Find by MRM,,
114,DGJZT_CGC_36_2,,,431.1,,,,,100,,,,9.002,,,5,0.142,24,,,,,Acq,,,,,,,,,,,,,,,30,,0225-DGJZT-DG-DMRM-POS.d,,Find by MRM,,
115,DGJZT_CGC_37_3,,,269.1,,,,,100,,,,9.25,,,4,0.099,13,,,,,Acq,,,,,,,,,,,,,,,30,,0225-DGJZT-DG-DMRM-POS.d,,Find by MRM,,
116,DGJZT_CGC_38_3,,,257.1,,,,,100,,,,9.125,,,8,0.117,34,,,,,Acq,,,,,,,,,,,,,,,30,,0225-DGJZT-DG-DMRM-POS.d,,Find by MRM,,
117,DGJZT_CGC_38_2,,,257.1,,,,,100,,,,9.1,,,10,0.135,27,,,,,Acq,,,,,,,,,,,,,,,30,,0225-DGJZT-DG-DMRM-POS.d,,Find by MRM,,
118,DGJZT_CGC_39_3,,,419.1,,,,,100,,,,9.138,,,31,0.168,171,,,,,Acq,,,,,,,,,,,,,,,30,,0225-DGJZT-DG-DMRM-POS.d,,Find by MRM,,
119,DGJZT_CGC_39_2,,,419.1,,,,,100,,,,9.054,,,14,0.206,87,,,,,Acq,,,,,,,,,,,,,,,30,,0225-DGJZT-DG-DMRM-POS.d,,Find by MRM,,
120,DGJZT_CGC_39_1,,,419.1,,,,,100,,,,9.063,,,39,0.257,355,,,,,Acq,,,,,,,,,,,,,,,30,,0225-DGJZT-DG-DMRM-POS.d,,Find by MRM,,
121,DGJZT_CGC_38_1,,,257.1,,,,,100,,,,9.016,,,11,0.131,54,,,,,Acq,,,,,,,,,,,,,,,30,,0225-DGJZT-DG-DMRM-POS.d,,Find by MRM,,
122,DGJZT_DG_32_3,,,207.1,,,,,100,,,,9.184,,,4506,0.446,44291,,,,,Acq,,,,,,,,,,,,,,,30,,0225-DGJZT-DG-DMRM-POS.d,,Find by MRM,,
123,DGJZT_DG_32_1,,,207.1,,,,,100,,,,9.193,,,2195,0.366,20386,,,,,Acq,,,,,,,,,,,,,,,30,,0225-DGJZT-DG-DMRM-POS.d,,Find by MRM,,
124,DGJZT_DG_32_2,,,207.1,,,,,100,,,,9.202,,,5917,0.406,58328,,,,,Acq,,,,,,,,,,,,,,,30,,0225-DGJZT-DG-DMRM-POS.d,,Find by MRM,,
125,DGJZT_CGC_40_3,,,419.1,,,,,100,,,,9.303,,,13,0.228,64,,,,,Acq,,,,,,,,,,,,,,,30,,0225-DGJZT-DG-DMRM-POS.d,,Find by MRM,,
126,DGJZT_CGC_40_2,,,419.1,,,,,100,,,,9.32,,,7,0.188,41,,,,,Acq,,,,,,,,,,,,,,,30,,0225-DGJZT-DG-DMRM-POS.d,,Find by MRM,,
127,DGJZT_CGC_40_1,,,419.1,,,,,100,,,,9.364,,,10,0.135,41,,,,,Acq,,,,,,,,,,,,,,,30,,0225-DGJZT-DG-DMRM-POS.d,,Find by MRM,,
128,DGJZT_CGC_42_2,,,287.1,,,,,100,,,,9.741,,,2,0.14,7,,,,,Acq,,,,,,,,,,,,,,,30,,0225-DGJZT-DG-DMRM-POS.d,,Find by MRM,,
129,DGJZT_CGC_42_1,,,287.1,,,,,100,,,,9.801,,,18,0.36,179,,,,,Acq,,,,,,,,,,,,,,,30,,0225-DGJZT-DG-DMRM-POS.d,,Find by MRM,,
130,DGJZT_CGC_42_3,,,287.1,,,,,100,,,,10.18,,,6,0.297,61,,,,,Acq,,,,,,,,,,,,,,,30,,0225-DGJZT-DG-DMRM-POS.d,,Find by MRM,,
131,DGJZT_CGC_43_3,,,257.1,,,,,100,,,,10.082,,,8,0.143,31,,,,,Acq,,,,,,,,,,,,,,,30,,0225-DGJZT-DG-DMRM-POS.d,,Find by MRM,,
132,DGJZT_CGC_43_1,,,257.1,,,,,100,,,,11.773,,,118,0.512,1295,,,,,Acq,,,,,,,,,,,,,,,30,,0225-DGJZT-DG-DMRM-POS.d,,Find by MRM,,
133,DGJZT_CGC_43_2,,,257.1,,,,,100,,,,11.769,,,26,0.248,239,,,,,Acq,,,,,,,,,,,,,,,30,,0225-DGJZT-DG-DMRM-POS.d,,Find by MRM,,
134,DGJZT_CGC_77_1,,,437.3,,,,,100,,,,12.66,,,24,0.072,19,,,,,Acq,,,,,,,,,,,,,,,30,,0225-DGJZT-DG-DMRM-POS.d,,Find by MRM,,
135,DGJZT_CGC_77_3,,,437.3,,,,,100,,,,12.609,,,11,0.114,36,,,,,Acq,,,,,,,,,,,,,,,30,,0225-DGJZT-DG-DMRM-POS.d,,Find by MRM,,
136,DGJZT_CGC_77_2,,,437.3,,,,,100,,,,12.543,,,7,0.167,39,,,,,Acq,,,,,,,,,,,,,,,30,,0225-DGJZT-DG-DMRM-POS.d,,Find by MRM,,
137,DGJZT_CGC_79_1,,,823.4,,,,,100,,,,12.666,,,5,0.165,20,,,,,Acq,,,,,,,,,,,,,,,30,,0225-DGJZT-DG-DMRM-POS.d,,Find by MRM,,
138,DGJZT_DG_34_3,,,205.1,,,,,100,,,,12.58,,,1557,0.206,9872,,,,,Acq,,,,,,,,,,,,,,,30,,0225-DGJZT-DG-DMRM-POS.d,,Find by MRM,,
139,DGJZT_DG_34_1,,,205.1,,,,,100,,,,12.572,,,1594,0.198,9405,,,,,Acq,,,,,,,,,,,,,,,30,,0225-DGJZT-DG-DMRM-POS.d,,Find by MRM,,
140,DGJZT_DG_34_2,,,205.1,,,,,100,,,,12.571,,,2246,0.216,13989,,,,,Acq,,,,,,,,,,,,,,,30,,0225-DGJZT-DG-DMRM-POS.d,,Find by MRM,,
141,DGJZT_SJ_11_2,,,457.3,,,,,100,,,,12.709,,,12,0.176,73,,,,,Acq,,,,,,,,,,,,,,,30,,0225-DGJZT-DG-DMRM-POS.d,,Find by MRM,,
142,DGJZT_SJ_10_2,,,277.2,,,,,100,,,,12.654,,,370,0.272,2626,,,,,Acq,,,,,,,,,,,,,,,30,,0225-DGJZT-DG-DMRM-POS.d,,Find by MRM,,
143,DGJZT_SJ_10_1,,,277.2,,,,,100,,,,12.654,,,274,0.343,1847,,,,,Acq,,,,,,,,,,,,,,,30,,0225-DGJZT-DG-DMRM-POS.d,,Find by MRM,,
144,DGJZT_SJ_10_3,,,277.2,,,,,100,,,,12.638,,,71,0.217,417,,,,,Acq,,,,,,,,,,,,,,,30,,0225-DGJZT-DG-DMRM-POS.d,,Find by MRM,,
145,DGJZT_SJ_9_3,,,177.1,,,,,100,,,,12.647,,,146,0.206,782,,,,,Acq,,,,,,,,,,,,,,,30,,0225-DGJZT-DG-DMRM-POS.d,,Find by MRM,,
146,DGJZT_SJ_9_2,,,177.1,,,,,100,,,,12.639,,,680,0.218,4234,,,,,Acq,,,,,,,,,,,,,,,30,,0225-DGJZT-DG-DMRM-POS.d,,Find by MRM,,
147,DGJZT_SJ_9_1,,,177.1,,,,,100,,,,12.64,,,795,0.348,5946,,,,,Acq,,,,,,,,,,,,,,,30,,0225-DGJZT-DG-DMRM-POS.d,,Find by MRM,,
148,DGJZT_SJ_8_3,,,145.1,,,,,100,,,,12.565,,,35,0.193,215,,,,,Acq,,,,,,,,,,,,,,,30,,0225-DGJZT-DG-DMRM-POS.d,,Find by MRM,,
149,DGJZT_SJ_8_1,,,145.1,,,,,100,,,,12.616,,,183,0.367,1753,,,,,Acq,,,,,,,,,,,,,,,30,,0225-DGJZT-DG-DMRM-POS.d,,Find by MRM,,
150,DGJZT_SJ_11_3,,,457.3,,,,,100,,,,12.524,,,7,0.111,21,,,,,Acq,,,,,,,,,,,,,,,30,,0225-DGJZT-DG-DMRM-POS.d,,Find by MRM,,
151,DGJZT_SJ_11_1,,,457.3,,,,,100,,,,12.76,,,15,0.318,119,,,,,Acq,,,,,,,,,,,,,,,30,,0225-DGJZT-DG-DMRM-POS.d,,Find by MRM,,
152,DGJZT_CGC_83_1,,,369.1,,,,,100,,,,12.936,,,37,0.142,107,,,,,Acq,,,,,,,,,,,,,,,30,,0225-DGJZT-DG-DMRM-POS.d,,Find by MRM,,
153,DGJZT_SJ_8_2,,,145.1,,,,,100,,,,12.59,,,42,0.133,220,,,,,Acq,,,,,,,,,,,,,,,30,,0225-DGJZT-DG-DMRM-POS.d,,Find by MRM,,
154,DGJZT_CGC_83_3,,,369.1,,,,,100,,,,12.968,,,22,0.095,50,,,,,Acq,,,,,,,,,,,,,,,30,,0225-DGJZT-DG-DMRM-POS.d,,Find by MRM,,
155,DGJZT_CGC_83_2,,,369.1,,,,,100,,,,12.703,,,236,0.245,1408,,,,,Acq,,,,,,,,,,,,,,,30,,0225-DGJZT-DG-DMRM-POS.d,,Find by MRM,,
156,DGJZT_CGC_80_1,,,353.1,,,,,100,,,,12.528,,,8,0.098,24,,,,,Acq,,,,,,,,,,,,,,,30,,0225-DGJZT-DG-DMRM-POS.d,,Find by MRM,,
157,DGJZT_CGC_87_1,,,299.1,,,,,100,,,,13.073,,,12,0.505,212,,,,,Acq,,,,,,,,,,,,,,,30,,0225-DGJZT-DG-DMRM-POS.d,,Find by MRM,,
158,DGJZT_CGC_87_2,,,299.1,,,,,100,,,,12.863,,,6,0.16,29,,,,,Acq,,,,,,,,,,,,,,,30,,0225-DGJZT-DG-DMRM-POS.d,,Find by MRM,,
159,DGJZT_CGC_86_3,,,353.1,,,,,100,,,,13.02,,,77,0.353,811,,,,,Acq,,,,,,,,,,,,,,,30,,0225-DGJZT-DG-DMRM-POS.d,,Find by MRM,,
160,DGJZT_CGC_86_2,,,353.1,,,,,100,,,,13.072,,,8,0.107,26,,,,,Acq,,,,,,,,,,,,,,,30,,0225-DGJZT-DG-DMRM-POS.d,,Find by MRM,,
161,DGJZT_CGC_86_1,,,353.1,,,,,100,,,,13.054,,,68,0.294,506,,,,,Acq,,,,,,,,,,,,,,,30,,0225-DGJZT-DG-DMRM-POS.d,,Find by MRM,,
162,DGJZT_CGC_91_3,,,355.1,,,,,100,,,,13.271,,,143,0.297,1163,,,,,Acq,,,,,,,,,,,,,,,30,,0225-DGJZT-DG-DMRM-POS.d,,Find by MRM,,
163,DGJZT_CGC_87_3,,,299.1,,,,,100,,,,13.35,,,6,0.119,20,,,,,Acq,,,,,,,,,,,,,,,30,,0225-DGJZT-DG-DMRM-POS.d,,Find by MRM,,
164,DGJZT_CGC_92_3,,,383.2,,,,,100,,,,13.119,,,9,0.113,31,,,,,Acq,,,,,,,,,,,,,,,30,,0225-DGJZT-DG-DMRM-POS.d,,Find by MRM,,
165,DGJZT_DG_37_3,,,193.1,,,,,100,,,,13.284,,,376,0.316,2674,,,,,Acq,,,,,,,,,,,,,,,30,,0225-DGJZT-DG-DMRM-POS.d,,Find by MRM,,
166,DGJZT_DG_37_2,,,193.1,,,,,100,,,,13.276,,,2479,0.356,17852,,,,,Acq,,,,,,,,,,,,,,,30,,0225-DGJZT-DG-DMRM-POS.d,,Find by MRM,,
167,DGJZT_DG_37_1,,,193.1,,,,,100,,,,13.268,,,4155,0.384,29849,,,,,Acq,,,,,,,,,,,,,,,30,,0225-DGJZT-DG-DMRM-POS.d,,Find by MRM,,
168,DGJZT_CGC_91_2,,,355.1,,,,,100,,,,13.33,,,56,0.248,285,,,,,Acq,,,,,,,,,,,,,,,30,,0225-DGJZT-DG-DMRM-POS.d,,Find by MRM,,
169,DGJZT_CGC_91_1,,,355.1,,,,,100,,,,13.331,,,28,0.218,196,,,,,Acq,,,,,,,,,,,,,,,30,,0225-DGJZT-DG-DMRM-POS.d,,Find by MRM,,
170,DGJZT_CGC_93_3,,,327.1,,,,,100,,,,13.223,,,4,0.092,10,,,,,Acq,,,,,,,,,,,,,,,30,,0225-DGJZT-DG-DMRM-POS.d,,Find by MRM,,
171,DGJZT_CGC_92_2,,,383.2,,,,,100,,,,13.378,,,5,0.128,19,,,,,Acq,,,,,,,,,,,,,,,30,,0225-DGJZT-DG-DMRM-POS.d,,Find by MRM,,
172,DGJZT_CGC_92_1,,,383.2,,,,,100,,,,13.312,,,9,0.075,22,,,,,Acq,,,,,,,,,,,,,,,30,,0225-DGJZT-DG-DMRM-POS.d,,Find by MRM,,
173,DGJZT_CGC_93_2,,,327.1,,,,,100,,,,13.299,,,11,0.326,62,,,,,Acq,,,,,,,,,,,,,,,30,,0225-DGJZT-DG-DMRM-POS.d,,Find by MRM,,
174,DGJZT_CGC_97_2,,,337.1,,,,,100,,,,13.864,,,8,0.06,15,,,,,Acq,,,,,,,,,,,,,,,30,,0225-DGJZT-DG-DMRM-POS.d,,Find by MRM,,
175,DGJZT_CGC_97_1,,,337.1,,,,,100,,,,13.856,,,3,0.04,4,,,,,Acq,,,,,,,,,,,,,,,30,,0225-DGJZT-DG-DMRM-POS.d,,Find by MRM,,
176,DGJZT_CGC_98_3,,,317.1,,,,,100,,,,13.874,,,9,0.256,77,,,,,Acq,,,,,,,,,,,,,,,30,,0225-DGJZT-DG-DMRM-POS.d,,Find by MRM,,
177,DGJZT_CGC_98_1,,,317.1,,,,,100,,,,13.673,,,5,0.259,48,,,,,Acq,,,,,,,,,,,,,,,30,,0225-DGJZT-DG-DMRM-POS.d,,Find by MRM,,
178,DGJZT_CGC_98_2,,,317.1,,,,,100,,,,13.933,,,13,0.15,37,,,,,Acq,,,,,,,,,,,,,,,30,,0225-DGJZT-DG-DMRM-POS.d,,Find by MRM,,
179,DGJZT_CGC_97_3,,,337.1,,,,,100,,,,13.696,,,3,0.042,4,,,,,Acq,,,,,,,,,,,,,,,30,,0225-DGJZT-DG-DMRM-POS.d,,Find by MRM,,
180,DGJZT_DG_41_1,,,189.1,,,,,100,,,,13.834,,,16462,0.18,91231,,,,,Acq,,,,,,,,,,,,,,,30,,0225-DGJZT-DG-DMRM-POS.d,,Find by MRM,,
181,DGJZT_DG_41_2,,,189.1,,,,,100,,,,13.834,,,5508,0.18,30349,,,,,Acq,,,,,,,,,,,,,,,30,,0225-DGJZT-DG-DMRM-POS.d,,Find by MRM,,
182,DGJZT_DG_41_3,,,189.1,,,,,100,,,,13.835,,,3926,0.187,21538,,,,,Acq,,,,,,,,,,,,,,,30,,0225-DGJZT-DG-DMRM-POS.d,,Find by MRM,,
183,DGJZT_SJ_13_3,,,177.1,,,,,100,,,,13.71,,,6,0.077,15,,,,,Acq,,,,,,,,,,,,,,,30,,0225-DGJZT-DG-DMRM-POS.d,,Find by MRM,,
184,DGJZT_SJ_13_2,,,177.1,,,,,100,,,,13.869,,,49,0.185,354,,,,,Acq,,,,,,,,,,,,,,,30,,0225-DGJZT-DG-DMRM-POS.d,,Find by MRM,,
185,DGJZT_SJ_13_1,,,177.1,,,,,100,,,,13.987,,,1137,0.383,10155,,,,,Acq,,,,,,,,,,,,,,,30,,0225-DGJZT-DG-DMRM-POS.d,,Find by MRM,,
186,DGJZT_CGC_100_2,,,383.1,,,,,100,,,,13.938,,,3,0.025,3,,,,,Acq,,,,,,,,,,,,,,,30,,0225-DGJZT-DG-DMRM-POS.d,,Find by MRM,,
187,DGJZT_CGC_100_1,,,383.1,,,,,100,,,,13.93,,,22,0.18,123,,,,,Acq,,,,,,,,,,,,,,,30,,0225-DGJZT-DG-DMRM-POS.d,,Find by MRM,,
188,DGJZT_DG_47_3,,,191.1,,,,,100,,,,13.976,,,63664,0.338,486970,,,,,Acq,,,,,,,,,,,,,,,30,,0225-DGJZT-DG-DMRM-POS.d,,Find by MRM,,
189,DGJZT_DG_47_1,,,191.1,,,,,100,,,,13.976,,,121830,0.328,927106,,,,,Acq,,,,,,,,,,,,,,,30,,0225-DGJZT-DG-DMRM-POS.d,,Find by MRM,,
190,DGJZT_DG_47_2,,,191.1,,,,,100,,,,13.976,,,113242,0.379,884808,,,,,Acq,,,,,,,,,,,,,,,30,,0225-DGJZT-DG-DMRM-POS.d,,Find by MRM,,
191,DGJZT_DG_45_3,,,145.1,,,,,100,,,,13.979,,,1837,0.326,14228,,,,,Acq,,,,,,,,,,,,,,,30,,0225-DGJZT-DG-DMRM-POS.d,,Find by MRM,,
192,DGJZT_DG_45_1,,,145.1,,,,,100,,,,13.979,,,7277,0.366,55762,,,,,Acq,,,,,,,,,,,,,,,30,,0225-DGJZT-DG-DMRM-POS.d,,Find by MRM,,
193,DGJZT_DG_45_2,,,145.1,,,,,100,,,,13.988,,,3603,0.337,27181,,,,,Acq,,,,,,,,,,,,,,,30,,0225-DGJZT-DG-DMRM-POS.d,,Find by MRM,,
194,DGJZT_CGC_100_3,,,383.1,,,,,100,,,,13.972,,,6,0.097,17,,,,,Acq,,,,,,,,,,,,,,,30,,0225-DGJZT-DG-DMRM-POS.d,,Find by MRM,,
195,DGJZT_CGC_101_2,,,371.2,,,,,100,,,,13.981,,,120,0.101,358,,,,,Acq,,,,,,,,,,,,,,,30,,0225-DGJZT-DG-DMRM-POS.d,,Find by MRM,,
196,DGJZT_CGC_101_3,,,371.2,,,,,100,,,,14.11,,,14,0.104,52,,,,,Acq,,,,,,,,,,,,,,,30,,0225-DGJZT-DG-DMRM-POS.d,,Find by MRM,,
197,DGJZT_CGC_103_1,,,425.2,,,,,100,,,,14.29,,,456,0.27,3166,,,,,Acq,,,,,,,,,,,,,,,30,,0225-DGJZT-DG-DMRM-POS.d,,Find by MRM,,
198,DGJZT_CGC_103_2,,,425.2,,,,,100,,,,14.274,,,81,0.32,750,,,,,Acq,,,,,,,,,,,,,,,30,,0225-DGJZT-DG-DMRM-POS.d,,Find by MRM,,
199,DGJZT_CGC_103_3,,,425.2,,,,,100,,,,14.275,,,552,0.402,5196,,,,,Acq,,,,,,,,,,,,,,,30,,0225-DGJZT-DG-DMRM-POS.d,,Find by MRM,,
200,DGJZT_CGC_101_1,,,371.2,,,,,100,,,,14.211,,,26,0.136,83,,,,,Acq,,,,,,,,,,,,,,,30,,0225-DGJZT-DG-DMRM-POS.d,,Find by MRM,,
201,DGJZT_SJ_14_1,,,404.2,,,,,100,,,,14.277,,,27,0.226,164,,,,,Acq,,,,,,,,,,,,,,,30,,0225-DGJZT-DG-DMRM-POS.d,,Find by MRM,,
202,DGJZT_SJ_14_3,,,404.2,,,,,100,,,,14.225,,,6,0.155,21,,,,,Acq,,,,,,,,,,,,,,,30,,0225-DGJZT-DG-DMRM-POS.d,,Find by MRM,,
203,DGJZT_SJ_14_2,,,404.2,,,,,100,,,,14.251,,,42,0.219,227,,,,,Acq,,,,,,,,,,,,,,,30,,0225-DGJZT-DG-DMRM-POS.d,,Find by MRM,,
204,DGJZT_CGC_106_2,,,423.2,,,,,100,,,,14.501,,,223,0.28,1611,,,,,Acq,,,,,,,,,,,,,,,30,,0225-DGJZT-DG-DMRM-POS.d,,Find by MRM,,
205,DGJZT_CGC_106_1,,,423.2,,,,,100,,,,14.734,,,8,0.09,23,,,,,Acq,,,,,,,,,,,,,,,30,,0225-DGJZT-DG-DMRM-POS.d,,Find by MRM,,
206,DGJZT_DG_49_3,,,191.1,,,,,100,,,,14.629,,,2616,0.393,21580,,,,,Acq,,,,,,,,,,,,,,,30,,0225-DGJZT-DG-DMRM-POS.d,,Find by MRM,,
207,DGJZT_DG_49_1,,,191.1,,,,,100,,,,14.63,,,6752,0.37,53322,,,,,Acq,,,,,,,,,,,,,,,30,,0225-DGJZT-DG-DMRM-POS.d,,Find by MRM,,
208,DGJZT_DG_49_2,,,191.1,,,,,100,,,,14.631,,,4860,0.275,34053,,,,,Acq,,,,,,,,,,,,,,,30,,0225-DGJZT-DG-DMRM-POS.d,,Find by MRM,,
209,DGJZT_GZ_24_1,,,279.1,,,,,100,,,,14.703,,,13,0.133,61,,,,,Acq,,,,,,,,,,,,,,,30,,0225-DGJZT-DG-DMRM-POS.d,,Find by MRM,,
210,DGJZT_GZ_24_3,,,279.1,,,,,100,,,,14.73,,,13,0.168,60,,,,,Acq,,,,,,,,,,,,,,,30,,0225-DGJZT-DG-DMRM-POS.d,,Find by MRM,,
211,DGJZT_CGC_106_3,,,423.2,,,,,100,,,,14.7,,,19,0.137,53,,,,,Acq,,,,,,,,,,,,,,,30,,0225-DGJZT-DG-DMRM-POS.d,,Find by MRM,,
212,DGJZT_GZ_24_2,,,279.1,,,,,100,,,,14.721,,,29,0.126,129,,,,,Acq,,,,,,,,,,,,,,,30,,0225-DGJZT-DG-DMRM-POS.d,,Find by MRM,,
213,DGJZT_GZ_25_2,,,309.2,,,,,100,,,,14.769,,,7,0.109,16,,,,,Acq,,,,,,,,,,,,,,,30,,0225-DGJZT-DG-DMRM-POS.d,,Find by MRM,,
214,DGJZT_GZ_25_3,,,309.2,,,,,100,,,,14.896,,,6,0.093,14,,,,,Acq,,,,,,,,,,,,,,,30,,0225-DGJZT-DG-DMRM-POS.d,,Find by MRM,,
215,DGJZT_GZ_25_1,,,309.2,,,,,100,,,,14.812,,,40,0.207,292,,,,,Acq,,,,,,,,,,,,,,,30,,0225-DGJZT-DG-DMRM-POS.d,,Find by MRM,,
216,DGJZT_SJ_16_3,,,177.1,,,,,100,,,,14.782,,,17,0.24,107,,,,,Acq,,,,,,,,,,,,,,,30,,0225-DGJZT-DG-DMRM-POS.d,,Find by MRM,,
217,DGJZT_SJ_16_2,,,177.1,,,,,100,,,,14.774,,,83,0.191,416,,,,,Acq,,,,,,,,,,,,,,,30,,0225-DGJZT-DG-DMRM-POS.d,,Find by MRM,,
218,DGJZT_SJ_16_1,,,177.1,,,,,100,,,,14.816,,,85,0.238,629,,,,,Acq,,,,,,,,,,,,,,,30,,0225-DGJZT-DG-DMRM-POS.d,,Find by MRM,,
219,DGJZT_DG_50_2,,,412.3,,,,,100,,,,15.02,,,467,0.339,5106,,,,,Acq,,,,,,,,,,,,,,,30,,0225-DGJZT-DG-DMRM-POS.d,,Find by MRM,,
220,DGJZT_DG_50_1,,,412.3,,,,,100,,,,15.07,,,29604,0.472,362331,,,,,Acq,,,,,,,,,,,,,,,30,,0225-DGJZT-DG-DMRM-POS.d,,Find by MRM,,
221,DGJZT_DG_50_3,,,412.3,,,,,100,,,,15.028,,,1642,0.469,21472,,,,,Acq,,,,,,,,,,,,,,,30,,0225-DGJZT-DG-DMRM-POS.d,,Find by MRM,,
222,DGJZT_DG_52_3,,,381.2,,,,,100,,,,15.048,,,36038,0.462,467949,,,,,Acq,,,,,,,,,,,,,,,30,,0225-DGJZT-DG-DMRM-POS.d,,Find by MRM,,
223,DGJZT_DG_58_1,,,412.2,,,,,100,,,,15.062,,,29533,0.489,344785,,,,,Acq,,,,,,,,,,,,,,,30,,0225-DGJZT-DG-DMRM-POS.d,,Find by MRM,,
224,DGJZT_DG_58_3,,,412.2,,,,,100,,,,15.054,,,2006,0.433,24438,,,,,Acq,,,,,,,,,,,,,,,30,,0225-DGJZT-DG-DMRM-POS.d,,Find by MRM,,
225,DGJZT_DG_55_2,,,363.2,,,,,100,,,,14.964,,,162,0.297,1337,,,,,Acq,,,,,,,,,,,,,,,30,,0225-DGJZT-DG-DMRM-POS.d,,Find by MRM,,
226,DGJZT_DG_59_3,,,191.1,,,,,100,,,,15.05,,,4208,0.438,49001,,,,,Acq,,,,,,,,,,,,,,,30,,0225-DGJZT-DG-DMRM-POS.d,,Find by MRM,,
227,DGJZT_DG_59_1,,,191.1,,,,,100,,,,15.058,,,13798,0.467,156515,,,,,Acq,,,,,,,,,,,,,,,30,,0225-DGJZT-DG-DMRM-POS.d,,Find by MRM,,
228,DGJZT_DG_59_2,,,191.1,,,,,100,,,,15.076,,,12418,0.437,150337,,,,,Acq,,,,,,,,,,,,,,,30,,0225-DGJZT-DG-DMRM-POS.d,,Find by MRM,,
229,DGJZT_DG_58_2,,,412.2,,,,,100,,,,15.021,,,533,0.246,4416,,,,,Acq,,,,,,,,,,,,,,,30,,0225-DGJZT-DG-DMRM-POS.d,,Find by MRM,,
230,DGJZT_DG_52_1,,,381.2,,,,,100,,,,15.116,,,239289,0.431,2841772,,,,,Acq,,,,,,,,,,,,,,,30,,0225-DGJZT-DG-DMRM-POS.d,,Find by MRM,,
231,DGJZT_DG_52_2,,,381.2,,,,,100,,,,15.117,,,12283,0.236,85168,,,,,Acq,,,,,,,,,,,,,,,30,,0225-DGJZT-DG-DMRM-POS.d,,Find by MRM,,
232,DGJZT_GZ_27_1,,,448.3,,,,,100,,,,15.119,,,204,0.409,1744,,,,,Acq,,,,,,,,,,,,,,,30,,0225-DGJZT-DG-DMRM-POS.d,,Find by MRM,,
233,DGJZT_GZ_27_2,,,448.3,,,,,100,,,,15.094,,,8,0.161,50,,,,,Acq,,,,,,,,,,,,,,,30,,0225-DGJZT-DG-DMRM-POS.d,,Find by MRM,,
234,DGJZT_DG_61_1,,,381.2,,,,,100,,,,15.123,,,218838,0.226,1641693,,,,,Acq,,,,,,,,,,,,,,,30,,0225-DGJZT-DG-DMRM-POS.d,,Find by MRM,,
235,DGJZT_DG_61_3,,,381.2,,,,,100,,,,15.132,,,41234,0.391,324601,,,,,Acq,,,,,,,,,,,,,,,30,,0225-DGJZT-DG-DMRM-POS.d,,Find by MRM,,
236,DGJZT_DG_61_2,,,381.2,,,,,100,,,,15.132,,,53167,0.277,407449,,,,,Acq,,,,,,,,,,,,,,,30,,0225-DGJZT-DG-DMRM-POS.d,,Find by MRM,,
237,DGJZT_SJ_17_1,,,432.3,,,,,100,,,,15.186,,,18,0.13,73,,,,,Acq,,,,,,,,,,,,,,,30,,0225-DGJZT-DG-DMRM-POS.d,,Find by MRM,,
238,DGJZT_SJ_17_3,,,432.3,,,,,100,,,,15.128,,,16,0.115,39,,,,,Acq,,,,,,,,,,,,,,,30,,0225-DGJZT-DG-DMRM-POS.d,,Find by MRM,,
239,DGJZT_SJ_17_2,,,432.3,,,,,100,,,,15.212,,,23,0.075,64,,,,,Acq,,,,,,,,,,,,,,,30,,0225-DGJZT-DG-DMRM-POS.d,,Find by MRM,,

