﻿#化合物列表: 526 found
#
Cpd,Name,Formula,Purity Result,Precursor,Mass,Diff (ppm),Score (Tgt),Flags (Tgt),Score,Std Dev,Relative Mass Difference (MFG),Base Peak,RT,RT Diff,Target Retention Time Difference,Height,Width,Area,Volume,Vol %,Ions,Saturated,ID Source,Score (MFG),Score (DB),Hit Count,Tgt MFG Hit,FV,Purity Value,Purity Comments,ADC% Area,EIC/TIC% Area,TIC% Area,UVA% Area,Score (Lib),CAS ID,Relative Reference Mass difference,CE,MS/MS Count,File,Notes,Algorithm,Lib/DB
1,DGJZT_SJ_1_3,,,308.1,,,,,100,,,,1.125,,,39,0.21,335,,,,,Acq,,,,,,,,,,,,,,,30,,0225-DGJZT-DZ-DMRM-NEG.d,,Find by MRM,,
2,DGJZT_SJ_1_1,,,308.1,,,,,100,,,,1.151,,,27,0.193,228,,,,,Acq,,,,,,,,,,,,,,,30,,0225-DGJZT-DZ-DMRM-NEG.d,,Find by MRM,,
3,DGJZT_SJ_1_2,,,308.1,,,,,100,,,,1.059,,,14,0.208,111,,,,,Acq,,,,,,,,,,,,,,,30,,0225-DGJZT-DZ-DMRM-NEG.d,,Find by MRM,,
4,DGJZT_DZ_4_3,,,618.2,,,,,100,,,,1.104,,,13555,0.36,524080,,,,,Acq,,,,,,,,,,,,,,,30,,0225-DGJZT-DZ-DMRM-NEG.d,,Find by MRM,,
5,DGJZT_DZ_4_1,,,618.2,,,,,100,,,,1.104,,,28971,0.343,1152637,,,,,Acq,,,,,,,,,,,,,,,30,,0225-DGJZT-DZ-DMRM-NEG.d,,Find by MRM,,
6,DGJZT_DZ_4_2,,,618.2,,,,,100,,,,1.105,,,6159,0.351,80536,,,,,Acq,,,,,,,,,,,,,,,30,,0225-DGJZT-DZ-DMRM-NEG.d,,Find by MRM,,
7,DGJZT_DZ_6_1,,,353.1,,,,,100,,,,1.082,,,5285,0.325,61370,,,,,Acq,,,,,,,,,,,,,,,30,,0225-DGJZT-DZ-DMRM-NEG.d,,Find by MRM,,
8,DGJZT_DZ_6_3,,,353.1,,,,,100,,,,1.083,,,5157,0.33,60409,,,,,Acq,,,,,,,,,,,,,,,30,,0225-DGJZT-DZ-DMRM-NEG.d,,Find by MRM,,
9,DGJZT_DG_6_1,,,470.2,,,,,100,,,,1.189,,,263,0.234,2361,,,,,Acq,,,,,,,,,,,,,,,30,,0225-DGJZT-DZ-DMRM-NEG.d,,Find by MRM,,
10,DGJZT_DZ_9_1,,,618.2,,,,,100,,,,1.102,,,21715,0.459,291782,,,,,Acq,,,,,,,,,,,,,,,30,,0225-DGJZT-DZ-DMRM-NEG.d,,Find by MRM,,
11,DGJZT_DZ_9_2,,,618.2,,,,,100,,,,1.103,,,4843,0.435,66679,,,,,Acq,,,,,,,,,,,,,,,30,,0225-DGJZT-DZ-DMRM-NEG.d,,Find by MRM,,
12,DGJZT_DG_9_3,,,387.1,,,,,100,,,,1.449,,,160,0.215,901,,,,,Acq,,,,,,,,,,,,,,,30,,0225-DGJZT-DZ-DMRM-NEG.d,,Find by MRM,,
13,DGJZT_DZ_9_3,,,618.2,,,,,100,,,,1.102,,,13670,0.516,196736,,,,,Acq,,,,,,,,,,,,,,,30,,0225-DGJZT-DZ-DMRM-NEG.d,,Find by MRM,,
14,DGJZT_DG_10_1,,,527.1,,,,,100,,,,1.247,,,149,0.488,1631,,,,,Acq,,,,,,,,,,,,,,,30,,0225-DGJZT-DZ-DMRM-NEG.d,,Find by MRM,,
15,DGJZT_DG_9_2,,,387.1,,,,,100,,,,1.373,,,565,0.341,8305,,,,,Acq,,,,,,,,,,,,,,,30,,0225-DGJZT-DZ-DMRM-NEG.d,,Find by MRM,,
16,DGJZT_DG_9_1,,,387.1,,,,,100,,,,1.408,,,251,0.297,2879,,,,,Acq,,,,,,,,,,,,,,,30,,0225-DGJZT-DZ-DMRM-NEG.d,,Find by MRM,,
17,DGJZT_DZ_10_2,,,353.1,,,,,100,,,,1.525,,,3140,0.32,22064,,,,,Acq,,,,,,,,,,,,,,,30,,0225-DGJZT-DZ-DMRM-NEG.d,,Find by MRM,,
18,DGJZT_DZ_10_1,,,353.1,,,,,100,,,,1.526,,,2180,0.21,12910,,,,,Acq,,,,,,,,,,,,,,,30,,0225-DGJZT-DZ-DMRM-NEG.d,,Find by MRM,,
19,DGJZT_DG_16_1,,,470.2,,,,,100,,,,1.588,,,159,0.246,1023,,,,,Acq,,,,,,,,,,,,,,,30,,0225-DGJZT-DZ-DMRM-NEG.d,,Find by MRM,,
20,DGJZT_DG_17_2,,,372.1,,,,,100,,,,1.616,,,9,0.058,25,,,,,Acq,,,,,,,,,,,,,,,30,,0225-DGJZT-DZ-DMRM-NEG.d,,Find by MRM,,
21,DGJZT_DG_17_1,,,372.1,,,,,100,,,,1.632,,,13,0.207,63,,,,,Acq,,,,,,,,,,,,,,,30,,0225-DGJZT-DZ-DMRM-NEG.d,,Find by MRM,,
22,DGJZT_BS_3_1,,,343.1,,,,,100,,,,1.784,,,5,0.098,12,,,,,Acq,,,,,,,,,,,,,,,30,,0225-DGJZT-DZ-DMRM-NEG.d,,Find by MRM,,
23,DGJZT_BS_5_1,,,331.1,,,,,100,,,,1.911,,,2,0.124,5,,,,,Acq,,,,,,,,,,,,,,,30,,0225-DGJZT-DZ-DMRM-NEG.d,,Find by MRM,,
24,DGJZT_DG_25_1,,,527.1,,,,,100,,,,1.847,,,235,0.378,2138,,,,,Acq,,,,,,,,,,,,,,,30,,0225-DGJZT-DZ-DMRM-NEG.d,,Find by MRM,,
25,DGJZT_BS_5_3,,,331.1,,,,,100,,,,2.036,,,20,0.125,95,,,,,Acq,,,,,,,,,,,,,,,30,,0225-DGJZT-DZ-DMRM-NEG.d,,Find by MRM,,
26,DGJZT_BS_5_2,,,331.1,,,,,100,,,,1.977,,,19,0.192,141,,,,,Acq,,,,,,,,,,,,,,,30,,0225-DGJZT-DZ-DMRM-NEG.d,,Find by MRM,,
27,DGJZT_DG_26_1,,,497.1,,,,,100,,,,1.915,,,46,0.164,232,,,,,Acq,,,,,,,,,,,,,,,30,,0225-DGJZT-DZ-DMRM-NEG.d,,Find by MRM,,
28,DGJZT_DG_26_3,,,497.1,,,,,100,,,,1.964,,,31,0.303,227,,,,,Acq,,,,,,,,,,,,,,,30,,0225-DGJZT-DZ-DMRM-NEG.d,,Find by MRM,,
29,DGJZT_BS_6_2,,,331.1,,,,,100,,,,2.02,,,19,0.15,90,,,,,Acq,,,,,,,,,,,,,,,30,,0225-DGJZT-DZ-DMRM-NEG.d,,Find by MRM,,
30,DGJZT_BS_6_1,,,331.1,,,,,100,,,,2.078,,,18,0.364,190,,,,,Acq,,,,,,,,,,,,,,,30,,0225-DGJZT-DZ-DMRM-NEG.d,,Find by MRM,,
31,DGJZT_BS_6_3,,,331.1,,,,,100,,,,2.055,,,5,0.174,15,,,,,Acq,,,,,,,,,,,,,,,30,,0225-DGJZT-DZ-DMRM-NEG.d,,Find by MRM,,
32,DGJZT_BS_8_2,,,567.2,,,,,100,,,,2.105,,,8,0.109,20,,,,,Acq,,,,,,,,,,,,,,,30,,0225-DGJZT-DZ-DMRM-NEG.d,,Find by MRM,,
33,DGJZT_BS_9_3,,,421.1,,,,,100,,,,1.832,,,10,0.13,42,,,,,Acq,,,,,,,,,,,,,,,30,,0225-DGJZT-DZ-DMRM-NEG.d,,Find by MRM,,
34,DGJZT_DG_29_3,,,341.1,,,,,100,,,,2.126,,,52,0.162,245,,,,,Acq,,,,,,,,,,,,,,,30,,0225-DGJZT-DZ-DMRM-NEG.d,,Find by MRM,,
35,DGJZT_DG_29_1,,,341.1,,,,,100,,,,2.218,,,14,0.142,99,,,,,Acq,,,,,,,,,,,,,,,30,,0225-DGJZT-DZ-DMRM-NEG.d,,Find by MRM,,
36,DGJZT_DG_29_2,,,341.1,,,,,100,,,,2.092,,,34,0.116,154,,,,,Acq,,,,,,,,,,,,,,,30,,0225-DGJZT-DZ-DMRM-NEG.d,,Find by MRM,,
37,DGJZT_BS_13_1,,,529.2,,,,,100,,,,2.432,,,2,0.06,4,,,,,Acq,,,,,,,,,,,,,,,30,,0225-DGJZT-DZ-DMRM-NEG.d,,Find by MRM,,
38,DGJZT_BS_16_1,,,493.1,,,,,100,,,,2.315,,,6,0.159,25,,,,,Acq,,,,,,,,,,,,,,,30,,0225-DGJZT-DZ-DMRM-NEG.d,,Find by MRM,,
39,DGJZT_BS_16_2,,,493.1,,,,,100,,,,2.426,,,3,0.108,10,,,,,Acq,,,,,,,,,,,,,,,30,,0225-DGJZT-DZ-DMRM-NEG.d,,Find by MRM,,
40,DGJZT_BS_16_3,,,493.1,,,,,100,,,,2.35,,,1,0.147,5,,,,,Acq,,,,,,,,,,,,,,,30,,0225-DGJZT-DZ-DMRM-NEG.d,,Find by MRM,,
41,DGJZT_BS_14_1,,,169,,,,,100,,,,2.313,,,17,0.259,104,,,,,Acq,,,,,,,,,,,,,,,30,,0225-DGJZT-DZ-DMRM-NEG.d,,Find by MRM,,
42,DGJZT_BS_14_2,,,169,,,,,100,,,,2.372,,,12,0.292,94,,,,,Acq,,,,,,,,,,,,,,,30,,0225-DGJZT-DZ-DMRM-NEG.d,,Find by MRM,,
43,DGJZT_BS_17_1,,,331.1,,,,,100,,,,2.537,,,4,0.185,23,,,,,Acq,,,,,,,,,,,,,,,30,,0225-DGJZT-DZ-DMRM-NEG.d,,Find by MRM,,
44,DGJZT_BS_17_2,,,331.1,,,,,100,,,,2.412,,,9,0.084,35,,,,,Acq,,,,,,,,,,,,,,,30,,0225-DGJZT-DZ-DMRM-NEG.d,,Find by MRM,,
45,DGJZT_BS_17_3,,,331.1,,,,,100,,,,2.23,,,3,0.089,6,,,,,Acq,,,,,,,,,,,,,,,30,,0225-DGJZT-DZ-DMRM-NEG.d,,Find by MRM,,
46,DGJZT_BS_18_1,,,526.2,,,,,100,,,,2.407,,,2,0.167,6,,,,,Acq,,,,,,,,,,,,,,,30,,0225-DGJZT-DZ-DMRM-NEG.d,,Find by MRM,,
47,DGJZT_DG_33_3,,,423.1,,,,,100,,,,2.71,,,2,0.05,4,,,,,Acq,,,,,,,,,,,,,,,30,,0225-DGJZT-DZ-DMRM-NEG.d,,Find by MRM,,
48,DGJZT_DG_33_2,,,423.1,,,,,100,,,,2.835,,,3,0.116,10,,,,,Acq,,,,,,,,,,,,,,,30,,0225-DGJZT-DZ-DMRM-NEG.d,,Find by MRM,,
49,DGJZT_DG_33_1,,,423.1,,,,,100,,,,2.618,,,3,0.165,9,,,,,Acq,,,,,,,,,,,,,,,30,,0225-DGJZT-DZ-DMRM-NEG.d,,Find by MRM,,
50,DGJZT_BS_20_1,,,403.1,,,,,100,,,,2.723,,,3,0.174,17,,,,,Acq,,,,,,,,,,,,,,,30,,0225-DGJZT-DZ-DMRM-NEG.d,,Find by MRM,,
51,DGJZT_BS_20_2,,,403.1,,,,,100,,,,3.069,,,2,0.128,10,,,,,Acq,,,,,,,,,,,,,,,30,,0225-DGJZT-DZ-DMRM-NEG.d,,Find by MRM,,
52,DGJZT_BS_22_1,,,527.1,,,,,100,,,,3.043,,,4,0.136,12,,,,,Acq,,,,,,,,,,,,,,,30,,0225-DGJZT-DZ-DMRM-NEG.d,,Find by MRM,,
53,DGJZT_DZ_18_2,,,240.1,,,,,100,,,,2.99,,,216,0.367,2013,,,,,Acq,,,,,,,,,,,,,,,30,,0225-DGJZT-DZ-DMRM-NEG.d,,Find by MRM,,
54,DGJZT_BS_23_2,,,315.1,,,,,100,,,,2.937,,,143,0.379,1289,,,,,Acq,,,,,,,,,,,,,,,30,,0225-DGJZT-DZ-DMRM-NEG.d,,Find by MRM,,
55,DGJZT_BS_23_1,,,315.1,,,,,100,,,,2.872,,,24,0.301,233,,,,,Acq,,,,,,,,,,,,,,,30,,0225-DGJZT-DZ-DMRM-NEG.d,,Find by MRM,,
56,DGJZT_DZ_19_2,,,297.1,,,,,100,,,,3.047,,,362,0.324,2786,,,,,Acq,,,,,,,,,,,,,,,30,,0225-DGJZT-DZ-DMRM-NEG.d,,Find by MRM,,
57,DGJZT_DZ_19_1,,,297.1,,,,,100,,,,3.031,,,253,0.259,1702,,,,,Acq,,,,,,,,,,,,,,,30,,0225-DGJZT-DZ-DMRM-NEG.d,,Find by MRM,,
58,DGJZT_DZ_21_1,,,221.1,,,,,100,,,,3.184,,,95,0.383,947,,,,,Acq,,,,,,,,,,,,,,,30,,0225-DGJZT-DZ-DMRM-NEG.d,,Find by MRM,,
59,DGJZT_BS_26_3,,,389.1,,,,,100,,,,3.169,,,3,0.151,14,,,,,Acq,,,,,,,,,,,,,,,30,,0225-DGJZT-DZ-DMRM-NEG.d,,Find by MRM,,
60,DGJZT_BS_25_2,,,527.1,,,,,100,,,,3.362,,,3,0.164,15,,,,,Acq,,,,,,,,,,,,,,,30,,0225-DGJZT-DZ-DMRM-NEG.d,,Find by MRM,,
61,DGJZT_BS_25_1,,,527.1,,,,,100,,,,3.404,,,2,0.15,6,,,,,Acq,,,,,,,,,,,,,,,30,,0225-DGJZT-DZ-DMRM-NEG.d,,Find by MRM,,
62,DGJZT_BS_26_2,,,389.1,,,,,100,,,,3.095,,,4,0.183,23,,,,,Acq,,,,,,,,,,,,,,,30,,0225-DGJZT-DZ-DMRM-NEG.d,,Find by MRM,,
63,DGJZT_BS_27_1,,,633.1,,,,,100,,,,3.227,,,3,0.208,11,,,,,Acq,,,,,,,,,,,,,,,30,,0225-DGJZT-DZ-DMRM-NEG.d,,Find by MRM,,
64,DGJZT_BS_26_1,,,389.1,,,,,100,,,,3.087,,,7,0.133,25,,,,,Acq,,,,,,,,,,,,,,,30,,0225-DGJZT-DZ-DMRM-NEG.d,,Find by MRM,,
65,DGJZT_DG_36_2,,,353.1,,,,,100,,,,3.34,,,6,0.143,31,,,,,Acq,,,,,,,,,,,,,,,30,,0225-DGJZT-DZ-DMRM-NEG.d,,Find by MRM,,
66,DGJZT_DG_36_1,,,353.1,,,,,100,,,,3.264,,,4,0.084,8,,,,,Acq,,,,,,,,,,,,,,,30,,0225-DGJZT-DZ-DMRM-NEG.d,,Find by MRM,,
67,DGJZT_DG_36_3,,,353.1,,,,,100,,,,3.55,,,3,0.125,12,,,,,Acq,,,,,,,,,,,,,,,30,,0225-DGJZT-DZ-DMRM-NEG.d,,Find by MRM,,
68,DGJZT_BS_28_3,,,287.1,,,,,100,,,,3.434,,,6,0.082,13,,,,,Acq,,,,,,,,,,,,,,,30,,0225-DGJZT-DZ-DMRM-NEG.d,,Find by MRM,,
69,DGJZT_BS_28_1,,,287.1,,,,,100,,,,3.552,,,6,0.082,13,,,,,Acq,,,,,,,,,,,,,,,30,,0225-DGJZT-DZ-DMRM-NEG.d,,Find by MRM,,
70,DGJZT_BS_28_2,,,287.1,,,,,100,,,,3.376,,,1,0.109,3,,,,,Acq,,,,,,,,,,,,,,,30,,0225-DGJZT-DZ-DMRM-NEG.d,,Find by MRM,,
71,DGJZT_DG_39_2,,,658.2,,,,,100,,,,3.352,,,4,0.165,11,,,,,Acq,,,,,,,,,,,,,,,30,,0225-DGJZT-DZ-DMRM-NEG.d,,Find by MRM,,
72,DGJZT_DG_39_1,,,658.2,,,,,100,,,,3.201,,,5,0.106,10,,,,,Acq,,,,,,,,,,,,,,,30,,0225-DGJZT-DZ-DMRM-NEG.d,,Find by MRM,,
73,DGJZT_BS_29_1,,,451.1,,,,,100,,,,3.506,,,15,0.142,63,,,,,Acq,,,,,,,,,,,,,,,30,,0225-DGJZT-DZ-DMRM-NEG.d,,Find by MRM,,
74,DGJZT_BS_37_1,,,483.1,,,,,100,,,,3.589,,,10,0.155,32,,,,,Acq,,,,,,,,,,,,,,,30,,0225-DGJZT-DZ-DMRM-NEG.d,,Find by MRM,,
75,DGJZT_BS_37_3,,,483.1,,,,,100,,,,3.706,,,4,0.177,12,,,,,Acq,,,,,,,,,,,,,,,30,,0225-DGJZT-DZ-DMRM-NEG.d,,Find by MRM,,
76,DGJZT_DG_41_2,,,355.1,,,,,100,,,,3.693,,,15,0.169,85,,,,,Acq,,,,,,,,,,,,,,,30,,0225-DGJZT-DZ-DMRM-NEG.d,,Find by MRM,,
77,DGJZT_DG_41_3,,,355.1,,,,,100,,,,3.792,,,6,0.117,25,,,,,Acq,,,,,,,,,,,,,,,30,,0225-DGJZT-DZ-DMRM-NEG.d,,Find by MRM,,
78,DGJZT_DG_41_1,,,355.1,,,,,100,,,,3.685,,,74,0.335,521,,,,,Acq,,,,,,,,,,,,,,,30,,0225-DGJZT-DZ-DMRM-NEG.d,,Find by MRM,,
79,DGJZT_DG_42_3,,,491.1,,,,,100,,,,3.697,,,6,0.091,14,,,,,Acq,,,,,,,,,,,,,,,30,,0225-DGJZT-DZ-DMRM-NEG.d,,Find by MRM,,
80,DGJZT_DG_42_1,,,491.1,,,,,100,,,,3.807,,,4,0.074,8,,,,,Acq,,,,,,,,,,,,,,,30,,0225-DGJZT-DZ-DMRM-NEG.d,,Find by MRM,,
81,DGJZT_BS_40_2,,,391.2,,,,,100,,,,3.7,,,2,0.144,5,,,,,Acq,,,,,,,,,,,,,,,30,,0225-DGJZT-DZ-DMRM-NEG.d,,Find by MRM,,
82,DGJZT_BS_40_3,,,391.2,,,,,100,,,,3.692,,,4,0.128,9,,,,,Acq,,,,,,,,,,,,,,,30,,0225-DGJZT-DZ-DMRM-NEG.d,,Find by MRM,,
83,DGJZT_GZ_4_1,,,349.1,,,,,100,,,,3.946,,,4,0.109,9,,,,,Acq,,,,,,,,,,,,,,,30,,0225-DGJZT-DZ-DMRM-NEG.d,,Find by MRM,,
84,DGJZT_DG_43_1,,,293.1,,,,,100,,,,3.626,,,7,0.078,23,,,,,Acq,,,,,,,,,,,,,,,30,,0225-DGJZT-DZ-DMRM-NEG.d,,Find by MRM,,
85,DGJZT_CGC_7_1,,,631.1,,,,,100,,,,4.007,,,3,0.11,6,,,,,Acq,,,,,,,,,,,,,,,30,,0225-DGJZT-DZ-DMRM-NEG.d,,Find by MRM,,
86,DGJZT_DG_42_2,,,491.1,,,,,100,,,,3.984,,,10,0.11,24,,,,,Acq,,,,,,,,,,,,,,,30,,0225-DGJZT-DZ-DMRM-NEG.d,,Find by MRM,,
87,DGJZT_BS_45_1,,,635.1,,,,,100,,,,3.931,,,6,0.073,14,,,,,Acq,,,,,,,,,,,,,,,30,,0225-DGJZT-DZ-DMRM-NEG.d,,Find by MRM,,
88,DGJZT_DZ_23_1,,,477.2,,,,,100,,,,3.942,,,372,0.208,2198,,,,,Acq,,,,,,,,,,,,,,,30,,0225-DGJZT-DZ-DMRM-NEG.d,,Find by MRM,,
89,DGJZT_DZ_24_2,,,431.2,,,,,100,,,,3.942,,,232,0.282,1501,,,,,Acq,,,,,,,,,,,,,,,30,,0225-DGJZT-DZ-DMRM-NEG.d,,Find by MRM,,
90,DGJZT_DZ_24_1,,,431.2,,,,,100,,,,3.926,,,333,0.356,2563,,,,,Acq,,,,,,,,,,,,,,,30,,0225-DGJZT-DZ-DMRM-NEG.d,,Find by MRM,,
91,DGJZT_DZ_25_2,,,639.2,,,,,100,,,,4.04,,,449,0.361,3670,,,,,Acq,,,,,,,,,,,,,,,30,,0225-DGJZT-DZ-DMRM-NEG.d,,Find by MRM,,
92,DGJZT_DG_46_2,,,353.1,,,,,100,,,,3.92,,,11,0.115,43,,,,,Acq,,,,,,,,,,,,,,,30,,0225-DGJZT-DZ-DMRM-NEG.d,,Find by MRM,,
93,DGJZT_DG_46_1,,,353.1,,,,,100,,,,4.263,,,9,0.052,10,,,,,Acq,,,,,,,,,,,,,,,30,,0225-DGJZT-DZ-DMRM-NEG.d,,Find by MRM,,
94,DGJZT_DZ_25_3,,,639.2,,,,,100,,,,4.04,,,1519,0.371,12110,,,,,Acq,,,,,,,,,,,,,,,30,,0225-DGJZT-DZ-DMRM-NEG.d,,Find by MRM,,
95,DGJZT_DZ_25_1,,,639.2,,,,,100,,,,4.057,,,495,0.384,4187,,,,,Acq,,,,,,,,,,,,,,,30,,0225-DGJZT-DZ-DMRM-NEG.d,,Find by MRM,,
96,DGJZT_BS_44_1,,,511.1,,,,,100,,,,4,,,4,0.093,8,,,,,Acq,,,,,,,,,,,,,,,30,,0225-DGJZT-DZ-DMRM-NEG.d,,Find by MRM,,
97,DGJZT_CGC_13_1,,,789.2,,,,,100,,,,4.265,,,3,0.059,5,,,,,Acq,,,,,,,,,,,,,,,30,,0225-DGJZT-DZ-DMRM-NEG.d,,Find by MRM,,
98,DGJZT_CGC_16_1,,,625.2,,,,,100,,,,4.016,,,4,0.143,9,,,,,Acq,,,,,,,,,,,,,,,30,,0225-DGJZT-DZ-DMRM-NEG.d,,Find by MRM,,
99,DGJZT_BS_46_3,,,525.2,,,,,100,,,,3.983,,,4,0.093,7,,,,,Acq,,,,,,,,,,,,,,,30,,0225-DGJZT-DZ-DMRM-NEG.d,,Find by MRM,,
100,DGJZT_CGC_14_1,,,417.1,,,,,100,,,,4.22,,,3,0.117,8,,,,,Acq,,,,,,,,,,,,,,,30,,0225-DGJZT-DZ-DMRM-NEG.d,,Find by MRM,,
101,DGJZT_CGC_18_1,,,711.2,,,,,100,,,,4.014,,,4,0.102,8,,,,,Acq,,,,,,,,,,,,,,,30,,0225-DGJZT-DZ-DMRM-NEG.d,,Find by MRM,,
102,DGJZT_CGC_14_3,,,417.1,,,,,100,,,,4.278,,,3,0.117,9,,,,,Acq,,,,,,,,,,,,,,,30,,0225-DGJZT-DZ-DMRM-NEG.d,,Find by MRM,,
103,DGJZT_CGC_14_2,,,417.1,,,,,100,,,,4.446,,,11,0.071,11,,,,,Acq,,,,,,,,,,,,,,,30,,0225-DGJZT-DZ-DMRM-NEG.d,,Find by MRM,,
104,DGJZT_CGC_18_3,,,711.2,,,,,100,,,,4.308,,,11,0.176,62,,,,,Acq,,,,,,,,,,,,,,,30,,0225-DGJZT-DZ-DMRM-NEG.d,,Find by MRM,,
105,DGJZT_CGC_17_1,,,549.2,,,,,100,,,,4.201,,,4,0.067,8,,,,,Acq,,,,,,,,,,,,,,,30,,0225-DGJZT-DZ-DMRM-NEG.d,,Find by MRM,,
106,DGJZT_BS_53_1,,,635.1,,,,,100,,,,4.108,,,3,0.16,16,,,,,Acq,,,,,,,,,,,,,,,30,,0225-DGJZT-DZ-DMRM-NEG.d,,Find by MRM,,
107,DGJZT_BS_51_2,,,183,,,,,100,,,,4.339,,,12,0.117,45,,,,,Acq,,,,,,,,,,,,,,,30,,0225-DGJZT-DZ-DMRM-NEG.d,,Find by MRM,,
108,DGJZT_BS_51_1,,,183,,,,,100,,,,4.424,,,8,0.134,41,,,,,Acq,,,,,,,,,,,,,,,30,,0225-DGJZT-DZ-DMRM-NEG.d,,Find by MRM,,
109,DGJZT_DZ_26_2,,,755.3,,,,,100,,,,4.333,,,429,0.443,3405,,,,,Acq,,,,,,,,,,,,,,,30,,0225-DGJZT-DZ-DMRM-NEG.d,,Find by MRM,,
110,DGJZT_BS_56_1,,,687.2,,,,,100,,,,4.392,,,1,0.1,2,,,,,Acq,,,,,,,,,,,,,,,30,,0225-DGJZT-DZ-DMRM-NEG.d,,Find by MRM,,
111,DGJZT_BS_54_1,,,327.1,,,,,100,,,,4.64,,,11,0.093,14,,,,,Acq,,,,,,,,,,,,,,,30,,0225-DGJZT-DZ-DMRM-NEG.d,,Find by MRM,,
112,DGJZT_DG_49_1,,,215.1,,,,,100,,,,4.422,,,10,0.123,41,,,,,Acq,,,,,,,,,,,,,,,30,,0225-DGJZT-DZ-DMRM-NEG.d,,Find by MRM,,
113,DGJZT_DG_49_2,,,215.1,,,,,100,,,,4.616,,,11,0.302,122,,,,,Acq,,,,,,,,,,,,,,,30,,0225-DGJZT-DZ-DMRM-NEG.d,,Find by MRM,,
114,DGJZT_CGC_19_1,,,593.2,,,,,100,,,,4.62,,,16,0.225,92,,,,,Acq,,,,,,,,,,,,,,,30,,0225-DGJZT-DZ-DMRM-NEG.d,,Find by MRM,,
115,DGJZT_BS_60_1,,,631.2,,,,,100,,,,4.694,,,2,0.1,4,,,,,Acq,,,,,,,,,,,,,,,30,,0225-DGJZT-DZ-DMRM-NEG.d,,Find by MRM,,
116,DGJZT_BS_60_3,,,631.2,,,,,100,,,,4.71,,,5,0.15,14,,,,,Acq,,,,,,,,,,,,,,,30,,0225-DGJZT-DZ-DMRM-NEG.d,,Find by MRM,,
117,DGJZT_BS_61_1,,,491.1,,,,,100,,,,4.729,,,19,0.266,137,,,,,Acq,,,,,,,,,,,,,,,30,,0225-DGJZT-DZ-DMRM-NEG.d,,Find by MRM,,
118,DGJZT_GZ_6_2,,,415.1,,,,,100,,,,4.863,,,7,0.042,11,,,,,Acq,,,,,,,,,,,,,,,30,,0225-DGJZT-DZ-DMRM-NEG.d,,Find by MRM,,
119,DGJZT_GZ_6_1,,,415.1,,,,,100,,,,4.648,,,3,0.091,6,,,,,Acq,,,,,,,,,,,,,,,30,,0225-DGJZT-DZ-DMRM-NEG.d,,Find by MRM,,
120,DGJZT_BS_62_2,,,519.2,,,,,100,,,,4.954,,,3,0.083,6,,,,,Acq,,,,,,,,,,,,,,,30,,0225-DGJZT-DZ-DMRM-NEG.d,,Find by MRM,,
121,DGJZT_BS_62_1,,,519.2,,,,,100,,,,4.912,,,2,0.117,4,,,,,Acq,,,,,,,,,,,,,,,30,,0225-DGJZT-DZ-DMRM-NEG.d,,Find by MRM,,
122,DGJZT_BS_66_3,,,687.2,,,,,100,,,,4.784,,,5,0.109,14,,,,,Acq,,,,,,,,,,,,,,,30,,0225-DGJZT-DZ-DMRM-NEG.d,,Find by MRM,,
123,DGJZT_BS_66_1,,,687.2,,,,,100,,,,4.818,,,5,0.092,17,,,,,Acq,,,,,,,,,,,,,,,30,,0225-DGJZT-DZ-DMRM-NEG.d,,Find by MRM,,
124,DGJZT_BS_66_2,,,687.2,,,,,100,,,,5.012,,,3,0.142,7,,,,,Acq,,,,,,,,,,,,,,,30,,0225-DGJZT-DZ-DMRM-NEG.d,,Find by MRM,,
125,DGJZT_GZ_8_2,,,327.1,,,,,100,,,,5.017,,,3,0.193,22,,,,,Acq,,,,,,,,,,,,,,,30,,0225-DGJZT-DZ-DMRM-NEG.d,,Find by MRM,,
126,DGJZT_GZ_8_1,,,327.1,,,,,100,,,,5.034,,,3,0.1,6,,,,,Acq,,,,,,,,,,,,,,,30,,0225-DGJZT-DZ-DMRM-NEG.d,,Find by MRM,,
127,DGJZT_GZ_8_3,,,327.1,,,,,100,,,,5.001,,,4,0.213,11,,,,,Acq,,,,,,,,,,,,,,,30,,0225-DGJZT-DZ-DMRM-NEG.d,,Find by MRM,,
128,DGJZT_GZ_9_3,,,363.1,,,,,100,,,,4.99,,,3,0.487,12,,,,,Acq,,,,,,,,,,,,,,,30,,0225-DGJZT-DZ-DMRM-NEG.d,,Find by MRM,,
129,DGJZT_DZ_28_3,,,340.2,,,,,100,,,,5.083,,,1893,0.393,18654,,,,,Acq,,,,,,,,,,,,,,,30,,0225-DGJZT-DZ-DMRM-NEG.d,,Find by MRM,,
130,DGJZT_DZ_28_2,,,340.2,,,,,100,,,,5.065,,,7762,0.451,77519,,,,,Acq,,,,,,,,,,,,,,,30,,0225-DGJZT-DZ-DMRM-NEG.d,,Find by MRM,,
131,DGJZT_DZ_28_1,,,340.2,,,,,100,,,,5.066,,,1644,0.436,16387,,,,,Acq,,,,,,,,,,,,,,,30,,0225-DGJZT-DZ-DMRM-NEG.d,,Find by MRM,,
132,DGJZT_BS_75_1,,,525.2,,,,,100,,,,5.164,,,34,0.223,232,,,,,Acq,,,,,,,,,,,,,,,30,,0225-DGJZT-DZ-DMRM-NEG.d,,Find by MRM,,
133,DGJZT_DZ_30_1,,,579.3,,,,,100,,,,5.196,,,308,0.435,2830,,,,,Acq,,,,,,,,,,,,,,,30,,0225-DGJZT-DZ-DMRM-NEG.d,,Find by MRM,,
134,DGJZT_BS_79_1,,,787.1,,,,,100,,,,5.245,,,8,0.158,23,,,,,Acq,,,,,,,,,,,,,,,30,,0225-DGJZT-DZ-DMRM-NEG.d,,Find by MRM,,
135,DGJZT_SJ_4_1,,,519.2,,,,,100,,,,5.409,,,10,0.1,28,,,,,Acq,,,,,,,,,,,,,,,30,,0225-DGJZT-DZ-DMRM-NEG.d,,Find by MRM,,
136,DGJZT_BS_80_2,,,631.2,,,,,100,,,,5.212,,,9,0.159,25,,,,,Acq,,,,,,,,,,,,,,,30,,0225-DGJZT-DZ-DMRM-NEG.d,,Find by MRM,,
137,DGJZT_BS_80_1,,,631.2,,,,,100,,,,5.229,,,4,0.106,9,,,,,Acq,,,,,,,,,,,,,,,30,,0225-DGJZT-DZ-DMRM-NEG.d,,Find by MRM,,
138,DGJZT_DZ_31_1,,,741.2,,,,,100,,,,5.338,,,434,0.408,3715,,,,,Acq,,,,,,,,,,,,,,,30,,0225-DGJZT-DZ-DMRM-NEG.d,,Find by MRM,,
139,DGJZT_BS_81_2,,,541.2,,,,,100,,,,5.089,,,2,0.083,4,,,,,Acq,,,,,,,,,,,,,,,30,,0225-DGJZT-DZ-DMRM-NEG.d,,Find by MRM,,
140,DGJZT_BS_81_1,,,541.2,,,,,100,,,,5.28,,,3,0.051,7,,,,,Acq,,,,,,,,,,,,,,,30,,0225-DGJZT-DZ-DMRM-NEG.d,,Find by MRM,,
141,DGJZT_DG_58_2,,,367.1,,,,,100,,,,5.344,,,3,0.167,13,,,,,Acq,,,,,,,,,,,,,,,30,,0225-DGJZT-DZ-DMRM-NEG.d,,Find by MRM,,
142,DGJZT_DG_58_1,,,367.1,,,,,100,,,,5.369,,,2,0.143,8,,,,,Acq,,,,,,,,,,,,,,,30,,0225-DGJZT-DZ-DMRM-NEG.d,,Find by MRM,,
143,DGJZT_DG_58_3,,,367.1,,,,,100,,,,5.31,,,3,0.103,7,,,,,Acq,,,,,,,,,,,,,,,30,,0225-DGJZT-DZ-DMRM-NEG.d,,Find by MRM,,
144,DGJZT_BS_86_3,,,525.2,,,,,100,,,,5.508,,,72,0.342,628,,,,,Acq,,,,,,,,,,,,,,,30,,0225-DGJZT-DZ-DMRM-NEG.d,,Find by MRM,,
145,DGJZT_BS_86_2,,,525.2,,,,,100,,,,5.239,,,4,0.101,7,,,,,Acq,,,,,,,,,,,,,,,30,,0225-DGJZT-DZ-DMRM-NEG.d,,Find by MRM,,
146,DGJZT_BS_86_1,,,525.2,,,,,100,,,,5.476,,,392,0.392,3273,,,,,Acq,,,,,,,,,,,,,,,30,,0225-DGJZT-DZ-DMRM-NEG.d,,Find by MRM,,
147,DGJZT_BS_85_3,,,449.1,,,,,100,,,,5.477,,,6,0.195,22,,,,,Acq,,,,,,,,,,,,,,,30,,0225-DGJZT-DZ-DMRM-NEG.d,,Find by MRM,,
148,DGJZT_BS_85_2,,,449.1,,,,,100,,,,5.478,,,3,0.1,5,,,,,Acq,,,,,,,,,,,,,,,30,,0225-DGJZT-DZ-DMRM-NEG.d,,Find by MRM,,
149,DGJZT_BS_85_1,,,449.1,,,,,100,,,,5.478,,,13,0.175,81,,,,,Acq,,,,,,,,,,,,,,,30,,0225-DGJZT-DZ-DMRM-NEG.d,,Find by MRM,,
150,DGJZT_BS_82_3,,,327.1,,,,,100,,,,5.379,,,2,0.092,4,,,,,Acq,,,,,,,,,,,,,,,30,,0225-DGJZT-DZ-DMRM-NEG.d,,Find by MRM,,
151,DGJZT_BS_96_3,,,497.2,,,,,100,,,,5.568,,,2,0.092,5,,,,,Acq,,,,,,,,,,,,,,,30,,0225-DGJZT-DZ-DMRM-NEG.d,,Find by MRM,,
152,DGJZT_CGC_24_2,,,579.2,,,,,100,,,,5.81,,,2,0.134,5,,,,,Acq,,,,,,,,,,,,,,,30,,0225-DGJZT-DZ-DMRM-NEG.d,,Find by MRM,,
153,DGJZT_BS_96_2,,,497.2,,,,,100,,,,5.888,,,2,0.125,5,,,,,Acq,,,,,,,,,,,,,,,30,,0225-DGJZT-DZ-DMRM-NEG.d,,Find by MRM,,
154,DGJZT_GZ_11_3,,,581.2,,,,,100,,,,5.539,,,24,0.437,260,,,,,Acq,,,,,,,,,,,,,,,30,,0225-DGJZT-DZ-DMRM-NEG.d,,Find by MRM,,
155,DGJZT_CGC_24_1,,,579.2,,,,,100,,,,5.759,,,3,0.134,6,,,,,Acq,,,,,,,,,,,,,,,30,,0225-DGJZT-DZ-DMRM-NEG.d,,Find by MRM,,
156,DGJZT_CGC_27_1,,,737.2,,,,,100,,,,6,,,0,0.19,2,,,,,Acq,,,,,,,,,,,,,,,30,,0225-DGJZT-DZ-DMRM-NEG.d,,Find by MRM,,
157,DGJZT_BS_97_1,,,495.2,,,,,100,,,,5.846,,,8,0.11,23,,,,,Acq,,,,,,,,,,,,,,,30,,0225-DGJZT-DZ-DMRM-NEG.d,,Find by MRM,,
158,DGJZT_CGC_26_1,,,737.2,,,,,100,,,,6.043,,,0,0.12,0,,,,,Acq,,,,,,,,,,,,,,,30,,0225-DGJZT-DZ-DMRM-NEG.d,,Find by MRM,,
159,DGJZT_CGC_28_1,,,625.2,,,,,100,,,,5.908,,,2,0.106,4,,,,,Acq,,,,,,,,,,,,,,,30,,0225-DGJZT-DZ-DMRM-NEG.d,,Find by MRM,,
160,DGJZT_BS_101_1,,,787.1,,,,,100,,,,6.243,,,11,0.57,135,,,,,Acq,,,,,,,,,,,,,,,30,,0225-DGJZT-DZ-DMRM-NEG.d,,Find by MRM,,
161,DGJZT_BS_102_2,,,519.2,,,,,100,,,,5.844,,,4,0.136,16,,,,,Acq,,,,,,,,,,,,,,,30,,0225-DGJZT-DZ-DMRM-NEG.d,,Find by MRM,,
162,DGJZT_BS_102_1,,,519.2,,,,,100,,,,5.947,,,2,0.119,4,,,,,Acq,,,,,,,,,,,,,,,30,,0225-DGJZT-DZ-DMRM-NEG.d,,Find by MRM,,
163,DGJZT_CGC_29_1,,,415.1,,,,,100,,,,6.124,,,5,0.073,8,,,,,Acq,,,,,,,,,,,,,,,30,,0225-DGJZT-DZ-DMRM-NEG.d,,Find by MRM,,
164,DGJZT_DZ_32_2,,,623.3,,,,,100,,,,6.076,,,1207,0.28,8736,,,,,Acq,,,,,,,,,,,,,,,30,,0225-DGJZT-DZ-DMRM-NEG.d,,Find by MRM,,
165,DGJZT_DZ_32_1,,,623.3,,,,,100,,,,6.06,,,207,0.308,1845,,,,,Acq,,,,,,,,,,,,,,,30,,0225-DGJZT-DZ-DMRM-NEG.d,,Find by MRM,,
166,DGJZT_BS_103_2,,,787.1,,,,,100,,,,6.116,,,17,0.185,89,,,,,Acq,,,,,,,,,,,,,,,30,,0225-DGJZT-DZ-DMRM-NEG.d,,Find by MRM,,
167,DGJZT_BS_103_1,,,787.1,,,,,100,,,,6.049,,,9,0.19,44,,,,,Acq,,,,,,,,,,,,,,,30,,0225-DGJZT-DZ-DMRM-NEG.d,,Find by MRM,,
168,DGJZT_DG_61_2,,,527.2,,,,,100,,,,6.173,,,2,0.092,4,,,,,Acq,,,,,,,,,,,,,,,30,,0225-DGJZT-DZ-DMRM-NEG.d,,Find by MRM,,
169,DGJZT_BS_104_2,,,477.1,,,,,100,,,,6.233,,,4,0.1,8,,,,,Acq,,,,,,,,,,,,,,,30,,0225-DGJZT-DZ-DMRM-NEG.d,,Find by MRM,,
170,DGJZT_DZ_33_3,,,609.1,,,,,100,,,,6.32,,,5302,0.443,50407,,,,,Acq,,,,,,,,,,,,,,,30,,0225-DGJZT-DZ-DMRM-NEG.d,,Find by MRM,,
171,DGJZT_DZ_33_1,,,609.1,,,,,100,,,,6.312,,,8754,0.417,83172,,,,,Acq,,,,,,,,,,,,,,,30,,0225-DGJZT-DZ-DMRM-NEG.d,,Find by MRM,,
172,DGJZT_CGC_33_1,,,579.2,,,,,100,,,,6.094,,,7,0.06,12,,,,,Acq,,,,,,,,,,,,,,,30,,0225-DGJZT-DZ-DMRM-NEG.d,,Find by MRM,,
173,DGJZT_CGC_33_2,,,579.2,,,,,100,,,,6.245,,,5,0.156,12,,,,,Acq,,,,,,,,,,,,,,,30,,0225-DGJZT-DZ-DMRM-NEG.d,,Find by MRM,,
174,DGJZT_GZ_15_1,,,559.2,,,,,100,,,,6.355,,,7,0.141,14,,,,,Acq,,,,,,,,,,,,,,,30,,0225-DGJZT-DZ-DMRM-NEG.d,,Find by MRM,,
175,DGJZT_DZ_33_2,,,609.1,,,,,100,,,,6.312,,,196,0.358,1920,,,,,Acq,,,,,,,,,,,,,,,30,,0225-DGJZT-DZ-DMRM-NEG.d,,Find by MRM,,
176,DGJZT_CGC_31_1,,,549.2,,,,,100,,,,6.381,,,48,0.258,332,,,,,Acq,,,,,,,,,,,,,,,30,,0225-DGJZT-DZ-DMRM-NEG.d,,Find by MRM,,
177,DGJZT_CGC_31_2,,,549.2,,,,,100,,,,6.439,,,11,0.092,33,,,,,Acq,,,,,,,,,,,,,,,30,,0225-DGJZT-DZ-DMRM-NEG.d,,Find by MRM,,
178,DGJZT_CGC_31_3,,,549.2,,,,,100,,,,6.207,,,3,0.118,11,,,,,Acq,,,,,,,,,,,,,,,30,,0225-DGJZT-DZ-DMRM-NEG.d,,Find by MRM,,
179,DGJZT_CGC_40_2,,,1099.3,,,,,100,,,,6.292,,,0,0.285,2,,,,,Acq,,,,,,,,,,,,,,,30,,0225-DGJZT-DZ-DMRM-NEG.d,,Find by MRM,,
180,DGJZT_CGC_36_1,,,549.2,,,,,100,,,,6.421,,,81,0.222,424,,,,,Acq,,,,,,,,,,,,,,,30,,0225-DGJZT-DZ-DMRM-NEG.d,,Find by MRM,,
181,DGJZT_CGC_36_2,,,549.2,,,,,100,,,,6.397,,,11,0.133,53,,,,,Acq,,,,,,,,,,,,,,,30,,0225-DGJZT-DZ-DMRM-NEG.d,,Find by MRM,,
182,DGJZT_CGC_36_3,,,549.2,,,,,100,,,,6.605,,,9,0.083,26,,,,,Acq,,,,,,,,,,,,,,,30,,0225-DGJZT-DZ-DMRM-NEG.d,,Find by MRM,,
183,DGJZT_CGC_43_3,,,707.2,,,,,100,,,,6.46,,,7,0.083,14,,,,,Acq,,,,,,,,,,,,,,,30,,0225-DGJZT-DZ-DMRM-NEG.d,,Find by MRM,,
184,DGJZT_CGC_43_1,,,707.2,,,,,100,,,,6.36,,,0,0.117,1,,,,,Acq,,,,,,,,,,,,,,,30,,0225-DGJZT-DZ-DMRM-NEG.d,,Find by MRM,,
185,DGJZT_BS_105_1,,,441.1,,,,,100,,,,6.308,,,2,0.091,4,,,,,Acq,,,,,,,,,,,,,,,30,,0225-DGJZT-DZ-DMRM-NEG.d,,Find by MRM,,
186,DGJZT_CGC_43_2,,,707.2,,,,,100,,,,6.452,,,0,0.104,1,,,,,Acq,,,,,,,,,,,,,,,30,,0225-DGJZT-DZ-DMRM-NEG.d,,Find by MRM,,
187,DGJZT_CGC_47_2,,,417.1,,,,,100,,,,6.583,,,26,0.316,198,,,,,Acq,,,,,,,,,,,,,,,30,,0225-DGJZT-DZ-DMRM-NEG.d,,Find by MRM,,
188,DGJZT_CGC_47_3,,,417.1,,,,,100,,,,6.599,,,50,0.141,278,,,,,Acq,,,,,,,,,,,,,,,30,,0225-DGJZT-DZ-DMRM-NEG.d,,Find by MRM,,
189,DGJZT_CGC_47_1,,,417.1,,,,,100,,,,6.599,,,71,0.341,578,,,,,Acq,,,,,,,,,,,,,,,30,,0225-DGJZT-DZ-DMRM-NEG.d,,Find by MRM,,
190,DGJZT_BS_106_2,,,301,,,,,100,,,,6.675,,,17,0.164,80,,,,,Acq,,,,,,,,,,,,,,,30,,0225-DGJZT-DZ-DMRM-NEG.d,,Find by MRM,,
191,DGJZT_CGC_54_1,,,565.2,,,,,100,,,,6.604,,,5,0.092,8,,,,,Acq,,,,,,,,,,,,,,,30,,0225-DGJZT-DZ-DMRM-NEG.d,,Find by MRM,,
192,DGJZT_GZ_16_1,,,475.2,,,,,100,,,,6.908,,,7,0.055,11,,,,,Acq,,,,,,,,,,,,,,,30,,0225-DGJZT-DZ-DMRM-NEG.d,,Find by MRM,,
193,DGJZT_BS_107_2,,,309.1,,,,,100,,,,6.734,,,6,0.134,15,,,,,Acq,,,,,,,,,,,,,,,30,,0225-DGJZT-DZ-DMRM-NEG.d,,Find by MRM,,
194,DGJZT_BS_107_1,,,309.1,,,,,100,,,,6.425,,,0,0.125,1,,,,,Acq,,,,,,,,,,,,,,,30,,0225-DGJZT-DZ-DMRM-NEG.d,,Find by MRM,,
195,DGJZT_BS_106_3,,,301,,,,,100,,,,6.651,,,16,0.161,92,,,,,Acq,,,,,,,,,,,,,,,30,,0225-DGJZT-DZ-DMRM-NEG.d,,Find by MRM,,
196,DGJZT_BS_106_1,,,301,,,,,100,,,,6.676,,,17,0.152,72,,,,,Acq,,,,,,,,,,,,,,,30,,0225-DGJZT-DZ-DMRM-NEG.d,,Find by MRM,,
197,DGJZT_BS_108_2,,,631.2,,,,,100,,,,6.966,,,3,0.114,6,,,,,Acq,,,,,,,,,,,,,,,30,,0225-DGJZT-DZ-DMRM-NEG.d,,Find by MRM,,
198,DGJZT_SJ_5_3,,,475.2,,,,,100,,,,6.557,,,0,0.068,1,,,,,Acq,,,,,,,,,,,,,,,30,,0225-DGJZT-DZ-DMRM-NEG.d,,Find by MRM,,
199,DGJZT_BS_108_3,,,631.2,,,,,100,,,,6.797,,,20,0.184,94,,,,,Acq,,,,,,,,,,,,,,,30,,0225-DGJZT-DZ-DMRM-NEG.d,,Find by MRM,,
200,DGJZT_BS_108_1,,,631.2,,,,,100,,,,6.831,,,8,0.082,21,,,,,Acq,,,,,,,,,,,,,,,30,,0225-DGJZT-DZ-DMRM-NEG.d,,Find by MRM,,
201,DGJZT_DG_65_1,,,193,,,,,100,,,,6.986,,,4,0.133,14,,,,,Acq,,,,,,,,,,,,,,,30,,0225-DGJZT-DZ-DMRM-NEG.d,,Find by MRM,,
202,DGJZT_DG_64_1,,,178,,,,,100,,,,6.887,,,11,0.159,38,,,,,Acq,,,,,,,,,,,,,,,30,,0225-DGJZT-DZ-DMRM-NEG.d,,Find by MRM,,
203,DGJZT_DG_64_2,,,178,,,,,100,,,,6.912,,,9,0.176,34,,,,,Acq,,,,,,,,,,,,,,,30,,0225-DGJZT-DZ-DMRM-NEG.d,,Find by MRM,,
204,DGJZT_DG_65_3,,,193,,,,,100,,,,6.811,,,7,0.075,19,,,,,Acq,,,,,,,,,,,,,,,30,,0225-DGJZT-DZ-DMRM-NEG.d,,Find by MRM,,
205,DGJZT_BS_118_1,,,939.1,,,,,100,,,,6.929,,,17,0.092,53,,,,,Acq,,,,,,,,,,,,,,,30,,0225-DGJZT-DZ-DMRM-NEG.d,,Find by MRM,,
206,DGJZT_BS_118_2,,,939.1,,,,,100,,,,6.989,,,2,0.092,4,,,,,Acq,,,,,,,,,,,,,,,30,,0225-DGJZT-DZ-DMRM-NEG.d,,Find by MRM,,
207,DGJZT_BS_115_1,,,769.1,,,,,100,,,,6.905,,,7,0.26,28,,,,,Acq,,,,,,,,,,,,,,,30,,0225-DGJZT-DZ-DMRM-NEG.d,,Find by MRM,,
208,DGJZT_BS_118_3,,,939.1,,,,,100,,,,6.946,,,6,0.117,21,,,,,Acq,,,,,,,,,,,,,,,30,,0225-DGJZT-DZ-DMRM-NEG.d,,Find by MRM,,
209,DGJZT_BS_120_2,,,509.2,,,,,100,,,,6.967,,,4,0.134,10,,,,,Acq,,,,,,,,,,,,,,,30,,0225-DGJZT-DZ-DMRM-NEG.d,,Find by MRM,,
210,DGJZT_DZ_34_2,,,204.1,,,,,100,,,,7.138,,,281,0.387,3035,,,,,Acq,,,,,,,,,,,,,,,30,,0225-DGJZT-DZ-DMRM-NEG.d,,Find by MRM,,
211,DGJZT_DZ_36_2,,,637.3,,,,,100,,,,7.183,,,1328,0.367,13380,,,,,Acq,,,,,,,,,,,,,,,30,,0225-DGJZT-DZ-DMRM-NEG.d,,Find by MRM,,
212,DGJZT_DZ_36_1,,,637.3,,,,,100,,,,7.183,,,253,0.311,2070,,,,,Acq,,,,,,,,,,,,,,,30,,0225-DGJZT-DZ-DMRM-NEG.d,,Find by MRM,,
213,DGJZT_DZ_34_1,,,204.1,,,,,100,,,,7.129,,,357,0.399,3254,,,,,Acq,,,,,,,,,,,,,,,30,,0225-DGJZT-DZ-DMRM-NEG.d,,Find by MRM,,
214,DGJZT_DZ_34_3,,,204.1,,,,,100,,,,7.172,,,239,0.444,2311,,,,,Acq,,,,,,,,,,,,,,,30,,0225-DGJZT-DZ-DMRM-NEG.d,,Find by MRM,,
215,DGJZT_DZ_36_3,,,637.3,,,,,100,,,,7.174,,,2208,0.459,23908,,,,,Acq,,,,,,,,,,,,,,,30,,0225-DGJZT-DZ-DMRM-NEG.d,,Find by MRM,,
216,DGJZT_SJ_6_2,,,375.1,,,,,100,,,,7.27,,,2,0.109,5,,,,,Acq,,,,,,,,,,,,,,,30,,0225-DGJZT-DZ-DMRM-NEG.d,,Find by MRM,,
217,DGJZT_SJ_6_1,,,375.1,,,,,100,,,,7.136,,,2,0.101,3,,,,,Acq,,,,,,,,,,,,,,,30,,0225-DGJZT-DZ-DMRM-NEG.d,,Find by MRM,,
218,DGJZT_DG_66_1,,,209.1,,,,,100,,,,7.154,,,0,0.064,0,,,,,Acq,,,,,,,,,,,,,,,30,,0225-DGJZT-DZ-DMRM-NEG.d,,Find by MRM,,
219,DGJZT_DG_66_3,,,209.1,,,,,100,,,,7.195,,,4,0.117,9,,,,,Acq,,,,,,,,,,,,,,,30,,0225-DGJZT-DZ-DMRM-NEG.d,,Find by MRM,,
220,DGJZT_GZ_18_3,,,557.2,,,,,100,,,,7.225,,,0,0.192,3,,,,,Acq,,,,,,,,,,,,,,,30,,0225-DGJZT-DZ-DMRM-NEG.d,,Find by MRM,,
221,DGJZT_GZ_18_2,,,557.2,,,,,100,,,,7.377,,,3,0.135,7,,,,,Acq,,,,,,,,,,,,,,,30,,0225-DGJZT-DZ-DMRM-NEG.d,,Find by MRM,,
222,DGJZT_GZ_18_1,,,557.2,,,,,100,,,,7.369,,,1,0.084,3,,,,,Acq,,,,,,,,,,,,,,,30,,0225-DGJZT-DZ-DMRM-NEG.d,,Find by MRM,,
223,DGJZT_BS_123_1,,,507.2,,,,,100,,,,7.654,,,1,0.131,3,,,,,Acq,,,,,,,,,,,,,,,30,,0225-DGJZT-DZ-DMRM-NEG.d,,Find by MRM,,
224,DGJZT_BS_125_3,,,567.2,,,,,100,,,,7.796,,,0,0.277,2,,,,,Acq,,,,,,,,,,,,,,,30,,0225-DGJZT-DZ-DMRM-NEG.d,,Find by MRM,,
225,DGJZT_BS_125_1,,,567.2,,,,,100,,,,7.603,,,1,0.11,2,,,,,Acq,,,,,,,,,,,,,,,30,,0225-DGJZT-DZ-DMRM-NEG.d,,Find by MRM,,
226,DGJZT_BS_126_3,,,631.2,,,,,100,,,,7.701,,,0,0.185,1,,,,,Acq,,,,,,,,,,,,,,,30,,0225-DGJZT-DZ-DMRM-NEG.d,,Find by MRM,,
227,DGJZT_BS_126_2,,,631.2,,,,,100,,,,7.4,,,3,0.081,6,,,,,Acq,,,,,,,,,,,,,,,30,,0225-DGJZT-DZ-DMRM-NEG.d,,Find by MRM,,
228,DGJZT_BS_126_1,,,631.2,,,,,100,,,,7.391,,,6,0.072,53,,,,,Acq,,,,,,,,,,,,,,,30,,0225-DGJZT-DZ-DMRM-NEG.d,,Find by MRM,,
229,DGJZT_GZ_19_1,,,421.2,,,,,100,,,,7.632,,,5,0.126,18,,,,,Acq,,,,,,,,,,,,,,,30,,0225-DGJZT-DZ-DMRM-NEG.d,,Find by MRM,,
230,DGJZT_CGC_65_1,,,635.2,,,,,100,,,,7.508,,,4,0.091,8,,,,,Acq,,,,,,,,,,,,,,,30,,0225-DGJZT-DZ-DMRM-NEG.d,,Find by MRM,,
231,DGJZT_CGC_64_1,,,591.2,,,,,100,,,,7.945,,,4,0.075,8,,,,,Acq,,,,,,,,,,,,,,,30,,0225-DGJZT-DZ-DMRM-NEG.d,,Find by MRM,,
232,DGJZT_CGC_64_2,,,591.2,,,,,100,,,,7.862,,,3,0.074,6,,,,,Acq,,,,,,,,,,,,,,,30,,0225-DGJZT-DZ-DMRM-NEG.d,,Find by MRM,,
233,DGJZT_BS_127_1,,,345.2,,,,,100,,,,7.716,,,3,0.126,6,,,,,Acq,,,,,,,,,,,,,,,30,,0225-DGJZT-DZ-DMRM-NEG.d,,Find by MRM,,
234,DGJZT_BS_128_2,,,503.2,,,,,100,,,,7.497,,,3,0.139,7,,,,,Acq,,,,,,,,,,,,,,,30,,0225-DGJZT-DZ-DMRM-NEG.d,,Find by MRM,,
235,DGJZT_BS_128_1,,,503.2,,,,,100,,,,7.581,,,2,0.107,4,,,,,Acq,,,,,,,,,,,,,,,30,,0225-DGJZT-DZ-DMRM-NEG.d,,Find by MRM,,
236,DGJZT_CGC_66_1,,,431.1,,,,,100,,,,7.774,,,7,0.157,20,,,,,Acq,,,,,,,,,,,,,,,30,,0225-DGJZT-DZ-DMRM-NEG.d,,Find by MRM,,
237,DGJZT_CGC_67_1,,,459.1,,,,,100,,,,8.132,,,4,0.087,8,,,,,Acq,,,,,,,,,,,,,,,30,,0225-DGJZT-DZ-DMRM-NEG.d,,Find by MRM,,
238,DGJZT_CGC_67_2,,,459.1,,,,,100,,,,7.908,,,2,0.147,5,,,,,Acq,,,,,,,,,,,,,,,30,,0225-DGJZT-DZ-DMRM-NEG.d,,Find by MRM,,
239,DGJZT_DZ_37_3,,,671.3,,,,,100,,,,7.96,,,1993,0.333,16110,,,,,Acq,,,,,,,,,,,,,,,30,,0225-DGJZT-DZ-DMRM-NEG.d,,Find by MRM,,
240,DGJZT_DZ_37_2,,,671.3,,,,,100,,,,7.96,,,1639,0.377,16572,,,,,Acq,,,,,,,,,,,,,,,30,,0225-DGJZT-DZ-DMRM-NEG.d,,Find by MRM,,
241,DGJZT_DZ_37_1,,,671.3,,,,,100,,,,7.985,,,226,0.249,1621,,,,,Acq,,,,,,,,,,,,,,,30,,0225-DGJZT-DZ-DMRM-NEG.d,,Find by MRM,,
242,DGJZT_BS_130_1,,,645.2,,,,,100,,,,8.011,,,0,0.133,0,,,,,Acq,,,,,,,,,,,,,,,30,,0225-DGJZT-DZ-DMRM-NEG.d,,Find by MRM,,
243,DGJZT_CGC_69_1,,,433.1,,,,,100,,,,8,,,4,0.117,12,,,,,Acq,,,,,,,,,,,,,,,30,,0225-DGJZT-DZ-DMRM-NEG.d,,Find by MRM,,
244,DGJZT_DG_68_2,,,515.1,,,,,100,,,,8.247,,,3,0.096,11,,,,,Acq,,,,,,,,,,,,,,,30,,0225-DGJZT-DZ-DMRM-NEG.d,,Find by MRM,,
245,DGJZT_DG_68_1,,,515.1,,,,,100,,,,8.089,,,2,0.068,4,,,,,Acq,,,,,,,,,,,,,,,30,,0225-DGJZT-DZ-DMRM-NEG.d,,Find by MRM,,
246,DGJZT_DG_68_3,,,515.1,,,,,100,,,,8.157,,,2,0.118,5,,,,,Acq,,,,,,,,,,,,,,,30,,0225-DGJZT-DZ-DMRM-NEG.d,,Find by MRM,,
247,DGJZT_BS_132_1,,,525.2,,,,,100,,,,8.104,,,18,0.466,189,,,,,Acq,,,,,,,,,,,,,,,30,,0225-DGJZT-DZ-DMRM-NEG.d,,Find by MRM,,
248,DGJZT_BS_132_3,,,525.2,,,,,100,,,,8.13,,,8,0.161,47,,,,,Acq,,,,,,,,,,,,,,,30,,0225-DGJZT-DZ-DMRM-NEG.d,,Find by MRM,,
249,DGJZT_BS_134_1,,,509.2,,,,,100,,,,8.2,,,2,0.126,6,,,,,Acq,,,,,,,,,,,,,,,30,,0225-DGJZT-DZ-DMRM-NEG.d,,Find by MRM,,
250,DGJZT_CGC_71_1,,,301.1,,,,,100,,,,8.218,,,3,0.159,23,,,,,Acq,,,,,,,,,,,,,,,30,,0225-DGJZT-DZ-DMRM-NEG.d,,Find by MRM,,
251,DGJZT_CGC_76_1,,,561.2,,,,,100,,,,8.556,,,6,0.083,12,,,,,Acq,,,,,,,,,,,,,,,30,,0225-DGJZT-DZ-DMRM-NEG.d,,Find by MRM,,
252,DGJZT_CGC_76_2,,,561.2,,,,,100,,,,8.69,,,0,0.199,1,,,,,Acq,,,,,,,,,,,,,,,30,,0225-DGJZT-DZ-DMRM-NEG.d,,Find by MRM,,
253,DGJZT_GZ_20_2,,,361.2,,,,,100,,,,8.551,,,30,0.302,230,,,,,Acq,,,,,,,,,,,,,,,30,,0225-DGJZT-DZ-DMRM-NEG.d,,Find by MRM,,
254,DGJZT_CGC_80_1,,,549.2,,,,,100,,,,8.591,,,9,0.209,44,,,,,Acq,,,,,,,,,,,,,,,30,,0225-DGJZT-DZ-DMRM-NEG.d,,Find by MRM,,
255,DGJZT_CGC_80_2,,,549.2,,,,,100,,,,8.541,,,3,0.169,9,,,,,Acq,,,,,,,,,,,,,,,30,,0225-DGJZT-DZ-DMRM-NEG.d,,Find by MRM,,
256,DGJZT_GZ_20_1,,,361.2,,,,,100,,,,8.552,,,11,0.152,46,,,,,Acq,,,,,,,,,,,,,,,30,,0225-DGJZT-DZ-DMRM-NEG.d,,Find by MRM,,
257,DGJZT_CGC_83_1,,,591.2,,,,,100,,,,8.815,,,2,0.236,13,,,,,Acq,,,,,,,,,,,,,,,30,,0225-DGJZT-DZ-DMRM-NEG.d,,Find by MRM,,
258,DGJZT_CGC_83_2,,,591.2,,,,,100,,,,8.495,,,2,0.103,4,,,,,Acq,,,,,,,,,,,,,,,30,,0225-DGJZT-DZ-DMRM-NEG.d,,Find by MRM,,
259,DGJZT_BS_137_1,,,507.1,,,,,100,,,,8.776,,,4,0.142,10,,,,,Acq,,,,,,,,,,,,,,,30,,0225-DGJZT-DZ-DMRM-NEG.d,,Find by MRM,,
260,DGJZT_BS_138_3,,,783.2,,,,,100,,,,8.771,,,2,0.101,5,,,,,Acq,,,,,,,,,,,,,,,30,,0225-DGJZT-DZ-DMRM-NEG.d,,Find by MRM,,
261,DGJZT_BS_138_1,,,783.2,,,,,100,,,,8.889,,,0,0.143,1,,,,,Acq,,,,,,,,,,,,,,,30,,0225-DGJZT-DZ-DMRM-NEG.d,,Find by MRM,,
262,DGJZT_BS_139_1,,,631.2,,,,,100,,,,8.621,,,2,0.1,5,,,,,Acq,,,,,,,,,,,,,,,30,,0225-DGJZT-DZ-DMRM-NEG.d,,Find by MRM,,
263,DGJZT_BS_140_1,,,505.2,,,,,100,,,,8.785,,,4,0.125,12,,,,,Acq,,,,,,,,,,,,,,,30,,0225-DGJZT-DZ-DMRM-NEG.d,,Find by MRM,,
264,DGJZT_CGC_88_1,,,549.2,,,,,100,,,,8.892,,,3,0.059,5,,,,,Acq,,,,,,,,,,,,,,,30,,0225-DGJZT-DZ-DMRM-NEG.d,,Find by MRM,,
265,DGJZT_CGC_88_2,,,549.2,,,,,100,,,,8.943,,,1,0.092,3,,,,,Acq,,,,,,,,,,,,,,,30,,0225-DGJZT-DZ-DMRM-NEG.d,,Find by MRM,,
266,DGJZT_CGC_90_1,,,459.1,,,,,100,,,,8.986,,,3,0.137,10,,,,,Acq,,,,,,,,,,,,,,,30,,0225-DGJZT-DZ-DMRM-NEG.d,,Find by MRM,,
267,DGJZT_CGC_93_1,,,697.2,,,,,100,,,,8.99,,,0,0.134,0,,,,,Acq,,,,,,,,,,,,,,,30,,0225-DGJZT-DZ-DMRM-NEG.d,,Find by MRM,,
268,DGJZT_CGC_94_2,,,475.1,,,,,100,,,,9.034,,,27,0.131,89,,,,,Acq,,,,,,,,,,,,,,,30,,0225-DGJZT-DZ-DMRM-NEG.d,,Find by MRM,,
269,DGJZT_CGC_94_1,,,475.1,,,,,100,,,,8.953,,,5,0.117,14,,,,,Acq,,,,,,,,,,,,,,,30,,0225-DGJZT-DZ-DMRM-NEG.d,,Find by MRM,,
270,DGJZT_CGC_96_1,,,669.2,,,,,100,,,,8.966,,,0,0.242,1,,,,,Acq,,,,,,,,,,,,,,,30,,0225-DGJZT-DZ-DMRM-NEG.d,,Find by MRM,,
271,DGJZT_CGC_100_1,,,835.2,,,,,100,,,,8.98,,,0,0.251,2,,,,,Acq,,,,,,,,,,,,,,,30,,0225-DGJZT-DZ-DMRM-NEG.d,,Find by MRM,,
272,DGJZT_SJ_7_2,,,389.2,,,,,100,,,,9.261,,,3,0.091,7,,,,,Acq,,,,,,,,,,,,,,,30,,0225-DGJZT-DZ-DMRM-NEG.d,,Find by MRM,,
273,DGJZT_SJ_7_1,,,389.2,,,,,100,,,,9.022,,,2,0.131,11,,,,,Acq,,,,,,,,,,,,,,,30,,0225-DGJZT-DZ-DMRM-NEG.d,,Find by MRM,,
274,DGJZT_CGC_99_1,,,417.1,,,,,100,,,,9.053,,,11,0.136,53,,,,,Acq,,,,,,,,,,,,,,,30,,0225-DGJZT-DZ-DMRM-NEG.d,,Find by MRM,,
275,DGJZT_BS_143_1,,,615.2,,,,,100,,,,9.367,,,2,0.132,5,,,,,Acq,,,,,,,,,,,,,,,30,,0225-DGJZT-DZ-DMRM-NEG.d,,Find by MRM,,
276,DGJZT_DG_70_2,,,237.1,,,,,100,,,,9.187,,,4,0.125,9,,,,,Acq,,,,,,,,,,,,,,,30,,0225-DGJZT-DZ-DMRM-NEG.d,,Find by MRM,,
277,DGJZT_DG_69_1,,,193.1,,,,,100,,,,9.248,,,25,0.486,283,,,,,Acq,,,,,,,,,,,,,,,30,,0225-DGJZT-DZ-DMRM-NEG.d,,Find by MRM,,
278,DGJZT_DG_70_3,,,237.1,,,,,100,,,,9.337,,,6,0.125,17,,,,,Acq,,,,,,,,,,,,,,,30,,0225-DGJZT-DZ-DMRM-NEG.d,,Find by MRM,,
279,DGJZT_DG_69_2,,,193.1,,,,,100,,,,9.323,,,5,0.204,21,,,,,Acq,,,,,,,,,,,,,,,30,,0225-DGJZT-DZ-DMRM-NEG.d,,Find by MRM,,
280,DGJZT_DG_70_1,,,237.1,,,,,100,,,,9.305,,,12,0.144,44,,,,,Acq,,,,,,,,,,,,,,,30,,0225-DGJZT-DZ-DMRM-NEG.d,,Find by MRM,,
281,DGJZT_DG_69_3,,,193.1,,,,,100,,,,9.238,,,2,0.134,5,,,,,Acq,,,,,,,,,,,,,,,30,,0225-DGJZT-DZ-DMRM-NEG.d,,Find by MRM,,
282,DGJZT_CGC_106_1,,,695.2,,,,,100,,,,9.341,,,4,0.137,10,,,,,Acq,,,,,,,,,,,,,,,30,,0225-DGJZT-DZ-DMRM-NEG.d,,Find by MRM,,
283,DGJZT_CGC_106_2,,,695.2,,,,,100,,,,9.458,,,0,0.125,0,,,,,Acq,,,,,,,,,,,,,,,30,,0225-DGJZT-DZ-DMRM-NEG.d,,Find by MRM,,
284,DGJZT_BS_144_2,,,493.2,,,,,100,,,,9.284,,,23,0.133,120,,,,,Acq,,,,,,,,,,,,,,,30,,0225-DGJZT-DZ-DMRM-NEG.d,,Find by MRM,,
285,DGJZT_CGC_108_1,,,725.2,,,,,100,,,,9.407,,,2,0.083,4,,,,,Acq,,,,,,,,,,,,,,,30,,0225-DGJZT-DZ-DMRM-NEG.d,,Find by MRM,,
286,DGJZT_BS_144_1,,,493.2,,,,,100,,,,9.435,,,5,0.055,7,,,,,Acq,,,,,,,,,,,,,,,30,,0225-DGJZT-DZ-DMRM-NEG.d,,Find by MRM,,
287,DGJZT_BS_147_3,,,491.2,,,,,100,,,,9.511,,,2,0.105,4,,,,,Acq,,,,,,,,,,,,,,,30,,0225-DGJZT-DZ-DMRM-NEG.d,,Find by MRM,,
288,DGJZT_BS_147_1,,,491.2,,,,,100,,,,9.597,,,5,0.139,12,,,,,Acq,,,,,,,,,,,,,,,30,,0225-DGJZT-DZ-DMRM-NEG.d,,Find by MRM,,
289,DGJZT_DG_72_2,,,251.1,,,,,100,,,,9.521,,,2,0.162,6,,,,,Acq,,,,,,,,,,,,,,,30,,0225-DGJZT-DZ-DMRM-NEG.d,,Find by MRM,,
290,DGJZT_DG_72_1,,,251.1,,,,,100,,,,9.479,,,3,0.109,9,,,,,Acq,,,,,,,,,,,,,,,30,,0225-DGJZT-DZ-DMRM-NEG.d,,Find by MRM,,
291,DGJZT_DG_72_3,,,251.1,,,,,100,,,,9.691,,,3,0.092,5,,,,,Acq,,,,,,,,,,,,,,,30,,0225-DGJZT-DZ-DMRM-NEG.d,,Find by MRM,,
292,DGJZT_BS_147_2,,,491.2,,,,,100,,,,9.711,,,1,0.109,2,,,,,Acq,,,,,,,,,,,,,,,30,,0225-DGJZT-DZ-DMRM-NEG.d,,Find by MRM,,
293,DGJZT_BS_149_2,,,507.2,,,,,100,,,,9.643,,,1,0.1,2,,,,,Acq,,,,,,,,,,,,,,,30,,0225-DGJZT-DZ-DMRM-NEG.d,,Find by MRM,,
294,DGJZT_BS_149_1,,,507.2,,,,,100,,,,9.938,,,1,0.193,2,,,,,Acq,,,,,,,,,,,,,,,30,,0225-DGJZT-DZ-DMRM-NEG.d,,Find by MRM,,
295,DGJZT_CGC_113_2,,,591.2,,,,,100,,,,9.818,,,5,0.22,22,,,,,Acq,,,,,,,,,,,,,,,30,,0225-DGJZT-DZ-DMRM-NEG.d,,Find by MRM,,
296,DGJZT_BS_150_3,,,493.2,,,,,100,,,,9.872,,,7,0.193,19,,,,,Acq,,,,,,,,,,,,,,,30,,0225-DGJZT-DZ-DMRM-NEG.d,,Find by MRM,,
297,DGJZT_BS_150_1,,,493.2,,,,,100,,,,9.864,,,0,0.094,0,,,,,Acq,,,,,,,,,,,,,,,30,,0225-DGJZT-DZ-DMRM-NEG.d,,Find by MRM,,
298,DGJZT_GZ_24_1,,,263.1,,,,,100,,,,9.968,,,8,0.124,20,,,,,Acq,,,,,,,,,,,,,,,30,,0225-DGJZT-DZ-DMRM-NEG.d,,Find by MRM,,
299,DGJZT_BS_154_2,,,491.2,,,,,100,,,,9.84,,,0,0.173,1,,,,,Acq,,,,,,,,,,,,,,,30,,0225-DGJZT-DZ-DMRM-NEG.d,,Find by MRM,,
300,DGJZT_BS_153_1,,,445.2,,,,,100,,,,10.084,,,4,0.08,7,,,,,Acq,,,,,,,,,,,,,,,30,,0225-DGJZT-DZ-DMRM-NEG.d,,Find by MRM,,
301,DGJZT_GZ_24_2,,,263.1,,,,,100,,,,9.859,,,20,0.152,84,,,,,Acq,,,,,,,,,,,,,,,30,,0225-DGJZT-DZ-DMRM-NEG.d,,Find by MRM,,
302,DGJZT_BS_155_2,,,507.2,,,,,100,,,,9.854,,,1,0.295,8,,,,,Acq,,,,,,,,,,,,,,,30,,0225-DGJZT-DZ-DMRM-NEG.d,,Find by MRM,,
303,DGJZT_BS_154_3,,,491.2,,,,,100,,,,10.16,,,6,0.073,14,,,,,Acq,,,,,,,,,,,,,,,30,,0225-DGJZT-DZ-DMRM-NEG.d,,Find by MRM,,
304,DGJZT_BS_154_1,,,491.2,,,,,100,,,,10.033,,,6,0.084,13,,,,,Acq,,,,,,,,,,,,,,,30,,0225-DGJZT-DZ-DMRM-NEG.d,,Find by MRM,,
305,DGJZT_BS_153_2,,,445.2,,,,,100,,,,9.841,,,0,0.211,1,,,,,Acq,,,,,,,,,,,,,,,30,,0225-DGJZT-DZ-DMRM-NEG.d,,Find by MRM,,
306,DGJZT_BS_156_1,,,569.2,,,,,100,,,,9.987,,,5,0.143,11,,,,,Acq,,,,,,,,,,,,,,,30,,0225-DGJZT-DZ-DMRM-NEG.d,,Find by MRM,,
307,DGJZT_BS_156_2,,,569.2,,,,,100,,,,9.87,,,3,0.127,8,,,,,Acq,,,,,,,,,,,,,,,30,,0225-DGJZT-DZ-DMRM-NEG.d,,Find by MRM,,
308,DGJZT_BS_150_2,,,493.2,,,,,100,,,,10.201,,,2,0.076,4,,,,,Acq,,,,,,,,,,,,,,,30,,0225-DGJZT-DZ-DMRM-NEG.d,,Find by MRM,,
309,DGJZT_DG_73_2,,,429.1,,,,,100,,,,10.143,,,0,0.16,1,,,,,Acq,,,,,,,,,,,,,,,30,,0225-DGJZT-DZ-DMRM-NEG.d,,Find by MRM,,
310,DGJZT_BS_155_3,,,507.2,,,,,100,,,,10.005,,,4,0.186,11,,,,,Acq,,,,,,,,,,,,,,,30,,0225-DGJZT-DZ-DMRM-NEG.d,,Find by MRM,,
311,DGJZT_CGC_129_1,,,999.4,,,,,100,,,,10.061,,,3,0.1,5,,,,,Acq,,,,,,,,,,,,,,,30,,0225-DGJZT-DZ-DMRM-NEG.d,,Find by MRM,,
312,DGJZT_GZ_25_1,,,593.1,,,,,100,,,,10.19,,,4,0.136,15,,,,,Acq,,,,,,,,,,,,,,,30,,0225-DGJZT-DZ-DMRM-NEG.d,,Find by MRM,,
313,DGJZT_BS_157_1,,,567.2,,,,,100,,,,10.123,,,0,0.1,0,,,,,Acq,,,,,,,,,,,,,,,30,,0225-DGJZT-DZ-DMRM-NEG.d,,Find by MRM,,
314,DGJZT_BS_152_1,,,521.3,,,,,100,,,,10.14,,,0,0.162,1,,,,,Acq,,,,,,,,,,,,,,,30,,0225-DGJZT-DZ-DMRM-NEG.d,,Find by MRM,,
315,DGJZT_CGC_132_1,,,837.4,,,,,100,,,,10.298,,,2,0.113,5,,,,,Acq,,,,,,,,,,,,,,,30,,0225-DGJZT-DZ-DMRM-NEG.d,,Find by MRM,,
316,DGJZT_CGC_125_1,,,692.2,,,,,100,,,,10.112,,,0,0.117,1,,,,,Acq,,,,,,,,,,,,,,,30,,0225-DGJZT-DZ-DMRM-NEG.d,,Find by MRM,,
317,DGJZT_CGC_122_1,,,459.1,,,,,100,,,,9.983,,,0,0.104,1,,,,,Acq,,,,,,,,,,,,,,,30,,0225-DGJZT-DZ-DMRM-NEG.d,,Find by MRM,,
318,DGJZT_GZ_26_3,,,421.1,,,,,100,,,,10.102,,,4,0.144,9,,,,,Acq,,,,,,,,,,,,,,,30,,0225-DGJZT-DZ-DMRM-NEG.d,,Find by MRM,,
319,DGJZT_BS_160_1,,,507.2,,,,,100,,,,10.244,,,3,0.11,6,,,,,Acq,,,,,,,,,,,,,,,30,,0225-DGJZT-DZ-DMRM-NEG.d,,Find by MRM,,
320,DGJZT_CGC_148_1,,,835.4,,,,,100,,,,10.324,,,4,0.1,7,,,,,Acq,,,,,,,,,,,,,,,30,,0225-DGJZT-DZ-DMRM-NEG.d,,Find by MRM,,
321,DGJZT_BS_160_3,,,507.2,,,,,100,,,,10.235,,,1,0.093,1,,,,,Acq,,,,,,,,,,,,,,,30,,0225-DGJZT-DZ-DMRM-NEG.d,,Find by MRM,,
322,DGJZT_BS_160_2,,,507.2,,,,,100,,,,10.319,,,1,0.077,1,,,,,Acq,,,,,,,,,,,,,,,30,,0225-DGJZT-DZ-DMRM-NEG.d,,Find by MRM,,
323,DGJZT_CGC_150_1,,,695.2,,,,,100,,,,10.391,,,4,0.117,9,,,,,Acq,,,,,,,,,,,,,,,30,,0225-DGJZT-DZ-DMRM-NEG.d,,Find by MRM,,
324,DGJZT_CGC_152_1,,,953.5,,,,,100,,,,10.162,,,0,0.202,2,,,,,Acq,,,,,,,,,,,,,,,30,,0225-DGJZT-DZ-DMRM-NEG.d,,Find by MRM,,
325,DGJZT_CGC_151_1,,,725.2,,,,,100,,,,10.324,,,4,0.067,8,,,,,Acq,,,,,,,,,,,,,,,30,,0225-DGJZT-DZ-DMRM-NEG.d,,Find by MRM,,
326,DGJZT_CGC_156_1,,,895.4,,,,,100,,,,10.356,,,4,0.116,9,,,,,Acq,,,,,,,,,,,,,,,30,,0225-DGJZT-DZ-DMRM-NEG.d,,Find by MRM,,
327,DGJZT_CGC_161_1,,,853.4,,,,,100,,,,10.406,,,3,0.177,12,,,,,Acq,,,,,,,,,,,,,,,30,,0225-DGJZT-DZ-DMRM-NEG.d,,Find by MRM,,
328,DGJZT_CGC_163_1,,,983.5,,,,,100,,,,10.405,,,6,0.134,15,,,,,Acq,,,,,,,,,,,,,,,30,,0225-DGJZT-DZ-DMRM-NEG.d,,Find by MRM,,
329,DGJZT_CGC_163_2,,,983.5,,,,,100,,,,10.439,,,4,0.121,8,,,,,Acq,,,,,,,,,,,,,,,30,,0225-DGJZT-DZ-DMRM-NEG.d,,Find by MRM,,
330,DGJZT_BS_159_1,,,597.2,,,,,100,,,,10.47,,,3,0.068,7,,,,,Acq,,,,,,,,,,,,,,,30,,0225-DGJZT-DZ-DMRM-NEG.d,,Find by MRM,,
331,DGJZT_CGC_175_1,,,669.2,,,,,100,,,,10.585,,,4,0.157,14,,,,,Acq,,,,,,,,,,,,,,,30,,0225-DGJZT-DZ-DMRM-NEG.d,,Find by MRM,,
332,DGJZT_BS_164_3,,,661.3,,,,,100,,,,10.602,,,2,0.16,5,,,,,Acq,,,,,,,,,,,,,,,30,,0225-DGJZT-DZ-DMRM-NEG.d,,Find by MRM,,
333,DGJZT_BS_164_1,,,661.3,,,,,100,,,,10.695,,,1,0.087,2,,,,,Acq,,,,,,,,,,,,,,,30,,0225-DGJZT-DZ-DMRM-NEG.d,,Find by MRM,,
334,DGJZT_BS_164_2,,,661.3,,,,,100,,,,10.492,,,0,0.158,0,,,,,Acq,,,,,,,,,,,,,,,30,,0225-DGJZT-DZ-DMRM-NEG.d,,Find by MRM,,
335,DGJZT_BS_162_3,,,629.2,,,,,100,,,,10.737,,,9,0.138,35,,,,,Acq,,,,,,,,,,,,,,,30,,0225-DGJZT-DZ-DMRM-NEG.d,,Find by MRM,,
336,DGJZT_BS_162_1,,,629.2,,,,,100,,,,10.721,,,60,0.201,313,,,,,Acq,,,,,,,,,,,,,,,30,,0225-DGJZT-DZ-DMRM-NEG.d,,Find by MRM,,
337,DGJZT_BS_167_3,,,629.2,,,,,100,,,,10.904,,,7,0.165,28,,,,,Acq,,,,,,,,,,,,,,,30,,0225-DGJZT-DZ-DMRM-NEG.d,,Find by MRM,,
338,DGJZT_BS_167_1,,,629.2,,,,,100,,,,10.722,,,40,0.208,268,,,,,Acq,,,,,,,,,,,,,,,30,,0225-DGJZT-DZ-DMRM-NEG.d,,Find by MRM,,
339,DGJZT_BS_166_1,,,553.2,,,,,100,,,,10.889,,,2,0.149,4,,,,,Acq,,,,,,,,,,,,,,,30,,0225-DGJZT-DZ-DMRM-NEG.d,,Find by MRM,,
340,DGJZT_CGC_190_1,,,879.4,,,,,100,,,,10.782,,,11,0.134,35,,,,,Acq,,,,,,,,,,,,,,,30,,0225-DGJZT-DZ-DMRM-NEG.d,,Find by MRM,,
341,DGJZT_CGC_190_3,,,879.4,,,,,100,,,,10.524,,,0,0.068,0,,,,,Acq,,,,,,,,,,,,,,,30,,0225-DGJZT-DZ-DMRM-NEG.d,,Find by MRM,,
342,DGJZT_CGC_200_1,,,837.4,,,,,100,,,,10.977,,,9,0.101,32,,,,,Acq,,,,,,,,,,,,,,,30,,0225-DGJZT-DZ-DMRM-NEG.d,,Find by MRM,,
343,DGJZT_CGC_200_3,,,837.4,,,,,100,,,,10.927,,,7,0.134,18,,,,,Acq,,,,,,,,,,,,,,,30,,0225-DGJZT-DZ-DMRM-NEG.d,,Find by MRM,,
344,DGJZT_CGC_200_2,,,837.4,,,,,100,,,,10.809,,,3,0.101,7,,,,,Acq,,,,,,,,,,,,,,,30,,0225-DGJZT-DZ-DMRM-NEG.d,,Find by MRM,,
345,DGJZT_CGC_207_1,,,1027.5,,,,,100,,,,11.066,,,0,0.243,2,,,,,Acq,,,,,,,,,,,,,,,30,,0225-DGJZT-DZ-DMRM-NEG.d,,Find by MRM,,
346,DGJZT_CGC_209_1,,,835.4,,,,,100,,,,10.936,,,2,0.101,5,,,,,Acq,,,,,,,,,,,,,,,30,,0225-DGJZT-DZ-DMRM-NEG.d,,Find by MRM,,
347,DGJZT_CGC_218_1,,,865.4,,,,,100,,,,11.109,,,0,0.276,3,,,,,Acq,,,,,,,,,,,,,,,30,,0225-DGJZT-DZ-DMRM-NEG.d,,Find by MRM,,
348,DGJZT_SJ_9_2,,,433.2,,,,,100,,,,11.014,,,3,0.099,6,,,,,Acq,,,,,,,,,,,,,,,30,,0225-DGJZT-DZ-DMRM-NEG.d,,Find by MRM,,
349,DGJZT_CGC_213_1,,,807.4,,,,,100,,,,10.961,,,3,0.101,6,,,,,Acq,,,,,,,,,,,,,,,30,,0225-DGJZT-DZ-DMRM-NEG.d,,Find by MRM,,
350,DGJZT_CGC_217_1,,,297,,,,,100,,,,11.2,,,4,0.101,9,,,,,Acq,,,,,,,,,,,,,,,30,,0225-DGJZT-DZ-DMRM-NEG.d,,Find by MRM,,
351,DGJZT_CGC_224_1,,,881.4,,,,,100,,,,11.143,,,4,0.118,10,,,,,Acq,,,,,,,,,,,,,,,30,,0225-DGJZT-DZ-DMRM-NEG.d,,Find by MRM,,
352,DGJZT_DG_79_2,,,571.1,,,,,100,,,,11.105,,,7,0.101,20,,,,,Acq,,,,,,,,,,,,,,,30,,0225-DGJZT-DZ-DMRM-NEG.d,,Find by MRM,,
353,DGJZT_DG_77_2,,,355.1,,,,,100,,,,11.358,,,0,0.067,1,,,,,Acq,,,,,,,,,,,,,,,30,,0225-DGJZT-DZ-DMRM-NEG.d,,Find by MRM,,
354,DGJZT_DG_77_3,,,355.1,,,,,100,,,,11.375,,,0,0.229,1,,,,,Acq,,,,,,,,,,,,,,,30,,0225-DGJZT-DZ-DMRM-NEG.d,,Find by MRM,,
355,DGJZT_DG_77_1,,,355.1,,,,,100,,,,11.056,,,2,0.082,4,,,,,Acq,,,,,,,,,,,,,,,30,,0225-DGJZT-DZ-DMRM-NEG.d,,Find by MRM,,
356,DGJZT_CGC_229_1,,,837.4,,,,,100,,,,11.178,,,24,0.201,143,,,,,Acq,,,,,,,,,,,,,,,30,,0225-DGJZT-DZ-DMRM-NEG.d,,Find by MRM,,
357,DGJZT_CGC_229_3,,,837.4,,,,,100,,,,11.455,,,7,0.067,16,,,,,Acq,,,,,,,,,,,,,,,30,,0225-DGJZT-DZ-DMRM-NEG.d,,Find by MRM,,
358,DGJZT_DG_79_1,,,571.1,,,,,100,,,,11.374,,,7,0.11,15,,,,,Acq,,,,,,,,,,,,,,,30,,0225-DGJZT-DZ-DMRM-NEG.d,,Find by MRM,,
359,DGJZT_CGC_229_2,,,837.4,,,,,100,,,,11.093,,,2,0.127,5,,,,,Acq,,,,,,,,,,,,,,,30,,0225-DGJZT-DZ-DMRM-NEG.d,,Find by MRM,,
360,DGJZT_CGC_238_1,,,819.4,,,,,100,,,,11.389,,,4,0.135,14,,,,,Acq,,,,,,,,,,,,,,,30,,0225-DGJZT-DZ-DMRM-NEG.d,,Find by MRM,,
361,DGJZT_CGC_238_3,,,819.4,,,,,100,,,,11.313,,,0,0.092,1,,,,,Acq,,,,,,,,,,,,,,,30,,0225-DGJZT-DZ-DMRM-NEG.d,,Find by MRM,,
362,DGJZT_CGC_238_2,,,819.4,,,,,100,,,,11.339,,,0,0.153,1,,,,,Acq,,,,,,,,,,,,,,,30,,0225-DGJZT-DZ-DMRM-NEG.d,,Find by MRM,,
363,DGJZT_GZ_28_2,,,311.1,,,,,100,,,,11.3,,,5,0.101,10,,,,,Acq,,,,,,,,,,,,,,,30,,0225-DGJZT-DZ-DMRM-NEG.d,,Find by MRM,,
364,DGJZT_GZ_28_1,,,311.1,,,,,100,,,,11.333,,,6,0.092,11,,,,,Acq,,,,,,,,,,,,,,,30,,0225-DGJZT-DZ-DMRM-NEG.d,,Find by MRM,,
365,DGJZT_CGC_240_1,,,967.5,,,,,100,,,,11.302,,,11,0.108,23,,,,,Acq,,,,,,,,,,,,,,,30,,0225-DGJZT-DZ-DMRM-NEG.d,,Find by MRM,,
366,DGJZT_CGC_244_1,,,791.4,,,,,100,,,,11.28,,,0,0.101,1,,,,,Acq,,,,,,,,,,,,,,,30,,0225-DGJZT-DZ-DMRM-NEG.d,,Find by MRM,,
367,DGJZT_BS_174_1,,,665.4,,,,,100,,,,11.129,,,5,0.076,8,,,,,Acq,,,,,,,,,,,,,,,30,,0225-DGJZT-DZ-DMRM-NEG.d,,Find by MRM,,
368,DGJZT_SJ_10_3,,,431.2,,,,,100,,,,11.434,,,1,0.083,3,,,,,Acq,,,,,,,,,,,,,,,30,,0225-DGJZT-DZ-DMRM-NEG.d,,Find by MRM,,
369,DGJZT_CGC_254_1,,,985.5,,,,,100,,,,11.402,,,8,0.134,19,,,,,Acq,,,,,,,,,,,,,,,30,,0225-DGJZT-DZ-DMRM-NEG.d,,Find by MRM,,
370,DGJZT_CGC_254_3,,,985.5,,,,,100,,,,11.293,,,0,0.174,1,,,,,Acq,,,,,,,,,,,,,,,30,,0225-DGJZT-DZ-DMRM-NEG.d,,Find by MRM,,
371,DGJZT_CGC_251_1,,,911.4,,,,,100,,,,11.277,,,0,0.052,0,,,,,Acq,,,,,,,,,,,,,,,30,,0225-DGJZT-DZ-DMRM-NEG.d,,Find by MRM,,
372,DGJZT_CGC_248_1,,,863.4,,,,,100,,,,11.521,,,0,0.152,1,,,,,Acq,,,,,,,,,,,,,,,30,,0225-DGJZT-DZ-DMRM-NEG.d,,Find by MRM,,
373,DGJZT_CGC_250_1,,,837.4,,,,,100,,,,11.219,,,23,0.21,134,,,,,Acq,,,,,,,,,,,,,,,30,,0225-DGJZT-DZ-DMRM-NEG.d,,Find by MRM,,
374,DGJZT_CGC_250_3,,,837.4,,,,,100,,,,11.261,,,8,0.1,16,,,,,Acq,,,,,,,,,,,,,,,30,,0225-DGJZT-DZ-DMRM-NEG.d,,Find by MRM,,
375,DGJZT_SJ_10_1,,,431.2,,,,,100,,,,11.332,,,13,0.153,35,,,,,Acq,,,,,,,,,,,,,,,30,,0225-DGJZT-DZ-DMRM-NEG.d,,Find by MRM,,
376,DGJZT_SJ_10_2,,,431.2,,,,,100,,,,11.567,,,3,0.121,7,,,,,Acq,,,,,,,,,,,,,,,30,,0225-DGJZT-DZ-DMRM-NEG.d,,Find by MRM,,
377,DGJZT_CGC_250_2,,,837.4,,,,,100,,,,11.539,,,6,0.149,15,,,,,Acq,,,,,,,,,,,,,,,30,,0225-DGJZT-DZ-DMRM-NEG.d,,Find by MRM,,
378,DGJZT_CGC_259_1,,,299.1,,,,,100,,,,11.603,,,8,0.1,17,,,,,Acq,,,,,,,,,,,,,,,30,,0225-DGJZT-DZ-DMRM-NEG.d,,Find by MRM,,
379,DGJZT_CGC_264_3,,,821.4,,,,,100,,,,11.506,,,18,0.083,61,,,,,Acq,,,,,,,,,,,,,,,30,,0225-DGJZT-DZ-DMRM-NEG.d,,Find by MRM,,
380,DGJZT_BS_175_1,,,735.2,,,,,100,,,,11.5,,,4,0.101,8,,,,,Acq,,,,,,,,,,,,,,,30,,0225-DGJZT-DZ-DMRM-NEG.d,,Find by MRM,,
381,DGJZT_CGC_264_1,,,821.4,,,,,100,,,,11.522,,,180,0.244,1177,,,,,Acq,,,,,,,,,,,,,,,30,,0225-DGJZT-DZ-DMRM-NEG.d,,Find by MRM,,
382,DGJZT_CGC_285_1,,,969.5,,,,,100,,,,11.855,,,4,0.126,8,,,,,Acq,,,,,,,,,,,,,,,30,,0225-DGJZT-DZ-DMRM-NEG.d,,Find by MRM,,
383,DGJZT_CGC_282_1,,,955.5,,,,,100,,,,11.788,,,4,0.092,7,,,,,Acq,,,,,,,,,,,,,,,30,,0225-DGJZT-DZ-DMRM-NEG.d,,Find by MRM,,
384,DGJZT_CGC_289_2,,,807.4,,,,,100,,,,11.783,,,14,0.096,32,,,,,Acq,,,,,,,,,,,,,,,30,,0225-DGJZT-DZ-DMRM-NEG.d,,Find by MRM,,
385,DGJZT_DG_80_3,,,399.1,,,,,100,,,,11.758,,,8,0.059,17,,,,,Acq,,,,,,,,,,,,,,,30,,0225-DGJZT-DZ-DMRM-NEG.d,,Find by MRM,,
386,DGJZT_DG_80_2,,,399.1,,,,,100,,,,11.825,,,5,0.088,10,,,,,Acq,,,,,,,,,,,,,,,30,,0225-DGJZT-DZ-DMRM-NEG.d,,Find by MRM,,
387,DGJZT_CGC_278_1,,,255.1,,,,,100,,,,11.871,,,43,0.201,273,,,,,Acq,,,,,,,,,,,,,,,30,,0225-DGJZT-DZ-DMRM-NEG.d,,Find by MRM,,
388,DGJZT_CGC_289_3,,,807.4,,,,,100,,,,11.899,,,3,0.159,7,,,,,Acq,,,,,,,,,,,,,,,30,,0225-DGJZT-DZ-DMRM-NEG.d,,Find by MRM,,
389,DGJZT_DG_80_1,,,399.1,,,,,100,,,,11.892,,,6,0.117,16,,,,,Acq,,,,,,,,,,,,,,,30,,0225-DGJZT-DZ-DMRM-NEG.d,,Find by MRM,,
390,DGJZT_CGC_293_1,,,821.4,,,,,100,,,,11.906,,,38,0.092,116,,,,,Acq,,,,,,,,,,,,,,,30,,0225-DGJZT-DZ-DMRM-NEG.d,,Find by MRM,,
391,DGJZT_CGC_293_3,,,821.4,,,,,100,,,,12.032,,,12,0.088,29,,,,,Acq,,,,,,,,,,,,,,,30,,0225-DGJZT-DZ-DMRM-NEG.d,,Find by MRM,,
392,DGJZT_CGC_293_2,,,821.4,,,,,100,,,,11.624,,,10,0.108,31,,,,,Acq,,,,,,,,,,,,,,,30,,0225-DGJZT-DZ-DMRM-NEG.d,,Find by MRM,,
393,DGJZT_DG_81_2,,,357.1,,,,,100,,,,11.768,,,1,0.082,3,,,,,Acq,,,,,,,,,,,,,,,30,,0225-DGJZT-DZ-DMRM-NEG.d,,Find by MRM,,
394,DGJZT_CGC_291_1,,,267.1,,,,,100,,,,11.997,,,15,0.109,48,,,,,Acq,,,,,,,,,,,,,,,30,,0225-DGJZT-DZ-DMRM-NEG.d,,Find by MRM,,
395,DGJZT_CGC_291_2,,,267.1,,,,,100,,,,12.064,,,16,0.076,35,,,,,Acq,,,,,,,,,,,,,,,30,,0225-DGJZT-DZ-DMRM-NEG.d,,Find by MRM,,
396,DGJZT_CGC_291_3,,,267.1,,,,,100,,,,11.913,,,7,0.124,21,,,,,Acq,,,,,,,,,,,,,,,30,,0225-DGJZT-DZ-DMRM-NEG.d,,Find by MRM,,
397,DGJZT_DG_81_1,,,357.1,,,,,100,,,,11.909,,,6,0.176,20,,,,,Acq,,,,,,,,,,,,,,,30,,0225-DGJZT-DZ-DMRM-NEG.d,,Find by MRM,,
398,DGJZT_CGC_301_1,,,939.5,,,,,100,,,,11.956,,,0,0.058,0,,,,,Acq,,,,,,,,,,,,,,,30,,0225-DGJZT-DZ-DMRM-NEG.d,,Find by MRM,,
399,DGJZT_CGC_305_1,,,823.4,,,,,100,,,,12.065,,,17,0.118,56,,,,,Acq,,,,,,,,,,,,,,,30,,0225-DGJZT-DZ-DMRM-NEG.d,,Find by MRM,,
400,DGJZT_DG_87_3,,,517.2,,,,,100,,,,12.125,,,0,0.268,3,,,,,Acq,,,,,,,,,,,,,,,30,,0225-DGJZT-DZ-DMRM-NEG.d,,Find by MRM,,
401,DGJZT_SJ_12_1,,,475.2,,,,,100,,,,12,,,5,0.133,16,,,,,Acq,,,,,,,,,,,,,,,30,,0225-DGJZT-DZ-DMRM-NEG.d,,Find by MRM,,
402,DGJZT_GZ_31_1,,,325.1,,,,,100,,,,12.312,,,92,0.102,222,,,,,Acq,,,,,,,,,,,,,,,30,,0225-DGJZT-DZ-DMRM-NEG.d,,Find by MRM,,
403,DGJZT_GZ_31_2,,,325.1,,,,,100,,,,12.153,,,6,0.126,13,,,,,Acq,,,,,,,,,,,,,,,30,,0225-DGJZT-DZ-DMRM-NEG.d,,Find by MRM,,
404,DGJZT_DG_89_3,,,313.1,,,,,100,,,,12.137,,,0,0.159,1,,,,,Acq,,,,,,,,,,,,,,,30,,0225-DGJZT-DZ-DMRM-NEG.d,,Find by MRM,,
405,DGJZT_GZ_29_1,,,295.1,,,,,100,,,,12.205,,,2,0.118,4,,,,,Acq,,,,,,,,,,,,,,,30,,0225-DGJZT-DZ-DMRM-NEG.d,,Find by MRM,,
406,DGJZT_GZ_29_2,,,295.1,,,,,100,,,,11.955,,,5,0.109,12,,,,,Acq,,,,,,,,,,,,,,,30,,0225-DGJZT-DZ-DMRM-NEG.d,,Find by MRM,,
407,DGJZT_CGC_305_3,,,823.4,,,,,100,,,,12.175,,,4,0.109,9,,,,,Acq,,,,,,,,,,,,,,,30,,0225-DGJZT-DZ-DMRM-NEG.d,,Find by MRM,,
408,DGJZT_CGC_310_1,,,777.4,,,,,100,,,,11.899,,,0,0.162,1,,,,,Acq,,,,,,,,,,,,,,,30,,0225-DGJZT-DZ-DMRM-NEG.d,,Find by MRM,,
409,DGJZT_DG_90_1,,,357.1,,,,,100,,,,12.286,,,4,0.08,7,,,,,Acq,,,,,,,,,,,,,,,30,,0225-DGJZT-DZ-DMRM-NEG.d,,Find by MRM,,
410,DGJZT_GZ_31_3,,,325.1,,,,,100,,,,11.91,,,0,0.08,1,,,,,Acq,,,,,,,,,,,,,,,30,,0225-DGJZT-DZ-DMRM-NEG.d,,Find by MRM,,
411,DGJZT_DG_88_3,,,383.2,,,,,100,,,,12.218,,,0,0.119,1,,,,,Acq,,,,,,,,,,,,,,,30,,0225-DGJZT-DZ-DMRM-NEG.d,,Find by MRM,,
412,DGJZT_GZ_32_2,,,313.2,,,,,100,,,,12.178,,,11,0.14,43,,,,,Acq,,,,,,,,,,,,,,,30,,0225-DGJZT-DZ-DMRM-NEG.d,,Find by MRM,,
413,DGJZT_DG_89_1,,,313.1,,,,,100,,,,12.213,,,9,0.151,31,,,,,Acq,,,,,,,,,,,,,,,30,,0225-DGJZT-DZ-DMRM-NEG.d,,Find by MRM,,
414,DGJZT_DG_89_2,,,313.1,,,,,100,,,,12.137,,,0,0.192,1,,,,,Acq,,,,,,,,,,,,,,,30,,0225-DGJZT-DZ-DMRM-NEG.d,,Find by MRM,,
415,DGJZT_CGC_313_1,,,369.1,,,,,100,,,,12.277,,,6,0.143,14,,,,,Acq,,,,,,,,,,,,,,,30,,0225-DGJZT-DZ-DMRM-NEG.d,,Find by MRM,,
416,DGJZT_DG_90_2,,,357.1,,,,,100,,,,12.001,,,6,0.087,10,,,,,Acq,,,,,,,,,,,,,,,30,,0225-DGJZT-DZ-DMRM-NEG.d,,Find by MRM,,
417,DGJZT_GZ_32_1,,,313.2,,,,,100,,,,12.238,,,9,0.109,20,,,,,Acq,,,,,,,,,,,,,,,30,,0225-DGJZT-DZ-DMRM-NEG.d,,Find by MRM,,
418,DGJZT_DG_91_2,,,205.1,,,,,100,,,,12.173,,,0,0.075,0,,,,,Acq,,,,,,,,,,,,,,,30,,0225-DGJZT-DZ-DMRM-NEG.d,,Find by MRM,,
419,DGJZT_DG_91_1,,,205.1,,,,,100,,,,12.115,,,0,0.272,2,,,,,Acq,,,,,,,,,,,,,,,30,,0225-DGJZT-DZ-DMRM-NEG.d,,Find by MRM,,
420,DGJZT_CGC_314_1,,,805.4,,,,,100,,,,12.293,,,10,0.075,26,,,,,Acq,,,,,,,,,,,,,,,30,,0225-DGJZT-DZ-DMRM-NEG.d,,Find by MRM,,
421,DGJZT_CGC_314_3,,,805.4,,,,,100,,,,12.243,,,6,0.118,15,,,,,Acq,,,,,,,,,,,,,,,30,,0225-DGJZT-DZ-DMRM-NEG.d,,Find by MRM,,
422,DGJZT_SJ_13_1,,,355.2,,,,,100,,,,12.362,,,0,0.238,1,,,,,Acq,,,,,,,,,,,,,,,30,,0225-DGJZT-DZ-DMRM-NEG.d,,Find by MRM,,
423,DGJZT_GZ_33_2,,,265.1,,,,,100,,,,12.248,,,5,0.143,12,,,,,Acq,,,,,,,,,,,,,,,30,,0225-DGJZT-DZ-DMRM-NEG.d,,Find by MRM,,
424,DGJZT_GZ_33_3,,,265.1,,,,,100,,,,12.474,,,3,0.118,6,,,,,Acq,,,,,,,,,,,,,,,30,,0225-DGJZT-DZ-DMRM-NEG.d,,Find by MRM,,
425,DGJZT_DG_92_1,,,203.1,,,,,100,,,,12.484,,,4,0.167,35,,,,,Acq,,,,,,,,,,,,,,,30,,0225-DGJZT-DZ-DMRM-NEG.d,,Find by MRM,,
426,DGJZT_DG_92_2,,,203.1,,,,,100,,,,12.61,,,24,0.067,54,,,,,Acq,,,,,,,,,,,,,,,30,,0225-DGJZT-DZ-DMRM-NEG.d,,Find by MRM,,
427,DGJZT_DG_92_3,,,203.1,,,,,100,,,,12.493,,,3,0.151,21,,,,,Acq,,,,,,,,,,,,,,,30,,0225-DGJZT-DZ-DMRM-NEG.d,,Find by MRM,,
428,DGJZT_GZ_33_1,,,265.1,,,,,100,,,,12.626,,,4,0.017,2,,,,,Acq,,,,,,,,,,,,,,,30,,0225-DGJZT-DZ-DMRM-NEG.d,,Find by MRM,,
429,DGJZT_CGC_324_1,,,805.4,,,,,100,,,,12.301,,,12,0.059,27,,,,,Acq,,,,,,,,,,,,,,,30,,0225-DGJZT-DZ-DMRM-NEG.d,,Find by MRM,,
430,DGJZT_CGC_325_1,,,353.1,,,,,100,,,,12.555,,,15,0.192,73,,,,,Acq,,,,,,,,,,,,,,,30,,0225-DGJZT-DZ-DMRM-NEG.d,,Find by MRM,,
431,DGJZT_DZ_45_1,,,517.3,,,,,100,,,,12.73,,,370,0.358,2949,,,,,Acq,,,,,,,,,,,,,,,30,,0225-DGJZT-DZ-DMRM-NEG.d,,Find by MRM,,
432,DGJZT_CGC_336_1,,,367.1,,,,,100,,,,12.78,,,107,0.286,731,,,,,Acq,,,,,,,,,,,,,,,30,,0225-DGJZT-DZ-DMRM-NEG.d,,Find by MRM,,
433,DGJZT_CGC_336_2,,,367.1,,,,,100,,,,12.797,,,38,0.247,231,,,,,Acq,,,,,,,,,,,,,,,30,,0225-DGJZT-DZ-DMRM-NEG.d,,Find by MRM,,
434,DGJZT_CGC_336_3,,,367.1,,,,,100,,,,12.823,,,7,0.15,19,,,,,Acq,,,,,,,,,,,,,,,30,,0225-DGJZT-DZ-DMRM-NEG.d,,Find by MRM,,
435,DGJZT_DZ_46_2,,,287.2,,,,,100,,,,12.752,,,112,0.189,725,,,,,Acq,,,,,,,,,,,,,,,30,,0225-DGJZT-DZ-DMRM-NEG.d,,Find by MRM,,
436,DGJZT_CGC_337_1,,,323.1,,,,,100,,,,12.827,,,1,0.155,4,,,,,Acq,,,,,,,,,,,,,,,30,,0225-DGJZT-DZ-DMRM-NEG.d,,Find by MRM,,
437,DGJZT_CGC_338_2,,,355.1,,,,,100,,,,12.891,,,15,0.106,39,,,,,Acq,,,,,,,,,,,,,,,30,,0225-DGJZT-DZ-DMRM-NEG.d,,Find by MRM,,
438,DGJZT_CGC_338_3,,,355.1,,,,,100,,,,12.908,,,6,0.216,27,,,,,Acq,,,,,,,,,,,,,,,30,,0225-DGJZT-DZ-DMRM-NEG.d,,Find by MRM,,
439,DGJZT_CGC_338_1,,,355.1,,,,,100,,,,12.867,,,24,0.288,157,,,,,Acq,,,,,,,,,,,,,,,30,,0225-DGJZT-DZ-DMRM-NEG.d,,Find by MRM,,
440,DGJZT_CGC_344_1,,,805.4,,,,,100,,,,12.737,,,1,0.147,3,,,,,Acq,,,,,,,,,,,,,,,30,,0225-DGJZT-DZ-DMRM-NEG.d,,Find by MRM,,
441,DGJZT_CGC_341_1,,,711.3,,,,,100,,,,13.056,,,0,0.201,1,,,,,Acq,,,,,,,,,,,,,,,30,,0225-DGJZT-DZ-DMRM-NEG.d,,Find by MRM,,
442,DGJZT_CGC_346_1,,,369.1,,,,,100,,,,12.997,,,16,0.493,166,,,,,Acq,,,,,,,,,,,,,,,30,,0225-DGJZT-DZ-DMRM-NEG.d,,Find by MRM,,
443,DGJZT_CGC_347_2,,,351.1,,,,,100,,,,13.058,,,8,0.076,18,,,,,Acq,,,,,,,,,,,,,,,30,,0225-DGJZT-DZ-DMRM-NEG.d,,Find by MRM,,
444,DGJZT_CGC_347_3,,,351.1,,,,,100,,,,13.026,,,16,0.167,79,,,,,Acq,,,,,,,,,,,,,,,30,,0225-DGJZT-DZ-DMRM-NEG.d,,Find by MRM,,
445,DGJZT_CGC_347_1,,,351.1,,,,,100,,,,13.018,,,18,0.233,94,,,,,Acq,,,,,,,,,,,,,,,30,,0225-DGJZT-DZ-DMRM-NEG.d,,Find by MRM,,
446,DGJZT_CGC_345_1,,,337.1,,,,,100,,,,13.027,,,5,0.268,18,,,,,Acq,,,,,,,,,,,,,,,30,,0225-DGJZT-DZ-DMRM-NEG.d,,Find by MRM,,
447,DGJZT_CGC_354_1,,,823.4,,,,,100,,,,12.979,,,3,0.15,10,,,,,Acq,,,,,,,,,,,,,,,30,,0225-DGJZT-DZ-DMRM-NEG.d,,Find by MRM,,
448,DGJZT_CGC_353_1,,,807.4,,,,,100,,,,13.272,,,2,0.09,5,,,,,Acq,,,,,,,,,,,,,,,30,,0225-DGJZT-DZ-DMRM-NEG.d,,Find by MRM,,
449,DGJZT_CGC_355_1,,,339.1,,,,,100,,,,13.293,,,5,0.215,46,,,,,Acq,,,,,,,,,,,,,,,30,,0225-DGJZT-DZ-DMRM-NEG.d,,Find by MRM,,
450,DGJZT_CGC_355_2,,,339.1,,,,,100,,,,13.16,,,12,0.159,56,,,,,Acq,,,,,,,,,,,,,,,30,,0225-DGJZT-DZ-DMRM-NEG.d,,Find by MRM,,
451,DGJZT_CGC_355_3,,,339.1,,,,,100,,,,13.086,,,4,0.042,7,,,,,Acq,,,,,,,,,,,,,,,30,,0225-DGJZT-DZ-DMRM-NEG.d,,Find by MRM,,
452,DGJZT_CGC_351_1,,,313.1,,,,,100,,,,13.279,,,8,0.176,52,,,,,Acq,,,,,,,,,,,,,,,30,,0225-DGJZT-DZ-DMRM-NEG.d,,Find by MRM,,
453,DGJZT_CGC_351_2,,,313.1,,,,,100,,,,13.196,,,6,0.059,10,,,,,Acq,,,,,,,,,,,,,,,30,,0225-DGJZT-DZ-DMRM-NEG.d,,Find by MRM,,
454,DGJZT_CGC_357_2,,,353.1,,,,,100,,,,13.274,,,33,0.33,245,,,,,Acq,,,,,,,,,,,,,,,30,,0225-DGJZT-DZ-DMRM-NEG.d,,Find by MRM,,
455,DGJZT_DZ_48_1,,,487.3,,,,,100,,,,13.356,,,1062,0.369,7938,,,,,Acq,,,,,,,,,,,,,,,30,,0225-DGJZT-DZ-DMRM-NEG.d,,Find by MRM,,
456,DGJZT_CGC_357_3,,,353.1,,,,,100,,,,13.274,,,9,0.093,27,,,,,Acq,,,,,,,,,,,,,,,30,,0225-DGJZT-DZ-DMRM-NEG.d,,Find by MRM,,
457,DGJZT_CGC_357_1,,,353.1,,,,,100,,,,13.318,,,100,0.347,774,,,,,Acq,,,,,,,,,,,,,,,30,,0225-DGJZT-DZ-DMRM-NEG.d,,Find by MRM,,
458,DGJZT_CGC_359_2,,,337.1,,,,,100,,,,13.304,,,2,0.129,8,,,,,Acq,,,,,,,,,,,,,,,30,,0225-DGJZT-DZ-DMRM-NEG.d,,Find by MRM,,
459,DGJZT_CGC_364_1,,,365.1,,,,,100,,,,13.528,,,91,0.313,654,,,,,Acq,,,,,,,,,,,,,,,30,,0225-DGJZT-DZ-DMRM-NEG.d,,Find by MRM,,
460,DGJZT_CGC_364_2,,,365.1,,,,,100,,,,13.571,,,38,0.189,206,,,,,Acq,,,,,,,,,,,,,,,30,,0225-DGJZT-DZ-DMRM-NEG.d,,Find by MRM,,
461,DGJZT_DZ_49_3,,,501.3,,,,,100,,,,13.682,,,462,0.208,3660,,,,,Acq,,,,,,,,,,,,,,,30,,0225-DGJZT-DZ-DMRM-NEG.d,,Find by MRM,,
462,DGJZT_CGC_368_1,,,337.1,,,,,100,,,,13.648,,,6,0.135,15,,,,,Acq,,,,,,,,,,,,,,,30,,0225-DGJZT-DZ-DMRM-NEG.d,,Find by MRM,,
463,DGJZT_DZ_49_2,,,501.3,,,,,100,,,,13.683,,,1653,0.309,12547,,,,,Acq,,,,,,,,,,,,,,,30,,0225-DGJZT-DZ-DMRM-NEG.d,,Find by MRM,,
464,DGJZT_DZ_50_1,,,450.3,,,,,100,,,,13.71,,,507,0.278,5129,,,,,Acq,,,,,,,,,,,,,,,30,,0225-DGJZT-DZ-DMRM-NEG.d,,Find by MRM,,
465,DGJZT_DZ_49_1,,,501.3,,,,,100,,,,13.683,,,355,0.429,4568,,,,,Acq,,,,,,,,,,,,,,,30,,0225-DGJZT-DZ-DMRM-NEG.d,,Find by MRM,,
466,DGJZT_DZ_50_2,,,450.3,,,,,100,,,,13.626,,,478,0.52,7274,,,,,Acq,,,,,,,,,,,,,,,30,,0225-DGJZT-DZ-DMRM-NEG.d,,Find by MRM,,
467,DGJZT_DG_96_2,,,409.2,,,,,100,,,,13.711,,,0,0.091,1,,,,,Acq,,,,,,,,,,,,,,,30,,0225-DGJZT-DZ-DMRM-NEG.d,,Find by MRM,,
468,DGJZT_DG_96_3,,,409.2,,,,,100,,,,13.669,,,2,0.116,4,,,,,Acq,,,,,,,,,,,,,,,30,,0225-DGJZT-DZ-DMRM-NEG.d,,Find by MRM,,
469,DGJZT_CGC_374_1,,,369.1,,,,,100,,,,13.714,,,19,0.067,43,,,,,Acq,,,,,,,,,,,,,,,30,,0225-DGJZT-DZ-DMRM-NEG.d,,Find by MRM,,
470,DGJZT_CGC_373_1,,,339.1,,,,,100,,,,13.732,,,21,0.311,161,,,,,Acq,,,,,,,,,,,,,,,30,,0225-DGJZT-DZ-DMRM-NEG.d,,Find by MRM,,
471,DGJZT_DG_96_1,,,409.2,,,,,100,,,,13.702,,,18,0.168,63,,,,,Acq,,,,,,,,,,,,,,,30,,0225-DGJZT-DZ-DMRM-NEG.d,,Find by MRM,,
472,DGJZT_CGC_374_3,,,369.1,,,,,100,,,,13.738,,,7,0.1,25,,,,,Acq,,,,,,,,,,,,,,,30,,0225-DGJZT-DZ-DMRM-NEG.d,,Find by MRM,,
473,DGJZT_CGC_374_2,,,369.1,,,,,100,,,,13.764,,,0,0.18,1,,,,,Acq,,,,,,,,,,,,,,,30,,0225-DGJZT-DZ-DMRM-NEG.d,,Find by MRM,,
474,DGJZT_BS_177_1,,,723.4,,,,,100,,,,13.835,,,12,0.059,31,,,,,Acq,,,,,,,,,,,,,,,30,,0225-DGJZT-DZ-DMRM-NEG.d,,Find by MRM,,
475,DGJZT_DG_97_2,,,397.2,,,,,100,,,,13.644,,,2,0.077,3,,,,,Acq,,,,,,,,,,,,,,,30,,0225-DGJZT-DZ-DMRM-NEG.d,,Find by MRM,,
476,DGJZT_CGC_375_2,,,371.1,,,,,100,,,,13.771,,,13,0.161,33,,,,,Acq,,,,,,,,,,,,,,,30,,0225-DGJZT-DZ-DMRM-NEG.d,,Find by MRM,,
477,DGJZT_CGC_375_1,,,371.1,,,,,100,,,,13.957,,,9,0.097,19,,,,,Acq,,,,,,,,,,,,,,,30,,0225-DGJZT-DZ-DMRM-NEG.d,,Find by MRM,,
478,DGJZT_DG_98_2,,,395.2,,,,,100,,,,13.779,,,0,0.154,1,,,,,Acq,,,,,,,,,,,,,,,30,,0225-DGJZT-DZ-DMRM-NEG.d,,Find by MRM,,
479,DGJZT_DG_98_1,,,395.2,,,,,100,,,,13.88,,,7,0.101,13,,,,,Acq,,,,,,,,,,,,,,,30,,0225-DGJZT-DZ-DMRM-NEG.d,,Find by MRM,,
480,DGJZT_DG_98_3,,,395.2,,,,,100,,,,13.948,,,0,0.157,1,,,,,Acq,,,,,,,,,,,,,,,30,,0225-DGJZT-DZ-DMRM-NEG.d,,Find by MRM,,
481,DGJZT_DG_104_3,,,817.4,,,,,100,,,,13.732,,,1,0.168,6,,,,,Acq,,,,,,,,,,,,,,,30,,0225-DGJZT-DZ-DMRM-NEG.d,,Find by MRM,,
482,DGJZT_DG_104_1,,,817.4,,,,,100,,,,13.867,,,0,0.12,1,,,,,Acq,,,,,,,,,,,,,,,30,,0225-DGJZT-DZ-DMRM-NEG.d,,Find by MRM,,
483,DGJZT_DG_104_2,,,817.4,,,,,100,,,,14.17,,,0,0.361,1,,,,,Acq,,,,,,,,,,,,,,,30,,0225-DGJZT-DZ-DMRM-NEG.d,,Find by MRM,,
484,DGJZT_DG_103_3,,,795.4,,,,,100,,,,14.027,,,0,0.475,9,,,,,Acq,,,,,,,,,,,,,,,30,,0225-DGJZT-DZ-DMRM-NEG.d,,Find by MRM,,
485,DGJZT_DG_103_1,,,795.4,,,,,100,,,,13.969,,,0,0.284,6,,,,,Acq,,,,,,,,,,,,,,,30,,0225-DGJZT-DZ-DMRM-NEG.d,,Find by MRM,,
486,DGJZT_DG_97_1,,,397.2,,,,,100,,,,13.93,,,10,0.083,24,,,,,Acq,,,,,,,,,,,,,,,30,,0225-DGJZT-DZ-DMRM-NEG.d,,Find by MRM,,
487,DGJZT_DG_97_3,,,397.2,,,,,100,,,,14.04,,,0,0.177,2,,,,,Acq,,,,,,,,,,,,,,,30,,0225-DGJZT-DZ-DMRM-NEG.d,,Find by MRM,,
488,DGJZT_DG_101_2,,,397.2,,,,,100,,,,13.964,,,26,0.253,116,,,,,Acq,,,,,,,,,,,,,,,30,,0225-DGJZT-DZ-DMRM-NEG.d,,Find by MRM,,
489,DGJZT_DG_101_3,,,397.2,,,,,100,,,,13.948,,,21,0.101,57,,,,,Acq,,,,,,,,,,,,,,,30,,0225-DGJZT-DZ-DMRM-NEG.d,,Find by MRM,,
490,DGJZT_DG_103_2,,,795.4,,,,,100,,,,13.826,,,1,0.158,2,,,,,Acq,,,,,,,,,,,,,,,30,,0225-DGJZT-DZ-DMRM-NEG.d,,Find by MRM,,
491,DGJZT_DG_102_2,,,497.1,,,,,100,,,,13.962,,,0,0.074,1,,,,,Acq,,,,,,,,,,,,,,,30,,0225-DGJZT-DZ-DMRM-NEG.d,,Find by MRM,,
492,DGJZT_DG_102_1,,,497.1,,,,,100,,,,14.197,,,0,0.336,4,,,,,Acq,,,,,,,,,,,,,,,30,,0225-DGJZT-DZ-DMRM-NEG.d,,Find by MRM,,
493,DGJZT_DG_101_1,,,397.2,,,,,100,,,,13.939,,,45,0.067,138,,,,,Acq,,,,,,,,,,,,,,,30,,0225-DGJZT-DZ-DMRM-NEG.d,,Find by MRM,,
494,DGJZT_DG_100_2,,,353.2,,,,,100,,,,13.798,,,6,0.092,11,,,,,Acq,,,,,,,,,,,,,,,30,,0225-DGJZT-DZ-DMRM-NEG.d,,Find by MRM,,
495,DGJZT_DG_100_1,,,353.2,,,,,100,,,,13.79,,,7,0.13,15,,,,,Acq,,,,,,,,,,,,,,,30,,0225-DGJZT-DZ-DMRM-NEG.d,,Find by MRM,,
496,DGJZT_DG_100_3,,,353.2,,,,,100,,,,13.798,,,6,0.101,13,,,,,Acq,,,,,,,,,,,,,,,30,,0225-DGJZT-DZ-DMRM-NEG.d,,Find by MRM,,
497,DGJZT_CGC_379_2,,,351.1,,,,,100,,,,13.967,,,163,0.307,1135,,,,,Acq,,,,,,,,,,,,,,,30,,0225-DGJZT-DZ-DMRM-NEG.d,,Find by MRM,,
498,DGJZT_CGC_379_3,,,351.1,,,,,100,,,,13.959,,,55,0.252,309,,,,,Acq,,,,,,,,,,,,,,,30,,0225-DGJZT-DZ-DMRM-NEG.d,,Find by MRM,,
499,DGJZT_CGC_379_1,,,351.1,,,,,100,,,,13.976,,,90,0.227,360,,,,,Acq,,,,,,,,,,,,,,,30,,0225-DGJZT-DZ-DMRM-NEG.d,,Find by MRM,,
500,DGJZT_DG_105_3,,,411.2,,,,,100,,,,13.979,,,0,0.169,1,,,,,Acq,,,,,,,,,,,,,,,30,,0225-DGJZT-DZ-DMRM-NEG.d,,Find by MRM,,
501,DGJZT_DG_105_1,,,411.2,,,,,100,,,,14.165,,,4,0.088,7,,,,,Acq,,,,,,,,,,,,,,,30,,0225-DGJZT-DZ-DMRM-NEG.d,,Find by MRM,,
502,DGJZT_DG_105_2,,,411.2,,,,,100,,,,14.081,,,3,0.059,5,,,,,Acq,,,,,,,,,,,,,,,30,,0225-DGJZT-DZ-DMRM-NEG.d,,Find by MRM,,
503,DGJZT_CGC_386_1,,,391.2,,,,,100,,,,14.075,,,35,0.16,142,,,,,Acq,,,,,,,,,,,,,,,30,,0225-DGJZT-DZ-DMRM-NEG.d,,Find by MRM,,
504,DGJZT_CGC_386_2,,,391.2,,,,,100,,,,14.092,,,12,0.109,34,,,,,Acq,,,,,,,,,,,,,,,30,,0225-DGJZT-DZ-DMRM-NEG.d,,Find by MRM,,
505,DGJZT_DG_107_3,,,649.3,,,,,100,,,,14.088,,,3,0.084,6,,,,,Acq,,,,,,,,,,,,,,,30,,0225-DGJZT-DZ-DMRM-NEG.d,,Find by MRM,,
506,DGJZT_DG_106_3,,,721.3,,,,,100,,,,14.254,,,5,0.081,12,,,,,Acq,,,,,,,,,,,,,,,30,,0225-DGJZT-DZ-DMRM-NEG.d,,Find by MRM,,
507,DGJZT_DG_107_2,,,649.3,,,,,100,,,,14.121,,,12,0.15,40,,,,,Acq,,,,,,,,,,,,,,,30,,0225-DGJZT-DZ-DMRM-NEG.d,,Find by MRM,,
508,DGJZT_DG_108_1,,,399.2,,,,,100,,,,14.182,,,0,0.183,1,,,,,Acq,,,,,,,,,,,,,,,30,,0225-DGJZT-DZ-DMRM-NEG.d,,Find by MRM,,
509,DGJZT_DG_107_1,,,649.3,,,,,100,,,,14.18,,,24,0.151,99,,,,,Acq,,,,,,,,,,,,,,,30,,0225-DGJZT-DZ-DMRM-NEG.d,,Find by MRM,,
510,DGJZT_DZ_53_1,,,485.3,,,,,100,,,,14.298,,,2368,0.366,16901,,,,,Acq,,,,,,,,,,,,,,,30,,0225-DGJZT-DZ-DMRM-NEG.d,,Find by MRM,,
511,DGJZT_DZ_53_3,,,485.3,,,,,100,,,,14.307,,,230,0.164,1184,,,,,Acq,,,,,,,,,,,,,,,30,,0225-DGJZT-DZ-DMRM-NEG.d,,Find by MRM,,
512,DGJZT_DG_106_1,,,721.3,,,,,100,,,,14.312,,,5,0.117,17,,,,,Acq,,,,,,,,,,,,,,,30,,0225-DGJZT-DZ-DMRM-NEG.d,,Find by MRM,,
513,DGJZT_CGC_391_1,,,367.2,,,,,100,,,,14.378,,,12,0.168,63,,,,,Acq,,,,,,,,,,,,,,,30,,0225-DGJZT-DZ-DMRM-NEG.d,,Find by MRM,,
514,DGJZT_CGC_391_2,,,367.2,,,,,100,,,,14.345,,,4,0.157,16,,,,,Acq,,,,,,,,,,,,,,,30,,0225-DGJZT-DZ-DMRM-NEG.d,,Find by MRM,,
515,DGJZT_CGC_393_2,,,423.2,,,,,100,,,,14.256,,,41,0.136,157,,,,,Acq,,,,,,,,,,,,,,,30,,0225-DGJZT-DZ-DMRM-NEG.d,,Find by MRM,,
516,DGJZT_CGC_393_1,,,423.2,,,,,100,,,,14.231,,,57,0.143,274,,,,,Acq,,,,,,,,,,,,,,,30,,0225-DGJZT-DZ-DMRM-NEG.d,,Find by MRM,,
517,DGJZT_CGC_393_3,,,423.2,,,,,100,,,,14.393,,,11,0.155,35,,,,,Acq,,,,,,,,,,,,,,,30,,0225-DGJZT-DZ-DMRM-NEG.d,,Find by MRM,,
518,DGJZT_DG_111_2,,,625.3,,,,,100,,,,14.547,,,22,0.207,140,,,,,Acq,,,,,,,,,,,,,,,30,,0225-DGJZT-DZ-DMRM-NEG.d,,Find by MRM,,
519,DGJZT_DG_111_1,,,625.3,,,,,100,,,,14.664,,,42,0.317,298,,,,,Acq,,,,,,,,,,,,,,,30,,0225-DGJZT-DZ-DMRM-NEG.d,,Find by MRM,,
520,DGJZT_CGC_395_2,,,421.2,,,,,100,,,,14.759,,,7,0.198,38,,,,,Acq,,,,,,,,,,,,,,,30,,0225-DGJZT-DZ-DMRM-NEG.d,,Find by MRM,,
521,DGJZT_CGC_395_1,,,421.2,,,,,100,,,,14.744,,,76,0.337,476,,,,,Acq,,,,,,,,,,,,,,,30,,0225-DGJZT-DZ-DMRM-NEG.d,,Find by MRM,,
522,DGJZT_CGC_395_3,,,421.2,,,,,100,,,,14.77,,,6,0.158,25,,,,,Acq,,,,,,,,,,,,,,,30,,0225-DGJZT-DZ-DMRM-NEG.d,,Find by MRM,,
523,DGJZT_CGC_398_1,,,421.2,,,,,100,,,,14.741,,,78,0.231,430,,,,,Acq,,,,,,,,,,,,,,,30,,0225-DGJZT-DZ-DMRM-NEG.d,,Find by MRM,,
524,DGJZT_DG_113_2,,,216.9,,,,,100,,,,15.167,,,69,0.385,937,,,,,Acq,,,,,,,,,,,,,,,30,,0225-DGJZT-DZ-DMRM-NEG.d,,Find by MRM,,
525,DGJZT_DG_113_1,,,216.9,,,,,100,,,,15.17,,,55,0.432,688,,,,,Acq,,,,,,,,,,,,,,,30,,0225-DGJZT-DZ-DMRM-NEG.d,,Find by MRM,,
526,DGJZT_DG_113_3,,,216.9,,,,,100,,,,15.156,,,55,0.438,767,,,,,Acq,,,,,,,,,,,,,,,30,,0225-DGJZT-DZ-DMRM-NEG.d,,Find by MRM,,

