﻿#化合物列表: 526 found
#
Cpd,Name,Formula,Purity Result,Precursor,Mass,Diff (ppm),Score (Tgt),Flags (Tgt),Score,Std Dev,Relative Mass Difference (MFG),Base Peak,RT,RT Diff,Target Retention Time Difference,Height,Width,Area,Volume,Vol %,Ions,Saturated,ID Source,Score (MFG),Score (DB),Hit Count,Tgt MFG Hit,FV,Purity Value,Purity Comments,ADC% Area,EIC/TIC% Area,TIC% Area,UVA% Area,Score (Lib),CAS ID,Relative Reference Mass difference,CE,MS/MS Count,File,Notes,Algorithm,Lib/DB
1,DGJZT_SJ_1_3,,,308.1,,,,,100,,,,1.016,,,1103,0.348,8845,,,,,Acq,,,,,,,,,,,,,,,30,,0225-DGJZT-SJ-DMRM-NEG.d,,Find by MRM,,
2,DGJZT_SJ_1_1,,,308.1,,,,,100,,,,1.017,,,838,0.299,6159,,,,,Acq,,,,,,,,,,,,,,,30,,0225-DGJZT-SJ-DMRM-NEG.d,,Find by MRM,,
3,DGJZT_SJ_1_2,,,308.1,,,,,100,,,,1.017,,,536,0.312,4357,,,,,Acq,,,,,,,,,,,,,,,30,,0225-DGJZT-SJ-DMRM-NEG.d,,Find by MRM,,
4,DGJZT_DZ_4_3,,,618.2,,,,,100,,,,1.078,,,15,0.22,66,,,,,Acq,,,,,,,,,,,,,,,30,,0225-DGJZT-SJ-DMRM-NEG.d,,Find by MRM,,
5,DGJZT_DZ_4_1,,,618.2,,,,,100,,,,1.062,,,17,0.159,95,,,,,Acq,,,,,,,,,,,,,,,30,,0225-DGJZT-SJ-DMRM-NEG.d,,Find by MRM,,
6,DGJZT_DZ_4_2,,,618.2,,,,,100,,,,1.071,,,4,0.126,16,,,,,Acq,,,,,,,,,,,,,,,30,,0225-DGJZT-SJ-DMRM-NEG.d,,Find by MRM,,
7,DGJZT_DZ_6_1,,,353.1,,,,,100,,,,1.065,,,19,0.218,122,,,,,Acq,,,,,,,,,,,,,,,30,,0225-DGJZT-SJ-DMRM-NEG.d,,Find by MRM,,
8,DGJZT_DZ_6_3,,,353.1,,,,,100,,,,1.074,,,13,0.154,73,,,,,Acq,,,,,,,,,,,,,,,30,,0225-DGJZT-SJ-DMRM-NEG.d,,Find by MRM,,
9,DGJZT_DG_6_1,,,470.2,,,,,100,,,,1.114,,,258,0.39,2139,,,,,Acq,,,,,,,,,,,,,,,30,,0225-DGJZT-SJ-DMRM-NEG.d,,Find by MRM,,
10,DGJZT_DZ_9_1,,,618.2,,,,,100,,,,1.043,,,18,0.251,113,,,,,Acq,,,,,,,,,,,,,,,30,,0225-DGJZT-SJ-DMRM-NEG.d,,Find by MRM,,
11,DGJZT_DZ_9_2,,,618.2,,,,,100,,,,1.044,,,8,0.141,34,,,,,Acq,,,,,,,,,,,,,,,30,,0225-DGJZT-SJ-DMRM-NEG.d,,Find by MRM,,
12,DGJZT_DG_9_3,,,387.1,,,,,100,,,,1.09,,,68,0.275,655,,,,,Acq,,,,,,,,,,,,,,,30,,0225-DGJZT-SJ-DMRM-NEG.d,,Find by MRM,,
13,DGJZT_DZ_9_3,,,618.2,,,,,100,,,,1.269,,,1,0.028,1,,,,,Acq,,,,,,,,,,,,,,,30,,0225-DGJZT-SJ-DMRM-NEG.d,,Find by MRM,,
14,DGJZT_DG_10_1,,,527.1,,,,,100,,,,1.139,,,6,0.149,27,,,,,Acq,,,,,,,,,,,,,,,30,,0225-DGJZT-SJ-DMRM-NEG.d,,Find by MRM,,
15,DGJZT_DG_9_2,,,387.1,,,,,100,,,,1.231,,,58,0.337,773,,,,,Acq,,,,,,,,,,,,,,,30,,0225-DGJZT-SJ-DMRM-NEG.d,,Find by MRM,,
16,DGJZT_DG_9_1,,,387.1,,,,,100,,,,1.342,,,29,0.126,154,,,,,Acq,,,,,,,,,,,,,,,30,,0225-DGJZT-SJ-DMRM-NEG.d,,Find by MRM,,
17,DGJZT_DZ_10_2,,,353.1,,,,,100,,,,1.525,,,7,0.198,44,,,,,Acq,,,,,,,,,,,,,,,30,,0225-DGJZT-SJ-DMRM-NEG.d,,Find by MRM,,
18,DGJZT_DZ_10_1,,,353.1,,,,,100,,,,1.568,,,7,0.124,18,,,,,Acq,,,,,,,,,,,,,,,30,,0225-DGJZT-SJ-DMRM-NEG.d,,Find by MRM,,
19,DGJZT_DG_16_1,,,470.2,,,,,100,,,,1.58,,,76,0.263,445,,,,,Acq,,,,,,,,,,,,,,,30,,0225-DGJZT-SJ-DMRM-NEG.d,,Find by MRM,,
20,DGJZT_DG_17_2,,,372.1,,,,,100,,,,1.607,,,24,0.255,133,,,,,Acq,,,,,,,,,,,,,,,30,,0225-DGJZT-SJ-DMRM-NEG.d,,Find by MRM,,
21,DGJZT_DG_17_1,,,372.1,,,,,100,,,,1.6,,,21,0.24,100,,,,,Acq,,,,,,,,,,,,,,,30,,0225-DGJZT-SJ-DMRM-NEG.d,,Find by MRM,,
22,DGJZT_BS_3_1,,,343.1,,,,,100,,,,1.8,,,2,0.125,3,,,,,Acq,,,,,,,,,,,,,,,30,,0225-DGJZT-SJ-DMRM-NEG.d,,Find by MRM,,
23,DGJZT_BS_5_1,,,331.1,,,,,100,,,,1.978,,,5,0.025,3,,,,,Acq,,,,,,,,,,,,,,,30,,0225-DGJZT-SJ-DMRM-NEG.d,,Find by MRM,,
24,DGJZT_DG_25_1,,,527.1,,,,,100,,,,1.855,,,5,0.167,13,,,,,Acq,,,,,,,,,,,,,,,30,,0225-DGJZT-SJ-DMRM-NEG.d,,Find by MRM,,
25,DGJZT_BS_5_3,,,331.1,,,,,100,,,,1.96,,,3,0.066,6,,,,,Acq,,,,,,,,,,,,,,,30,,0225-DGJZT-SJ-DMRM-NEG.d,,Find by MRM,,
26,DGJZT_BS_5_2,,,331.1,,,,,100,,,,1.711,,,2,0.129,5,,,,,Acq,,,,,,,,,,,,,,,30,,0225-DGJZT-SJ-DMRM-NEG.d,,Find by MRM,,
27,DGJZT_DG_26_1,,,497.1,,,,,100,,,,1.856,,,1,0.109,2,,,,,Acq,,,,,,,,,,,,,,,30,,0225-DGJZT-SJ-DMRM-NEG.d,,Find by MRM,,
28,DGJZT_DG_26_3,,,497.1,,,,,100,,,,2.165,,,0,0.103,0,,,,,Acq,,,,,,,,,,,,,,,30,,0225-DGJZT-SJ-DMRM-NEG.d,,Find by MRM,,
29,DGJZT_BS_6_2,,,331.1,,,,,100,,,,1.911,,,4,0.112,10,,,,,Acq,,,,,,,,,,,,,,,30,,0225-DGJZT-SJ-DMRM-NEG.d,,Find by MRM,,
30,DGJZT_BS_6_1,,,331.1,,,,,100,,,,2.112,,,3,0.113,6,,,,,Acq,,,,,,,,,,,,,,,30,,0225-DGJZT-SJ-DMRM-NEG.d,,Find by MRM,,
31,DGJZT_BS_6_3,,,331.1,,,,,100,,,,1.912,,,2,0.075,4,,,,,Acq,,,,,,,,,,,,,,,30,,0225-DGJZT-SJ-DMRM-NEG.d,,Find by MRM,,
32,DGJZT_BS_8_2,,,567.2,,,,,100,,,,1.863,,,0,0.275,1,,,,,Acq,,,,,,,,,,,,,,,30,,0225-DGJZT-SJ-DMRM-NEG.d,,Find by MRM,,
33,DGJZT_BS_9_3,,,421.1,,,,,100,,,,1.999,,,2,0.177,10,,,,,Acq,,,,,,,,,,,,,,,30,,0225-DGJZT-SJ-DMRM-NEG.d,,Find by MRM,,
34,DGJZT_DG_29_3,,,341.1,,,,,100,,,,2.126,,,5,0.139,26,,,,,Acq,,,,,,,,,,,,,,,30,,0225-DGJZT-SJ-DMRM-NEG.d,,Find by MRM,,
35,DGJZT_DG_29_1,,,341.1,,,,,100,,,,2.035,,,4,0.075,8,,,,,Acq,,,,,,,,,,,,,,,30,,0225-DGJZT-SJ-DMRM-NEG.d,,Find by MRM,,
36,DGJZT_DG_29_2,,,341.1,,,,,100,,,,2.309,,,4,0.11,14,,,,,Acq,,,,,,,,,,,,,,,30,,0225-DGJZT-SJ-DMRM-NEG.d,,Find by MRM,,
37,DGJZT_BS_13_1,,,529.2,,,,,100,,,,2.432,,,1,0.173,6,,,,,Acq,,,,,,,,,,,,,,,30,,0225-DGJZT-SJ-DMRM-NEG.d,,Find by MRM,,
38,DGJZT_BS_16_1,,,493.1,,,,,100,,,,2.45,,,2,0.09,4,,,,,Acq,,,,,,,,,,,,,,,30,,0225-DGJZT-SJ-DMRM-NEG.d,,Find by MRM,,
39,DGJZT_BS_16_2,,,493.1,,,,,100,,,,2.308,,,0,0.084,1,,,,,Acq,,,,,,,,,,,,,,,30,,0225-DGJZT-SJ-DMRM-NEG.d,,Find by MRM,,
40,DGJZT_BS_16_3,,,493.1,,,,,100,,,,2.233,,,0,0.092,0,,,,,Acq,,,,,,,,,,,,,,,30,,0225-DGJZT-SJ-DMRM-NEG.d,,Find by MRM,,
41,DGJZT_BS_14_1,,,169,,,,,100,,,,2.238,,,9,0.117,26,,,,,Acq,,,,,,,,,,,,,,,30,,0225-DGJZT-SJ-DMRM-NEG.d,,Find by MRM,,
42,DGJZT_BS_14_2,,,169,,,,,100,,,,2.331,,,2,0.109,8,,,,,Acq,,,,,,,,,,,,,,,30,,0225-DGJZT-SJ-DMRM-NEG.d,,Find by MRM,,
43,DGJZT_BS_17_1,,,331.1,,,,,100,,,,2.462,,,5,0.111,14,,,,,Acq,,,,,,,,,,,,,,,30,,0225-DGJZT-SJ-DMRM-NEG.d,,Find by MRM,,
44,DGJZT_BS_17_2,,,331.1,,,,,100,,,,2.463,,,5,0.493,52,,,,,Acq,,,,,,,,,,,,,,,30,,0225-DGJZT-SJ-DMRM-NEG.d,,Find by MRM,,
45,DGJZT_BS_17_3,,,331.1,,,,,100,,,,2.48,,,1,0.101,3,,,,,Acq,,,,,,,,,,,,,,,30,,0225-DGJZT-SJ-DMRM-NEG.d,,Find by MRM,,
46,DGJZT_BS_18_1,,,526.2,,,,,100,,,,2.508,,,0,0.151,0,,,,,Acq,,,,,,,,,,,,,,,30,,0225-DGJZT-SJ-DMRM-NEG.d,,Find by MRM,,
47,DGJZT_DG_33_3,,,423.1,,,,,100,,,,2.851,,,1,0.15,5,,,,,Acq,,,,,,,,,,,,,,,30,,0225-DGJZT-SJ-DMRM-NEG.d,,Find by MRM,,
48,DGJZT_DG_33_2,,,423.1,,,,,100,,,,2.918,,,2,0.086,5,,,,,Acq,,,,,,,,,,,,,,,30,,0225-DGJZT-SJ-DMRM-NEG.d,,Find by MRM,,
49,DGJZT_DG_33_1,,,423.1,,,,,100,,,,2.861,,,0,0.05,0,,,,,Acq,,,,,,,,,,,,,,,30,,0225-DGJZT-SJ-DMRM-NEG.d,,Find by MRM,,
50,DGJZT_BS_20_1,,,403.1,,,,,100,,,,2.681,,,2,0.119,5,,,,,Acq,,,,,,,,,,,,,,,30,,0225-DGJZT-SJ-DMRM-NEG.d,,Find by MRM,,
51,DGJZT_BS_20_2,,,403.1,,,,,100,,,,2.795,,,1,0.131,2,,,,,Acq,,,,,,,,,,,,,,,30,,0225-DGJZT-SJ-DMRM-NEG.d,,Find by MRM,,
52,DGJZT_BS_22_1,,,527.1,,,,,100,,,,3.11,,,0,0.085,0,,,,,Acq,,,,,,,,,,,,,,,30,,0225-DGJZT-SJ-DMRM-NEG.d,,Find by MRM,,
53,DGJZT_DZ_18_2,,,240.1,,,,,100,,,,2.948,,,24,0.284,182,,,,,Acq,,,,,,,,,,,,,,,30,,0225-DGJZT-SJ-DMRM-NEG.d,,Find by MRM,,
54,DGJZT_BS_23_2,,,315.1,,,,,100,,,,2.904,,,15,0.276,114,,,,,Acq,,,,,,,,,,,,,,,30,,0225-DGJZT-SJ-DMRM-NEG.d,,Find by MRM,,
55,DGJZT_BS_23_1,,,315.1,,,,,100,,,,2.88,,,15,0.108,53,,,,,Acq,,,,,,,,,,,,,,,30,,0225-DGJZT-SJ-DMRM-NEG.d,,Find by MRM,,
56,DGJZT_DZ_19_2,,,297.1,,,,,100,,,,3.107,,,3,0.159,8,,,,,Acq,,,,,,,,,,,,,,,30,,0225-DGJZT-SJ-DMRM-NEG.d,,Find by MRM,,
57,DGJZT_DZ_19_1,,,297.1,,,,,100,,,,3.258,,,0,0.04,0,,,,,Acq,,,,,,,,,,,,,,,30,,0225-DGJZT-SJ-DMRM-NEG.d,,Find by MRM,,
58,DGJZT_DZ_21_1,,,221.1,,,,,100,,,,3.259,,,2,0.1,4,,,,,Acq,,,,,,,,,,,,,,,30,,0225-DGJZT-SJ-DMRM-NEG.d,,Find by MRM,,
59,DGJZT_BS_26_3,,,389.1,,,,,100,,,,3.128,,,2,0.083,3,,,,,Acq,,,,,,,,,,,,,,,30,,0225-DGJZT-SJ-DMRM-NEG.d,,Find by MRM,,
60,DGJZT_BS_25_2,,,527.1,,,,,100,,,,3.118,,,2,0.117,5,,,,,Acq,,,,,,,,,,,,,,,30,,0225-DGJZT-SJ-DMRM-NEG.d,,Find by MRM,,
61,DGJZT_BS_25_1,,,527.1,,,,,100,,,,3.32,,,2,0.091,4,,,,,Acq,,,,,,,,,,,,,,,30,,0225-DGJZT-SJ-DMRM-NEG.d,,Find by MRM,,
62,DGJZT_BS_26_2,,,389.1,,,,,100,,,,3.221,,,2,0.136,5,,,,,Acq,,,,,,,,,,,,,,,30,,0225-DGJZT-SJ-DMRM-NEG.d,,Find by MRM,,
63,DGJZT_BS_27_1,,,633.1,,,,,100,,,,3.386,,,2,0.092,5,,,,,Acq,,,,,,,,,,,,,,,30,,0225-DGJZT-SJ-DMRM-NEG.d,,Find by MRM,,
64,DGJZT_BS_26_1,,,389.1,,,,,100,,,,3.079,,,1,0.116,3,,,,,Acq,,,,,,,,,,,,,,,30,,0225-DGJZT-SJ-DMRM-NEG.d,,Find by MRM,,
65,DGJZT_DG_36_2,,,353.1,,,,,100,,,,3.466,,,3,0.092,7,,,,,Acq,,,,,,,,,,,,,,,30,,0225-DGJZT-SJ-DMRM-NEG.d,,Find by MRM,,
66,DGJZT_DG_36_1,,,353.1,,,,,100,,,,3.23,,,0,0.261,2,,,,,Acq,,,,,,,,,,,,,,,30,,0225-DGJZT-SJ-DMRM-NEG.d,,Find by MRM,,
67,DGJZT_DG_36_3,,,353.1,,,,,100,,,,3.264,,,4,0.144,10,,,,,Acq,,,,,,,,,,,,,,,30,,0225-DGJZT-SJ-DMRM-NEG.d,,Find by MRM,,
68,DGJZT_BS_28_3,,,287.1,,,,,100,,,,3.493,,,3,0.092,6,,,,,Acq,,,,,,,,,,,,,,,30,,0225-DGJZT-SJ-DMRM-NEG.d,,Find by MRM,,
69,DGJZT_BS_28_1,,,287.1,,,,,100,,,,3.527,,,5,0.113,10,,,,,Acq,,,,,,,,,,,,,,,30,,0225-DGJZT-SJ-DMRM-NEG.d,,Find by MRM,,
70,DGJZT_BS_28_2,,,287.1,,,,,100,,,,3.409,,,0,0.091,0,,,,,Acq,,,,,,,,,,,,,,,30,,0225-DGJZT-SJ-DMRM-NEG.d,,Find by MRM,,
71,DGJZT_DG_39_2,,,658.2,,,,,100,,,,3.377,,,0,0.184,1,,,,,Acq,,,,,,,,,,,,,,,30,,0225-DGJZT-SJ-DMRM-NEG.d,,Find by MRM,,
72,DGJZT_DG_39_1,,,658.2,,,,,100,,,,3.452,,,4,0.134,10,,,,,Acq,,,,,,,,,,,,,,,30,,0225-DGJZT-SJ-DMRM-NEG.d,,Find by MRM,,
73,DGJZT_BS_29_1,,,451.1,,,,,100,,,,3.472,,,5,0.134,15,,,,,Acq,,,,,,,,,,,,,,,30,,0225-DGJZT-SJ-DMRM-NEG.d,,Find by MRM,,
74,DGJZT_BS_37_1,,,483.1,,,,,100,,,,3.748,,,2,0.102,5,,,,,Acq,,,,,,,,,,,,,,,30,,0225-DGJZT-SJ-DMRM-NEG.d,,Find by MRM,,
75,DGJZT_BS_37_3,,,483.1,,,,,100,,,,3.722,,,2,0.1,5,,,,,Acq,,,,,,,,,,,,,,,30,,0225-DGJZT-SJ-DMRM-NEG.d,,Find by MRM,,
76,DGJZT_DG_41_2,,,355.1,,,,,100,,,,3.659,,,31,0.157,156,,,,,Acq,,,,,,,,,,,,,,,30,,0225-DGJZT-SJ-DMRM-NEG.d,,Find by MRM,,
77,DGJZT_DG_41_3,,,355.1,,,,,100,,,,3.675,,,33,0.337,216,,,,,Acq,,,,,,,,,,,,,,,30,,0225-DGJZT-SJ-DMRM-NEG.d,,Find by MRM,,
78,DGJZT_DG_41_1,,,355.1,,,,,100,,,,3.685,,,112,0.282,877,,,,,Acq,,,,,,,,,,,,,,,30,,0225-DGJZT-SJ-DMRM-NEG.d,,Find by MRM,,
79,DGJZT_DG_42_3,,,491.1,,,,,100,,,,3.663,,,5,0.184,20,,,,,Acq,,,,,,,,,,,,,,,30,,0225-DGJZT-SJ-DMRM-NEG.d,,Find by MRM,,
80,DGJZT_DG_42_1,,,491.1,,,,,100,,,,3.747,,,26,0.24,156,,,,,Acq,,,,,,,,,,,,,,,30,,0225-DGJZT-SJ-DMRM-NEG.d,,Find by MRM,,
81,DGJZT_BS_40_2,,,391.2,,,,,100,,,,3.675,,,3,0.09,6,,,,,Acq,,,,,,,,,,,,,,,30,,0225-DGJZT-SJ-DMRM-NEG.d,,Find by MRM,,
82,DGJZT_BS_40_3,,,391.2,,,,,100,,,,3.826,,,8,0.063,14,,,,,Acq,,,,,,,,,,,,,,,30,,0225-DGJZT-SJ-DMRM-NEG.d,,Find by MRM,,
83,DGJZT_GZ_4_1,,,349.1,,,,,100,,,,3.971,,,5,0.109,11,,,,,Acq,,,,,,,,,,,,,,,30,,0225-DGJZT-SJ-DMRM-NEG.d,,Find by MRM,,
84,DGJZT_DG_43_1,,,293.1,,,,,100,,,,3.761,,,11,0.134,39,,,,,Acq,,,,,,,,,,,,,,,30,,0225-DGJZT-SJ-DMRM-NEG.d,,Find by MRM,,
85,DGJZT_CGC_7_1,,,631.1,,,,,100,,,,3.872,,,0,0.118,1,,,,,Acq,,,,,,,,,,,,,,,30,,0225-DGJZT-SJ-DMRM-NEG.d,,Find by MRM,,
86,DGJZT_DG_42_2,,,491.1,,,,,100,,,,4.026,,,5,0.059,10,,,,,Acq,,,,,,,,,,,,,,,30,,0225-DGJZT-SJ-DMRM-NEG.d,,Find by MRM,,
87,DGJZT_BS_45_1,,,635.1,,,,,100,,,,3.779,,,3,0.159,7,,,,,Acq,,,,,,,,,,,,,,,30,,0225-DGJZT-SJ-DMRM-NEG.d,,Find by MRM,,
88,DGJZT_DZ_23_1,,,477.2,,,,,100,,,,3.858,,,2,0.084,4,,,,,Acq,,,,,,,,,,,,,,,30,,0225-DGJZT-SJ-DMRM-NEG.d,,Find by MRM,,
89,DGJZT_DZ_24_2,,,431.2,,,,,100,,,,3.917,,,18,0.168,65,,,,,Acq,,,,,,,,,,,,,,,30,,0225-DGJZT-SJ-DMRM-NEG.d,,Find by MRM,,
90,DGJZT_DZ_24_1,,,431.2,,,,,100,,,,3.951,,,9,0.134,24,,,,,Acq,,,,,,,,,,,,,,,30,,0225-DGJZT-SJ-DMRM-NEG.d,,Find by MRM,,
91,DGJZT_DZ_25_2,,,639.2,,,,,100,,,,3.863,,,3,0.101,5,,,,,Acq,,,,,,,,,,,,,,,30,,0225-DGJZT-SJ-DMRM-NEG.d,,Find by MRM,,
92,DGJZT_DG_46_2,,,353.1,,,,,100,,,,4.045,,,5,0.101,15,,,,,Acq,,,,,,,,,,,,,,,30,,0225-DGJZT-SJ-DMRM-NEG.d,,Find by MRM,,
93,DGJZT_DG_46_1,,,353.1,,,,,100,,,,4.037,,,8,0.083,19,,,,,Acq,,,,,,,,,,,,,,,30,,0225-DGJZT-SJ-DMRM-NEG.d,,Find by MRM,,
94,DGJZT_DZ_25_3,,,639.2,,,,,100,,,,4.048,,,0,0.199,1,,,,,Acq,,,,,,,,,,,,,,,30,,0225-DGJZT-SJ-DMRM-NEG.d,,Find by MRM,,
95,DGJZT_DZ_25_1,,,639.2,,,,,100,,,,4.167,,,3,0.101,6,,,,,Acq,,,,,,,,,,,,,,,30,,0225-DGJZT-SJ-DMRM-NEG.d,,Find by MRM,,
96,DGJZT_BS_44_1,,,511.1,,,,,100,,,,4.185,,,0,0.168,1,,,,,Acq,,,,,,,,,,,,,,,30,,0225-DGJZT-SJ-DMRM-NEG.d,,Find by MRM,,
97,DGJZT_CGC_13_1,,,789.2,,,,,100,,,,3.921,,,0,0.102,1,,,,,Acq,,,,,,,,,,,,,,,30,,0225-DGJZT-SJ-DMRM-NEG.d,,Find by MRM,,
98,DGJZT_CGC_16_1,,,625.2,,,,,100,,,,4.294,,,0,0.479,3,,,,,Acq,,,,,,,,,,,,,,,30,,0225-DGJZT-SJ-DMRM-NEG.d,,Find by MRM,,
99,DGJZT_BS_46_3,,,525.2,,,,,100,,,,4.227,,,3,0.101,5,,,,,Acq,,,,,,,,,,,,,,,30,,0225-DGJZT-SJ-DMRM-NEG.d,,Find by MRM,,
100,DGJZT_CGC_14_1,,,417.1,,,,,100,,,,4.162,,,4,0.108,8,,,,,Acq,,,,,,,,,,,,,,,30,,0225-DGJZT-SJ-DMRM-NEG.d,,Find by MRM,,
101,DGJZT_CGC_18_1,,,711.2,,,,,100,,,,4.35,,,0,0.146,1,,,,,Acq,,,,,,,,,,,,,,,30,,0225-DGJZT-SJ-DMRM-NEG.d,,Find by MRM,,
102,DGJZT_CGC_14_3,,,417.1,,,,,100,,,,3.977,,,8,0.089,27,,,,,Acq,,,,,,,,,,,,,,,30,,0225-DGJZT-SJ-DMRM-NEG.d,,Find by MRM,,
103,DGJZT_CGC_14_2,,,417.1,,,,,100,,,,4.078,,,6,0.101,14,,,,,Acq,,,,,,,,,,,,,,,30,,0225-DGJZT-SJ-DMRM-NEG.d,,Find by MRM,,
104,DGJZT_CGC_18_3,,,711.2,,,,,100,,,,4.022,,,3,0.099,6,,,,,Acq,,,,,,,,,,,,,,,30,,0225-DGJZT-SJ-DMRM-NEG.d,,Find by MRM,,
105,DGJZT_CGC_17_1,,,549.2,,,,,100,,,,4.403,,,3,0.109,8,,,,,Acq,,,,,,,,,,,,,,,30,,0225-DGJZT-SJ-DMRM-NEG.d,,Find by MRM,,
106,DGJZT_BS_53_1,,,635.1,,,,,100,,,,4.594,,,5,0.043,4,,,,,Acq,,,,,,,,,,,,,,,30,,0225-DGJZT-SJ-DMRM-NEG.d,,Find by MRM,,
107,DGJZT_BS_51_2,,,183,,,,,100,,,,4.456,,,4,0.193,15,,,,,Acq,,,,,,,,,,,,,,,30,,0225-DGJZT-SJ-DMRM-NEG.d,,Find by MRM,,
108,DGJZT_BS_51_1,,,183,,,,,100,,,,4.164,,,3,0.13,6,,,,,Acq,,,,,,,,,,,,,,,30,,0225-DGJZT-SJ-DMRM-NEG.d,,Find by MRM,,
109,DGJZT_DZ_26_2,,,755.3,,,,,100,,,,4.592,,,11,0.056,9,,,,,Acq,,,,,,,,,,,,,,,30,,0225-DGJZT-SJ-DMRM-NEG.d,,Find by MRM,,
110,DGJZT_BS_56_1,,,687.2,,,,,100,,,,4.258,,,0,0.16,1,,,,,Acq,,,,,,,,,,,,,,,30,,0225-DGJZT-SJ-DMRM-NEG.d,,Find by MRM,,
111,DGJZT_BS_54_1,,,327.1,,,,,100,,,,4.28,,,0,0.15,1,,,,,Acq,,,,,,,,,,,,,,,30,,0225-DGJZT-SJ-DMRM-NEG.d,,Find by MRM,,
112,DGJZT_DG_49_1,,,215.1,,,,,100,,,,4.355,,,4,0.096,10,,,,,Acq,,,,,,,,,,,,,,,30,,0225-DGJZT-SJ-DMRM-NEG.d,,Find by MRM,,
113,DGJZT_DG_49_2,,,215.1,,,,,100,,,,4.422,,,5,0.217,31,,,,,Acq,,,,,,,,,,,,,,,30,,0225-DGJZT-SJ-DMRM-NEG.d,,Find by MRM,,
114,DGJZT_CGC_19_1,,,593.2,,,,,100,,,,4.62,,,13,0.076,30,,,,,Acq,,,,,,,,,,,,,,,30,,0225-DGJZT-SJ-DMRM-NEG.d,,Find by MRM,,
115,DGJZT_BS_60_1,,,631.2,,,,,100,,,,4.836,,,0,0.351,1,,,,,Acq,,,,,,,,,,,,,,,30,,0225-DGJZT-SJ-DMRM-NEG.d,,Find by MRM,,
116,DGJZT_BS_60_3,,,631.2,,,,,100,,,,4.718,,,3,0.1,6,,,,,Acq,,,,,,,,,,,,,,,30,,0225-DGJZT-SJ-DMRM-NEG.d,,Find by MRM,,
117,DGJZT_BS_61_1,,,491.1,,,,,100,,,,4.712,,,2,0.158,6,,,,,Acq,,,,,,,,,,,,,,,30,,0225-DGJZT-SJ-DMRM-NEG.d,,Find by MRM,,
118,DGJZT_GZ_6_2,,,415.1,,,,,100,,,,4.838,,,3,0.091,6,,,,,Acq,,,,,,,,,,,,,,,30,,0225-DGJZT-SJ-DMRM-NEG.d,,Find by MRM,,
119,DGJZT_GZ_6_1,,,415.1,,,,,100,,,,4.821,,,3,0.141,8,,,,,Acq,,,,,,,,,,,,,,,30,,0225-DGJZT-SJ-DMRM-NEG.d,,Find by MRM,,
120,DGJZT_BS_62_2,,,519.2,,,,,100,,,,4.954,,,0,0.115,0,,,,,Acq,,,,,,,,,,,,,,,30,,0225-DGJZT-SJ-DMRM-NEG.d,,Find by MRM,,
121,DGJZT_BS_62_1,,,519.2,,,,,100,,,,4.745,,,3,0.1,6,,,,,Acq,,,,,,,,,,,,,,,30,,0225-DGJZT-SJ-DMRM-NEG.d,,Find by MRM,,
122,DGJZT_BS_66_3,,,687.2,,,,,100,,,,4.91,,,2,0.109,6,,,,,Acq,,,,,,,,,,,,,,,30,,0225-DGJZT-SJ-DMRM-NEG.d,,Find by MRM,,
123,DGJZT_BS_66_1,,,687.2,,,,,100,,,,4.776,,,3,0.1,7,,,,,Acq,,,,,,,,,,,,,,,30,,0225-DGJZT-SJ-DMRM-NEG.d,,Find by MRM,,
124,DGJZT_BS_66_2,,,687.2,,,,,100,,,,4.676,,,0,0.19,1,,,,,Acq,,,,,,,,,,,,,,,30,,0225-DGJZT-SJ-DMRM-NEG.d,,Find by MRM,,
125,DGJZT_GZ_8_2,,,327.1,,,,,100,,,,5.034,,,2,0.117,5,,,,,Acq,,,,,,,,,,,,,,,30,,0225-DGJZT-SJ-DMRM-NEG.d,,Find by MRM,,
126,DGJZT_GZ_8_1,,,327.1,,,,,100,,,,5.244,,,6,0.066,10,,,,,Acq,,,,,,,,,,,,,,,30,,0225-DGJZT-SJ-DMRM-NEG.d,,Find by MRM,,
127,DGJZT_GZ_8_3,,,327.1,,,,,100,,,,4.792,,,0,0.09,1,,,,,Acq,,,,,,,,,,,,,,,30,,0225-DGJZT-SJ-DMRM-NEG.d,,Find by MRM,,
128,DGJZT_GZ_9_3,,,363.1,,,,,100,,,,5.141,,,2,0.102,4,,,,,Acq,,,,,,,,,,,,,,,30,,0225-DGJZT-SJ-DMRM-NEG.d,,Find by MRM,,
129,DGJZT_DZ_28_3,,,340.2,,,,,100,,,,5.21,,,4,0.093,9,,,,,Acq,,,,,,,,,,,,,,,30,,0225-DGJZT-SJ-DMRM-NEG.d,,Find by MRM,,
130,DGJZT_DZ_28_2,,,340.2,,,,,100,,,,5.032,,,4,0.066,10,,,,,Acq,,,,,,,,,,,,,,,30,,0225-DGJZT-SJ-DMRM-NEG.d,,Find by MRM,,
131,DGJZT_DZ_28_1,,,340.2,,,,,100,,,,5.133,,,2,0.11,5,,,,,Acq,,,,,,,,,,,,,,,30,,0225-DGJZT-SJ-DMRM-NEG.d,,Find by MRM,,
132,DGJZT_BS_75_1,,,525.2,,,,,100,,,,5.055,,,5,0.039,8,,,,,Acq,,,,,,,,,,,,,,,30,,0225-DGJZT-SJ-DMRM-NEG.d,,Find by MRM,,
133,DGJZT_DZ_30_1,,,579.3,,,,,100,,,,5.163,,,2,0.117,4,,,,,Acq,,,,,,,,,,,,,,,30,,0225-DGJZT-SJ-DMRM-NEG.d,,Find by MRM,,
134,DGJZT_BS_79_1,,,787.1,,,,,100,,,,5.337,,,2,0.126,4,,,,,Acq,,,,,,,,,,,,,,,30,,0225-DGJZT-SJ-DMRM-NEG.d,,Find by MRM,,
135,DGJZT_SJ_4_1,,,519.2,,,,,100,,,,5.232,,,926,0.404,9053,,,,,Acq,,,,,,,,,,,,,,,30,,0225-DGJZT-SJ-DMRM-NEG.d,,Find by MRM,,
136,DGJZT_BS_80_2,,,631.2,,,,,100,,,,5.313,,,6,0.134,18,,,,,Acq,,,,,,,,,,,,,,,30,,0225-DGJZT-SJ-DMRM-NEG.d,,Find by MRM,,
137,DGJZT_BS_80_1,,,631.2,,,,,100,,,,5.472,,,4,0.071,7,,,,,Acq,,,,,,,,,,,,,,,30,,0225-DGJZT-SJ-DMRM-NEG.d,,Find by MRM,,
138,DGJZT_DZ_31_1,,,741.2,,,,,100,,,,5.162,,,0,0.117,1,,,,,Acq,,,,,,,,,,,,,,,30,,0225-DGJZT-SJ-DMRM-NEG.d,,Find by MRM,,
139,DGJZT_BS_81_2,,,541.2,,,,,100,,,,5.247,,,0,0.182,1,,,,,Acq,,,,,,,,,,,,,,,30,,0225-DGJZT-SJ-DMRM-NEG.d,,Find by MRM,,
140,DGJZT_BS_81_1,,,541.2,,,,,100,,,,5.558,,,0,0.062,0,,,,,Acq,,,,,,,,,,,,,,,30,,0225-DGJZT-SJ-DMRM-NEG.d,,Find by MRM,,
141,DGJZT_DG_58_2,,,367.1,,,,,100,,,,5.344,,,2,0.103,6,,,,,Acq,,,,,,,,,,,,,,,30,,0225-DGJZT-SJ-DMRM-NEG.d,,Find by MRM,,
142,DGJZT_DG_58_1,,,367.1,,,,,100,,,,5.19,,,5,0.122,10,,,,,Acq,,,,,,,,,,,,,,,30,,0225-DGJZT-SJ-DMRM-NEG.d,,Find by MRM,,
143,DGJZT_DG_58_3,,,367.1,,,,,100,,,,5.411,,,3,0.185,8,,,,,Acq,,,,,,,,,,,,,,,30,,0225-DGJZT-SJ-DMRM-NEG.d,,Find by MRM,,
144,DGJZT_BS_86_3,,,525.2,,,,,100,,,,5.517,,,24,0.083,85,,,,,Acq,,,,,,,,,,,,,,,30,,0225-DGJZT-SJ-DMRM-NEG.d,,Find by MRM,,
145,DGJZT_BS_86_2,,,525.2,,,,,100,,,,5.567,,,2,0.108,5,,,,,Acq,,,,,,,,,,,,,,,30,,0225-DGJZT-SJ-DMRM-NEG.d,,Find by MRM,,
146,DGJZT_BS_86_1,,,525.2,,,,,100,,,,5.467,,,140,0.359,1320,,,,,Acq,,,,,,,,,,,,,,,30,,0225-DGJZT-SJ-DMRM-NEG.d,,Find by MRM,,
147,DGJZT_BS_85_3,,,449.1,,,,,100,,,,5.3,,,1,0.094,3,,,,,Acq,,,,,,,,,,,,,,,30,,0225-DGJZT-SJ-DMRM-NEG.d,,Find by MRM,,
148,DGJZT_BS_85_2,,,449.1,,,,,100,,,,5.232,,,0,0.084,0,,,,,Acq,,,,,,,,,,,,,,,30,,0225-DGJZT-SJ-DMRM-NEG.d,,Find by MRM,,
149,DGJZT_BS_85_1,,,449.1,,,,,100,,,,5.519,,,6,0.193,16,,,,,Acq,,,,,,,,,,,,,,,30,,0225-DGJZT-SJ-DMRM-NEG.d,,Find by MRM,,
150,DGJZT_BS_82_3,,,327.1,,,,,100,,,,5.63,,,0,0.337,2,,,,,Acq,,,,,,,,,,,,,,,30,,0225-DGJZT-SJ-DMRM-NEG.d,,Find by MRM,,
151,DGJZT_BS_96_3,,,497.2,,,,,100,,,,5.451,,,2,0.076,3,,,,,Acq,,,,,,,,,,,,,,,30,,0225-DGJZT-SJ-DMRM-NEG.d,,Find by MRM,,
152,DGJZT_CGC_24_2,,,579.2,,,,,100,,,,5.432,,,0,0.049,0,,,,,Acq,,,,,,,,,,,,,,,30,,0225-DGJZT-SJ-DMRM-NEG.d,,Find by MRM,,
153,DGJZT_BS_96_2,,,497.2,,,,,100,,,,5.577,,,1,0.085,3,,,,,Acq,,,,,,,,,,,,,,,30,,0225-DGJZT-SJ-DMRM-NEG.d,,Find by MRM,,
154,DGJZT_GZ_11_3,,,581.2,,,,,100,,,,5.481,,,2,0.125,5,,,,,Acq,,,,,,,,,,,,,,,30,,0225-DGJZT-SJ-DMRM-NEG.d,,Find by MRM,,
155,DGJZT_CGC_24_1,,,579.2,,,,,100,,,,5.768,,,0,0.471,2,,,,,Acq,,,,,,,,,,,,,,,30,,0225-DGJZT-SJ-DMRM-NEG.d,,Find by MRM,,
156,DGJZT_CGC_27_1,,,737.2,,,,,100,,,,5.857,,,0,0.109,1,,,,,Acq,,,,,,,,,,,,,,,30,,0225-DGJZT-SJ-DMRM-NEG.d,,Find by MRM,,
157,DGJZT_BS_97_1,,,495.2,,,,,100,,,,5.778,,,3,0.11,9,,,,,Acq,,,,,,,,,,,,,,,30,,0225-DGJZT-SJ-DMRM-NEG.d,,Find by MRM,,
158,DGJZT_CGC_26_1,,,737.2,,,,,100,,,,5.934,,,1,0.063,1,,,,,Acq,,,,,,,,,,,,,,,30,,0225-DGJZT-SJ-DMRM-NEG.d,,Find by MRM,,
159,DGJZT_CGC_28_1,,,625.2,,,,,100,,,,5.799,,,2,0.109,4,,,,,Acq,,,,,,,,,,,,,,,30,,0225-DGJZT-SJ-DMRM-NEG.d,,Find by MRM,,
160,DGJZT_BS_101_1,,,787.1,,,,,100,,,,5.84,,,5,0.152,18,,,,,Acq,,,,,,,,,,,,,,,30,,0225-DGJZT-SJ-DMRM-NEG.d,,Find by MRM,,
161,DGJZT_BS_102_2,,,519.2,,,,,100,,,,6.004,,,2,0.091,3,,,,,Acq,,,,,,,,,,,,,,,30,,0225-DGJZT-SJ-DMRM-NEG.d,,Find by MRM,,
162,DGJZT_BS_102_1,,,519.2,,,,,100,,,,6.081,,,1,0.093,2,,,,,Acq,,,,,,,,,,,,,,,30,,0225-DGJZT-SJ-DMRM-NEG.d,,Find by MRM,,
163,DGJZT_CGC_29_1,,,415.1,,,,,100,,,,6.006,,,2,0.106,4,,,,,Acq,,,,,,,,,,,,,,,30,,0225-DGJZT-SJ-DMRM-NEG.d,,Find by MRM,,
164,DGJZT_DZ_32_2,,,623.3,,,,,100,,,,6.06,,,4,0.074,8,,,,,Acq,,,,,,,,,,,,,,,30,,0225-DGJZT-SJ-DMRM-NEG.d,,Find by MRM,,
165,DGJZT_DZ_32_1,,,623.3,,,,,100,,,,5.876,,,0,0.157,1,,,,,Acq,,,,,,,,,,,,,,,30,,0225-DGJZT-SJ-DMRM-NEG.d,,Find by MRM,,
166,DGJZT_BS_103_2,,,787.1,,,,,100,,,,6.099,,,7,0.151,24,,,,,Acq,,,,,,,,,,,,,,,30,,0225-DGJZT-SJ-DMRM-NEG.d,,Find by MRM,,
167,DGJZT_BS_103_1,,,787.1,,,,,100,,,,6.351,,,8,0.134,24,,,,,Acq,,,,,,,,,,,,,,,30,,0225-DGJZT-SJ-DMRM-NEG.d,,Find by MRM,,
168,DGJZT_DG_61_2,,,527.2,,,,,100,,,,6.316,,,8,0.099,15,,,,,Acq,,,,,,,,,,,,,,,30,,0225-DGJZT-SJ-DMRM-NEG.d,,Find by MRM,,
169,DGJZT_BS_104_2,,,477.1,,,,,100,,,,6.065,,,4,0.116,10,,,,,Acq,,,,,,,,,,,,,,,30,,0225-DGJZT-SJ-DMRM-NEG.d,,Find by MRM,,
170,DGJZT_DZ_33_3,,,609.1,,,,,100,,,,6.378,,,8,0.083,17,,,,,Acq,,,,,,,,,,,,,,,30,,0225-DGJZT-SJ-DMRM-NEG.d,,Find by MRM,,
171,DGJZT_DZ_33_1,,,609.1,,,,,100,,,,6.345,,,6,0.083,23,,,,,Acq,,,,,,,,,,,,,,,30,,0225-DGJZT-SJ-DMRM-NEG.d,,Find by MRM,,
172,DGJZT_CGC_33_1,,,579.2,,,,,100,,,,6.504,,,2,0.078,3,,,,,Acq,,,,,,,,,,,,,,,30,,0225-DGJZT-SJ-DMRM-NEG.d,,Find by MRM,,
173,DGJZT_CGC_33_2,,,579.2,,,,,100,,,,6.363,,,5,0.099,9,,,,,Acq,,,,,,,,,,,,,,,30,,0225-DGJZT-SJ-DMRM-NEG.d,,Find by MRM,,
174,DGJZT_GZ_15_1,,,559.2,,,,,100,,,,6.288,,,3,0.142,8,,,,,Acq,,,,,,,,,,,,,,,30,,0225-DGJZT-SJ-DMRM-NEG.d,,Find by MRM,,
175,DGJZT_DZ_33_2,,,609.1,,,,,100,,,,6.453,,,0,0.133,1,,,,,Acq,,,,,,,,,,,,,,,30,,0225-DGJZT-SJ-DMRM-NEG.d,,Find by MRM,,
176,DGJZT_CGC_31_1,,,549.2,,,,,100,,,,6.405,,,28,0.116,110,,,,,Acq,,,,,,,,,,,,,,,30,,0225-DGJZT-SJ-DMRM-NEG.d,,Find by MRM,,
177,DGJZT_CGC_31_2,,,549.2,,,,,100,,,,6.414,,,8,0.108,21,,,,,Acq,,,,,,,,,,,,,,,30,,0225-DGJZT-SJ-DMRM-NEG.d,,Find by MRM,,
178,DGJZT_CGC_31_3,,,549.2,,,,,100,,,,6.422,,,6,0.117,12,,,,,Acq,,,,,,,,,,,,,,,30,,0225-DGJZT-SJ-DMRM-NEG.d,,Find by MRM,,
179,DGJZT_CGC_40_2,,,1099.3,,,,,100,,,,6.317,,,0,0.195,1,,,,,Acq,,,,,,,,,,,,,,,30,,0225-DGJZT-SJ-DMRM-NEG.d,,Find by MRM,,
180,DGJZT_CGC_36_1,,,549.2,,,,,100,,,,6.397,,,32,0.308,299,,,,,Acq,,,,,,,,,,,,,,,30,,0225-DGJZT-SJ-DMRM-NEG.d,,Find by MRM,,
181,DGJZT_CGC_36_2,,,549.2,,,,,100,,,,6.38,,,9,0.183,38,,,,,Acq,,,,,,,,,,,,,,,30,,0225-DGJZT-SJ-DMRM-NEG.d,,Find by MRM,,
182,DGJZT_CGC_36_3,,,549.2,,,,,100,,,,6.389,,,6,0.105,19,,,,,Acq,,,,,,,,,,,,,,,30,,0225-DGJZT-SJ-DMRM-NEG.d,,Find by MRM,,
183,DGJZT_CGC_43_3,,,707.2,,,,,100,,,,6.552,,,0,0.151,1,,,,,Acq,,,,,,,,,,,,,,,30,,0225-DGJZT-SJ-DMRM-NEG.d,,Find by MRM,,
184,DGJZT_CGC_43_1,,,707.2,,,,,100,,,,6.738,,,0,0.04,0,,,,,Acq,,,,,,,,,,,,,,,30,,0225-DGJZT-SJ-DMRM-NEG.d,,Find by MRM,,
185,DGJZT_BS_105_1,,,441.1,,,,,100,,,,6.757,,,2,0.058,4,,,,,Acq,,,,,,,,,,,,,,,30,,0225-DGJZT-SJ-DMRM-NEG.d,,Find by MRM,,
186,DGJZT_CGC_43_2,,,707.2,,,,,100,,,,6.788,,,4,0.076,7,,,,,Acq,,,,,,,,,,,,,,,30,,0225-DGJZT-SJ-DMRM-NEG.d,,Find by MRM,,
187,DGJZT_CGC_47_2,,,417.1,,,,,100,,,,6.591,,,24,0.2,97,,,,,Acq,,,,,,,,,,,,,,,30,,0225-DGJZT-SJ-DMRM-NEG.d,,Find by MRM,,
188,DGJZT_CGC_47_3,,,417.1,,,,,100,,,,6.583,,,35,0.218,182,,,,,Acq,,,,,,,,,,,,,,,30,,0225-DGJZT-SJ-DMRM-NEG.d,,Find by MRM,,
189,DGJZT_CGC_47_1,,,417.1,,,,,100,,,,6.599,,,33,0.192,200,,,,,Acq,,,,,,,,,,,,,,,30,,0225-DGJZT-SJ-DMRM-NEG.d,,Find by MRM,,
190,DGJZT_BS_106_2,,,301,,,,,100,,,,6.634,,,10,0.1,32,,,,,Acq,,,,,,,,,,,,,,,30,,0225-DGJZT-SJ-DMRM-NEG.d,,Find by MRM,,
191,DGJZT_CGC_54_1,,,565.2,,,,,100,,,,6.671,,,0,0.336,3,,,,,Acq,,,,,,,,,,,,,,,30,,0225-DGJZT-SJ-DMRM-NEG.d,,Find by MRM,,
192,DGJZT_GZ_16_1,,,475.2,,,,,100,,,,6.757,,,212,0.326,2418,,,,,Acq,,,,,,,,,,,,,,,30,,0225-DGJZT-SJ-DMRM-NEG.d,,Find by MRM,,
193,DGJZT_BS_107_2,,,309.1,,,,,100,,,,6.809,,,3,0.1,5,,,,,Acq,,,,,,,,,,,,,,,30,,0225-DGJZT-SJ-DMRM-NEG.d,,Find by MRM,,
194,DGJZT_BS_107_1,,,309.1,,,,,100,,,,6.433,,,0,0.126,1,,,,,Acq,,,,,,,,,,,,,,,30,,0225-DGJZT-SJ-DMRM-NEG.d,,Find by MRM,,
195,DGJZT_BS_106_3,,,301,,,,,100,,,,6.642,,,10,0.117,34,,,,,Acq,,,,,,,,,,,,,,,30,,0225-DGJZT-SJ-DMRM-NEG.d,,Find by MRM,,
196,DGJZT_BS_106_1,,,301,,,,,100,,,,6.693,,,6,0.092,17,,,,,Acq,,,,,,,,,,,,,,,30,,0225-DGJZT-SJ-DMRM-NEG.d,,Find by MRM,,
197,DGJZT_BS_108_2,,,631.2,,,,,100,,,,6.823,,,1,0.074,2,,,,,Acq,,,,,,,,,,,,,,,30,,0225-DGJZT-SJ-DMRM-NEG.d,,Find by MRM,,
198,DGJZT_SJ_5_3,,,475.2,,,,,100,,,,6.748,,,198,0.275,1349,,,,,Acq,,,,,,,,,,,,,,,30,,0225-DGJZT-SJ-DMRM-NEG.d,,Find by MRM,,
199,DGJZT_BS_108_3,,,631.2,,,,,100,,,,6.78,,,11,0.075,34,,,,,Acq,,,,,,,,,,,,,,,30,,0225-DGJZT-SJ-DMRM-NEG.d,,Find by MRM,,
200,DGJZT_BS_108_1,,,631.2,,,,,100,,,,6.722,,,5,0.135,18,,,,,Acq,,,,,,,,,,,,,,,30,,0225-DGJZT-SJ-DMRM-NEG.d,,Find by MRM,,
201,DGJZT_DG_65_1,,,193,,,,,100,,,,6.894,,,21,0.075,66,,,,,Acq,,,,,,,,,,,,,,,30,,0225-DGJZT-SJ-DMRM-NEG.d,,Find by MRM,,
202,DGJZT_DG_64_1,,,178,,,,,100,,,,6.811,,,26,0.151,144,,,,,Acq,,,,,,,,,,,,,,,30,,0225-DGJZT-SJ-DMRM-NEG.d,,Find by MRM,,
203,DGJZT_DG_64_2,,,178,,,,,100,,,,6.845,,,28,0.211,164,,,,,Acq,,,,,,,,,,,,,,,30,,0225-DGJZT-SJ-DMRM-NEG.d,,Find by MRM,,
204,DGJZT_DG_65_3,,,193,,,,,100,,,,6.853,,,23,0.125,97,,,,,Acq,,,,,,,,,,,,,,,30,,0225-DGJZT-SJ-DMRM-NEG.d,,Find by MRM,,
205,DGJZT_BS_118_1,,,939.1,,,,,100,,,,6.837,,,6,0.036,8,,,,,Acq,,,,,,,,,,,,,,,30,,0225-DGJZT-SJ-DMRM-NEG.d,,Find by MRM,,
206,DGJZT_BS_118_2,,,939.1,,,,,100,,,,6.98,,,3,0.117,6,,,,,Acq,,,,,,,,,,,,,,,30,,0225-DGJZT-SJ-DMRM-NEG.d,,Find by MRM,,
207,DGJZT_BS_115_1,,,769.1,,,,,100,,,,6.956,,,1,0.077,2,,,,,Acq,,,,,,,,,,,,,,,30,,0225-DGJZT-SJ-DMRM-NEG.d,,Find by MRM,,
208,DGJZT_BS_118_3,,,939.1,,,,,100,,,,6.938,,,3,0.189,10,,,,,Acq,,,,,,,,,,,,,,,30,,0225-DGJZT-SJ-DMRM-NEG.d,,Find by MRM,,
209,DGJZT_BS_120_2,,,509.2,,,,,100,,,,7.361,,,0,0.134,1,,,,,Acq,,,,,,,,,,,,,,,30,,0225-DGJZT-SJ-DMRM-NEG.d,,Find by MRM,,
210,DGJZT_DZ_34_2,,,204.1,,,,,100,,,,7.095,,,5,0.119,10,,,,,Acq,,,,,,,,,,,,,,,30,,0225-DGJZT-SJ-DMRM-NEG.d,,Find by MRM,,
211,DGJZT_DZ_36_2,,,637.3,,,,,100,,,,7.098,,,3,0.136,8,,,,,Acq,,,,,,,,,,,,,,,30,,0225-DGJZT-SJ-DMRM-NEG.d,,Find by MRM,,
212,DGJZT_DZ_36_1,,,637.3,,,,,100,,,,7.116,,,0,0.215,0,,,,,Acq,,,,,,,,,,,,,,,30,,0225-DGJZT-SJ-DMRM-NEG.d,,Find by MRM,,
213,DGJZT_DZ_34_1,,,204.1,,,,,100,,,,7.288,,,5,0.101,10,,,,,Acq,,,,,,,,,,,,,,,30,,0225-DGJZT-SJ-DMRM-NEG.d,,Find by MRM,,
214,DGJZT_DZ_34_3,,,204.1,,,,,100,,,,7.306,,,0,0.251,1,,,,,Acq,,,,,,,,,,,,,,,30,,0225-DGJZT-SJ-DMRM-NEG.d,,Find by MRM,,
215,DGJZT_DZ_36_3,,,637.3,,,,,100,,,,7.356,,,4,0.125,12,,,,,Acq,,,,,,,,,,,,,,,30,,0225-DGJZT-SJ-DMRM-NEG.d,,Find by MRM,,
216,DGJZT_SJ_6_2,,,375.1,,,,,100,,,,7.228,,,556,0.431,5077,,,,,Acq,,,,,,,,,,,,,,,30,,0225-DGJZT-SJ-DMRM-NEG.d,,Find by MRM,,
217,DGJZT_SJ_6_1,,,375.1,,,,,100,,,,7.22,,,763,0.411,6497,,,,,Acq,,,,,,,,,,,,,,,30,,0225-DGJZT-SJ-DMRM-NEG.d,,Find by MRM,,
218,DGJZT_DG_66_1,,,209.1,,,,,100,,,,7.313,,,3,0.101,6,,,,,Acq,,,,,,,,,,,,,,,30,,0225-DGJZT-SJ-DMRM-NEG.d,,Find by MRM,,
219,DGJZT_DG_66_3,,,209.1,,,,,100,,,,7.237,,,3,0.075,5,,,,,Acq,,,,,,,,,,,,,,,30,,0225-DGJZT-SJ-DMRM-NEG.d,,Find by MRM,,
220,DGJZT_GZ_18_3,,,557.2,,,,,100,,,,7.334,,,0,0.27,2,,,,,Acq,,,,,,,,,,,,,,,30,,0225-DGJZT-SJ-DMRM-NEG.d,,Find by MRM,,
221,DGJZT_GZ_18_2,,,557.2,,,,,100,,,,7.553,,,2,0.083,3,,,,,Acq,,,,,,,,,,,,,,,30,,0225-DGJZT-SJ-DMRM-NEG.d,,Find by MRM,,
222,DGJZT_GZ_18_1,,,557.2,,,,,100,,,,7.202,,,0,0.335,2,,,,,Acq,,,,,,,,,,,,,,,30,,0225-DGJZT-SJ-DMRM-NEG.d,,Find by MRM,,
223,DGJZT_BS_123_1,,,507.2,,,,,100,,,,7.395,,,4,0.101,8,,,,,Acq,,,,,,,,,,,,,,,30,,0225-DGJZT-SJ-DMRM-NEG.d,,Find by MRM,,
224,DGJZT_BS_125_3,,,567.2,,,,,100,,,,7.518,,,2,0.048,3,,,,,Acq,,,,,,,,,,,,,,,30,,0225-DGJZT-SJ-DMRM-NEG.d,,Find by MRM,,
225,DGJZT_BS_125_1,,,567.2,,,,,100,,,,7.435,,,2,0.113,5,,,,,Acq,,,,,,,,,,,,,,,30,,0225-DGJZT-SJ-DMRM-NEG.d,,Find by MRM,,
226,DGJZT_BS_126_3,,,631.2,,,,,100,,,,7.509,,,0,0.07,0,,,,,Acq,,,,,,,,,,,,,,,30,,0225-DGJZT-SJ-DMRM-NEG.d,,Find by MRM,,
227,DGJZT_BS_126_2,,,631.2,,,,,100,,,,7.753,,,0,0.267,2,,,,,Acq,,,,,,,,,,,,,,,30,,0225-DGJZT-SJ-DMRM-NEG.d,,Find by MRM,,
228,DGJZT_BS_126_1,,,631.2,,,,,100,,,,7.6,,,8,0.101,24,,,,,Acq,,,,,,,,,,,,,,,30,,0225-DGJZT-SJ-DMRM-NEG.d,,Find by MRM,,
229,DGJZT_GZ_19_1,,,421.2,,,,,100,,,,7.581,,,5,0.125,16,,,,,Acq,,,,,,,,,,,,,,,30,,0225-DGJZT-SJ-DMRM-NEG.d,,Find by MRM,,
230,DGJZT_CGC_65_1,,,635.2,,,,,100,,,,7.675,,,0,0.168,0,,,,,Acq,,,,,,,,,,,,,,,30,,0225-DGJZT-SJ-DMRM-NEG.d,,Find by MRM,,
231,DGJZT_CGC_64_1,,,591.2,,,,,100,,,,7.853,,,2,0.105,5,,,,,Acq,,,,,,,,,,,,,,,30,,0225-DGJZT-SJ-DMRM-NEG.d,,Find by MRM,,
232,DGJZT_CGC_64_2,,,591.2,,,,,100,,,,7.736,,,3,0.092,5,,,,,Acq,,,,,,,,,,,,,,,30,,0225-DGJZT-SJ-DMRM-NEG.d,,Find by MRM,,
233,DGJZT_BS_127_1,,,345.2,,,,,100,,,,7.439,,,5,0.057,8,,,,,Acq,,,,,,,,,,,,,,,30,,0225-DGJZT-SJ-DMRM-NEG.d,,Find by MRM,,
234,DGJZT_BS_128_2,,,503.2,,,,,100,,,,7.68,,,1,0.12,1,,,,,Acq,,,,,,,,,,,,,,,30,,0225-DGJZT-SJ-DMRM-NEG.d,,Find by MRM,,
235,DGJZT_BS_128_1,,,503.2,,,,,100,,,,7.932,,,0,0.16,1,,,,,Acq,,,,,,,,,,,,,,,30,,0225-DGJZT-SJ-DMRM-NEG.d,,Find by MRM,,
236,DGJZT_CGC_66_1,,,431.1,,,,,100,,,,8.134,,,9,0.05,7,,,,,Acq,,,,,,,,,,,,,,,30,,0225-DGJZT-SJ-DMRM-NEG.d,,Find by MRM,,
237,DGJZT_CGC_67_1,,,459.1,,,,,100,,,,8.065,,,2,0.124,7,,,,,Acq,,,,,,,,,,,,,,,30,,0225-DGJZT-SJ-DMRM-NEG.d,,Find by MRM,,
238,DGJZT_CGC_67_2,,,459.1,,,,,100,,,,8.091,,,2,0.097,4,,,,,Acq,,,,,,,,,,,,,,,30,,0225-DGJZT-SJ-DMRM-NEG.d,,Find by MRM,,
239,DGJZT_DZ_37_3,,,671.3,,,,,100,,,,7.742,,,4,0.114,9,,,,,Acq,,,,,,,,,,,,,,,30,,0225-DGJZT-SJ-DMRM-NEG.d,,Find by MRM,,
240,DGJZT_DZ_37_2,,,671.3,,,,,100,,,,7.817,,,3,0.147,14,,,,,Acq,,,,,,,,,,,,,,,30,,0225-DGJZT-SJ-DMRM-NEG.d,,Find by MRM,,
241,DGJZT_DZ_37_1,,,671.3,,,,,100,,,,8.086,,,1,0.158,2,,,,,Acq,,,,,,,,,,,,,,,30,,0225-DGJZT-SJ-DMRM-NEG.d,,Find by MRM,,
242,DGJZT_BS_130_1,,,645.2,,,,,100,,,,7.952,,,1,0.159,2,,,,,Acq,,,,,,,,,,,,,,,30,,0225-DGJZT-SJ-DMRM-NEG.d,,Find by MRM,,
243,DGJZT_CGC_69_1,,,433.1,,,,,100,,,,8.142,,,2,0.075,4,,,,,Acq,,,,,,,,,,,,,,,30,,0225-DGJZT-SJ-DMRM-NEG.d,,Find by MRM,,
244,DGJZT_DG_68_2,,,515.1,,,,,100,,,,8.03,,,5,0.109,13,,,,,Acq,,,,,,,,,,,,,,,30,,0225-DGJZT-SJ-DMRM-NEG.d,,Find by MRM,,
245,DGJZT_DG_68_1,,,515.1,,,,,100,,,,7.989,,,9,0.15,29,,,,,Acq,,,,,,,,,,,,,,,30,,0225-DGJZT-SJ-DMRM-NEG.d,,Find by MRM,,
246,DGJZT_DG_68_3,,,515.1,,,,,100,,,,7.939,,,4,0.129,12,,,,,Acq,,,,,,,,,,,,,,,30,,0225-DGJZT-SJ-DMRM-NEG.d,,Find by MRM,,
247,DGJZT_BS_132_1,,,525.2,,,,,100,,,,7.945,,,8,0.1,27,,,,,Acq,,,,,,,,,,,,,,,30,,0225-DGJZT-SJ-DMRM-NEG.d,,Find by MRM,,
248,DGJZT_BS_132_3,,,525.2,,,,,100,,,,8.138,,,5,0.165,14,,,,,Acq,,,,,,,,,,,,,,,30,,0225-DGJZT-SJ-DMRM-NEG.d,,Find by MRM,,
249,DGJZT_BS_134_1,,,509.2,,,,,100,,,,8.2,,,1,0.101,2,,,,,Acq,,,,,,,,,,,,,,,30,,0225-DGJZT-SJ-DMRM-NEG.d,,Find by MRM,,
250,DGJZT_CGC_71_1,,,301.1,,,,,100,,,,8.109,,,7,0.134,25,,,,,Acq,,,,,,,,,,,,,,,30,,0225-DGJZT-SJ-DMRM-NEG.d,,Find by MRM,,
251,DGJZT_CGC_76_1,,,561.2,,,,,100,,,,8.606,,,3,0.142,8,,,,,Acq,,,,,,,,,,,,,,,30,,0225-DGJZT-SJ-DMRM-NEG.d,,Find by MRM,,
252,DGJZT_CGC_76_2,,,561.2,,,,,100,,,,8.665,,,0,0.111,0,,,,,Acq,,,,,,,,,,,,,,,30,,0225-DGJZT-SJ-DMRM-NEG.d,,Find by MRM,,
253,DGJZT_GZ_20_2,,,361.2,,,,,100,,,,8.795,,,25,0.19,122,,,,,Acq,,,,,,,,,,,,,,,30,,0225-DGJZT-SJ-DMRM-NEG.d,,Find by MRM,,
254,DGJZT_CGC_80_1,,,549.2,,,,,100,,,,8.599,,,9,0.075,20,,,,,Acq,,,,,,,,,,,,,,,30,,0225-DGJZT-SJ-DMRM-NEG.d,,Find by MRM,,
255,DGJZT_CGC_80_2,,,549.2,,,,,100,,,,8.456,,,2,0.093,5,,,,,Acq,,,,,,,,,,,,,,,30,,0225-DGJZT-SJ-DMRM-NEG.d,,Find by MRM,,
256,DGJZT_GZ_20_1,,,361.2,,,,,100,,,,8.779,,,4,0.092,16,,,,,Acq,,,,,,,,,,,,,,,30,,0225-DGJZT-SJ-DMRM-NEG.d,,Find by MRM,,
257,DGJZT_CGC_83_1,,,591.2,,,,,100,,,,8.505,,,1,0.119,3,,,,,Acq,,,,,,,,,,,,,,,30,,0225-DGJZT-SJ-DMRM-NEG.d,,Find by MRM,,
258,DGJZT_CGC_83_2,,,591.2,,,,,100,,,,8.547,,,0,0.328,3,,,,,Acq,,,,,,,,,,,,,,,30,,0225-DGJZT-SJ-DMRM-NEG.d,,Find by MRM,,
259,DGJZT_BS_137_1,,,507.1,,,,,100,,,,8.793,,,2,0.1,4,,,,,Acq,,,,,,,,,,,,,,,30,,0225-DGJZT-SJ-DMRM-NEG.d,,Find by MRM,,
260,DGJZT_BS_138_3,,,783.2,,,,,100,,,,8.721,,,4,0.101,8,,,,,Acq,,,,,,,,,,,,,,,30,,0225-DGJZT-SJ-DMRM-NEG.d,,Find by MRM,,
261,DGJZT_BS_138_1,,,783.2,,,,,100,,,,8.746,,,2,0.092,4,,,,,Acq,,,,,,,,,,,,,,,30,,0225-DGJZT-SJ-DMRM-NEG.d,,Find by MRM,,
262,DGJZT_BS_139_1,,,631.2,,,,,100,,,,8.571,,,3,0.167,9,,,,,Acq,,,,,,,,,,,,,,,30,,0225-DGJZT-SJ-DMRM-NEG.d,,Find by MRM,,
263,DGJZT_BS_140_1,,,505.2,,,,,100,,,,8.743,,,6,0.116,13,,,,,Acq,,,,,,,,,,,,,,,30,,0225-DGJZT-SJ-DMRM-NEG.d,,Find by MRM,,
264,DGJZT_CGC_88_1,,,549.2,,,,,100,,,,8.699,,,6,0.067,11,,,,,Acq,,,,,,,,,,,,,,,30,,0225-DGJZT-SJ-DMRM-NEG.d,,Find by MRM,,
265,DGJZT_CGC_88_2,,,549.2,,,,,100,,,,9.192,,,12,0.017,6,,,,,Acq,,,,,,,,,,,,,,,30,,0225-DGJZT-SJ-DMRM-NEG.d,,Find by MRM,,
266,DGJZT_CGC_90_1,,,459.1,,,,,100,,,,9.144,,,3,0.098,6,,,,,Acq,,,,,,,,,,,,,,,30,,0225-DGJZT-SJ-DMRM-NEG.d,,Find by MRM,,
267,DGJZT_CGC_93_1,,,697.2,,,,,100,,,,8.797,,,1,0.105,1,,,,,Acq,,,,,,,,,,,,,,,30,,0225-DGJZT-SJ-DMRM-NEG.d,,Find by MRM,,
268,DGJZT_CGC_94_2,,,475.1,,,,,100,,,,9.034,,,9,0.157,42,,,,,Acq,,,,,,,,,,,,,,,30,,0225-DGJZT-SJ-DMRM-NEG.d,,Find by MRM,,
269,DGJZT_CGC_94_1,,,475.1,,,,,100,,,,9.026,,,3,0.131,9,,,,,Acq,,,,,,,,,,,,,,,30,,0225-DGJZT-SJ-DMRM-NEG.d,,Find by MRM,,
270,DGJZT_CGC_96_1,,,669.2,,,,,100,,,,9.04,,,4,0.091,7,,,,,Acq,,,,,,,,,,,,,,,30,,0225-DGJZT-SJ-DMRM-NEG.d,,Find by MRM,,
271,DGJZT_CGC_100_1,,,835.2,,,,,100,,,,9.122,,,0,0.101,0,,,,,Acq,,,,,,,,,,,,,,,30,,0225-DGJZT-SJ-DMRM-NEG.d,,Find by MRM,,
272,DGJZT_SJ_7_2,,,389.2,,,,,100,,,,9.013,,,2188,0.488,20744,,,,,Acq,,,,,,,,,,,,,,,30,,0225-DGJZT-SJ-DMRM-NEG.d,,Find by MRM,,
273,DGJZT_SJ_7_1,,,389.2,,,,,100,,,,9.022,,,3891,0.429,35930,,,,,Acq,,,,,,,,,,,,,,,30,,0225-DGJZT-SJ-DMRM-NEG.d,,Find by MRM,,
274,DGJZT_CGC_99_1,,,417.1,,,,,100,,,,9.085,,,11,0.24,47,,,,,Acq,,,,,,,,,,,,,,,30,,0225-DGJZT-SJ-DMRM-NEG.d,,Find by MRM,,
275,DGJZT_BS_143_1,,,615.2,,,,,100,,,,9.358,,,3,0.099,7,,,,,Acq,,,,,,,,,,,,,,,30,,0225-DGJZT-SJ-DMRM-NEG.d,,Find by MRM,,
276,DGJZT_DG_70_2,,,237.1,,,,,100,,,,9.321,,,1,0.108,3,,,,,Acq,,,,,,,,,,,,,,,30,,0225-DGJZT-SJ-DMRM-NEG.d,,Find by MRM,,
277,DGJZT_DG_69_1,,,193.1,,,,,100,,,,9.315,,,12,0.124,38,,,,,Acq,,,,,,,,,,,,,,,30,,0225-DGJZT-SJ-DMRM-NEG.d,,Find by MRM,,
278,DGJZT_DG_70_3,,,237.1,,,,,100,,,,9.513,,,3,0.062,4,,,,,Acq,,,,,,,,,,,,,,,30,,0225-DGJZT-SJ-DMRM-NEG.d,,Find by MRM,,
279,DGJZT_DG_69_2,,,193.1,,,,,100,,,,9.214,,,5,0.167,16,,,,,Acq,,,,,,,,,,,,,,,30,,0225-DGJZT-SJ-DMRM-NEG.d,,Find by MRM,,
280,DGJZT_DG_70_1,,,237.1,,,,,100,,,,9.297,,,6,0.139,30,,,,,Acq,,,,,,,,,,,,,,,30,,0225-DGJZT-SJ-DMRM-NEG.d,,Find by MRM,,
281,DGJZT_DG_69_3,,,193.1,,,,,100,,,,9.389,,,1,0.092,2,,,,,Acq,,,,,,,,,,,,,,,30,,0225-DGJZT-SJ-DMRM-NEG.d,,Find by MRM,,
282,DGJZT_CGC_106_1,,,695.2,,,,,100,,,,9.391,,,2,0.108,9,,,,,Acq,,,,,,,,,,,,,,,30,,0225-DGJZT-SJ-DMRM-NEG.d,,Find by MRM,,
283,DGJZT_CGC_106_2,,,695.2,,,,,100,,,,9.324,,,2,0.117,5,,,,,Acq,,,,,,,,,,,,,,,30,,0225-DGJZT-SJ-DMRM-NEG.d,,Find by MRM,,
284,DGJZT_BS_144_2,,,493.2,,,,,100,,,,9.359,,,6,0.159,19,,,,,Acq,,,,,,,,,,,,,,,30,,0225-DGJZT-SJ-DMRM-NEG.d,,Find by MRM,,
285,DGJZT_CGC_108_1,,,725.2,,,,,100,,,,9.591,,,4,0.1,7,,,,,Acq,,,,,,,,,,,,,,,30,,0225-DGJZT-SJ-DMRM-NEG.d,,Find by MRM,,
286,DGJZT_BS_144_1,,,493.2,,,,,100,,,,9.318,,,2,0.108,4,,,,,Acq,,,,,,,,,,,,,,,30,,0225-DGJZT-SJ-DMRM-NEG.d,,Find by MRM,,
287,DGJZT_BS_147_3,,,491.2,,,,,100,,,,9.452,,,1,0.111,3,,,,,Acq,,,,,,,,,,,,,,,30,,0225-DGJZT-SJ-DMRM-NEG.d,,Find by MRM,,
288,DGJZT_BS_147_1,,,491.2,,,,,100,,,,9.394,,,5,0.108,17,,,,,Acq,,,,,,,,,,,,,,,30,,0225-DGJZT-SJ-DMRM-NEG.d,,Find by MRM,,
289,DGJZT_DG_72_2,,,251.1,,,,,100,,,,9.53,,,4,0.273,16,,,,,Acq,,,,,,,,,,,,,,,30,,0225-DGJZT-SJ-DMRM-NEG.d,,Find by MRM,,
290,DGJZT_DG_72_1,,,251.1,,,,,100,,,,9.488,,,5,0.101,18,,,,,Acq,,,,,,,,,,,,,,,30,,0225-DGJZT-SJ-DMRM-NEG.d,,Find by MRM,,
291,DGJZT_DG_72_3,,,251.1,,,,,100,,,,9.817,,,16,0.042,6,,,,,Acq,,,,,,,,,,,,,,,30,,0225-DGJZT-SJ-DMRM-NEG.d,,Find by MRM,,
292,DGJZT_BS_147_2,,,491.2,,,,,100,,,,9.662,,,3,0.09,6,,,,,Acq,,,,,,,,,,,,,,,30,,0225-DGJZT-SJ-DMRM-NEG.d,,Find by MRM,,
293,DGJZT_BS_149_2,,,507.2,,,,,100,,,,9.618,,,2,0.098,4,,,,,Acq,,,,,,,,,,,,,,,30,,0225-DGJZT-SJ-DMRM-NEG.d,,Find by MRM,,
294,DGJZT_BS_149_1,,,507.2,,,,,100,,,,9.685,,,0,0.097,0,,,,,Acq,,,,,,,,,,,,,,,30,,0225-DGJZT-SJ-DMRM-NEG.d,,Find by MRM,,
295,DGJZT_CGC_113_2,,,591.2,,,,,100,,,,9.852,,,2,0.112,5,,,,,Acq,,,,,,,,,,,,,,,30,,0225-DGJZT-SJ-DMRM-NEG.d,,Find by MRM,,
296,DGJZT_BS_150_3,,,493.2,,,,,100,,,,9.77,,,2,0.103,4,,,,,Acq,,,,,,,,,,,,,,,30,,0225-DGJZT-SJ-DMRM-NEG.d,,Find by MRM,,
297,DGJZT_BS_150_1,,,493.2,,,,,100,,,,9.998,,,13,0.118,49,,,,,Acq,,,,,,,,,,,,,,,30,,0225-DGJZT-SJ-DMRM-NEG.d,,Find by MRM,,
298,DGJZT_GZ_24_1,,,263.1,,,,,100,,,,9.731,,,1,0.143,2,,,,,Acq,,,,,,,,,,,,,,,30,,0225-DGJZT-SJ-DMRM-NEG.d,,Find by MRM,,
299,DGJZT_BS_154_2,,,491.2,,,,,100,,,,10.091,,,5,0.073,10,,,,,Acq,,,,,,,,,,,,,,,30,,0225-DGJZT-SJ-DMRM-NEG.d,,Find by MRM,,
300,DGJZT_BS_153_1,,,445.2,,,,,100,,,,10.017,,,0,0.164,1,,,,,Acq,,,,,,,,,,,,,,,30,,0225-DGJZT-SJ-DMRM-NEG.d,,Find by MRM,,
301,DGJZT_GZ_24_2,,,263.1,,,,,100,,,,9.892,,,7,0.101,16,,,,,Acq,,,,,,,,,,,,,,,30,,0225-DGJZT-SJ-DMRM-NEG.d,,Find by MRM,,
302,DGJZT_BS_155_2,,,507.2,,,,,100,,,,9.854,,,0,0.273,1,,,,,Acq,,,,,,,,,,,,,,,30,,0225-DGJZT-SJ-DMRM-NEG.d,,Find by MRM,,
303,DGJZT_BS_154_3,,,491.2,,,,,100,,,,9.957,,,3,0.102,6,,,,,Acq,,,,,,,,,,,,,,,30,,0225-DGJZT-SJ-DMRM-NEG.d,,Find by MRM,,
304,DGJZT_BS_154_1,,,491.2,,,,,100,,,,9.781,,,4,0.102,10,,,,,Acq,,,,,,,,,,,,,,,30,,0225-DGJZT-SJ-DMRM-NEG.d,,Find by MRM,,
305,DGJZT_BS_153_2,,,445.2,,,,,100,,,,10.194,,,12,0.044,9,,,,,Acq,,,,,,,,,,,,,,,30,,0225-DGJZT-SJ-DMRM-NEG.d,,Find by MRM,,
306,DGJZT_BS_156_1,,,569.2,,,,,100,,,,9.979,,,7,0.092,13,,,,,Acq,,,,,,,,,,,,,,,30,,0225-DGJZT-SJ-DMRM-NEG.d,,Find by MRM,,
307,DGJZT_BS_156_2,,,569.2,,,,,100,,,,10.148,,,7,0.125,25,,,,,Acq,,,,,,,,,,,,,,,30,,0225-DGJZT-SJ-DMRM-NEG.d,,Find by MRM,,
308,DGJZT_BS_150_2,,,493.2,,,,,100,,,,10.21,,,8,0.119,25,,,,,Acq,,,,,,,,,,,,,,,30,,0225-DGJZT-SJ-DMRM-NEG.d,,Find by MRM,,
309,DGJZT_DG_73_2,,,429.1,,,,,100,,,,10.143,,,5,0.101,10,,,,,Acq,,,,,,,,,,,,,,,30,,0225-DGJZT-SJ-DMRM-NEG.d,,Find by MRM,,
310,DGJZT_BS_155_3,,,507.2,,,,,100,,,,9.855,,,3,0.146,8,,,,,Acq,,,,,,,,,,,,,,,30,,0225-DGJZT-SJ-DMRM-NEG.d,,Find by MRM,,
311,DGJZT_CGC_129_1,,,999.4,,,,,100,,,,10.354,,,0,0.065,0,,,,,Acq,,,,,,,,,,,,,,,30,,0225-DGJZT-SJ-DMRM-NEG.d,,Find by MRM,,
312,DGJZT_GZ_25_1,,,593.1,,,,,100,,,,10.224,,,4,0.128,9,,,,,Acq,,,,,,,,,,,,,,,30,,0225-DGJZT-SJ-DMRM-NEG.d,,Find by MRM,,
313,DGJZT_BS_157_1,,,567.2,,,,,100,,,,10.097,,,4,0.102,9,,,,,Acq,,,,,,,,,,,,,,,30,,0225-DGJZT-SJ-DMRM-NEG.d,,Find by MRM,,
314,DGJZT_BS_152_1,,,521.3,,,,,100,,,,10.2,,,5,0.136,12,,,,,Acq,,,,,,,,,,,,,,,30,,0225-DGJZT-SJ-DMRM-NEG.d,,Find by MRM,,
315,DGJZT_CGC_132_1,,,837.4,,,,,100,,,,10.231,,,3,0.115,7,,,,,Acq,,,,,,,,,,,,,,,30,,0225-DGJZT-SJ-DMRM-NEG.d,,Find by MRM,,
316,DGJZT_CGC_125_1,,,692.2,,,,,100,,,,9.894,,,2,0.092,4,,,,,Acq,,,,,,,,,,,,,,,30,,0225-DGJZT-SJ-DMRM-NEG.d,,Find by MRM,,
317,DGJZT_CGC_122_1,,,459.1,,,,,100,,,,9.991,,,4,0.1,8,,,,,Acq,,,,,,,,,,,,,,,30,,0225-DGJZT-SJ-DMRM-NEG.d,,Find by MRM,,
318,DGJZT_GZ_26_3,,,421.1,,,,,100,,,,10.287,,,0,0.083,0,,,,,Acq,,,,,,,,,,,,,,,30,,0225-DGJZT-SJ-DMRM-NEG.d,,Find by MRM,,
319,DGJZT_BS_160_1,,,507.2,,,,,100,,,,10.48,,,11,0.06,10,,,,,Acq,,,,,,,,,,,,,,,30,,0225-DGJZT-SJ-DMRM-NEG.d,,Find by MRM,,
320,DGJZT_CGC_148_1,,,835.4,,,,,100,,,,10.206,,,0,0.08,0,,,,,Acq,,,,,,,,,,,,,,,30,,0225-DGJZT-SJ-DMRM-NEG.d,,Find by MRM,,
321,DGJZT_BS_160_3,,,507.2,,,,,100,,,,10.081,,,3,0.101,6,,,,,Acq,,,,,,,,,,,,,,,30,,0225-DGJZT-SJ-DMRM-NEG.d,,Find by MRM,,
322,DGJZT_BS_160_2,,,507.2,,,,,100,,,,10.217,,,5,0.211,16,,,,,Acq,,,,,,,,,,,,,,,30,,0225-DGJZT-SJ-DMRM-NEG.d,,Find by MRM,,
323,DGJZT_CGC_150_1,,,695.2,,,,,100,,,,10.542,,,0,0.099,0,,,,,Acq,,,,,,,,,,,,,,,30,,0225-DGJZT-SJ-DMRM-NEG.d,,Find by MRM,,
324,DGJZT_CGC_152_1,,,953.5,,,,,100,,,,10.372,,,0,0.251,1,,,,,Acq,,,,,,,,,,,,,,,30,,0225-DGJZT-SJ-DMRM-NEG.d,,Find by MRM,,
325,DGJZT_CGC_151_1,,,725.2,,,,,100,,,,10.198,,,4,0.1,7,,,,,Acq,,,,,,,,,,,,,,,30,,0225-DGJZT-SJ-DMRM-NEG.d,,Find by MRM,,
326,DGJZT_CGC_156_1,,,895.4,,,,,100,,,,10.431,,,3,0.109,10,,,,,Acq,,,,,,,,,,,,,,,30,,0225-DGJZT-SJ-DMRM-NEG.d,,Find by MRM,,
327,DGJZT_CGC_161_1,,,853.4,,,,,100,,,,10.482,,,2,0.169,4,,,,,Acq,,,,,,,,,,,,,,,30,,0225-DGJZT-SJ-DMRM-NEG.d,,Find by MRM,,
328,DGJZT_CGC_163_1,,,983.5,,,,,100,,,,10.43,,,6,0.117,13,,,,,Acq,,,,,,,,,,,,,,,30,,0225-DGJZT-SJ-DMRM-NEG.d,,Find by MRM,,
329,DGJZT_CGC_163_2,,,983.5,,,,,100,,,,10.439,,,3,0.126,6,,,,,Acq,,,,,,,,,,,,,,,30,,0225-DGJZT-SJ-DMRM-NEG.d,,Find by MRM,,
330,DGJZT_BS_159_1,,,597.2,,,,,100,,,,10.257,,,5,0.102,9,,,,,Acq,,,,,,,,,,,,,,,30,,0225-DGJZT-SJ-DMRM-NEG.d,,Find by MRM,,
331,DGJZT_CGC_175_1,,,669.2,,,,,100,,,,10.693,,,3,0.074,7,,,,,Acq,,,,,,,,,,,,,,,30,,0225-DGJZT-SJ-DMRM-NEG.d,,Find by MRM,,
332,DGJZT_BS_164_3,,,661.3,,,,,100,,,,10.653,,,0,0.169,1,,,,,Acq,,,,,,,,,,,,,,,30,,0225-DGJZT-SJ-DMRM-NEG.d,,Find by MRM,,
333,DGJZT_BS_164_1,,,661.3,,,,,100,,,,10.569,,,0,0.268,1,,,,,Acq,,,,,,,,,,,,,,,30,,0225-DGJZT-SJ-DMRM-NEG.d,,Find by MRM,,
334,DGJZT_BS_164_2,,,661.3,,,,,100,,,,10.736,,,0,0.066,1,,,,,Acq,,,,,,,,,,,,,,,30,,0225-DGJZT-SJ-DMRM-NEG.d,,Find by MRM,,
335,DGJZT_BS_162_3,,,629.2,,,,,100,,,,10.712,,,7,0.104,23,,,,,Acq,,,,,,,,,,,,,,,30,,0225-DGJZT-SJ-DMRM-NEG.d,,Find by MRM,,
336,DGJZT_BS_162_1,,,629.2,,,,,100,,,,10.746,,,20,0.109,93,,,,,Acq,,,,,,,,,,,,,,,30,,0225-DGJZT-SJ-DMRM-NEG.d,,Find by MRM,,
337,DGJZT_BS_167_3,,,629.2,,,,,100,,,,10.696,,,4,0.109,12,,,,,Acq,,,,,,,,,,,,,,,30,,0225-DGJZT-SJ-DMRM-NEG.d,,Find by MRM,,
338,DGJZT_BS_167_1,,,629.2,,,,,100,,,,10.655,,,12,0.092,40,,,,,Acq,,,,,,,,,,,,,,,30,,0225-DGJZT-SJ-DMRM-NEG.d,,Find by MRM,,
339,DGJZT_BS_166_1,,,553.2,,,,,100,,,,10.647,,,0,0.174,1,,,,,Acq,,,,,,,,,,,,,,,30,,0225-DGJZT-SJ-DMRM-NEG.d,,Find by MRM,,
340,DGJZT_CGC_190_1,,,879.4,,,,,100,,,,10.757,,,3,0.269,11,,,,,Acq,,,,,,,,,,,,,,,30,,0225-DGJZT-SJ-DMRM-NEG.d,,Find by MRM,,
341,DGJZT_CGC_190_3,,,879.4,,,,,100,,,,10.616,,,0,0.217,2,,,,,Acq,,,,,,,,,,,,,,,30,,0225-DGJZT-SJ-DMRM-NEG.d,,Find by MRM,,
342,DGJZT_CGC_200_1,,,837.4,,,,,100,,,,10.808,,,6,0.101,18,,,,,Acq,,,,,,,,,,,,,,,30,,0225-DGJZT-SJ-DMRM-NEG.d,,Find by MRM,,
343,DGJZT_CGC_200_3,,,837.4,,,,,100,,,,10.792,,,2,0.172,6,,,,,Acq,,,,,,,,,,,,,,,30,,0225-DGJZT-SJ-DMRM-NEG.d,,Find by MRM,,
344,DGJZT_CGC_200_2,,,837.4,,,,,100,,,,10.91,,,1,0.132,3,,,,,Acq,,,,,,,,,,,,,,,30,,0225-DGJZT-SJ-DMRM-NEG.d,,Find by MRM,,
345,DGJZT_CGC_207_1,,,1027.5,,,,,100,,,,10.991,,,2,0.092,4,,,,,Acq,,,,,,,,,,,,,,,30,,0225-DGJZT-SJ-DMRM-NEG.d,,Find by MRM,,
346,DGJZT_CGC_209_1,,,835.4,,,,,100,,,,11.078,,,6,0.065,11,,,,,Acq,,,,,,,,,,,,,,,30,,0225-DGJZT-SJ-DMRM-NEG.d,,Find by MRM,,
347,DGJZT_CGC_218_1,,,865.4,,,,,100,,,,11.009,,,1,0.079,2,,,,,Acq,,,,,,,,,,,,,,,30,,0225-DGJZT-SJ-DMRM-NEG.d,,Find by MRM,,
348,DGJZT_SJ_9_2,,,433.2,,,,,100,,,,11.022,,,100,0.255,636,,,,,Acq,,,,,,,,,,,,,,,30,,0225-DGJZT-SJ-DMRM-NEG.d,,Find by MRM,,
349,DGJZT_CGC_213_1,,,807.4,,,,,100,,,,10.928,,,2,0.101,5,,,,,Acq,,,,,,,,,,,,,,,30,,0225-DGJZT-SJ-DMRM-NEG.d,,Find by MRM,,
350,DGJZT_CGC_217_1,,,297,,,,,100,,,,11.074,,,9,0.134,27,,,,,Acq,,,,,,,,,,,,,,,30,,0225-DGJZT-SJ-DMRM-NEG.d,,Find by MRM,,
351,DGJZT_CGC_224_1,,,881.4,,,,,100,,,,10.916,,,0,0.09,1,,,,,Acq,,,,,,,,,,,,,,,30,,0225-DGJZT-SJ-DMRM-NEG.d,,Find by MRM,,
352,DGJZT_DG_79_2,,,571.1,,,,,100,,,,11.105,,,6,0.145,22,,,,,Acq,,,,,,,,,,,,,,,30,,0225-DGJZT-SJ-DMRM-NEG.d,,Find by MRM,,
353,DGJZT_DG_77_2,,,355.1,,,,,100,,,,11.324,,,0,0.042,0,,,,,Acq,,,,,,,,,,,,,,,30,,0225-DGJZT-SJ-DMRM-NEG.d,,Find by MRM,,
354,DGJZT_DG_77_3,,,355.1,,,,,100,,,,11.375,,,8,0.056,13,,,,,Acq,,,,,,,,,,,,,,,30,,0225-DGJZT-SJ-DMRM-NEG.d,,Find by MRM,,
355,DGJZT_DG_77_1,,,355.1,,,,,100,,,,11.149,,,5,0.103,11,,,,,Acq,,,,,,,,,,,,,,,30,,0225-DGJZT-SJ-DMRM-NEG.d,,Find by MRM,,
356,DGJZT_CGC_229_1,,,837.4,,,,,100,,,,11.287,,,13,0.147,78,,,,,Acq,,,,,,,,,,,,,,,30,,0225-DGJZT-SJ-DMRM-NEG.d,,Find by MRM,,
357,DGJZT_CGC_229_3,,,837.4,,,,,100,,,,11.153,,,7,0.077,14,,,,,Acq,,,,,,,,,,,,,,,30,,0225-DGJZT-SJ-DMRM-NEG.d,,Find by MRM,,
358,DGJZT_DG_79_1,,,571.1,,,,,100,,,,11.105,,,10,0.101,29,,,,,Acq,,,,,,,,,,,,,,,30,,0225-DGJZT-SJ-DMRM-NEG.d,,Find by MRM,,
359,DGJZT_CGC_229_2,,,837.4,,,,,100,,,,11.161,,,3,0.093,6,,,,,Acq,,,,,,,,,,,,,,,30,,0225-DGJZT-SJ-DMRM-NEG.d,,Find by MRM,,
360,DGJZT_CGC_238_1,,,819.4,,,,,100,,,,11.288,,,3,0.118,7,,,,,Acq,,,,,,,,,,,,,,,30,,0225-DGJZT-SJ-DMRM-NEG.d,,Find by MRM,,
361,DGJZT_CGC_238_3,,,819.4,,,,,100,,,,11.28,,,0,0.106,0,,,,,Acq,,,,,,,,,,,,,,,30,,0225-DGJZT-SJ-DMRM-NEG.d,,Find by MRM,,
362,DGJZT_CGC_238_2,,,819.4,,,,,100,,,,11.381,,,4,0.101,10,,,,,Acq,,,,,,,,,,,,,,,30,,0225-DGJZT-SJ-DMRM-NEG.d,,Find by MRM,,
363,DGJZT_GZ_28_2,,,311.1,,,,,100,,,,11.317,,,6,0.098,12,,,,,Acq,,,,,,,,,,,,,,,30,,0225-DGJZT-SJ-DMRM-NEG.d,,Find by MRM,,
364,DGJZT_GZ_28_1,,,311.1,,,,,100,,,,11.526,,,0,0.1,1,,,,,Acq,,,,,,,,,,,,,,,30,,0225-DGJZT-SJ-DMRM-NEG.d,,Find by MRM,,
365,DGJZT_CGC_240_1,,,967.5,,,,,100,,,,11.377,,,0,0.21,1,,,,,Acq,,,,,,,,,,,,,,,30,,0225-DGJZT-SJ-DMRM-NEG.d,,Find by MRM,,
366,DGJZT_CGC_244_1,,,791.4,,,,,100,,,,11.373,,,0,0.211,1,,,,,Acq,,,,,,,,,,,,,,,30,,0225-DGJZT-SJ-DMRM-NEG.d,,Find by MRM,,
367,DGJZT_BS_174_1,,,665.4,,,,,100,,,,11.373,,,6,0.11,13,,,,,Acq,,,,,,,,,,,,,,,30,,0225-DGJZT-SJ-DMRM-NEG.d,,Find by MRM,,
368,DGJZT_SJ_10_3,,,431.2,,,,,100,,,,11.383,,,102,0.219,408,,,,,Acq,,,,,,,,,,,,,,,30,,0225-DGJZT-SJ-DMRM-NEG.d,,Find by MRM,,
369,DGJZT_CGC_254_1,,,985.5,,,,,100,,,,11.436,,,0,0.285,1,,,,,Acq,,,,,,,,,,,,,,,30,,0225-DGJZT-SJ-DMRM-NEG.d,,Find by MRM,,
370,DGJZT_CGC_254_3,,,985.5,,,,,100,,,,11.36,,,0,0.148,1,,,,,Acq,,,,,,,,,,,,,,,30,,0225-DGJZT-SJ-DMRM-NEG.d,,Find by MRM,,
371,DGJZT_CGC_251_1,,,911.4,,,,,100,,,,11.436,,,0,0.123,1,,,,,Acq,,,,,,,,,,,,,,,30,,0225-DGJZT-SJ-DMRM-NEG.d,,Find by MRM,,
372,DGJZT_CGC_248_1,,,863.4,,,,,100,,,,11.37,,,3,0.143,6,,,,,Acq,,,,,,,,,,,,,,,30,,0225-DGJZT-SJ-DMRM-NEG.d,,Find by MRM,,
373,DGJZT_CGC_250_1,,,837.4,,,,,100,,,,11.253,,,26,0.142,90,,,,,Acq,,,,,,,,,,,,,,,30,,0225-DGJZT-SJ-DMRM-NEG.d,,Find by MRM,,
374,DGJZT_CGC_250_3,,,837.4,,,,,100,,,,11.387,,,7,0.143,15,,,,,Acq,,,,,,,,,,,,,,,30,,0225-DGJZT-SJ-DMRM-NEG.d,,Find by MRM,,
375,DGJZT_SJ_10_1,,,431.2,,,,,100,,,,11.366,,,880,0.361,6683,,,,,Acq,,,,,,,,,,,,,,,30,,0225-DGJZT-SJ-DMRM-NEG.d,,Find by MRM,,
376,DGJZT_SJ_10_2,,,431.2,,,,,100,,,,11.366,,,291,0.42,1989,,,,,Acq,,,,,,,,,,,,,,,30,,0225-DGJZT-SJ-DMRM-NEG.d,,Find by MRM,,
377,DGJZT_CGC_250_2,,,837.4,,,,,100,,,,11.539,,,1,0.126,2,,,,,Acq,,,,,,,,,,,,,,,30,,0225-DGJZT-SJ-DMRM-NEG.d,,Find by MRM,,
378,DGJZT_CGC_259_1,,,299.1,,,,,100,,,,11.569,,,9,0.109,21,,,,,Acq,,,,,,,,,,,,,,,30,,0225-DGJZT-SJ-DMRM-NEG.d,,Find by MRM,,
379,DGJZT_CGC_264_3,,,821.4,,,,,100,,,,11.531,,,21,0.249,111,,,,,Acq,,,,,,,,,,,,,,,30,,0225-DGJZT-SJ-DMRM-NEG.d,,Find by MRM,,
380,DGJZT_BS_175_1,,,735.2,,,,,100,,,,11.449,,,6,0.175,15,,,,,Acq,,,,,,,,,,,,,,,30,,0225-DGJZT-SJ-DMRM-NEG.d,,Find by MRM,,
381,DGJZT_CGC_264_1,,,821.4,,,,,100,,,,11.514,,,130,0.159,569,,,,,Acq,,,,,,,,,,,,,,,30,,0225-DGJZT-SJ-DMRM-NEG.d,,Find by MRM,,
382,DGJZT_CGC_285_1,,,969.5,,,,,100,,,,11.888,,,0,0.076,0,,,,,Acq,,,,,,,,,,,,,,,30,,0225-DGJZT-SJ-DMRM-NEG.d,,Find by MRM,,
383,DGJZT_CGC_282_1,,,955.5,,,,,100,,,,11.721,,,4,0.125,10,,,,,Acq,,,,,,,,,,,,,,,30,,0225-DGJZT-SJ-DMRM-NEG.d,,Find by MRM,,
384,DGJZT_CGC_289_2,,,807.4,,,,,100,,,,11.774,,,5,0.166,18,,,,,Acq,,,,,,,,,,,,,,,30,,0225-DGJZT-SJ-DMRM-NEG.d,,Find by MRM,,
385,DGJZT_DG_80_3,,,399.1,,,,,100,,,,11.916,,,13,0.104,27,,,,,Acq,,,,,,,,,,,,,,,30,,0225-DGJZT-SJ-DMRM-NEG.d,,Find by MRM,,
386,DGJZT_DG_80_2,,,399.1,,,,,100,,,,11.842,,,2,0.125,6,,,,,Acq,,,,,,,,,,,,,,,30,,0225-DGJZT-SJ-DMRM-NEG.d,,Find by MRM,,
387,DGJZT_CGC_278_1,,,255.1,,,,,100,,,,11.796,,,32,0.154,166,,,,,Acq,,,,,,,,,,,,,,,30,,0225-DGJZT-SJ-DMRM-NEG.d,,Find by MRM,,
388,DGJZT_CGC_289_3,,,807.4,,,,,100,,,,11.824,,,6,0.099,12,,,,,Acq,,,,,,,,,,,,,,,30,,0225-DGJZT-SJ-DMRM-NEG.d,,Find by MRM,,
389,DGJZT_DG_80_1,,,399.1,,,,,100,,,,11.85,,,3,0.149,9,,,,,Acq,,,,,,,,,,,,,,,30,,0225-DGJZT-SJ-DMRM-NEG.d,,Find by MRM,,
390,DGJZT_CGC_293_1,,,821.4,,,,,100,,,,11.831,,,22,0.143,95,,,,,Acq,,,,,,,,,,,,,,,30,,0225-DGJZT-SJ-DMRM-NEG.d,,Find by MRM,,
391,DGJZT_CGC_293_3,,,821.4,,,,,100,,,,11.898,,,12,0.109,42,,,,,Acq,,,,,,,,,,,,,,,30,,0225-DGJZT-SJ-DMRM-NEG.d,,Find by MRM,,
392,DGJZT_CGC_293_2,,,821.4,,,,,100,,,,11.698,,,2,0.09,4,,,,,Acq,,,,,,,,,,,,,,,30,,0225-DGJZT-SJ-DMRM-NEG.d,,Find by MRM,,
393,DGJZT_DG_81_2,,,357.1,,,,,100,,,,12.11,,,0,0.2,2,,,,,Acq,,,,,,,,,,,,,,,30,,0225-DGJZT-SJ-DMRM-NEG.d,,Find by MRM,,
394,DGJZT_CGC_291_1,,,267.1,,,,,100,,,,11.921,,,23,0.09,48,,,,,Acq,,,,,,,,,,,,,,,30,,0225-DGJZT-SJ-DMRM-NEG.d,,Find by MRM,,
395,DGJZT_CGC_291_2,,,267.1,,,,,100,,,,11.955,,,14,0.134,52,,,,,Acq,,,,,,,,,,,,,,,30,,0225-DGJZT-SJ-DMRM-NEG.d,,Find by MRM,,
396,DGJZT_CGC_291_3,,,267.1,,,,,100,,,,11.922,,,11,0.134,23,,,,,Acq,,,,,,,,,,,,,,,30,,0225-DGJZT-SJ-DMRM-NEG.d,,Find by MRM,,
397,DGJZT_DG_81_1,,,357.1,,,,,100,,,,12.194,,,7,0.051,12,,,,,Acq,,,,,,,,,,,,,,,30,,0225-DGJZT-SJ-DMRM-NEG.d,,Find by MRM,,
398,DGJZT_CGC_301_1,,,939.5,,,,,100,,,,12.057,,,7,0.101,15,,,,,Acq,,,,,,,,,,,,,,,30,,0225-DGJZT-SJ-DMRM-NEG.d,,Find by MRM,,
399,DGJZT_CGC_305_1,,,823.4,,,,,100,,,,11.998,,,8,0.092,17,,,,,Acq,,,,,,,,,,,,,,,30,,0225-DGJZT-SJ-DMRM-NEG.d,,Find by MRM,,
400,DGJZT_DG_87_3,,,517.2,,,,,100,,,,11.908,,,0,0.113,1,,,,,Acq,,,,,,,,,,,,,,,30,,0225-DGJZT-SJ-DMRM-NEG.d,,Find by MRM,,
401,DGJZT_SJ_12_1,,,475.2,,,,,100,,,,12.067,,,82,0.159,506,,,,,Acq,,,,,,,,,,,,,,,30,,0225-DGJZT-SJ-DMRM-NEG.d,,Find by MRM,,
402,DGJZT_GZ_31_1,,,325.1,,,,,100,,,,11.935,,,72,0.09,189,,,,,Acq,,,,,,,,,,,,,,,30,,0225-DGJZT-SJ-DMRM-NEG.d,,Find by MRM,,
403,DGJZT_GZ_31_2,,,325.1,,,,,100,,,,12.053,,,0,0.278,3,,,,,Acq,,,,,,,,,,,,,,,30,,0225-DGJZT-SJ-DMRM-NEG.d,,Find by MRM,,
404,DGJZT_DG_89_3,,,313.1,,,,,100,,,,12.298,,,5,0.044,7,,,,,Acq,,,,,,,,,,,,,,,30,,0225-DGJZT-SJ-DMRM-NEG.d,,Find by MRM,,
405,DGJZT_GZ_29_1,,,295.1,,,,,100,,,,12.306,,,19,0.05,22,,,,,Acq,,,,,,,,,,,,,,,30,,0225-DGJZT-SJ-DMRM-NEG.d,,Find by MRM,,
406,DGJZT_GZ_29_2,,,295.1,,,,,100,,,,12.282,,,0,0.109,1,,,,,Acq,,,,,,,,,,,,,,,30,,0225-DGJZT-SJ-DMRM-NEG.d,,Find by MRM,,
407,DGJZT_CGC_305_3,,,823.4,,,,,100,,,,12.116,,,13,0.135,35,,,,,Acq,,,,,,,,,,,,,,,30,,0225-DGJZT-SJ-DMRM-NEG.d,,Find by MRM,,
408,DGJZT_CGC_310_1,,,777.4,,,,,100,,,,12.378,,,1,0.074,1,,,,,Acq,,,,,,,,,,,,,,,30,,0225-DGJZT-SJ-DMRM-NEG.d,,Find by MRM,,
409,DGJZT_DG_90_1,,,357.1,,,,,100,,,,12.253,,,6,0.127,14,,,,,Acq,,,,,,,,,,,,,,,30,,0225-DGJZT-SJ-DMRM-NEG.d,,Find by MRM,,
410,DGJZT_GZ_31_3,,,325.1,,,,,100,,,,12.245,,,3,0.092,6,,,,,Acq,,,,,,,,,,,,,,,30,,0225-DGJZT-SJ-DMRM-NEG.d,,Find by MRM,,
411,DGJZT_DG_88_3,,,383.2,,,,,100,,,,12.378,,,0,0.06,2,,,,,Acq,,,,,,,,,,,,,,,30,,0225-DGJZT-SJ-DMRM-NEG.d,,Find by MRM,,
412,DGJZT_GZ_32_2,,,313.2,,,,,100,,,,12.263,,,5,0.094,11,,,,,Acq,,,,,,,,,,,,,,,30,,0225-DGJZT-SJ-DMRM-NEG.d,,Find by MRM,,
413,DGJZT_DG_89_1,,,313.1,,,,,100,,,,12.28,,,8,0.128,27,,,,,Acq,,,,,,,,,,,,,,,30,,0225-DGJZT-SJ-DMRM-NEG.d,,Find by MRM,,
414,DGJZT_DG_89_2,,,313.1,,,,,100,,,,12.305,,,0,0.246,2,,,,,Acq,,,,,,,,,,,,,,,30,,0225-DGJZT-SJ-DMRM-NEG.d,,Find by MRM,,
415,DGJZT_CGC_313_1,,,369.1,,,,,100,,,,11.959,,,0,0.048,0,,,,,Acq,,,,,,,,,,,,,,,30,,0225-DGJZT-SJ-DMRM-NEG.d,,Find by MRM,,
416,DGJZT_DG_90_2,,,357.1,,,,,100,,,,12.261,,,0,0.2,2,,,,,Acq,,,,,,,,,,,,,,,30,,0225-DGJZT-SJ-DMRM-NEG.d,,Find by MRM,,
417,DGJZT_GZ_32_1,,,313.2,,,,,100,,,,12.446,,,6,0.025,3,,,,,Acq,,,,,,,,,,,,,,,30,,0225-DGJZT-SJ-DMRM-NEG.d,,Find by MRM,,
418,DGJZT_DG_91_2,,,205.1,,,,,100,,,,12.182,,,0,0.102,1,,,,,Acq,,,,,,,,,,,,,,,30,,0225-DGJZT-SJ-DMRM-NEG.d,,Find by MRM,,
419,DGJZT_DG_91_1,,,205.1,,,,,100,,,,12.048,,,0,0.196,2,,,,,Acq,,,,,,,,,,,,,,,30,,0225-DGJZT-SJ-DMRM-NEG.d,,Find by MRM,,
420,DGJZT_CGC_314_1,,,805.4,,,,,100,,,,12.108,,,10,0.1,19,,,,,Acq,,,,,,,,,,,,,,,30,,0225-DGJZT-SJ-DMRM-NEG.d,,Find by MRM,,
421,DGJZT_CGC_314_3,,,805.4,,,,,100,,,,12.536,,,0,0.092,1,,,,,Acq,,,,,,,,,,,,,,,30,,0225-DGJZT-SJ-DMRM-NEG.d,,Find by MRM,,
422,DGJZT_SJ_13_1,,,355.2,,,,,100,,,,12.303,,,167,0.391,1430,,,,,Acq,,,,,,,,,,,,,,,30,,0225-DGJZT-SJ-DMRM-NEG.d,,Find by MRM,,
423,DGJZT_GZ_33_2,,,265.1,,,,,100,,,,12.315,,,5,0.091,9,,,,,Acq,,,,,,,,,,,,,,,30,,0225-DGJZT-SJ-DMRM-NEG.d,,Find by MRM,,
424,DGJZT_GZ_33_3,,,265.1,,,,,100,,,,12.333,,,9,0.1,17,,,,,Acq,,,,,,,,,,,,,,,30,,0225-DGJZT-SJ-DMRM-NEG.d,,Find by MRM,,
425,DGJZT_DG_92_1,,,203.1,,,,,100,,,,12.593,,,11,0.067,25,,,,,Acq,,,,,,,,,,,,,,,30,,0225-DGJZT-SJ-DMRM-NEG.d,,Find by MRM,,
426,DGJZT_DG_92_2,,,203.1,,,,,100,,,,12.585,,,28,0.151,119,,,,,Acq,,,,,,,,,,,,,,,30,,0225-DGJZT-SJ-DMRM-NEG.d,,Find by MRM,,
427,DGJZT_DG_92_3,,,203.1,,,,,100,,,,12.149,,,7,0.066,14,,,,,Acq,,,,,,,,,,,,,,,30,,0225-DGJZT-SJ-DMRM-NEG.d,,Find by MRM,,
428,DGJZT_GZ_33_1,,,265.1,,,,,100,,,,12.464,,,2,0.109,4,,,,,Acq,,,,,,,,,,,,,,,30,,0225-DGJZT-SJ-DMRM-NEG.d,,Find by MRM,,
429,DGJZT_CGC_324_1,,,805.4,,,,,100,,,,12.284,,,18,0.1,50,,,,,Acq,,,,,,,,,,,,,,,30,,0225-DGJZT-SJ-DMRM-NEG.d,,Find by MRM,,
430,DGJZT_CGC_325_1,,,353.1,,,,,100,,,,12.555,,,10,0.101,41,,,,,Acq,,,,,,,,,,,,,,,30,,0225-DGJZT-SJ-DMRM-NEG.d,,Find by MRM,,
431,DGJZT_DZ_45_1,,,517.3,,,,,100,,,,12.787,,,4,0.117,11,,,,,Acq,,,,,,,,,,,,,,,30,,0225-DGJZT-SJ-DMRM-NEG.d,,Find by MRM,,
432,DGJZT_CGC_336_1,,,367.1,,,,,100,,,,12.78,,,83,0.326,633,,,,,Acq,,,,,,,,,,,,,,,30,,0225-DGJZT-SJ-DMRM-NEG.d,,Find by MRM,,
433,DGJZT_CGC_336_2,,,367.1,,,,,100,,,,12.789,,,33,0.35,214,,,,,Acq,,,,,,,,,,,,,,,30,,0225-DGJZT-SJ-DMRM-NEG.d,,Find by MRM,,
434,DGJZT_CGC_336_3,,,367.1,,,,,100,,,,12.629,,,4,0.127,12,,,,,Acq,,,,,,,,,,,,,,,30,,0225-DGJZT-SJ-DMRM-NEG.d,,Find by MRM,,
435,DGJZT_DZ_46_2,,,287.2,,,,,100,,,,12.953,,,5,0.113,20,,,,,Acq,,,,,,,,,,,,,,,30,,0225-DGJZT-SJ-DMRM-NEG.d,,Find by MRM,,
436,DGJZT_CGC_337_1,,,323.1,,,,,100,,,,12.852,,,1,0.134,3,,,,,Acq,,,,,,,,,,,,,,,30,,0225-DGJZT-SJ-DMRM-NEG.d,,Find by MRM,,
437,DGJZT_CGC_338_2,,,355.1,,,,,100,,,,12.874,,,8,0.203,35,,,,,Acq,,,,,,,,,,,,,,,30,,0225-DGJZT-SJ-DMRM-NEG.d,,Find by MRM,,
438,DGJZT_CGC_338_3,,,355.1,,,,,100,,,,12.875,,,5,0.167,15,,,,,Acq,,,,,,,,,,,,,,,30,,0225-DGJZT-SJ-DMRM-NEG.d,,Find by MRM,,
439,DGJZT_CGC_338_1,,,355.1,,,,,100,,,,12.824,,,14,0.158,66,,,,,Acq,,,,,,,,,,,,,,,30,,0225-DGJZT-SJ-DMRM-NEG.d,,Find by MRM,,
440,DGJZT_CGC_344_1,,,805.4,,,,,100,,,,13.122,,,0,0.294,2,,,,,Acq,,,,,,,,,,,,,,,30,,0225-DGJZT-SJ-DMRM-NEG.d,,Find by MRM,,
441,DGJZT_CGC_341_1,,,711.3,,,,,100,,,,13.039,,,3,0.083,5,,,,,Acq,,,,,,,,,,,,,,,30,,0225-DGJZT-SJ-DMRM-NEG.d,,Find by MRM,,
442,DGJZT_CGC_346_1,,,369.1,,,,,100,,,,12.972,,,11,0.124,45,,,,,Acq,,,,,,,,,,,,,,,30,,0225-DGJZT-SJ-DMRM-NEG.d,,Find by MRM,,
443,DGJZT_CGC_347_2,,,351.1,,,,,100,,,,13.017,,,5,0.1,19,,,,,Acq,,,,,,,,,,,,,,,30,,0225-DGJZT-SJ-DMRM-NEG.d,,Find by MRM,,
444,DGJZT_CGC_347_3,,,351.1,,,,,100,,,,13.009,,,6,0.109,22,,,,,Acq,,,,,,,,,,,,,,,30,,0225-DGJZT-SJ-DMRM-NEG.d,,Find by MRM,,
445,DGJZT_CGC_347_1,,,351.1,,,,,100,,,,13.059,,,7,0.109,25,,,,,Acq,,,,,,,,,,,,,,,30,,0225-DGJZT-SJ-DMRM-NEG.d,,Find by MRM,,
446,DGJZT_CGC_345_1,,,337.1,,,,,100,,,,13.053,,,3,0.477,21,,,,,Acq,,,,,,,,,,,,,,,30,,0225-DGJZT-SJ-DMRM-NEG.d,,Find by MRM,,
447,DGJZT_CGC_354_1,,,823.4,,,,,100,,,,13.155,,,3,0.109,7,,,,,Acq,,,,,,,,,,,,,,,30,,0225-DGJZT-SJ-DMRM-NEG.d,,Find by MRM,,
448,DGJZT_CGC_353_1,,,807.4,,,,,100,,,,13.197,,,3,0.146,7,,,,,Acq,,,,,,,,,,,,,,,30,,0225-DGJZT-SJ-DMRM-NEG.d,,Find by MRM,,
449,DGJZT_CGC_355_1,,,339.1,,,,,100,,,,13.168,,,10,0.14,40,,,,,Acq,,,,,,,,,,,,,,,30,,0225-DGJZT-SJ-DMRM-NEG.d,,Find by MRM,,
450,DGJZT_CGC_355_2,,,339.1,,,,,100,,,,13.252,,,6,0.151,25,,,,,Acq,,,,,,,,,,,,,,,30,,0225-DGJZT-SJ-DMRM-NEG.d,,Find by MRM,,
451,DGJZT_CGC_355_3,,,339.1,,,,,100,,,,13.278,,,8,0.107,23,,,,,Acq,,,,,,,,,,,,,,,30,,0225-DGJZT-SJ-DMRM-NEG.d,,Find by MRM,,
452,DGJZT_CGC_351_1,,,313.1,,,,,100,,,,13.179,,,10,0.071,22,,,,,Acq,,,,,,,,,,,,,,,30,,0225-DGJZT-SJ-DMRM-NEG.d,,Find by MRM,,
453,DGJZT_CGC_351_2,,,313.1,,,,,100,,,,13.205,,,7,0.122,24,,,,,Acq,,,,,,,,,,,,,,,30,,0225-DGJZT-SJ-DMRM-NEG.d,,Find by MRM,,
454,DGJZT_CGC_357_2,,,353.1,,,,,100,,,,13.309,,,12,0.085,39,,,,,Acq,,,,,,,,,,,,,,,30,,0225-DGJZT-SJ-DMRM-NEG.d,,Find by MRM,,
455,DGJZT_DZ_48_1,,,487.3,,,,,100,,,,13.341,,,2,0.135,9,,,,,Acq,,,,,,,,,,,,,,,30,,0225-DGJZT-SJ-DMRM-NEG.d,,Find by MRM,,
456,DGJZT_CGC_357_3,,,353.1,,,,,100,,,,13.342,,,3,0.054,6,,,,,Acq,,,,,,,,,,,,,,,30,,0225-DGJZT-SJ-DMRM-NEG.d,,Find by MRM,,
457,DGJZT_CGC_357_1,,,353.1,,,,,100,,,,13.327,,,43,0.17,223,,,,,Acq,,,,,,,,,,,,,,,30,,0225-DGJZT-SJ-DMRM-NEG.d,,Find by MRM,,
458,DGJZT_CGC_359_2,,,337.1,,,,,100,,,,13.346,,,3,0.184,12,,,,,Acq,,,,,,,,,,,,,,,30,,0225-DGJZT-SJ-DMRM-NEG.d,,Find by MRM,,
459,DGJZT_CGC_364_1,,,365.1,,,,,100,,,,13.52,,,117,0.324,802,,,,,Acq,,,,,,,,,,,,,,,30,,0225-DGJZT-SJ-DMRM-NEG.d,,Find by MRM,,
460,DGJZT_CGC_364_2,,,365.1,,,,,100,,,,13.554,,,35,0.24,247,,,,,Acq,,,,,,,,,,,,,,,30,,0225-DGJZT-SJ-DMRM-NEG.d,,Find by MRM,,
461,DGJZT_DZ_49_3,,,501.3,,,,,100,,,,13.742,,,10,0.092,18,,,,,Acq,,,,,,,,,,,,,,,30,,0225-DGJZT-SJ-DMRM-NEG.d,,Find by MRM,,
462,DGJZT_CGC_368_1,,,337.1,,,,,100,,,,13.665,,,3,0.173,10,,,,,Acq,,,,,,,,,,,,,,,30,,0225-DGJZT-SJ-DMRM-NEG.d,,Find by MRM,,
463,DGJZT_DZ_49_2,,,501.3,,,,,100,,,,13.709,,,5,0.102,13,,,,,Acq,,,,,,,,,,,,,,,30,,0225-DGJZT-SJ-DMRM-NEG.d,,Find by MRM,,
464,DGJZT_DZ_50_1,,,450.3,,,,,100,,,,13.634,,,7,0.084,21,,,,,Acq,,,,,,,,,,,,,,,30,,0225-DGJZT-SJ-DMRM-NEG.d,,Find by MRM,,
465,DGJZT_DZ_49_1,,,501.3,,,,,100,,,,13.549,,,2,0.134,5,,,,,Acq,,,,,,,,,,,,,,,30,,0225-DGJZT-SJ-DMRM-NEG.d,,Find by MRM,,
466,DGJZT_DZ_50_2,,,450.3,,,,,100,,,,13.626,,,6,0.084,14,,,,,Acq,,,,,,,,,,,,,,,30,,0225-DGJZT-SJ-DMRM-NEG.d,,Find by MRM,,
467,DGJZT_DG_96_2,,,409.2,,,,,100,,,,13.702,,,0,0.225,3,,,,,Acq,,,,,,,,,,,,,,,30,,0225-DGJZT-SJ-DMRM-NEG.d,,Find by MRM,,
468,DGJZT_DG_96_3,,,409.2,,,,,100,,,,13.786,,,0,0.16,4,,,,,Acq,,,,,,,,,,,,,,,30,,0225-DGJZT-SJ-DMRM-NEG.d,,Find by MRM,,
469,DGJZT_CGC_374_1,,,369.1,,,,,100,,,,13.738,,,14,0.1,39,,,,,Acq,,,,,,,,,,,,,,,30,,0225-DGJZT-SJ-DMRM-NEG.d,,Find by MRM,,
470,DGJZT_CGC_373_1,,,339.1,,,,,100,,,,13.715,,,15,0.14,60,,,,,Acq,,,,,,,,,,,,,,,30,,0225-DGJZT-SJ-DMRM-NEG.d,,Find by MRM,,
471,DGJZT_DG_96_1,,,409.2,,,,,100,,,,13.534,,,9,0.101,20,,,,,Acq,,,,,,,,,,,,,,,30,,0225-DGJZT-SJ-DMRM-NEG.d,,Find by MRM,,
472,DGJZT_CGC_374_3,,,369.1,,,,,100,,,,13.519,,,7,0.119,19,,,,,Acq,,,,,,,,,,,,,,,30,,0225-DGJZT-SJ-DMRM-NEG.d,,Find by MRM,,
473,DGJZT_CGC_374_2,,,369.1,,,,,100,,,,13.587,,,3,0.156,11,,,,,Acq,,,,,,,,,,,,,,,30,,0225-DGJZT-SJ-DMRM-NEG.d,,Find by MRM,,
474,DGJZT_BS_177_1,,,723.4,,,,,100,,,,13.784,,,60,0.207,341,,,,,Acq,,,,,,,,,,,,,,,30,,0225-DGJZT-SJ-DMRM-NEG.d,,Find by MRM,,
475,DGJZT_DG_97_2,,,397.2,,,,,100,,,,13.744,,,8,0.143,18,,,,,Acq,,,,,,,,,,,,,,,30,,0225-DGJZT-SJ-DMRM-NEG.d,,Find by MRM,,
476,DGJZT_CGC_375_2,,,371.1,,,,,100,,,,13.738,,,5,0.1,10,,,,,Acq,,,,,,,,,,,,,,,30,,0225-DGJZT-SJ-DMRM-NEG.d,,Find by MRM,,
477,DGJZT_CGC_375_1,,,371.1,,,,,100,,,,13.662,,,4,0.142,10,,,,,Acq,,,,,,,,,,,,,,,30,,0225-DGJZT-SJ-DMRM-NEG.d,,Find by MRM,,
478,DGJZT_DG_98_2,,,395.2,,,,,100,,,,13.771,,,0,0.098,1,,,,,Acq,,,,,,,,,,,,,,,30,,0225-DGJZT-SJ-DMRM-NEG.d,,Find by MRM,,
479,DGJZT_DG_98_1,,,395.2,,,,,100,,,,13.923,,,9,0.127,24,,,,,Acq,,,,,,,,,,,,,,,30,,0225-DGJZT-SJ-DMRM-NEG.d,,Find by MRM,,
480,DGJZT_DG_98_3,,,395.2,,,,,100,,,,13.956,,,13,0.144,35,,,,,Acq,,,,,,,,,,,,,,,30,,0225-DGJZT-SJ-DMRM-NEG.d,,Find by MRM,,
481,DGJZT_DG_104_3,,,817.4,,,,,100,,,,13.884,,,0,0.193,1,,,,,Acq,,,,,,,,,,,,,,,30,,0225-DGJZT-SJ-DMRM-NEG.d,,Find by MRM,,
482,DGJZT_DG_104_1,,,817.4,,,,,100,,,,13.775,,,0,0.042,0,,,,,Acq,,,,,,,,,,,,,,,30,,0225-DGJZT-SJ-DMRM-NEG.d,,Find by MRM,,
483,DGJZT_DG_104_2,,,817.4,,,,,100,,,,13.918,,,8,0.107,18,,,,,Acq,,,,,,,,,,,,,,,30,,0225-DGJZT-SJ-DMRM-NEG.d,,Find by MRM,,
484,DGJZT_DG_103_3,,,795.4,,,,,100,,,,13.742,,,0,0.127,1,,,,,Acq,,,,,,,,,,,,,,,30,,0225-DGJZT-SJ-DMRM-NEG.d,,Find by MRM,,
485,DGJZT_DG_103_1,,,795.4,,,,,100,,,,13.826,,,0,0.218,2,,,,,Acq,,,,,,,,,,,,,,,30,,0225-DGJZT-SJ-DMRM-NEG.d,,Find by MRM,,
486,DGJZT_DG_97_1,,,397.2,,,,,100,,,,13.939,,,24,0.134,83,,,,,Acq,,,,,,,,,,,,,,,30,,0225-DGJZT-SJ-DMRM-NEG.d,,Find by MRM,,
487,DGJZT_DG_97_3,,,397.2,,,,,100,,,,13.871,,,3,0.144,11,,,,,Acq,,,,,,,,,,,,,,,30,,0225-DGJZT-SJ-DMRM-NEG.d,,Find by MRM,,
488,DGJZT_DG_101_2,,,397.2,,,,,100,,,,13.905,,,27,0.101,101,,,,,Acq,,,,,,,,,,,,,,,30,,0225-DGJZT-SJ-DMRM-NEG.d,,Find by MRM,,
489,DGJZT_DG_101_3,,,397.2,,,,,100,,,,13.964,,,21,0.15,59,,,,,Acq,,,,,,,,,,,,,,,30,,0225-DGJZT-SJ-DMRM-NEG.d,,Find by MRM,,
490,DGJZT_DG_103_2,,,795.4,,,,,100,,,,13.91,,,0,0.075,1,,,,,Acq,,,,,,,,,,,,,,,30,,0225-DGJZT-SJ-DMRM-NEG.d,,Find by MRM,,
491,DGJZT_DG_102_2,,,497.1,,,,,100,,,,13.903,,,11,0.135,24,,,,,Acq,,,,,,,,,,,,,,,30,,0225-DGJZT-SJ-DMRM-NEG.d,,Find by MRM,,
492,DGJZT_DG_102_1,,,497.1,,,,,100,,,,14.029,,,8,0.115,22,,,,,Acq,,,,,,,,,,,,,,,30,,0225-DGJZT-SJ-DMRM-NEG.d,,Find by MRM,,
493,DGJZT_DG_101_1,,,397.2,,,,,100,,,,13.93,,,40,0.113,153,,,,,Acq,,,,,,,,,,,,,,,30,,0225-DGJZT-SJ-DMRM-NEG.d,,Find by MRM,,
494,DGJZT_DG_100_2,,,353.2,,,,,100,,,,14.176,,,5,0.112,10,,,,,Acq,,,,,,,,,,,,,,,30,,0225-DGJZT-SJ-DMRM-NEG.d,,Find by MRM,,
495,DGJZT_DG_100_1,,,353.2,,,,,100,,,,13.84,,,4,0.107,9,,,,,Acq,,,,,,,,,,,,,,,30,,0225-DGJZT-SJ-DMRM-NEG.d,,Find by MRM,,
496,DGJZT_DG_100_3,,,353.2,,,,,100,,,,13.908,,,4,0.143,9,,,,,Acq,,,,,,,,,,,,,,,30,,0225-DGJZT-SJ-DMRM-NEG.d,,Find by MRM,,
497,DGJZT_CGC_379_2,,,351.1,,,,,100,,,,13.95,,,63,0.16,308,,,,,Acq,,,,,,,,,,,,,,,30,,0225-DGJZT-SJ-DMRM-NEG.d,,Find by MRM,,
498,DGJZT_CGC_379_3,,,351.1,,,,,100,,,,13.976,,,42,0.236,224,,,,,Acq,,,,,,,,,,,,,,,30,,0225-DGJZT-SJ-DMRM-NEG.d,,Find by MRM,,
499,DGJZT_CGC_379_1,,,351.1,,,,,100,,,,13.984,,,31,0.21,193,,,,,Acq,,,,,,,,,,,,,,,30,,0225-DGJZT-SJ-DMRM-NEG.d,,Find by MRM,,
500,DGJZT_DG_105_3,,,411.2,,,,,100,,,,14.038,,,5,0.11,10,,,,,Acq,,,,,,,,,,,,,,,30,,0225-DGJZT-SJ-DMRM-NEG.d,,Find by MRM,,
501,DGJZT_DG_105_1,,,411.2,,,,,100,,,,14.309,,,2,0.068,3,,,,,Acq,,,,,,,,,,,,,,,30,,0225-DGJZT-SJ-DMRM-NEG.d,,Find by MRM,,
502,DGJZT_DG_105_2,,,411.2,,,,,100,,,,14.174,,,6,0.19,16,,,,,Acq,,,,,,,,,,,,,,,30,,0225-DGJZT-SJ-DMRM-NEG.d,,Find by MRM,,
503,DGJZT_CGC_386_1,,,391.2,,,,,100,,,,14.058,,,65,0.311,456,,,,,Acq,,,,,,,,,,,,,,,30,,0225-DGJZT-SJ-DMRM-NEG.d,,Find by MRM,,
504,DGJZT_CGC_386_2,,,391.2,,,,,100,,,,14.067,,,23,0.134,81,,,,,Acq,,,,,,,,,,,,,,,30,,0225-DGJZT-SJ-DMRM-NEG.d,,Find by MRM,,
505,DGJZT_DG_107_3,,,649.3,,,,,100,,,,14.164,,,9,0.183,29,,,,,Acq,,,,,,,,,,,,,,,30,,0225-DGJZT-SJ-DMRM-NEG.d,,Find by MRM,,
506,DGJZT_DG_106_3,,,721.3,,,,,100,,,,14.187,,,7,0.074,13,,,,,Acq,,,,,,,,,,,,,,,30,,0225-DGJZT-SJ-DMRM-NEG.d,,Find by MRM,,
507,DGJZT_DG_107_2,,,649.3,,,,,100,,,,14.18,,,8,0.091,19,,,,,Acq,,,,,,,,,,,,,,,30,,0225-DGJZT-SJ-DMRM-NEG.d,,Find by MRM,,
508,DGJZT_DG_108_1,,,399.2,,,,,100,,,,14.233,,,2,0.102,5,,,,,Acq,,,,,,,,,,,,,,,30,,0225-DGJZT-SJ-DMRM-NEG.d,,Find by MRM,,
509,DGJZT_DG_107_1,,,649.3,,,,,100,,,,14.288,,,6,0.056,9,,,,,Acq,,,,,,,,,,,,,,,30,,0225-DGJZT-SJ-DMRM-NEG.d,,Find by MRM,,
510,DGJZT_DZ_53_1,,,485.3,,,,,100,,,,14.063,,,8,0.16,30,,,,,Acq,,,,,,,,,,,,,,,30,,0225-DGJZT-SJ-DMRM-NEG.d,,Find by MRM,,
511,DGJZT_DZ_53_3,,,485.3,,,,,100,,,,14.131,,,5,0.1,11,,,,,Acq,,,,,,,,,,,,,,,30,,0225-DGJZT-SJ-DMRM-NEG.d,,Find by MRM,,
512,DGJZT_DG_106_1,,,721.3,,,,,100,,,,14.262,,,4,0.133,13,,,,,Acq,,,,,,,,,,,,,,,30,,0225-DGJZT-SJ-DMRM-NEG.d,,Find by MRM,,
513,DGJZT_CGC_391_1,,,367.2,,,,,100,,,,14.345,,,10,0.127,26,,,,,Acq,,,,,,,,,,,,,,,30,,0225-DGJZT-SJ-DMRM-NEG.d,,Find by MRM,,
514,DGJZT_CGC_391_2,,,367.2,,,,,100,,,,14.143,,,4,0.094,7,,,,,Acq,,,,,,,,,,,,,,,30,,0225-DGJZT-SJ-DMRM-NEG.d,,Find by MRM,,
515,DGJZT_CGC_393_2,,,423.2,,,,,100,,,,14.239,,,34,0.126,167,,,,,Acq,,,,,,,,,,,,,,,30,,0225-DGJZT-SJ-DMRM-NEG.d,,Find by MRM,,
516,DGJZT_CGC_393_1,,,423.2,,,,,100,,,,14.231,,,88,0.143,449,,,,,Acq,,,,,,,,,,,,,,,30,,0225-DGJZT-SJ-DMRM-NEG.d,,Find by MRM,,
517,DGJZT_CGC_393_3,,,423.2,,,,,100,,,,14.41,,,6,0.147,23,,,,,Acq,,,,,,,,,,,,,,,30,,0225-DGJZT-SJ-DMRM-NEG.d,,Find by MRM,,
518,DGJZT_DG_111_2,,,625.3,,,,,100,,,,14.672,,,2,0.075,3,,,,,Acq,,,,,,,,,,,,,,,30,,0225-DGJZT-SJ-DMRM-NEG.d,,Find by MRM,,
519,DGJZT_DG_111_1,,,625.3,,,,,100,,,,14.681,,,4,0.125,11,,,,,Acq,,,,,,,,,,,,,,,30,,0225-DGJZT-SJ-DMRM-NEG.d,,Find by MRM,,
520,DGJZT_CGC_395_2,,,421.2,,,,,100,,,,14.768,,,10,0.296,58,,,,,Acq,,,,,,,,,,,,,,,30,,0225-DGJZT-SJ-DMRM-NEG.d,,Find by MRM,,
521,DGJZT_CGC_395_1,,,421.2,,,,,100,,,,14.744,,,92,0.297,545,,,,,Acq,,,,,,,,,,,,,,,30,,0225-DGJZT-SJ-DMRM-NEG.d,,Find by MRM,,
522,DGJZT_CGC_395_3,,,421.2,,,,,100,,,,14.745,,,9,0.15,46,,,,,Acq,,,,,,,,,,,,,,,30,,0225-DGJZT-SJ-DMRM-NEG.d,,Find by MRM,,
523,DGJZT_CGC_398_1,,,421.2,,,,,100,,,,14.741,,,87,0.272,501,,,,,Acq,,,,,,,,,,,,,,,30,,0225-DGJZT-SJ-DMRM-NEG.d,,Find by MRM,,
524,DGJZT_DG_113_2,,,216.9,,,,,100,,,,15.167,,,85,0.425,1142,,,,,Acq,,,,,,,,,,,,,,,30,,0225-DGJZT-SJ-DMRM-NEG.d,,Find by MRM,,
525,DGJZT_DG_113_1,,,216.9,,,,,100,,,,15.178,,,56,0.399,695,,,,,Acq,,,,,,,,,,,,,,,30,,0225-DGJZT-SJ-DMRM-NEG.d,,Find by MRM,,
526,DGJZT_DG_113_3,,,216.9,,,,,100,,,,15.189,,,56,0.484,867,,,,,Acq,,,,,,,,,,,,,,,30,,0225-DGJZT-SJ-DMRM-NEG.d,,Find by MRM,,

