﻿#化合物列表: 526 found
#
Cpd,Name,Formula,Purity Result,Precursor,Mass,Diff (ppm),Score (Tgt),Flags (Tgt),Score,Std Dev,Relative Mass Difference (MFG),Base Peak,RT,RT Diff,Target Retention Time Difference,Height,Width,Area,Volume,Vol %,Ions,Saturated,ID Source,Score (MFG),Score (DB),Hit Count,Tgt MFG Hit,FV,Purity Value,Purity Comments,ADC% Area,EIC/TIC% Area,TIC% Area,UVA% Area,Score (Lib),CAS ID,Relative Reference Mass difference,CE,MS/MS Count,File,Notes,Algorithm,Lib/DB
1,DGJZT_SJ_1_3,,,308.1,,,,,100,,,,1.033,,,156,0.245,1223,,,,,Acq,,,,,,,,,,,,,,,30,,0225-DGJZT-CGC-DMRM-NEG.d,,Find by MRM,,
2,DGJZT_SJ_1_1,,,308.1,,,,,100,,,,1.042,,,145,0.264,1089,,,,,Acq,,,,,,,,,,,,,,,30,,0225-DGJZT-CGC-DMRM-NEG.d,,Find by MRM,,
3,DGJZT_SJ_1_2,,,308.1,,,,,100,,,,1.051,,,76,0.126,373,,,,,Acq,,,,,,,,,,,,,,,30,,0225-DGJZT-CGC-DMRM-NEG.d,,Find by MRM,,
4,DGJZT_DZ_4_3,,,618.2,,,,,100,,,,1.078,,,711,0.267,4695,,,,,Acq,,,,,,,,,,,,,,,30,,0225-DGJZT-CGC-DMRM-NEG.d,,Find by MRM,,
5,DGJZT_DZ_4_1,,,618.2,,,,,100,,,,1.071,,,1481,0.312,10643,,,,,Acq,,,,,,,,,,,,,,,30,,0225-DGJZT-CGC-DMRM-NEG.d,,Find by MRM,,
6,DGJZT_DZ_4_2,,,618.2,,,,,100,,,,1.071,,,321,0.291,2326,,,,,Acq,,,,,,,,,,,,,,,30,,0225-DGJZT-CGC-DMRM-NEG.d,,Find by MRM,,
7,DGJZT_DZ_6_1,,,353.1,,,,,100,,,,1.082,,,31,0.21,187,,,,,Acq,,,,,,,,,,,,,,,30,,0225-DGJZT-CGC-DMRM-NEG.d,,Find by MRM,,
8,DGJZT_DZ_6_3,,,353.1,,,,,100,,,,1.083,,,33,0.168,159,,,,,Acq,,,,,,,,,,,,,,,30,,0225-DGJZT-CGC-DMRM-NEG.d,,Find by MRM,,
9,DGJZT_DG_6_1,,,470.2,,,,,100,,,,1.181,,,1369,0.381,14215,,,,,Acq,,,,,,,,,,,,,,,30,,0225-DGJZT-CGC-DMRM-NEG.d,,Find by MRM,,
10,DGJZT_DZ_9_1,,,618.2,,,,,100,,,,1.077,,,1549,0.481,12495,,,,,Acq,,,,,,,,,,,,,,,30,,0225-DGJZT-CGC-DMRM-NEG.d,,Find by MRM,,
11,DGJZT_DZ_9_2,,,618.2,,,,,100,,,,1.078,,,372,0.465,2970,,,,,Acq,,,,,,,,,,,,,,,30,,0225-DGJZT-CGC-DMRM-NEG.d,,Find by MRM,,
12,DGJZT_DG_9_3,,,387.1,,,,,100,,,,1.081,,,369,0.49,5786,,,,,Acq,,,,,,,,,,,,,,,30,,0225-DGJZT-CGC-DMRM-NEG.d,,Find by MRM,,
13,DGJZT_DZ_9_3,,,618.2,,,,,100,,,,1.068,,,539,0.162,2692,,,,,Acq,,,,,,,,,,,,,,,30,,0225-DGJZT-CGC-DMRM-NEG.d,,Find by MRM,,
14,DGJZT_DG_10_1,,,527.1,,,,,100,,,,1.189,,,7,0.167,47,,,,,Acq,,,,,,,,,,,,,,,30,,0225-DGJZT-CGC-DMRM-NEG.d,,Find by MRM,,
15,DGJZT_DG_9_2,,,387.1,,,,,100,,,,1.265,,,555,0.299,6490,,,,,Acq,,,,,,,,,,,,,,,30,,0225-DGJZT-CGC-DMRM-NEG.d,,Find by MRM,,
16,DGJZT_DG_9_1,,,387.1,,,,,100,,,,1.274,,,245,0.287,2650,,,,,Acq,,,,,,,,,,,,,,,30,,0225-DGJZT-CGC-DMRM-NEG.d,,Find by MRM,,
17,DGJZT_DZ_10_2,,,353.1,,,,,100,,,,1.509,,,19,0.234,111,,,,,Acq,,,,,,,,,,,,,,,30,,0225-DGJZT-CGC-DMRM-NEG.d,,Find by MRM,,
18,DGJZT_DZ_10_1,,,353.1,,,,,100,,,,1.526,,,13,0.141,54,,,,,Acq,,,,,,,,,,,,,,,30,,0225-DGJZT-CGC-DMRM-NEG.d,,Find by MRM,,
19,DGJZT_DG_16_1,,,470.2,,,,,100,,,,1.58,,,701,0.235,4479,,,,,Acq,,,,,,,,,,,,,,,30,,0225-DGJZT-CGC-DMRM-NEG.d,,Find by MRM,,
20,DGJZT_DG_17_2,,,372.1,,,,,100,,,,1.591,,,69,0.317,399,,,,,Acq,,,,,,,,,,,,,,,30,,0225-DGJZT-CGC-DMRM-NEG.d,,Find by MRM,,
21,DGJZT_DG_17_1,,,372.1,,,,,100,,,,1.591,,,55,0.191,245,,,,,Acq,,,,,,,,,,,,,,,30,,0225-DGJZT-CGC-DMRM-NEG.d,,Find by MRM,,
22,DGJZT_BS_3_1,,,343.1,,,,,100,,,,1.867,,,2,0.092,3,,,,,Acq,,,,,,,,,,,,,,,30,,0225-DGJZT-CGC-DMRM-NEG.d,,Find by MRM,,
23,DGJZT_BS_5_1,,,331.1,,,,,100,,,,1.861,,,6,0.1,12,,,,,Acq,,,,,,,,,,,,,,,30,,0225-DGJZT-CGC-DMRM-NEG.d,,Find by MRM,,
24,DGJZT_DG_25_1,,,527.1,,,,,100,,,,1.855,,,8,0.142,28,,,,,Acq,,,,,,,,,,,,,,,30,,0225-DGJZT-CGC-DMRM-NEG.d,,Find by MRM,,
25,DGJZT_BS_5_3,,,331.1,,,,,100,,,,1.926,,,6,0.142,23,,,,,Acq,,,,,,,,,,,,,,,30,,0225-DGJZT-CGC-DMRM-NEG.d,,Find by MRM,,
26,DGJZT_BS_5_2,,,331.1,,,,,100,,,,2.094,,,9,0.31,76,,,,,Acq,,,,,,,,,,,,,,,30,,0225-DGJZT-CGC-DMRM-NEG.d,,Find by MRM,,
27,DGJZT_DG_26_1,,,497.1,,,,,100,,,,1.982,,,11,0.394,96,,,,,Acq,,,,,,,,,,,,,,,30,,0225-DGJZT-CGC-DMRM-NEG.d,,Find by MRM,,
28,DGJZT_DG_26_3,,,497.1,,,,,100,,,,2.19,,,19,0.046,20,,,,,Acq,,,,,,,,,,,,,,,30,,0225-DGJZT-CGC-DMRM-NEG.d,,Find by MRM,,
29,DGJZT_BS_6_2,,,331.1,,,,,100,,,,1.995,,,8,0.224,42,,,,,Acq,,,,,,,,,,,,,,,30,,0225-DGJZT-CGC-DMRM-NEG.d,,Find by MRM,,
30,DGJZT_BS_6_1,,,331.1,,,,,100,,,,1.962,,,5,0.174,19,,,,,Acq,,,,,,,,,,,,,,,30,,0225-DGJZT-CGC-DMRM-NEG.d,,Find by MRM,,
31,DGJZT_BS_6_3,,,331.1,,,,,100,,,,2.079,,,6,0.058,12,,,,,Acq,,,,,,,,,,,,,,,30,,0225-DGJZT-CGC-DMRM-NEG.d,,Find by MRM,,
32,DGJZT_BS_8_2,,,567.2,,,,,100,,,,2.039,,,2,0.092,4,,,,,Acq,,,,,,,,,,,,,,,30,,0225-DGJZT-CGC-DMRM-NEG.d,,Find by MRM,,
33,DGJZT_BS_9_3,,,421.1,,,,,100,,,,1.94,,,2,0.168,12,,,,,Acq,,,,,,,,,,,,,,,30,,0225-DGJZT-CGC-DMRM-NEG.d,,Find by MRM,,
34,DGJZT_DG_29_3,,,341.1,,,,,100,,,,1.909,,,42,0.159,192,,,,,Acq,,,,,,,,,,,,,,,30,,0225-DGJZT-CGC-DMRM-NEG.d,,Find by MRM,,
35,DGJZT_DG_29_1,,,341.1,,,,,100,,,,1.943,,,30,0.209,173,,,,,Acq,,,,,,,,,,,,,,,30,,0225-DGJZT-CGC-DMRM-NEG.d,,Find by MRM,,
36,DGJZT_DG_29_2,,,341.1,,,,,100,,,,1.908,,,17,0.068,124,,,,,Acq,,,,,,,,,,,,,,,30,,0225-DGJZT-CGC-DMRM-NEG.d,,Find by MRM,,
37,DGJZT_BS_13_1,,,529.2,,,,,100,,,,2.123,,,3,0.075,6,,,,,Acq,,,,,,,,,,,,,,,30,,0225-DGJZT-CGC-DMRM-NEG.d,,Find by MRM,,
38,DGJZT_BS_16_1,,,493.1,,,,,100,,,,2.324,,,4,0.2,23,,,,,Acq,,,,,,,,,,,,,,,30,,0225-DGJZT-CGC-DMRM-NEG.d,,Find by MRM,,
39,DGJZT_BS_16_2,,,493.1,,,,,100,,,,2.316,,,3,0.109,6,,,,,Acq,,,,,,,,,,,,,,,30,,0225-DGJZT-CGC-DMRM-NEG.d,,Find by MRM,,
40,DGJZT_BS_16_3,,,493.1,,,,,100,,,,2.333,,,1,0.102,3,,,,,Acq,,,,,,,,,,,,,,,30,,0225-DGJZT-CGC-DMRM-NEG.d,,Find by MRM,,
41,DGJZT_BS_14_1,,,169,,,,,100,,,,2.288,,,16,0.255,121,,,,,Acq,,,,,,,,,,,,,,,30,,0225-DGJZT-CGC-DMRM-NEG.d,,Find by MRM,,
42,DGJZT_BS_14_2,,,169,,,,,100,,,,2.339,,,19,0.214,89,,,,,Acq,,,,,,,,,,,,,,,30,,0225-DGJZT-CGC-DMRM-NEG.d,,Find by MRM,,
43,DGJZT_BS_17_1,,,331.1,,,,,100,,,,2.394,,,30,0.342,246,,,,,Acq,,,,,,,,,,,,,,,30,,0225-DGJZT-CGC-DMRM-NEG.d,,Find by MRM,,
44,DGJZT_BS_17_2,,,331.1,,,,,100,,,,2.428,,,17,0.267,128,,,,,Acq,,,,,,,,,,,,,,,30,,0225-DGJZT-CGC-DMRM-NEG.d,,Find by MRM,,
45,DGJZT_BS_17_3,,,331.1,,,,,100,,,,2.472,,,6,0.177,20,,,,,Acq,,,,,,,,,,,,,,,30,,0225-DGJZT-CGC-DMRM-NEG.d,,Find by MRM,,
46,DGJZT_BS_18_1,,,526.2,,,,,100,,,,2.583,,,2,0.173,8,,,,,Acq,,,,,,,,,,,,,,,30,,0225-DGJZT-CGC-DMRM-NEG.d,,Find by MRM,,
47,DGJZT_DG_33_3,,,423.1,,,,,100,,,,2.818,,,1,0.083,2,,,,,Acq,,,,,,,,,,,,,,,30,,0225-DGJZT-CGC-DMRM-NEG.d,,Find by MRM,,
48,DGJZT_DG_33_2,,,423.1,,,,,100,,,,2.561,,,2,0.085,3,,,,,Acq,,,,,,,,,,,,,,,30,,0225-DGJZT-CGC-DMRM-NEG.d,,Find by MRM,,
49,DGJZT_DG_33_1,,,423.1,,,,,100,,,,2.536,,,2,0.138,6,,,,,Acq,,,,,,,,,,,,,,,30,,0225-DGJZT-CGC-DMRM-NEG.d,,Find by MRM,,
50,DGJZT_BS_20_1,,,403.1,,,,,100,,,,2.579,,,1,0.089,3,,,,,Acq,,,,,,,,,,,,,,,30,,0225-DGJZT-CGC-DMRM-NEG.d,,Find by MRM,,
51,DGJZT_BS_20_2,,,403.1,,,,,100,,,,2.795,,,3,0.156,10,,,,,Acq,,,,,,,,,,,,,,,30,,0225-DGJZT-CGC-DMRM-NEG.d,,Find by MRM,,
52,DGJZT_BS_22_1,,,527.1,,,,,100,,,,3.152,,,9,0.043,9,,,,,Acq,,,,,,,,,,,,,,,30,,0225-DGJZT-CGC-DMRM-NEG.d,,Find by MRM,,
53,DGJZT_DZ_18_2,,,240.1,,,,,100,,,,3.007,,,10,0.122,39,,,,,Acq,,,,,,,,,,,,,,,30,,0225-DGJZT-CGC-DMRM-NEG.d,,Find by MRM,,
54,DGJZT_BS_23_2,,,315.1,,,,,100,,,,2.996,,,93,0.285,744,,,,,Acq,,,,,,,,,,,,,,,30,,0225-DGJZT-CGC-DMRM-NEG.d,,Find by MRM,,
55,DGJZT_BS_23_1,,,315.1,,,,,100,,,,2.997,,,80,0.246,465,,,,,Acq,,,,,,,,,,,,,,,30,,0225-DGJZT-CGC-DMRM-NEG.d,,Find by MRM,,
56,DGJZT_DZ_19_2,,,297.1,,,,,100,,,,3.039,,,16,0.326,95,,,,,Acq,,,,,,,,,,,,,,,30,,0225-DGJZT-CGC-DMRM-NEG.d,,Find by MRM,,
57,DGJZT_DZ_19_1,,,297.1,,,,,100,,,,3.057,,,8,0.084,21,,,,,Acq,,,,,,,,,,,,,,,30,,0225-DGJZT-CGC-DMRM-NEG.d,,Find by MRM,,
58,DGJZT_DZ_21_1,,,221.1,,,,,100,,,,3.234,,,8,0.167,28,,,,,Acq,,,,,,,,,,,,,,,30,,0225-DGJZT-CGC-DMRM-NEG.d,,Find by MRM,,
59,DGJZT_BS_26_3,,,389.1,,,,,100,,,,3.186,,,3,0.14,9,,,,,Acq,,,,,,,,,,,,,,,30,,0225-DGJZT-CGC-DMRM-NEG.d,,Find by MRM,,
60,DGJZT_BS_25_2,,,527.1,,,,,100,,,,3.269,,,3,0.1,6,,,,,Acq,,,,,,,,,,,,,,,30,,0225-DGJZT-CGC-DMRM-NEG.d,,Find by MRM,,
61,DGJZT_BS_25_1,,,527.1,,,,,100,,,,3.168,,,13,0.118,73,,,,,Acq,,,,,,,,,,,,,,,30,,0225-DGJZT-CGC-DMRM-NEG.d,,Find by MRM,,
62,DGJZT_BS_26_2,,,389.1,,,,,100,,,,3.372,,,1,0.082,2,,,,,Acq,,,,,,,,,,,,,,,30,,0225-DGJZT-CGC-DMRM-NEG.d,,Find by MRM,,
63,DGJZT_BS_27_1,,,633.1,,,,,100,,,,3.486,,,2,0.077,3,,,,,Acq,,,,,,,,,,,,,,,30,,0225-DGJZT-CGC-DMRM-NEG.d,,Find by MRM,,
64,DGJZT_BS_26_1,,,389.1,,,,,100,,,,3.314,,,3,0.11,6,,,,,Acq,,,,,,,,,,,,,,,30,,0225-DGJZT-CGC-DMRM-NEG.d,,Find by MRM,,
65,DGJZT_DG_36_2,,,353.1,,,,,100,,,,3.357,,,4,0.142,19,,,,,Acq,,,,,,,,,,,,,,,30,,0225-DGJZT-CGC-DMRM-NEG.d,,Find by MRM,,
66,DGJZT_DG_36_1,,,353.1,,,,,100,,,,3.45,,,6,0.068,15,,,,,Acq,,,,,,,,,,,,,,,30,,0225-DGJZT-CGC-DMRM-NEG.d,,Find by MRM,,
67,DGJZT_DG_36_3,,,353.1,,,,,100,,,,3.425,,,1,0.096,3,,,,,Acq,,,,,,,,,,,,,,,30,,0225-DGJZT-CGC-DMRM-NEG.d,,Find by MRM,,
68,DGJZT_BS_28_3,,,287.1,,,,,100,,,,3.35,,,2,0.131,5,,,,,Acq,,,,,,,,,,,,,,,30,,0225-DGJZT-CGC-DMRM-NEG.d,,Find by MRM,,
69,DGJZT_BS_28_1,,,287.1,,,,,100,,,,3.4,,,4,0.178,16,,,,,Acq,,,,,,,,,,,,,,,30,,0225-DGJZT-CGC-DMRM-NEG.d,,Find by MRM,,
70,DGJZT_BS_28_2,,,287.1,,,,,100,,,,3.401,,,0,0.084,0,,,,,Acq,,,,,,,,,,,,,,,30,,0225-DGJZT-CGC-DMRM-NEG.d,,Find by MRM,,
71,DGJZT_DG_39_2,,,658.2,,,,,100,,,,3.502,,,2,0.1,4,,,,,Acq,,,,,,,,,,,,,,,30,,0225-DGJZT-CGC-DMRM-NEG.d,,Find by MRM,,
72,DGJZT_DG_39_1,,,658.2,,,,,100,,,,3.57,,,2,0.1,5,,,,,Acq,,,,,,,,,,,,,,,30,,0225-DGJZT-CGC-DMRM-NEG.d,,Find by MRM,,
73,DGJZT_BS_29_1,,,451.1,,,,,100,,,,3.74,,,7,0.101,18,,,,,Acq,,,,,,,,,,,,,,,30,,0225-DGJZT-CGC-DMRM-NEG.d,,Find by MRM,,
74,DGJZT_BS_37_1,,,483.1,,,,,100,,,,3.824,,,21,0.043,11,,,,,Acq,,,,,,,,,,,,,,,30,,0225-DGJZT-CGC-DMRM-NEG.d,,Find by MRM,,
75,DGJZT_BS_37_3,,,483.1,,,,,100,,,,3.908,,,12,0.054,9,,,,,Acq,,,,,,,,,,,,,,,30,,0225-DGJZT-CGC-DMRM-NEG.d,,Find by MRM,,
76,DGJZT_DG_41_2,,,355.1,,,,,100,,,,3.726,,,9,0.117,45,,,,,Acq,,,,,,,,,,,,,,,30,,0225-DGJZT-CGC-DMRM-NEG.d,,Find by MRM,,
77,DGJZT_DG_41_3,,,355.1,,,,,100,,,,3.684,,,19,0.286,109,,,,,Acq,,,,,,,,,,,,,,,30,,0225-DGJZT-CGC-DMRM-NEG.d,,Find by MRM,,
78,DGJZT_DG_41_1,,,355.1,,,,,100,,,,3.693,,,74,0.23,484,,,,,Acq,,,,,,,,,,,,,,,30,,0225-DGJZT-CGC-DMRM-NEG.d,,Find by MRM,,
79,DGJZT_DG_42_3,,,491.1,,,,,100,,,,3.672,,,4,0.076,8,,,,,Acq,,,,,,,,,,,,,,,30,,0225-DGJZT-CGC-DMRM-NEG.d,,Find by MRM,,
80,DGJZT_DG_42_1,,,491.1,,,,,100,,,,3.646,,,5,0.093,15,,,,,Acq,,,,,,,,,,,,,,,30,,0225-DGJZT-CGC-DMRM-NEG.d,,Find by MRM,,
81,DGJZT_BS_40_2,,,391.2,,,,,100,,,,3.64,,,0,0.067,0,,,,,Acq,,,,,,,,,,,,,,,30,,0225-DGJZT-CGC-DMRM-NEG.d,,Find by MRM,,
82,DGJZT_BS_40_3,,,391.2,,,,,100,,,,3.926,,,3,0.101,6,,,,,Acq,,,,,,,,,,,,,,,30,,0225-DGJZT-CGC-DMRM-NEG.d,,Find by MRM,,
83,DGJZT_GZ_4_1,,,349.1,,,,,100,,,,3.786,,,4,0.067,8,,,,,Acq,,,,,,,,,,,,,,,30,,0225-DGJZT-CGC-DMRM-NEG.d,,Find by MRM,,
84,DGJZT_DG_43_1,,,293.1,,,,,100,,,,3.854,,,18,0.092,60,,,,,Acq,,,,,,,,,,,,,,,30,,0225-DGJZT-CGC-DMRM-NEG.d,,Find by MRM,,
85,DGJZT_CGC_7_1,,,631.1,,,,,100,,,,3.814,,,557,0.245,3642,,,,,Acq,,,,,,,,,,,,,,,30,,0225-DGJZT-CGC-DMRM-NEG.d,,Find by MRM,,
86,DGJZT_DG_42_2,,,491.1,,,,,100,,,,3.738,,,6,0.101,16,,,,,Acq,,,,,,,,,,,,,,,30,,0225-DGJZT-CGC-DMRM-NEG.d,,Find by MRM,,
87,DGJZT_BS_45_1,,,635.1,,,,,100,,,,3.771,,,4,0.151,12,,,,,Acq,,,,,,,,,,,,,,,30,,0225-DGJZT-CGC-DMRM-NEG.d,,Find by MRM,,
88,DGJZT_DZ_23_1,,,477.2,,,,,100,,,,3.925,,,4,0.084,7,,,,,Acq,,,,,,,,,,,,,,,30,,0225-DGJZT-CGC-DMRM-NEG.d,,Find by MRM,,
89,DGJZT_DZ_24_2,,,431.2,,,,,100,,,,4.136,,,20,0.092,63,,,,,Acq,,,,,,,,,,,,,,,30,,0225-DGJZT-CGC-DMRM-NEG.d,,Find by MRM,,
90,DGJZT_DZ_24_1,,,431.2,,,,,100,,,,4.128,,,40,0.2,232,,,,,Acq,,,,,,,,,,,,,,,30,,0225-DGJZT-CGC-DMRM-NEG.d,,Find by MRM,,
91,DGJZT_DZ_25_2,,,639.2,,,,,100,,,,3.813,,,1,0.101,2,,,,,Acq,,,,,,,,,,,,,,,30,,0225-DGJZT-CGC-DMRM-NEG.d,,Find by MRM,,
92,DGJZT_DG_46_2,,,353.1,,,,,100,,,,4.113,,,8,0.093,16,,,,,Acq,,,,,,,,,,,,,,,30,,0225-DGJZT-CGC-DMRM-NEG.d,,Find by MRM,,
93,DGJZT_DG_46_1,,,353.1,,,,,100,,,,3.861,,,4,0.084,13,,,,,Acq,,,,,,,,,,,,,,,30,,0225-DGJZT-CGC-DMRM-NEG.d,,Find by MRM,,
94,DGJZT_DZ_25_3,,,639.2,,,,,100,,,,3.939,,,7,0.127,15,,,,,Acq,,,,,,,,,,,,,,,30,,0225-DGJZT-CGC-DMRM-NEG.d,,Find by MRM,,
95,DGJZT_DZ_25_1,,,639.2,,,,,100,,,,4.099,,,4,0.1,8,,,,,Acq,,,,,,,,,,,,,,,30,,0225-DGJZT-CGC-DMRM-NEG.d,,Find by MRM,,
96,DGJZT_BS_44_1,,,511.1,,,,,100,,,,4.169,,,0,0.05,0,,,,,Acq,,,,,,,,,,,,,,,30,,0225-DGJZT-CGC-DMRM-NEG.d,,Find by MRM,,
97,DGJZT_CGC_13_1,,,789.2,,,,,100,,,,4.131,,,25437,0.411,173078,,,,,Acq,,,,,,,,,,,,,,,30,,0225-DGJZT-CGC-DMRM-NEG.d,,Find by MRM,,
98,DGJZT_CGC_16_1,,,625.2,,,,,100,,,,4.151,,,3259,0.377,27852,,,,,Acq,,,,,,,,,,,,,,,30,,0225-DGJZT-CGC-DMRM-NEG.d,,Find by MRM,,
99,DGJZT_BS_46_3,,,525.2,,,,,100,,,,4.277,,,0,0.11,0,,,,,Acq,,,,,,,,,,,,,,,30,,0225-DGJZT-CGC-DMRM-NEG.d,,Find by MRM,,
100,DGJZT_CGC_14_1,,,417.1,,,,,100,,,,4.162,,,2013,0.368,16706,,,,,Acq,,,,,,,,,,,,,,,30,,0225-DGJZT-CGC-DMRM-NEG.d,,Find by MRM,,
101,DGJZT_CGC_18_1,,,711.2,,,,,100,,,,4.199,,,824,0.336,6391,,,,,Acq,,,,,,,,,,,,,,,30,,0225-DGJZT-CGC-DMRM-NEG.d,,Find by MRM,,
102,DGJZT_CGC_14_3,,,417.1,,,,,100,,,,4.162,,,2456,0.437,20945,,,,,Acq,,,,,,,,,,,,,,,30,,0225-DGJZT-CGC-DMRM-NEG.d,,Find by MRM,,
103,DGJZT_CGC_14_2,,,417.1,,,,,100,,,,4.163,,,755,0.376,6040,,,,,Acq,,,,,,,,,,,,,,,30,,0225-DGJZT-CGC-DMRM-NEG.d,,Find by MRM,,
104,DGJZT_CGC_18_3,,,711.2,,,,,100,,,,4.199,,,7830,0.391,58759,,,,,Acq,,,,,,,,,,,,,,,30,,0225-DGJZT-CGC-DMRM-NEG.d,,Find by MRM,,
105,DGJZT_CGC_17_1,,,549.2,,,,,100,,,,4.185,,,422,0.428,3546,,,,,Acq,,,,,,,,,,,,,,,30,,0225-DGJZT-CGC-DMRM-NEG.d,,Find by MRM,,
106,DGJZT_BS_53_1,,,635.1,,,,,100,,,,4.301,,,3,0.132,10,,,,,Acq,,,,,,,,,,,,,,,30,,0225-DGJZT-CGC-DMRM-NEG.d,,Find by MRM,,
107,DGJZT_BS_51_2,,,183,,,,,100,,,,4.239,,,8,0.209,28,,,,,Acq,,,,,,,,,,,,,,,30,,0225-DGJZT-CGC-DMRM-NEG.d,,Find by MRM,,
108,DGJZT_BS_51_1,,,183,,,,,100,,,,4.357,,,7,0.092,24,,,,,Acq,,,,,,,,,,,,,,,30,,0225-DGJZT-CGC-DMRM-NEG.d,,Find by MRM,,
109,DGJZT_DZ_26_2,,,755.3,,,,,100,,,,4.265,,,4,0.159,13,,,,,Acq,,,,,,,,,,,,,,,30,,0225-DGJZT-CGC-DMRM-NEG.d,,Find by MRM,,
110,DGJZT_BS_56_1,,,687.2,,,,,100,,,,4.191,,,2,0.092,5,,,,,Acq,,,,,,,,,,,,,,,30,,0225-DGJZT-CGC-DMRM-NEG.d,,Find by MRM,,
111,DGJZT_BS_54_1,,,327.1,,,,,100,,,,4.372,,,1,0.108,2,,,,,Acq,,,,,,,,,,,,,,,30,,0225-DGJZT-CGC-DMRM-NEG.d,,Find by MRM,,
112,DGJZT_DG_49_1,,,215.1,,,,,100,,,,4.447,,,6,0.133,20,,,,,Acq,,,,,,,,,,,,,,,30,,0225-DGJZT-CGC-DMRM-NEG.d,,Find by MRM,,
113,DGJZT_DG_49_2,,,215.1,,,,,100,,,,4.565,,,5,0.093,19,,,,,Acq,,,,,,,,,,,,,,,30,,0225-DGJZT-CGC-DMRM-NEG.d,,Find by MRM,,
114,DGJZT_CGC_19_1,,,593.2,,,,,100,,,,4.62,,,1461,0.383,11482,,,,,Acq,,,,,,,,,,,,,,,30,,0225-DGJZT-CGC-DMRM-NEG.d,,Find by MRM,,
115,DGJZT_BS_60_1,,,631.2,,,,,100,,,,4.636,,,2,0.167,5,,,,,Acq,,,,,,,,,,,,,,,30,,0225-DGJZT-CGC-DMRM-NEG.d,,Find by MRM,,
116,DGJZT_BS_60_3,,,631.2,,,,,100,,,,4.894,,,5,0.121,11,,,,,Acq,,,,,,,,,,,,,,,30,,0225-DGJZT-CGC-DMRM-NEG.d,,Find by MRM,,
117,DGJZT_BS_61_1,,,491.1,,,,,100,,,,4.763,,,4,0.099,14,,,,,Acq,,,,,,,,,,,,,,,30,,0225-DGJZT-CGC-DMRM-NEG.d,,Find by MRM,,
118,DGJZT_GZ_6_2,,,415.1,,,,,100,,,,4.746,,,1,0.108,3,,,,,Acq,,,,,,,,,,,,,,,30,,0225-DGJZT-CGC-DMRM-NEG.d,,Find by MRM,,
119,DGJZT_GZ_6_1,,,415.1,,,,,100,,,,4.897,,,3,0.143,7,,,,,Acq,,,,,,,,,,,,,,,30,,0225-DGJZT-CGC-DMRM-NEG.d,,Find by MRM,,
120,DGJZT_BS_62_2,,,519.2,,,,,100,,,,4.637,,,13,0.134,46,,,,,Acq,,,,,,,,,,,,,,,30,,0225-DGJZT-CGC-DMRM-NEG.d,,Find by MRM,,
121,DGJZT_BS_62_1,,,519.2,,,,,100,,,,4.754,,,9,0.067,22,,,,,Acq,,,,,,,,,,,,,,,30,,0225-DGJZT-CGC-DMRM-NEG.d,,Find by MRM,,
122,DGJZT_BS_66_3,,,687.2,,,,,100,,,,4.851,,,9,0.124,48,,,,,Acq,,,,,,,,,,,,,,,30,,0225-DGJZT-CGC-DMRM-NEG.d,,Find by MRM,,
123,DGJZT_BS_66_1,,,687.2,,,,,100,,,,4.835,,,17,0.092,63,,,,,Acq,,,,,,,,,,,,,,,30,,0225-DGJZT-CGC-DMRM-NEG.d,,Find by MRM,,
124,DGJZT_BS_66_2,,,687.2,,,,,100,,,,4.635,,,2,0.091,4,,,,,Acq,,,,,,,,,,,,,,,30,,0225-DGJZT-CGC-DMRM-NEG.d,,Find by MRM,,
125,DGJZT_GZ_8_2,,,327.1,,,,,100,,,,4.9,,,8,0.193,35,,,,,Acq,,,,,,,,,,,,,,,30,,0225-DGJZT-CGC-DMRM-NEG.d,,Find by MRM,,
126,DGJZT_GZ_8_1,,,327.1,,,,,100,,,,5.118,,,7,0.168,22,,,,,Acq,,,,,,,,,,,,,,,30,,0225-DGJZT-CGC-DMRM-NEG.d,,Find by MRM,,
127,DGJZT_GZ_8_3,,,327.1,,,,,100,,,,5.068,,,0,0.184,3,,,,,Acq,,,,,,,,,,,,,,,30,,0225-DGJZT-CGC-DMRM-NEG.d,,Find by MRM,,
128,DGJZT_GZ_9_3,,,363.1,,,,,100,,,,4.889,,,4,0.1,9,,,,,Acq,,,,,,,,,,,,,,,30,,0225-DGJZT-CGC-DMRM-NEG.d,,Find by MRM,,
129,DGJZT_DZ_28_3,,,340.2,,,,,100,,,,5.133,,,7,0.101,15,,,,,Acq,,,,,,,,,,,,,,,30,,0225-DGJZT-CGC-DMRM-NEG.d,,Find by MRM,,
130,DGJZT_DZ_28_2,,,340.2,,,,,100,,,,5.065,,,4,0.176,18,,,,,Acq,,,,,,,,,,,,,,,30,,0225-DGJZT-CGC-DMRM-NEG.d,,Find by MRM,,
131,DGJZT_DZ_28_1,,,340.2,,,,,100,,,,5.049,,,3,0.1,6,,,,,Acq,,,,,,,,,,,,,,,30,,0225-DGJZT-CGC-DMRM-NEG.d,,Find by MRM,,
132,DGJZT_BS_75_1,,,525.2,,,,,100,,,,5.105,,,137,0.244,761,,,,,Acq,,,,,,,,,,,,,,,30,,0225-DGJZT-CGC-DMRM-NEG.d,,Find by MRM,,
133,DGJZT_DZ_30_1,,,579.3,,,,,100,,,,5.146,,,3,0.1,5,,,,,Acq,,,,,,,,,,,,,,,30,,0225-DGJZT-CGC-DMRM-NEG.d,,Find by MRM,,
134,DGJZT_BS_79_1,,,787.1,,,,,100,,,,5.295,,,3,0.184,10,,,,,Acq,,,,,,,,,,,,,,,30,,0225-DGJZT-CGC-DMRM-NEG.d,,Find by MRM,,
135,DGJZT_SJ_4_1,,,519.2,,,,,100,,,,5.35,,,1,0.103,3,,,,,Acq,,,,,,,,,,,,,,,30,,0225-DGJZT-CGC-DMRM-NEG.d,,Find by MRM,,
136,DGJZT_BS_80_2,,,631.2,,,,,100,,,,5.221,,,10,0.126,35,,,,,Acq,,,,,,,,,,,,,,,30,,0225-DGJZT-CGC-DMRM-NEG.d,,Find by MRM,,
137,DGJZT_BS_80_1,,,631.2,,,,,100,,,,5.112,,,2,0.141,4,,,,,Acq,,,,,,,,,,,,,,,30,,0225-DGJZT-CGC-DMRM-NEG.d,,Find by MRM,,
138,DGJZT_DZ_31_1,,,741.2,,,,,100,,,,5.086,,,0,0.101,1,,,,,Acq,,,,,,,,,,,,,,,30,,0225-DGJZT-CGC-DMRM-NEG.d,,Find by MRM,,
139,DGJZT_BS_81_2,,,541.2,,,,,100,,,,5.39,,,2,0.093,4,,,,,Acq,,,,,,,,,,,,,,,30,,0225-DGJZT-CGC-DMRM-NEG.d,,Find by MRM,,
140,DGJZT_BS_81_1,,,541.2,,,,,100,,,,5.289,,,3,0.059,8,,,,,Acq,,,,,,,,,,,,,,,30,,0225-DGJZT-CGC-DMRM-NEG.d,,Find by MRM,,
141,DGJZT_DG_58_2,,,367.1,,,,,100,,,,5.353,,,2,0.095,4,,,,,Acq,,,,,,,,,,,,,,,30,,0225-DGJZT-CGC-DMRM-NEG.d,,Find by MRM,,
142,DGJZT_DG_58_1,,,367.1,,,,,100,,,,5.453,,,6,0.075,14,,,,,Acq,,,,,,,,,,,,,,,30,,0225-DGJZT-CGC-DMRM-NEG.d,,Find by MRM,,
143,DGJZT_DG_58_3,,,367.1,,,,,100,,,,5.52,,,2,0.134,10,,,,,Acq,,,,,,,,,,,,,,,30,,0225-DGJZT-CGC-DMRM-NEG.d,,Find by MRM,,
144,DGJZT_BS_86_3,,,525.2,,,,,100,,,,5.475,,,156,0.251,1166,,,,,Acq,,,,,,,,,,,,,,,30,,0225-DGJZT-CGC-DMRM-NEG.d,,Find by MRM,,
145,DGJZT_BS_86_2,,,525.2,,,,,100,,,,5.459,,,11,0.117,44,,,,,Acq,,,,,,,,,,,,,,,30,,0225-DGJZT-CGC-DMRM-NEG.d,,Find by MRM,,
146,DGJZT_BS_86_1,,,525.2,,,,,100,,,,5.467,,,908,0.332,7779,,,,,Acq,,,,,,,,,,,,,,,30,,0225-DGJZT-CGC-DMRM-NEG.d,,Find by MRM,,
147,DGJZT_BS_85_3,,,449.1,,,,,100,,,,5.351,,,20,0.195,115,,,,,Acq,,,,,,,,,,,,,,,30,,0225-DGJZT-CGC-DMRM-NEG.d,,Find by MRM,,
148,DGJZT_BS_85_2,,,449.1,,,,,100,,,,5.653,,,0,0.143,1,,,,,Acq,,,,,,,,,,,,,,,30,,0225-DGJZT-CGC-DMRM-NEG.d,,Find by MRM,,
149,DGJZT_BS_85_1,,,449.1,,,,,100,,,,5.478,,,38,0.449,326,,,,,Acq,,,,,,,,,,,,,,,30,,0225-DGJZT-CGC-DMRM-NEG.d,,Find by MRM,,
150,DGJZT_BS_82_3,,,327.1,,,,,100,,,,5.714,,,2,0.111,4,,,,,Acq,,,,,,,,,,,,,,,30,,0225-DGJZT-CGC-DMRM-NEG.d,,Find by MRM,,
151,DGJZT_BS_96_3,,,497.2,,,,,100,,,,5.66,,,3,0.151,7,,,,,Acq,,,,,,,,,,,,,,,30,,0225-DGJZT-CGC-DMRM-NEG.d,,Find by MRM,,
152,DGJZT_CGC_24_2,,,579.2,,,,,100,,,,5.624,,,3538,0.243,25338,,,,,Acq,,,,,,,,,,,,,,,30,,0225-DGJZT-CGC-DMRM-NEG.d,,Find by MRM,,
153,DGJZT_BS_96_2,,,497.2,,,,,100,,,,5.551,,,4,0.1,8,,,,,Acq,,,,,,,,,,,,,,,30,,0225-DGJZT-CGC-DMRM-NEG.d,,Find by MRM,,
154,DGJZT_GZ_11_3,,,581.2,,,,,100,,,,5.555,,,4,0.143,14,,,,,Acq,,,,,,,,,,,,,,,30,,0225-DGJZT-CGC-DMRM-NEG.d,,Find by MRM,,
155,DGJZT_CGC_24_1,,,579.2,,,,,100,,,,5.607,,,287,0.24,2169,,,,,Acq,,,,,,,,,,,,,,,30,,0225-DGJZT-CGC-DMRM-NEG.d,,Find by MRM,,
156,DGJZT_CGC_27_1,,,737.2,,,,,100,,,,5.865,,,394,0.301,3021,,,,,Acq,,,,,,,,,,,,,,,30,,0225-DGJZT-CGC-DMRM-NEG.d,,Find by MRM,,
157,DGJZT_BS_97_1,,,495.2,,,,,100,,,,5.872,,,5,0.119,29,,,,,Acq,,,,,,,,,,,,,,,30,,0225-DGJZT-CGC-DMRM-NEG.d,,Find by MRM,,
158,DGJZT_CGC_26_1,,,737.2,,,,,100,,,,5.857,,,269,0.284,1915,,,,,Acq,,,,,,,,,,,,,,,30,,0225-DGJZT-CGC-DMRM-NEG.d,,Find by MRM,,
159,DGJZT_CGC_28_1,,,625.2,,,,,100,,,,5.908,,,1419,0.358,11215,,,,,Acq,,,,,,,,,,,,,,,30,,0225-DGJZT-CGC-DMRM-NEG.d,,Find by MRM,,
160,DGJZT_BS_101_1,,,787.1,,,,,100,,,,5.89,,,5,0.11,17,,,,,Acq,,,,,,,,,,,,,,,30,,0225-DGJZT-CGC-DMRM-NEG.d,,Find by MRM,,
161,DGJZT_BS_102_2,,,519.2,,,,,100,,,,5.844,,,0,0.143,1,,,,,Acq,,,,,,,,,,,,,,,30,,0225-DGJZT-CGC-DMRM-NEG.d,,Find by MRM,,
162,DGJZT_BS_102_1,,,519.2,,,,,100,,,,5.996,,,1,0.1,2,,,,,Acq,,,,,,,,,,,,,,,30,,0225-DGJZT-CGC-DMRM-NEG.d,,Find by MRM,,
163,DGJZT_CGC_29_1,,,415.1,,,,,100,,,,5.923,,,960,0.347,8264,,,,,Acq,,,,,,,,,,,,,,,30,,0225-DGJZT-CGC-DMRM-NEG.d,,Find by MRM,,
164,DGJZT_DZ_32_2,,,623.3,,,,,100,,,,6.336,,,30,0.05,27,,,,,Acq,,,,,,,,,,,,,,,30,,0225-DGJZT-CGC-DMRM-NEG.d,,Find by MRM,,
165,DGJZT_DZ_32_1,,,623.3,,,,,100,,,,5.884,,,0,0.194,0,,,,,Acq,,,,,,,,,,,,,,,30,,0225-DGJZT-CGC-DMRM-NEG.d,,Find by MRM,,
166,DGJZT_BS_103_2,,,787.1,,,,,100,,,,6.342,,,8,0.109,19,,,,,Acq,,,,,,,,,,,,,,,30,,0225-DGJZT-CGC-DMRM-NEG.d,,Find by MRM,,
167,DGJZT_BS_103_1,,,787.1,,,,,100,,,,6.158,,,5,0.142,16,,,,,Acq,,,,,,,,,,,,,,,30,,0225-DGJZT-CGC-DMRM-NEG.d,,Find by MRM,,
168,DGJZT_DG_61_2,,,527.2,,,,,100,,,,6.439,,,0,0.149,7,,,,,Acq,,,,,,,,,,,,,,,30,,0225-DGJZT-CGC-DMRM-NEG.d,,Find by MRM,,
169,DGJZT_BS_104_2,,,477.1,,,,,100,,,,6.324,,,10,0.138,30,,,,,Acq,,,,,,,,,,,,,,,30,,0225-DGJZT-CGC-DMRM-NEG.d,,Find by MRM,,
170,DGJZT_DZ_33_3,,,609.1,,,,,100,,,,6.294,,,9,0.134,42,,,,,Acq,,,,,,,,,,,,,,,30,,0225-DGJZT-CGC-DMRM-NEG.d,,Find by MRM,,
171,DGJZT_DZ_33_1,,,609.1,,,,,100,,,,6.32,,,34,0.25,187,,,,,Acq,,,,,,,,,,,,,,,30,,0225-DGJZT-CGC-DMRM-NEG.d,,Find by MRM,,
172,DGJZT_CGC_33_1,,,579.2,,,,,100,,,,6.295,,,1906,0.234,13888,,,,,Acq,,,,,,,,,,,,,,,30,,0225-DGJZT-CGC-DMRM-NEG.d,,Find by MRM,,
173,DGJZT_CGC_33_2,,,579.2,,,,,100,,,,6.304,,,103,0.181,570,,,,,Acq,,,,,,,,,,,,,,,30,,0225-DGJZT-CGC-DMRM-NEG.d,,Find by MRM,,
174,DGJZT_GZ_15_1,,,559.2,,,,,100,,,,6.305,,,8,0.15,24,,,,,Acq,,,,,,,,,,,,,,,30,,0225-DGJZT-CGC-DMRM-NEG.d,,Find by MRM,,
175,DGJZT_DZ_33_2,,,609.1,,,,,100,,,,6.512,,,8,0.092,17,,,,,Acq,,,,,,,,,,,,,,,30,,0225-DGJZT-CGC-DMRM-NEG.d,,Find by MRM,,
176,DGJZT_CGC_31_1,,,549.2,,,,,100,,,,6.405,,,155917,0.357,1573084,,,,,Acq,,,,,,,,,,,,,,,30,,0225-DGJZT-CGC-DMRM-NEG.d,,Find by MRM,,
177,DGJZT_CGC_31_2,,,549.2,,,,,100,,,,6.398,,,13079,0.366,133541,,,,,Acq,,,,,,,,,,,,,,,30,,0225-DGJZT-CGC-DMRM-NEG.d,,Find by MRM,,
178,DGJZT_CGC_31_3,,,549.2,,,,,100,,,,6.406,,,2840,0.349,28874,,,,,Acq,,,,,,,,,,,,,,,30,,0225-DGJZT-CGC-DMRM-NEG.d,,Find by MRM,,
179,DGJZT_CGC_40_2,,,1099.3,,,,,100,,,,6.392,,,30779,0.352,214050,,,,,Acq,,,,,,,,,,,,,,,30,,0225-DGJZT-CGC-DMRM-NEG.d,,Find by MRM,,
180,DGJZT_CGC_36_1,,,549.2,,,,,100,,,,6.404,,,146768,0.38,1391904,,,,,Acq,,,,,,,,,,,,,,,30,,0225-DGJZT-CGC-DMRM-NEG.d,,Find by MRM,,
181,DGJZT_CGC_36_2,,,549.2,,,,,100,,,,6.397,,,12517,0.347,115533,,,,,Acq,,,,,,,,,,,,,,,30,,0225-DGJZT-CGC-DMRM-NEG.d,,Find by MRM,,
182,DGJZT_CGC_36_3,,,549.2,,,,,100,,,,6.389,,,2552,0.407,24367,,,,,Acq,,,,,,,,,,,,,,,30,,0225-DGJZT-CGC-DMRM-NEG.d,,Find by MRM,,
183,DGJZT_CGC_43_3,,,707.2,,,,,100,,,,6.502,,,3991,0.31,33977,,,,,Acq,,,,,,,,,,,,,,,30,,0225-DGJZT-CGC-DMRM-NEG.d,,Find by MRM,,
184,DGJZT_CGC_43_1,,,707.2,,,,,100,,,,6.611,,,453,0.194,3319,,,,,Acq,,,,,,,,,,,,,,,30,,0225-DGJZT-CGC-DMRM-NEG.d,,Find by MRM,,
185,DGJZT_BS_105_1,,,441.1,,,,,100,,,,6.615,,,7,0.099,13,,,,,Acq,,,,,,,,,,,,,,,30,,0225-DGJZT-CGC-DMRM-NEG.d,,Find by MRM,,
186,DGJZT_CGC_43_2,,,707.2,,,,,100,,,,6.594,,,521,0.293,4260,,,,,Acq,,,,,,,,,,,,,,,30,,0225-DGJZT-CGC-DMRM-NEG.d,,Find by MRM,,
187,DGJZT_CGC_47_2,,,417.1,,,,,100,,,,6.599,,,36600,0.518,409312,,,,,Acq,,,,,,,,,,,,,,,30,,0225-DGJZT-CGC-DMRM-NEG.d,,Find by MRM,,
188,DGJZT_CGC_47_3,,,417.1,,,,,100,,,,6.59,,,115540,0.474,1216169,,,,,Acq,,,,,,,,,,,,,,,30,,0225-DGJZT-CGC-DMRM-NEG.d,,Find by MRM,,
189,DGJZT_CGC_47_1,,,417.1,,,,,100,,,,6.591,,,98886,0.481,1040468,,,,,Acq,,,,,,,,,,,,,,,30,,0225-DGJZT-CGC-DMRM-NEG.d,,Find by MRM,,
190,DGJZT_BS_106_2,,,301,,,,,100,,,,6.65,,,15,0.1,34,,,,,Acq,,,,,,,,,,,,,,,30,,0225-DGJZT-CGC-DMRM-NEG.d,,Find by MRM,,
191,DGJZT_CGC_54_1,,,565.2,,,,,100,,,,6.705,,,201,0.218,1415,,,,,Acq,,,,,,,,,,,,,,,30,,0225-DGJZT-CGC-DMRM-NEG.d,,Find by MRM,,
192,DGJZT_GZ_16_1,,,475.2,,,,,100,,,,6.908,,,0,0.101,3,,,,,Acq,,,,,,,,,,,,,,,30,,0225-DGJZT-CGC-DMRM-NEG.d,,Find by MRM,,
193,DGJZT_BS_107_2,,,309.1,,,,,100,,,,6.641,,,4,0.107,9,,,,,Acq,,,,,,,,,,,,,,,30,,0225-DGJZT-CGC-DMRM-NEG.d,,Find by MRM,,
194,DGJZT_BS_107_1,,,309.1,,,,,100,,,,6.567,,,0,0.175,1,,,,,Acq,,,,,,,,,,,,,,,30,,0225-DGJZT-CGC-DMRM-NEG.d,,Find by MRM,,
195,DGJZT_BS_106_3,,,301,,,,,100,,,,6.926,,,10,0.175,68,,,,,Acq,,,,,,,,,,,,,,,30,,0225-DGJZT-CGC-DMRM-NEG.d,,Find by MRM,,
196,DGJZT_BS_106_1,,,301,,,,,100,,,,6.668,,,6,0.067,13,,,,,Acq,,,,,,,,,,,,,,,30,,0225-DGJZT-CGC-DMRM-NEG.d,,Find by MRM,,
197,DGJZT_BS_108_2,,,631.2,,,,,100,,,,6.679,,,0,0.084,0,,,,,Acq,,,,,,,,,,,,,,,30,,0225-DGJZT-CGC-DMRM-NEG.d,,Find by MRM,,
198,DGJZT_SJ_5_3,,,475.2,,,,,100,,,,6.891,,,2,0.107,4,,,,,Acq,,,,,,,,,,,,,,,30,,0225-DGJZT-CGC-DMRM-NEG.d,,Find by MRM,,
199,DGJZT_BS_108_3,,,631.2,,,,,100,,,,6.764,,,23,0.143,126,,,,,Acq,,,,,,,,,,,,,,,30,,0225-DGJZT-CGC-DMRM-NEG.d,,Find by MRM,,
200,DGJZT_BS_108_1,,,631.2,,,,,100,,,,6.881,,,11,0.093,30,,,,,Acq,,,,,,,,,,,,,,,30,,0225-DGJZT-CGC-DMRM-NEG.d,,Find by MRM,,
201,DGJZT_DG_65_1,,,193,,,,,100,,,,6.819,,,9,0.084,31,,,,,Acq,,,,,,,,,,,,,,,30,,0225-DGJZT-CGC-DMRM-NEG.d,,Find by MRM,,
202,DGJZT_DG_64_1,,,178,,,,,100,,,,6.87,,,11,0.126,34,,,,,Acq,,,,,,,,,,,,,,,30,,0225-DGJZT-CGC-DMRM-NEG.d,,Find by MRM,,
203,DGJZT_DG_64_2,,,178,,,,,100,,,,6.812,,,10,0.075,23,,,,,Acq,,,,,,,,,,,,,,,30,,0225-DGJZT-CGC-DMRM-NEG.d,,Find by MRM,,
204,DGJZT_DG_65_3,,,193,,,,,100,,,,6.836,,,5,0.075,14,,,,,Acq,,,,,,,,,,,,,,,30,,0225-DGJZT-CGC-DMRM-NEG.d,,Find by MRM,,
205,DGJZT_BS_118_1,,,939.1,,,,,100,,,,6.929,,,20,0.134,63,,,,,Acq,,,,,,,,,,,,,,,30,,0225-DGJZT-CGC-DMRM-NEG.d,,Find by MRM,,
206,DGJZT_BS_118_2,,,939.1,,,,,100,,,,7.047,,,5,0.14,13,,,,,Acq,,,,,,,,,,,,,,,30,,0225-DGJZT-CGC-DMRM-NEG.d,,Find by MRM,,
207,DGJZT_BS_115_1,,,769.1,,,,,100,,,,7.039,,,4,0.075,8,,,,,Acq,,,,,,,,,,,,,,,30,,0225-DGJZT-CGC-DMRM-NEG.d,,Find by MRM,,
208,DGJZT_BS_118_3,,,939.1,,,,,100,,,,7.013,,,8,0.201,40,,,,,Acq,,,,,,,,,,,,,,,30,,0225-DGJZT-CGC-DMRM-NEG.d,,Find by MRM,,
209,DGJZT_BS_120_2,,,509.2,,,,,100,,,,7.067,,,3,0.125,6,,,,,Acq,,,,,,,,,,,,,,,30,,0225-DGJZT-CGC-DMRM-NEG.d,,Find by MRM,,
210,DGJZT_DZ_34_2,,,204.1,,,,,100,,,,7.103,,,3,0.101,6,,,,,Acq,,,,,,,,,,,,,,,30,,0225-DGJZT-CGC-DMRM-NEG.d,,Find by MRM,,
211,DGJZT_DZ_36_2,,,637.3,,,,,100,,,,7.215,,,6,0.099,15,,,,,Acq,,,,,,,,,,,,,,,30,,0225-DGJZT-CGC-DMRM-NEG.d,,Find by MRM,,
212,DGJZT_DZ_36_1,,,637.3,,,,,100,,,,7.357,,,2,0.15,5,,,,,Acq,,,,,,,,,,,,,,,30,,0225-DGJZT-CGC-DMRM-NEG.d,,Find by MRM,,
213,DGJZT_DZ_34_1,,,204.1,,,,,100,,,,7.213,,,3,0.159,8,,,,,Acq,,,,,,,,,,,,,,,30,,0225-DGJZT-CGC-DMRM-NEG.d,,Find by MRM,,
214,DGJZT_DZ_34_3,,,204.1,,,,,100,,,,7.061,,,2,0.11,5,,,,,Acq,,,,,,,,,,,,,,,30,,0225-DGJZT-CGC-DMRM-NEG.d,,Find by MRM,,
215,DGJZT_DZ_36_3,,,637.3,,,,,100,,,,7.174,,,8,0.15,34,,,,,Acq,,,,,,,,,,,,,,,30,,0225-DGJZT-CGC-DMRM-NEG.d,,Find by MRM,,
216,DGJZT_SJ_6_2,,,375.1,,,,,100,,,,7.286,,,3,0.092,5,,,,,Acq,,,,,,,,,,,,,,,30,,0225-DGJZT-CGC-DMRM-NEG.d,,Find by MRM,,
217,DGJZT_SJ_6_1,,,375.1,,,,,100,,,,7.203,,,3,0.162,10,,,,,Acq,,,,,,,,,,,,,,,30,,0225-DGJZT-CGC-DMRM-NEG.d,,Find by MRM,,
218,DGJZT_DG_66_1,,,209.1,,,,,100,,,,7.49,,,2,0.042,4,,,,,Acq,,,,,,,,,,,,,,,30,,0225-DGJZT-CGC-DMRM-NEG.d,,Find by MRM,,
219,DGJZT_DG_66_3,,,209.1,,,,,100,,,,7.153,,,3,0.176,10,,,,,Acq,,,,,,,,,,,,,,,30,,0225-DGJZT-CGC-DMRM-NEG.d,,Find by MRM,,
220,DGJZT_GZ_18_3,,,557.2,,,,,100,,,,7.158,,,2,0.141,5,,,,,Acq,,,,,,,,,,,,,,,30,,0225-DGJZT-CGC-DMRM-NEG.d,,Find by MRM,,
221,DGJZT_GZ_18_2,,,557.2,,,,,100,,,,7.529,,,6,0.092,20,,,,,Acq,,,,,,,,,,,,,,,30,,0225-DGJZT-CGC-DMRM-NEG.d,,Find by MRM,,
222,DGJZT_GZ_18_1,,,557.2,,,,,100,,,,7.319,,,1,0.083,2,,,,,Acq,,,,,,,,,,,,,,,30,,0225-DGJZT-CGC-DMRM-NEG.d,,Find by MRM,,
223,DGJZT_BS_123_1,,,507.2,,,,,100,,,,7.695,,,1,0.132,4,,,,,Acq,,,,,,,,,,,,,,,30,,0225-DGJZT-CGC-DMRM-NEG.d,,Find by MRM,,
224,DGJZT_BS_125_3,,,567.2,,,,,100,,,,7.771,,,5,0.09,12,,,,,Acq,,,,,,,,,,,,,,,30,,0225-DGJZT-CGC-DMRM-NEG.d,,Find by MRM,,
225,DGJZT_BS_125_1,,,567.2,,,,,100,,,,7.569,,,3,0.077,6,,,,,Acq,,,,,,,,,,,,,,,30,,0225-DGJZT-CGC-DMRM-NEG.d,,Find by MRM,,
226,DGJZT_BS_126_3,,,631.2,,,,,100,,,,7.458,,,0,0.113,1,,,,,Acq,,,,,,,,,,,,,,,30,,0225-DGJZT-CGC-DMRM-NEG.d,,Find by MRM,,
227,DGJZT_BS_126_2,,,631.2,,,,,100,,,,7.517,,,0,0.119,1,,,,,Acq,,,,,,,,,,,,,,,30,,0225-DGJZT-CGC-DMRM-NEG.d,,Find by MRM,,
228,DGJZT_BS_126_1,,,631.2,,,,,100,,,,7.65,,,10,0.261,61,,,,,Acq,,,,,,,,,,,,,,,30,,0225-DGJZT-CGC-DMRM-NEG.d,,Find by MRM,,
229,DGJZT_GZ_19_1,,,421.2,,,,,100,,,,7.783,,,5,0.154,16,,,,,Acq,,,,,,,,,,,,,,,30,,0225-DGJZT-CGC-DMRM-NEG.d,,Find by MRM,,
230,DGJZT_CGC_65_1,,,635.2,,,,,100,,,,7.666,,,3638,0.378,33224,,,,,Acq,,,,,,,,,,,,,,,30,,0225-DGJZT-CGC-DMRM-NEG.d,,Find by MRM,,
231,DGJZT_CGC_64_1,,,591.2,,,,,100,,,,7.669,,,879,0.236,6107,,,,,Acq,,,,,,,,,,,,,,,30,,0225-DGJZT-CGC-DMRM-NEG.d,,Find by MRM,,
232,DGJZT_CGC_64_2,,,591.2,,,,,100,,,,7.661,,,73,0.272,562,,,,,Acq,,,,,,,,,,,,,,,30,,0225-DGJZT-CGC-DMRM-NEG.d,,Find by MRM,,
233,DGJZT_BS_127_1,,,345.2,,,,,100,,,,7.699,,,1,0.092,3,,,,,Acq,,,,,,,,,,,,,,,30,,0225-DGJZT-CGC-DMRM-NEG.d,,Find by MRM,,
234,DGJZT_BS_128_2,,,503.2,,,,,100,,,,7.872,,,3,0.084,8,,,,,Acq,,,,,,,,,,,,,,,30,,0225-DGJZT-CGC-DMRM-NEG.d,,Find by MRM,,
235,DGJZT_BS_128_1,,,503.2,,,,,100,,,,7.907,,,7,0.068,16,,,,,Acq,,,,,,,,,,,,,,,30,,0225-DGJZT-CGC-DMRM-NEG.d,,Find by MRM,,
236,DGJZT_CGC_66_1,,,431.1,,,,,100,,,,7.832,,,834,0.207,6275,,,,,Acq,,,,,,,,,,,,,,,30,,0225-DGJZT-CGC-DMRM-NEG.d,,Find by MRM,,
237,DGJZT_CGC_67_1,,,459.1,,,,,100,,,,7.932,,,3384,0.419,30631,,,,,Acq,,,,,,,,,,,,,,,30,,0225-DGJZT-CGC-DMRM-NEG.d,,Find by MRM,,
238,DGJZT_CGC_67_2,,,459.1,,,,,100,,,,7.933,,,1024,0.465,9792,,,,,Acq,,,,,,,,,,,,,,,30,,0225-DGJZT-CGC-DMRM-NEG.d,,Find by MRM,,
239,DGJZT_DZ_37_3,,,671.3,,,,,100,,,,7.901,,,4,0.159,12,,,,,Acq,,,,,,,,,,,,,,,30,,0225-DGJZT-CGC-DMRM-NEG.d,,Find by MRM,,
240,DGJZT_DZ_37_2,,,671.3,,,,,100,,,,7.952,,,7,0.067,14,,,,,Acq,,,,,,,,,,,,,,,30,,0225-DGJZT-CGC-DMRM-NEG.d,,Find by MRM,,
241,DGJZT_DZ_37_1,,,671.3,,,,,100,,,,8.203,,,2,0.065,4,,,,,Acq,,,,,,,,,,,,,,,30,,0225-DGJZT-CGC-DMRM-NEG.d,,Find by MRM,,
242,DGJZT_BS_130_1,,,645.2,,,,,100,,,,7.969,,,0,0.092,0,,,,,Acq,,,,,,,,,,,,,,,30,,0225-DGJZT-CGC-DMRM-NEG.d,,Find by MRM,,
243,DGJZT_CGC_69_1,,,433.1,,,,,100,,,,8.008,,,8423,0.46,80588,,,,,Acq,,,,,,,,,,,,,,,30,,0225-DGJZT-CGC-DMRM-NEG.d,,Find by MRM,,
244,DGJZT_DG_68_2,,,515.1,,,,,100,,,,8.088,,,6,0.109,16,,,,,Acq,,,,,,,,,,,,,,,30,,0225-DGJZT-CGC-DMRM-NEG.d,,Find by MRM,,
245,DGJZT_DG_68_1,,,515.1,,,,,100,,,,7.922,,,7,0.175,29,,,,,Acq,,,,,,,,,,,,,,,30,,0225-DGJZT-CGC-DMRM-NEG.d,,Find by MRM,,
246,DGJZT_DG_68_3,,,515.1,,,,,100,,,,8.216,,,2,0.067,4,,,,,Acq,,,,,,,,,,,,,,,30,,0225-DGJZT-CGC-DMRM-NEG.d,,Find by MRM,,
247,DGJZT_BS_132_1,,,525.2,,,,,100,,,,8.096,,,21,0.193,131,,,,,Acq,,,,,,,,,,,,,,,30,,0225-DGJZT-CGC-DMRM-NEG.d,,Find by MRM,,
248,DGJZT_BS_132_3,,,525.2,,,,,100,,,,8.104,,,21,0.284,183,,,,,Acq,,,,,,,,,,,,,,,30,,0225-DGJZT-CGC-DMRM-NEG.d,,Find by MRM,,
249,DGJZT_BS_134_1,,,509.2,,,,,100,,,,8.182,,,3,0.11,9,,,,,Acq,,,,,,,,,,,,,,,30,,0225-DGJZT-CGC-DMRM-NEG.d,,Find by MRM,,
250,DGJZT_CGC_71_1,,,301.1,,,,,100,,,,8.185,,,2409,0.46,23384,,,,,Acq,,,,,,,,,,,,,,,30,,0225-DGJZT-CGC-DMRM-NEG.d,,Find by MRM,,
251,DGJZT_CGC_76_1,,,561.2,,,,,100,,,,8.531,,,4286,0.404,36939,,,,,Acq,,,,,,,,,,,,,,,30,,0225-DGJZT-CGC-DMRM-NEG.d,,Find by MRM,,
252,DGJZT_CGC_76_2,,,561.2,,,,,100,,,,8.54,,,200,0.362,1721,,,,,Acq,,,,,,,,,,,,,,,30,,0225-DGJZT-CGC-DMRM-NEG.d,,Find by MRM,,
253,DGJZT_GZ_20_2,,,361.2,,,,,100,,,,8.601,,,4,0.199,20,,,,,Acq,,,,,,,,,,,,,,,30,,0225-DGJZT-CGC-DMRM-NEG.d,,Find by MRM,,
254,DGJZT_CGC_80_1,,,549.2,,,,,100,,,,8.607,,,37994,0.305,269109,,,,,Acq,,,,,,,,,,,,,,,30,,0225-DGJZT-CGC-DMRM-NEG.d,,Find by MRM,,
255,DGJZT_CGC_80_2,,,549.2,,,,,100,,,,8.608,,,4902,0.347,41920,,,,,Acq,,,,,,,,,,,,,,,30,,0225-DGJZT-CGC-DMRM-NEG.d,,Find by MRM,,
256,DGJZT_GZ_20_1,,,361.2,,,,,100,,,,8.536,,,3,0.093,9,,,,,Acq,,,,,,,,,,,,,,,30,,0225-DGJZT-CGC-DMRM-NEG.d,,Find by MRM,,
257,DGJZT_CGC_83_1,,,591.2,,,,,100,,,,8.672,,,3218,0.425,28258,,,,,Acq,,,,,,,,,,,,,,,30,,0225-DGJZT-CGC-DMRM-NEG.d,,Find by MRM,,
258,DGJZT_CGC_83_2,,,591.2,,,,,100,,,,8.681,,,240,0.437,2264,,,,,Acq,,,,,,,,,,,,,,,30,,0225-DGJZT-CGC-DMRM-NEG.d,,Find by MRM,,
259,DGJZT_BS_137_1,,,507.1,,,,,100,,,,8.759,,,3,0.117,8,,,,,Acq,,,,,,,,,,,,,,,30,,0225-DGJZT-CGC-DMRM-NEG.d,,Find by MRM,,
260,DGJZT_BS_138_3,,,783.2,,,,,100,,,,8.88,,,1,0.117,3,,,,,Acq,,,,,,,,,,,,,,,30,,0225-DGJZT-CGC-DMRM-NEG.d,,Find by MRM,,
261,DGJZT_BS_138_1,,,783.2,,,,,100,,,,8.646,,,2,0.1,4,,,,,Acq,,,,,,,,,,,,,,,30,,0225-DGJZT-CGC-DMRM-NEG.d,,Find by MRM,,
262,DGJZT_BS_139_1,,,631.2,,,,,100,,,,8.538,,,1,0.109,2,,,,,Acq,,,,,,,,,,,,,,,30,,0225-DGJZT-CGC-DMRM-NEG.d,,Find by MRM,,
263,DGJZT_BS_140_1,,,505.2,,,,,100,,,,8.785,,,6,0.109,15,,,,,Acq,,,,,,,,,,,,,,,30,,0225-DGJZT-CGC-DMRM-NEG.d,,Find by MRM,,
264,DGJZT_CGC_88_1,,,549.2,,,,,100,,,,8.858,,,7318,0.376,67433,,,,,Acq,,,,,,,,,,,,,,,30,,0225-DGJZT-CGC-DMRM-NEG.d,,Find by MRM,,
265,DGJZT_CGC_88_2,,,549.2,,,,,100,,,,9.142,,,23,0.059,70,,,,,Acq,,,,,,,,,,,,,,,30,,0225-DGJZT-CGC-DMRM-NEG.d,,Find by MRM,,
266,DGJZT_CGC_90_1,,,459.1,,,,,100,,,,8.936,,,2174,0.344,18119,,,,,Acq,,,,,,,,,,,,,,,30,,0225-DGJZT-CGC-DMRM-NEG.d,,Find by MRM,,
267,DGJZT_CGC_93_1,,,697.2,,,,,100,,,,8.998,,,273,0.376,2832,,,,,Acq,,,,,,,,,,,,,,,30,,0225-DGJZT-CGC-DMRM-NEG.d,,Find by MRM,,
268,DGJZT_CGC_94_2,,,475.1,,,,,100,,,,8.977,,,14759,0.436,137448,,,,,Acq,,,,,,,,,,,,,,,30,,0225-DGJZT-CGC-DMRM-NEG.d,,Find by MRM,,
269,DGJZT_CGC_94_1,,,475.1,,,,,100,,,,8.978,,,2061,0.483,19243,,,,,Acq,,,,,,,,,,,,,,,30,,0225-DGJZT-CGC-DMRM-NEG.d,,Find by MRM,,
270,DGJZT_CGC_96_1,,,669.2,,,,,100,,,,8.991,,,774,0.431,7878,,,,,Acq,,,,,,,,,,,,,,,30,,0225-DGJZT-CGC-DMRM-NEG.d,,Find by MRM,,
271,DGJZT_CGC_100_1,,,835.2,,,,,100,,,,9.072,,,1621,0.377,11201,,,,,Acq,,,,,,,,,,,,,,,30,,0225-DGJZT-CGC-DMRM-NEG.d,,Find by MRM,,
272,DGJZT_SJ_7_2,,,389.2,,,,,100,,,,9.045,,,5,0.165,17,,,,,Acq,,,,,,,,,,,,,,,30,,0225-DGJZT-CGC-DMRM-NEG.d,,Find by MRM,,
273,DGJZT_SJ_7_1,,,389.2,,,,,100,,,,8.963,,,4,0.067,9,,,,,Acq,,,,,,,,,,,,,,,30,,0225-DGJZT-CGC-DMRM-NEG.d,,Find by MRM,,
274,DGJZT_CGC_99_1,,,417.1,,,,,100,,,,9.069,,,19973,0.437,190609,,,,,Acq,,,,,,,,,,,,,,,30,,0225-DGJZT-CGC-DMRM-NEG.d,,Find by MRM,,
275,DGJZT_BS_143_1,,,615.2,,,,,100,,,,9.024,,,3,0.098,8,,,,,Acq,,,,,,,,,,,,,,,30,,0225-DGJZT-CGC-DMRM-NEG.d,,Find by MRM,,
276,DGJZT_DG_70_2,,,237.1,,,,,100,,,,9.296,,,2,0.1,5,,,,,Acq,,,,,,,,,,,,,,,30,,0225-DGJZT-CGC-DMRM-NEG.d,,Find by MRM,,
277,DGJZT_DG_69_1,,,193.1,,,,,100,,,,9.214,,,15,0.204,73,,,,,Acq,,,,,,,,,,,,,,,30,,0225-DGJZT-CGC-DMRM-NEG.d,,Find by MRM,,
278,DGJZT_DG_70_3,,,237.1,,,,,100,,,,9.296,,,3,0.159,15,,,,,Acq,,,,,,,,,,,,,,,30,,0225-DGJZT-CGC-DMRM-NEG.d,,Find by MRM,,
279,DGJZT_DG_69_2,,,193.1,,,,,100,,,,9.18,,,6,0.136,14,,,,,Acq,,,,,,,,,,,,,,,30,,0225-DGJZT-CGC-DMRM-NEG.d,,Find by MRM,,
280,DGJZT_DG_70_1,,,237.1,,,,,100,,,,9.271,,,6,0.318,58,,,,,Acq,,,,,,,,,,,,,,,30,,0225-DGJZT-CGC-DMRM-NEG.d,,Find by MRM,,
281,DGJZT_DG_69_3,,,193.1,,,,,100,,,,9.322,,,2,0.101,5,,,,,Acq,,,,,,,,,,,,,,,30,,0225-DGJZT-CGC-DMRM-NEG.d,,Find by MRM,,
282,DGJZT_CGC_106_1,,,695.2,,,,,100,,,,9.383,,,3162,0.44,28739,,,,,Acq,,,,,,,,,,,,,,,30,,0225-DGJZT-CGC-DMRM-NEG.d,,Find by MRM,,
283,DGJZT_CGC_106_2,,,695.2,,,,,100,,,,9.391,,,137,0.392,1384,,,,,Acq,,,,,,,,,,,,,,,30,,0225-DGJZT-CGC-DMRM-NEG.d,,Find by MRM,,
284,DGJZT_BS_144_2,,,493.2,,,,,100,,,,9.493,,,3,0.059,6,,,,,Acq,,,,,,,,,,,,,,,30,,0225-DGJZT-CGC-DMRM-NEG.d,,Find by MRM,,
285,DGJZT_CGC_108_1,,,725.2,,,,,100,,,,9.424,,,2609,0.382,24102,,,,,Acq,,,,,,,,,,,,,,,30,,0225-DGJZT-CGC-DMRM-NEG.d,,Find by MRM,,
286,DGJZT_BS_144_1,,,493.2,,,,,100,,,,9.737,,,12,0.059,10,,,,,Acq,,,,,,,,,,,,,,,30,,0225-DGJZT-CGC-DMRM-NEG.d,,Find by MRM,,
287,DGJZT_BS_147_3,,,491.2,,,,,100,,,,9.605,,,1,0.158,5,,,,,Acq,,,,,,,,,,,,,,,30,,0225-DGJZT-CGC-DMRM-NEG.d,,Find by MRM,,
288,DGJZT_BS_147_1,,,491.2,,,,,100,,,,9.386,,,4,0.141,11,,,,,Acq,,,,,,,,,,,,,,,30,,0225-DGJZT-CGC-DMRM-NEG.d,,Find by MRM,,
289,DGJZT_DG_72_2,,,251.1,,,,,100,,,,9.649,,,3,0.168,11,,,,,Acq,,,,,,,,,,,,,,,30,,0225-DGJZT-CGC-DMRM-NEG.d,,Find by MRM,,
290,DGJZT_DG_72_1,,,251.1,,,,,100,,,,9.725,,,11,0.092,25,,,,,Acq,,,,,,,,,,,,,,,30,,0225-DGJZT-CGC-DMRM-NEG.d,,Find by MRM,,
291,DGJZT_DG_72_3,,,251.1,,,,,100,,,,9.395,,,3,0.083,5,,,,,Acq,,,,,,,,,,,,,,,30,,0225-DGJZT-CGC-DMRM-NEG.d,,Find by MRM,,
292,DGJZT_BS_147_2,,,491.2,,,,,100,,,,9.839,,,10,0.139,35,,,,,Acq,,,,,,,,,,,,,,,30,,0225-DGJZT-CGC-DMRM-NEG.d,,Find by MRM,,
293,DGJZT_BS_149_2,,,507.2,,,,,100,,,,9.668,,,5,0.215,18,,,,,Acq,,,,,,,,,,,,,,,30,,0225-DGJZT-CGC-DMRM-NEG.d,,Find by MRM,,
294,DGJZT_BS_149_1,,,507.2,,,,,100,,,,9.846,,,5,0.102,11,,,,,Acq,,,,,,,,,,,,,,,30,,0225-DGJZT-CGC-DMRM-NEG.d,,Find by MRM,,
295,DGJZT_CGC_113_2,,,591.2,,,,,100,,,,9.792,,,482,0.268,3974,,,,,Acq,,,,,,,,,,,,,,,30,,0225-DGJZT-CGC-DMRM-NEG.d,,Find by MRM,,
296,DGJZT_BS_150_3,,,493.2,,,,,100,,,,9.786,,,43,0.184,216,,,,,Acq,,,,,,,,,,,,,,,30,,0225-DGJZT-CGC-DMRM-NEG.d,,Find by MRM,,
297,DGJZT_BS_150_1,,,493.2,,,,,100,,,,9.795,,,44,0.176,219,,,,,Acq,,,,,,,,,,,,,,,30,,0225-DGJZT-CGC-DMRM-NEG.d,,Find by MRM,,
298,DGJZT_GZ_24_1,,,263.1,,,,,100,,,,9.833,,,4,0.177,9,,,,,Acq,,,,,,,,,,,,,,,30,,0225-DGJZT-CGC-DMRM-NEG.d,,Find by MRM,,
299,DGJZT_BS_154_2,,,491.2,,,,,100,,,,9.687,,,4,0.079,8,,,,,Acq,,,,,,,,,,,,,,,30,,0225-DGJZT-CGC-DMRM-NEG.d,,Find by MRM,,
300,DGJZT_BS_153_1,,,445.2,,,,,100,,,,9.772,,,3,0.101,6,,,,,Acq,,,,,,,,,,,,,,,30,,0225-DGJZT-CGC-DMRM-NEG.d,,Find by MRM,,
301,DGJZT_GZ_24_2,,,263.1,,,,,100,,,,9.85,,,12,0.23,49,,,,,Acq,,,,,,,,,,,,,,,30,,0225-DGJZT-CGC-DMRM-NEG.d,,Find by MRM,,
302,DGJZT_BS_155_2,,,507.2,,,,,100,,,,10.064,,,7,0.118,16,,,,,Acq,,,,,,,,,,,,,,,30,,0225-DGJZT-CGC-DMRM-NEG.d,,Find by MRM,,
303,DGJZT_BS_154_3,,,491.2,,,,,100,,,,10.15,,,12,0.118,32,,,,,Acq,,,,,,,,,,,,,,,30,,0225-DGJZT-CGC-DMRM-NEG.d,,Find by MRM,,
304,DGJZT_BS_154_1,,,491.2,,,,,100,,,,9.797,,,3,0.102,7,,,,,Acq,,,,,,,,,,,,,,,30,,0225-DGJZT-CGC-DMRM-NEG.d,,Find by MRM,,
305,DGJZT_BS_153_2,,,445.2,,,,,100,,,,9.756,,,3,0.084,6,,,,,Acq,,,,,,,,,,,,,,,30,,0225-DGJZT-CGC-DMRM-NEG.d,,Find by MRM,,
306,DGJZT_BS_156_1,,,569.2,,,,,100,,,,10.097,,,6,0.151,28,,,,,Acq,,,,,,,,,,,,,,,30,,0225-DGJZT-CGC-DMRM-NEG.d,,Find by MRM,,
307,DGJZT_BS_156_2,,,569.2,,,,,100,,,,10.157,,,5,0.103,10,,,,,Acq,,,,,,,,,,,,,,,30,,0225-DGJZT-CGC-DMRM-NEG.d,,Find by MRM,,
308,DGJZT_BS_150_2,,,493.2,,,,,100,,,,9.795,,,26,0.195,146,,,,,Acq,,,,,,,,,,,,,,,30,,0225-DGJZT-CGC-DMRM-NEG.d,,Find by MRM,,
309,DGJZT_DG_73_2,,,429.1,,,,,100,,,,10.143,,,4,0.101,7,,,,,Acq,,,,,,,,,,,,,,,30,,0225-DGJZT-CGC-DMRM-NEG.d,,Find by MRM,,
310,DGJZT_BS_155_3,,,507.2,,,,,100,,,,10.149,,,0,0.312,7,,,,,Acq,,,,,,,,,,,,,,,30,,0225-DGJZT-CGC-DMRM-NEG.d,,Find by MRM,,
311,DGJZT_CGC_129_1,,,999.4,,,,,100,,,,10.061,,,321,0.218,1911,,,,,Acq,,,,,,,,,,,,,,,30,,0225-DGJZT-CGC-DMRM-NEG.d,,Find by MRM,,
312,DGJZT_GZ_25_1,,,593.1,,,,,100,,,,10.079,,,5,0.102,11,,,,,Acq,,,,,,,,,,,,,,,30,,0225-DGJZT-CGC-DMRM-NEG.d,,Find by MRM,,
313,DGJZT_BS_157_1,,,567.2,,,,,100,,,,10.089,,,3,0.208,9,,,,,Acq,,,,,,,,,,,,,,,30,,0225-DGJZT-CGC-DMRM-NEG.d,,Find by MRM,,
314,DGJZT_BS_152_1,,,521.3,,,,,100,,,,10.08,,,0,0.119,1,,,,,Acq,,,,,,,,,,,,,,,30,,0225-DGJZT-CGC-DMRM-NEG.d,,Find by MRM,,
315,DGJZT_CGC_132_1,,,837.4,,,,,100,,,,10.12,,,1129,0.347,9097,,,,,Acq,,,,,,,,,,,,,,,30,,0225-DGJZT-CGC-DMRM-NEG.d,,Find by MRM,,
316,DGJZT_CGC_125_1,,,692.2,,,,,100,,,,10.13,,,869,0.37,7200,,,,,Acq,,,,,,,,,,,,,,,30,,0225-DGJZT-CGC-DMRM-NEG.d,,Find by MRM,,
317,DGJZT_CGC_122_1,,,459.1,,,,,100,,,,10.143,,,264,0.384,2250,,,,,Acq,,,,,,,,,,,,,,,30,,0225-DGJZT-CGC-DMRM-NEG.d,,Find by MRM,,
318,DGJZT_GZ_26_3,,,421.1,,,,,100,,,,10.413,,,0,0.412,4,,,,,Acq,,,,,,,,,,,,,,,30,,0225-DGJZT-CGC-DMRM-NEG.d,,Find by MRM,,
319,DGJZT_BS_160_1,,,507.2,,,,,100,,,,10.48,,,15,0.051,11,,,,,Acq,,,,,,,,,,,,,,,30,,0225-DGJZT-CGC-DMRM-NEG.d,,Find by MRM,,
320,DGJZT_CGC_148_1,,,835.4,,,,,100,,,,10.273,,,212,0.249,1287,,,,,Acq,,,,,,,,,,,,,,,30,,0225-DGJZT-CGC-DMRM-NEG.d,,Find by MRM,,
321,DGJZT_BS_160_3,,,507.2,,,,,100,,,,10.149,,,4,0.102,8,,,,,Acq,,,,,,,,,,,,,,,30,,0225-DGJZT-CGC-DMRM-NEG.d,,Find by MRM,,
322,DGJZT_BS_160_2,,,507.2,,,,,100,,,,10.504,,,6,0.051,8,,,,,Acq,,,,,,,,,,,,,,,30,,0225-DGJZT-CGC-DMRM-NEG.d,,Find by MRM,,
323,DGJZT_CGC_150_1,,,695.2,,,,,100,,,,10.358,,,801,0.339,5556,,,,,Acq,,,,,,,,,,,,,,,30,,0225-DGJZT-CGC-DMRM-NEG.d,,Find by MRM,,
324,DGJZT_CGC_152_1,,,953.5,,,,,100,,,,10.297,,,362,0.303,2387,,,,,Acq,,,,,,,,,,,,,,,30,,0225-DGJZT-CGC-DMRM-NEG.d,,Find by MRM,,
325,DGJZT_CGC_151_1,,,725.2,,,,,100,,,,10.341,,,718,0.428,5250,,,,,Acq,,,,,,,,,,,,,,,30,,0225-DGJZT-CGC-DMRM-NEG.d,,Find by MRM,,
326,DGJZT_CGC_156_1,,,895.4,,,,,100,,,,10.364,,,902,0.213,5642,,,,,Acq,,,,,,,,,,,,,,,30,,0225-DGJZT-CGC-DMRM-NEG.d,,Find by MRM,,
327,DGJZT_CGC_161_1,,,853.4,,,,,100,,,,10.423,,,1529,0.266,10948,,,,,Acq,,,,,,,,,,,,,,,30,,0225-DGJZT-CGC-DMRM-NEG.d,,Find by MRM,,
328,DGJZT_CGC_163_1,,,983.5,,,,,100,,,,10.43,,,1318,0.381,10380,,,,,Acq,,,,,,,,,,,,,,,30,,0225-DGJZT-CGC-DMRM-NEG.d,,Find by MRM,,
329,DGJZT_CGC_163_2,,,983.5,,,,,100,,,,10.422,,,1059,0.371,8645,,,,,Acq,,,,,,,,,,,,,,,30,,0225-DGJZT-CGC-DMRM-NEG.d,,Find by MRM,,
330,DGJZT_BS_159_1,,,597.2,,,,,100,,,,10.68,,,2,0.067,3,,,,,Acq,,,,,,,,,,,,,,,30,,0225-DGJZT-CGC-DMRM-NEG.d,,Find by MRM,,
331,DGJZT_CGC_175_1,,,669.2,,,,,100,,,,10.576,,,6316,0.319,44420,,,,,Acq,,,,,,,,,,,,,,,30,,0225-DGJZT-CGC-DMRM-NEG.d,,Find by MRM,,
332,DGJZT_BS_164_3,,,661.3,,,,,100,,,,10.661,,,3,0.133,10,,,,,Acq,,,,,,,,,,,,,,,30,,0225-DGJZT-CGC-DMRM-NEG.d,,Find by MRM,,
333,DGJZT_BS_164_1,,,661.3,,,,,100,,,,10.401,,,2,0.101,4,,,,,Acq,,,,,,,,,,,,,,,30,,0225-DGJZT-CGC-DMRM-NEG.d,,Find by MRM,,
334,DGJZT_BS_164_2,,,661.3,,,,,100,,,,10.653,,,2,0.091,5,,,,,Acq,,,,,,,,,,,,,,,30,,0225-DGJZT-CGC-DMRM-NEG.d,,Find by MRM,,
335,DGJZT_BS_162_3,,,629.2,,,,,100,,,,10.737,,,11,0.134,37,,,,,Acq,,,,,,,,,,,,,,,30,,0225-DGJZT-CGC-DMRM-NEG.d,,Find by MRM,,
336,DGJZT_BS_162_1,,,629.2,,,,,100,,,,10.696,,,53,0.325,425,,,,,Acq,,,,,,,,,,,,,,,30,,0225-DGJZT-CGC-DMRM-NEG.d,,Find by MRM,,
337,DGJZT_BS_167_3,,,629.2,,,,,100,,,,10.688,,,10,0.109,41,,,,,Acq,,,,,,,,,,,,,,,30,,0225-DGJZT-CGC-DMRM-NEG.d,,Find by MRM,,
338,DGJZT_BS_167_1,,,629.2,,,,,100,,,,10.688,,,57,0.228,299,,,,,Acq,,,,,,,,,,,,,,,30,,0225-DGJZT-CGC-DMRM-NEG.d,,Find by MRM,,
339,DGJZT_BS_166_1,,,553.2,,,,,100,,,,10.946,,,2,0.074,7,,,,,Acq,,,,,,,,,,,,,,,30,,0225-DGJZT-CGC-DMRM-NEG.d,,Find by MRM,,
340,DGJZT_CGC_190_1,,,879.4,,,,,100,,,,10.757,,,3910,0.316,25724,,,,,Acq,,,,,,,,,,,,,,,30,,0225-DGJZT-CGC-DMRM-NEG.d,,Find by MRM,,
341,DGJZT_CGC_190_3,,,879.4,,,,,100,,,,10.757,,,466,0.301,3268,,,,,Acq,,,,,,,,,,,,,,,30,,0225-DGJZT-CGC-DMRM-NEG.d,,Find by MRM,,
342,DGJZT_CGC_200_1,,,837.4,,,,,100,,,,10.825,,,5017,0.217,36371,,,,,Acq,,,,,,,,,,,,,,,30,,0225-DGJZT-CGC-DMRM-NEG.d,,Find by MRM,,
343,DGJZT_CGC_200_3,,,837.4,,,,,100,,,,10.826,,,651,0.372,6201,,,,,Acq,,,,,,,,,,,,,,,30,,0225-DGJZT-CGC-DMRM-NEG.d,,Find by MRM,,
344,DGJZT_CGC_200_2,,,837.4,,,,,100,,,,10.826,,,269,0.375,2619,,,,,Acq,,,,,,,,,,,,,,,30,,0225-DGJZT-CGC-DMRM-NEG.d,,Find by MRM,,
345,DGJZT_CGC_207_1,,,1027.5,,,,,100,,,,10.865,,,281,0.393,2322,,,,,Acq,,,,,,,,,,,,,,,30,,0225-DGJZT-CGC-DMRM-NEG.d,,Find by MRM,,
346,DGJZT_CGC_209_1,,,835.4,,,,,100,,,,10.91,,,986,0.253,6189,,,,,Acq,,,,,,,,,,,,,,,30,,0225-DGJZT-CGC-DMRM-NEG.d,,Find by MRM,,
347,DGJZT_CGC_218_1,,,865.4,,,,,100,,,,11.025,,,174,0.293,1434,,,,,Acq,,,,,,,,,,,,,,,30,,0225-DGJZT-CGC-DMRM-NEG.d,,Find by MRM,,
348,DGJZT_SJ_9_2,,,433.2,,,,,100,,,,10.848,,,5,0.108,15,,,,,Acq,,,,,,,,,,,,,,,30,,0225-DGJZT-CGC-DMRM-NEG.d,,Find by MRM,,
349,DGJZT_CGC_213_1,,,807.4,,,,,100,,,,10.953,,,229,0.268,1738,,,,,Acq,,,,,,,,,,,,,,,30,,0225-DGJZT-CGC-DMRM-NEG.d,,Find by MRM,,
350,DGJZT_CGC_217_1,,,297,,,,,100,,,,11.108,,,903,0.386,6366,,,,,Acq,,,,,,,,,,,,,,,30,,0225-DGJZT-CGC-DMRM-NEG.d,,Find by MRM,,
351,DGJZT_CGC_224_1,,,881.4,,,,,100,,,,11.134,,,816,0.242,3917,,,,,Acq,,,,,,,,,,,,,,,30,,0225-DGJZT-CGC-DMRM-NEG.d,,Find by MRM,,
352,DGJZT_DG_79_2,,,571.1,,,,,100,,,,11.005,,,0,0.192,4,,,,,Acq,,,,,,,,,,,,,,,30,,0225-DGJZT-CGC-DMRM-NEG.d,,Find by MRM,,
353,DGJZT_DG_77_2,,,355.1,,,,,100,,,,11.047,,,2,0.086,5,,,,,Acq,,,,,,,,,,,,,,,30,,0225-DGJZT-CGC-DMRM-NEG.d,,Find by MRM,,
354,DGJZT_DG_77_3,,,355.1,,,,,100,,,,10.948,,,3,0.108,12,,,,,Acq,,,,,,,,,,,,,,,30,,0225-DGJZT-CGC-DMRM-NEG.d,,Find by MRM,,
355,DGJZT_DG_77_1,,,355.1,,,,,100,,,,11.14,,,8,0.093,21,,,,,Acq,,,,,,,,,,,,,,,30,,0225-DGJZT-CGC-DMRM-NEG.d,,Find by MRM,,
356,DGJZT_CGC_229_1,,,837.4,,,,,100,,,,11.211,,,10870,0.215,75600,,,,,Acq,,,,,,,,,,,,,,,30,,0225-DGJZT-CGC-DMRM-NEG.d,,Find by MRM,,
357,DGJZT_CGC_229_3,,,837.4,,,,,100,,,,11.212,,,1307,0.21,7716,,,,,Acq,,,,,,,,,,,,,,,30,,0225-DGJZT-CGC-DMRM-NEG.d,,Find by MRM,,
358,DGJZT_DG_79_1,,,571.1,,,,,100,,,,11.121,,,8,0.176,29,,,,,Acq,,,,,,,,,,,,,,,30,,0225-DGJZT-CGC-DMRM-NEG.d,,Find by MRM,,
359,DGJZT_CGC_229_2,,,837.4,,,,,100,,,,11.212,,,509,0.387,4579,,,,,Acq,,,,,,,,,,,,,,,30,,0225-DGJZT-CGC-DMRM-NEG.d,,Find by MRM,,
360,DGJZT_CGC_238_1,,,819.4,,,,,100,,,,11.288,,,4071,0.403,32451,,,,,Acq,,,,,,,,,,,,,,,30,,0225-DGJZT-CGC-DMRM-NEG.d,,Find by MRM,,
361,DGJZT_CGC_238_3,,,819.4,,,,,100,,,,11.288,,,520,0.391,3943,,,,,Acq,,,,,,,,,,,,,,,30,,0225-DGJZT-CGC-DMRM-NEG.d,,Find by MRM,,
362,DGJZT_CGC_238_2,,,819.4,,,,,100,,,,11.263,,,187,0.244,1436,,,,,Acq,,,,,,,,,,,,,,,30,,0225-DGJZT-CGC-DMRM-NEG.d,,Find by MRM,,
363,DGJZT_GZ_28_2,,,311.1,,,,,100,,,,11.25,,,6,0.143,17,,,,,Acq,,,,,,,,,,,,,,,30,,0225-DGJZT-CGC-DMRM-NEG.d,,Find by MRM,,
364,DGJZT_GZ_28_1,,,311.1,,,,,100,,,,11.35,,,4,0.118,8,,,,,Acq,,,,,,,,,,,,,,,30,,0225-DGJZT-CGC-DMRM-NEG.d,,Find by MRM,,
365,DGJZT_CGC_240_1,,,967.5,,,,,100,,,,11.251,,,397,0.328,2941,,,,,Acq,,,,,,,,,,,,,,,30,,0225-DGJZT-CGC-DMRM-NEG.d,,Find by MRM,,
366,DGJZT_CGC_244_1,,,791.4,,,,,100,,,,11.373,,,194,0.306,1563,,,,,Acq,,,,,,,,,,,,,,,30,,0225-DGJZT-CGC-DMRM-NEG.d,,Find by MRM,,
367,DGJZT_BS_174_1,,,665.4,,,,,100,,,,11.399,,,6,0.123,13,,,,,Acq,,,,,,,,,,,,,,,30,,0225-DGJZT-CGC-DMRM-NEG.d,,Find by MRM,,
368,DGJZT_SJ_10_3,,,431.2,,,,,100,,,,11.24,,,0,0.092,1,,,,,Acq,,,,,,,,,,,,,,,30,,0225-DGJZT-CGC-DMRM-NEG.d,,Find by MRM,,
369,DGJZT_CGC_254_1,,,985.5,,,,,100,,,,11.368,,,1417,0.247,9441,,,,,Acq,,,,,,,,,,,,,,,30,,0225-DGJZT-CGC-DMRM-NEG.d,,Find by MRM,,
370,DGJZT_CGC_254_3,,,985.5,,,,,100,,,,11.377,,,160,0.267,932,,,,,Acq,,,,,,,,,,,,,,,30,,0225-DGJZT-CGC-DMRM-NEG.d,,Find by MRM,,
371,DGJZT_CGC_251_1,,,911.4,,,,,100,,,,11.394,,,1385,0.262,8657,,,,,Acq,,,,,,,,,,,,,,,30,,0225-DGJZT-CGC-DMRM-NEG.d,,Find by MRM,,
372,DGJZT_CGC_248_1,,,863.4,,,,,100,,,,11.395,,,864,0.26,5565,,,,,Acq,,,,,,,,,,,,,,,30,,0225-DGJZT-CGC-DMRM-NEG.d,,Find by MRM,,
373,DGJZT_CGC_250_1,,,837.4,,,,,100,,,,11.211,,,8809,0.179,51452,,,,,Acq,,,,,,,,,,,,,,,30,,0225-DGJZT-CGC-DMRM-NEG.d,,Find by MRM,,
374,DGJZT_CGC_250_3,,,837.4,,,,,100,,,,11.211,,,1081,0.171,6236,,,,,Acq,,,,,,,,,,,,,,,30,,0225-DGJZT-CGC-DMRM-NEG.d,,Find by MRM,,
375,DGJZT_SJ_10_1,,,431.2,,,,,100,,,,11.408,,,14,0.111,38,,,,,Acq,,,,,,,,,,,,,,,30,,0225-DGJZT-CGC-DMRM-NEG.d,,Find by MRM,,
376,DGJZT_SJ_10_2,,,431.2,,,,,100,,,,11.206,,,1,0.117,2,,,,,Acq,,,,,,,,,,,,,,,30,,0225-DGJZT-CGC-DMRM-NEG.d,,Find by MRM,,
377,DGJZT_CGC_250_2,,,837.4,,,,,100,,,,11.278,,,284,0.109,1051,,,,,Acq,,,,,,,,,,,,,,,30,,0225-DGJZT-CGC-DMRM-NEG.d,,Find by MRM,,
378,DGJZT_CGC_259_1,,,299.1,,,,,100,,,,11.552,,,112,0.197,897,,,,,Acq,,,,,,,,,,,,,,,30,,0225-DGJZT-CGC-DMRM-NEG.d,,Find by MRM,,
379,DGJZT_CGC_264_3,,,821.4,,,,,100,,,,11.557,,,1766,0.329,22442,,,,,Acq,,,,,,,,,,,,,,,30,,0225-DGJZT-CGC-DMRM-NEG.d,,Find by MRM,,
380,DGJZT_BS_175_1,,,735.2,,,,,100,,,,11.516,,,4,0.092,8,,,,,Acq,,,,,,,,,,,,,,,30,,0225-DGJZT-CGC-DMRM-NEG.d,,Find by MRM,,
381,DGJZT_CGC_264_1,,,821.4,,,,,100,,,,11.573,,,17012,0.375,246820,,,,,Acq,,,,,,,,,,,,,,,30,,0225-DGJZT-CGC-DMRM-NEG.d,,Find by MRM,,
382,DGJZT_CGC_285_1,,,969.5,,,,,100,,,,11.712,,,616,0.297,4934,,,,,Acq,,,,,,,,,,,,,,,30,,0225-DGJZT-CGC-DMRM-NEG.d,,Find by MRM,,
383,DGJZT_CGC_282_1,,,955.5,,,,,100,,,,11.721,,,570,0.244,3716,,,,,Acq,,,,,,,,,,,,,,,30,,0225-DGJZT-CGC-DMRM-NEG.d,,Find by MRM,,
384,DGJZT_CGC_289_2,,,807.4,,,,,100,,,,11.783,,,2552,0.348,19058,,,,,Acq,,,,,,,,,,,,,,,30,,0225-DGJZT-CGC-DMRM-NEG.d,,Find by MRM,,
385,DGJZT_DG_80_3,,,399.1,,,,,100,,,,11.7,,,5,0.151,21,,,,,Acq,,,,,,,,,,,,,,,30,,0225-DGJZT-CGC-DMRM-NEG.d,,Find by MRM,,
386,DGJZT_DG_80_2,,,399.1,,,,,100,,,,11.776,,,7,0.141,20,,,,,Acq,,,,,,,,,,,,,,,30,,0225-DGJZT-CGC-DMRM-NEG.d,,Find by MRM,,
387,DGJZT_CGC_278_1,,,255.1,,,,,100,,,,11.754,,,3779,0.306,25287,,,,,Acq,,,,,,,,,,,,,,,30,,0225-DGJZT-CGC-DMRM-NEG.d,,Find by MRM,,
388,DGJZT_CGC_289_3,,,807.4,,,,,100,,,,11.791,,,374,0.415,2796,,,,,Acq,,,,,,,,,,,,,,,30,,0225-DGJZT-CGC-DMRM-NEG.d,,Find by MRM,,
389,DGJZT_DG_80_1,,,399.1,,,,,100,,,,11.825,,,7,0.142,25,,,,,Acq,,,,,,,,,,,,,,,30,,0225-DGJZT-CGC-DMRM-NEG.d,,Find by MRM,,
390,DGJZT_CGC_293_1,,,821.4,,,,,100,,,,11.864,,,11585,0.342,130423,,,,,Acq,,,,,,,,,,,,,,,30,,0225-DGJZT-CGC-DMRM-NEG.d,,Find by MRM,,
391,DGJZT_CGC_293_3,,,821.4,,,,,100,,,,11.856,,,1345,0.331,14740,,,,,Acq,,,,,,,,,,,,,,,30,,0225-DGJZT-CGC-DMRM-NEG.d,,Find by MRM,,
392,DGJZT_CGC_293_2,,,821.4,,,,,100,,,,11.848,,,353,0.229,2259,,,,,Acq,,,,,,,,,,,,,,,30,,0225-DGJZT-CGC-DMRM-NEG.d,,Find by MRM,,
393,DGJZT_DG_81_2,,,357.1,,,,,100,,,,12.211,,,31,0.033,20,,,,,Acq,,,,,,,,,,,,,,,30,,0225-DGJZT-CGC-DMRM-NEG.d,,Find by MRM,,
394,DGJZT_CGC_291_1,,,267.1,,,,,100,,,,11.921,,,2739,0.409,21248,,,,,Acq,,,,,,,,,,,,,,,30,,0225-DGJZT-CGC-DMRM-NEG.d,,Find by MRM,,
395,DGJZT_CGC_291_2,,,267.1,,,,,100,,,,11.93,,,1866,0.393,15373,,,,,Acq,,,,,,,,,,,,,,,30,,0225-DGJZT-CGC-DMRM-NEG.d,,Find by MRM,,
396,DGJZT_CGC_291_3,,,267.1,,,,,100,,,,11.922,,,770,0.3,5914,,,,,Acq,,,,,,,,,,,,,,,30,,0225-DGJZT-CGC-DMRM-NEG.d,,Find by MRM,,
397,DGJZT_DG_81_1,,,357.1,,,,,100,,,,12.211,,,68,0.05,34,,,,,Acq,,,,,,,,,,,,,,,30,,0225-DGJZT-CGC-DMRM-NEG.d,,Find by MRM,,
398,DGJZT_CGC_301_1,,,939.5,,,,,100,,,,11.99,,,241,0.379,1748,,,,,Acq,,,,,,,,,,,,,,,30,,0225-DGJZT-CGC-DMRM-NEG.d,,Find by MRM,,
399,DGJZT_CGC_305_1,,,823.4,,,,,100,,,,12.099,,,4496,0.247,31739,,,,,Acq,,,,,,,,,,,,,,,30,,0225-DGJZT-CGC-DMRM-NEG.d,,Find by MRM,,
400,DGJZT_DG_87_3,,,517.2,,,,,100,,,,12.142,,,3,0.092,6,,,,,Acq,,,,,,,,,,,,,,,30,,0225-DGJZT-CGC-DMRM-NEG.d,,Find by MRM,,
401,DGJZT_SJ_12_1,,,475.2,,,,,100,,,,12.059,,,1,0.107,3,,,,,Acq,,,,,,,,,,,,,,,30,,0225-DGJZT-CGC-DMRM-NEG.d,,Find by MRM,,
402,DGJZT_GZ_31_1,,,325.1,,,,,100,,,,12.203,,,43,0.143,197,,,,,Acq,,,,,,,,,,,,,,,30,,0225-DGJZT-CGC-DMRM-NEG.d,,Find by MRM,,
403,DGJZT_GZ_31_2,,,325.1,,,,,100,,,,12.288,,,17,0.042,9,,,,,Acq,,,,,,,,,,,,,,,30,,0225-DGJZT-CGC-DMRM-NEG.d,,Find by MRM,,
404,DGJZT_DG_89_3,,,313.1,,,,,100,,,,12.213,,,1,0.09,1,,,,,Acq,,,,,,,,,,,,,,,30,,0225-DGJZT-CGC-DMRM-NEG.d,,Find by MRM,,
405,DGJZT_GZ_29_1,,,295.1,,,,,100,,,,12.323,,,0,0.057,5,,,,,Acq,,,,,,,,,,,,,,,30,,0225-DGJZT-CGC-DMRM-NEG.d,,Find by MRM,,
406,DGJZT_GZ_29_2,,,295.1,,,,,100,,,,11.862,,,6,0.135,16,,,,,Acq,,,,,,,,,,,,,,,30,,0225-DGJZT-CGC-DMRM-NEG.d,,Find by MRM,,
407,DGJZT_CGC_305_3,,,823.4,,,,,100,,,,12.091,,,439,0.227,3301,,,,,Acq,,,,,,,,,,,,,,,30,,0225-DGJZT-CGC-DMRM-NEG.d,,Find by MRM,,
408,DGJZT_CGC_310_1,,,777.4,,,,,100,,,,12.15,,,271,0.374,2109,,,,,Acq,,,,,,,,,,,,,,,30,,0225-DGJZT-CGC-DMRM-NEG.d,,Find by MRM,,
409,DGJZT_DG_90_1,,,357.1,,,,,100,,,,12.337,,,31,0.495,189,,,,,Acq,,,,,,,,,,,,,,,30,,0225-DGJZT-CGC-DMRM-NEG.d,,Find by MRM,,
410,DGJZT_GZ_31_3,,,325.1,,,,,100,,,,11.994,,,5,0.101,11,,,,,Acq,,,,,,,,,,,,,,,30,,0225-DGJZT-CGC-DMRM-NEG.d,,Find by MRM,,
411,DGJZT_DG_88_3,,,383.2,,,,,100,,,,12.168,,,15,0.101,34,,,,,Acq,,,,,,,,,,,,,,,30,,0225-DGJZT-CGC-DMRM-NEG.d,,Find by MRM,,
412,DGJZT_GZ_32_2,,,313.2,,,,,100,,,,12.204,,,6,0.16,16,,,,,Acq,,,,,,,,,,,,,,,30,,0225-DGJZT-CGC-DMRM-NEG.d,,Find by MRM,,
413,DGJZT_DG_89_1,,,313.1,,,,,100,,,,12.154,,,0,0.078,0,,,,,Acq,,,,,,,,,,,,,,,30,,0225-DGJZT-CGC-DMRM-NEG.d,,Find by MRM,,
414,DGJZT_DG_89_2,,,313.1,,,,,100,,,,12.348,,,6,0.057,10,,,,,Acq,,,,,,,,,,,,,,,30,,0225-DGJZT-CGC-DMRM-NEG.d,,Find by MRM,,
415,DGJZT_CGC_313_1,,,369.1,,,,,100,,,,12.185,,,514,0.406,3997,,,,,Acq,,,,,,,,,,,,,,,30,,0225-DGJZT-CGC-DMRM-NEG.d,,Find by MRM,,
416,DGJZT_DG_90_2,,,357.1,,,,,100,,,,12.295,,,121,0.256,817,,,,,Acq,,,,,,,,,,,,,,,30,,0225-DGJZT-CGC-DMRM-NEG.d,,Find by MRM,,
417,DGJZT_GZ_32_1,,,313.2,,,,,100,,,,12.179,,,3,0.107,7,,,,,Acq,,,,,,,,,,,,,,,30,,0225-DGJZT-CGC-DMRM-NEG.d,,Find by MRM,,
418,DGJZT_DG_91_2,,,205.1,,,,,100,,,,12.325,,,0,0.125,1,,,,,Acq,,,,,,,,,,,,,,,30,,0225-DGJZT-CGC-DMRM-NEG.d,,Find by MRM,,
419,DGJZT_DG_91_1,,,205.1,,,,,100,,,,12.207,,,20,0.109,52,,,,,Acq,,,,,,,,,,,,,,,30,,0225-DGJZT-CGC-DMRM-NEG.d,,Find by MRM,,
420,DGJZT_CGC_314_1,,,805.4,,,,,100,,,,12.276,,,1897,0.223,13738,,,,,Acq,,,,,,,,,,,,,,,30,,0225-DGJZT-CGC-DMRM-NEG.d,,Find by MRM,,
421,DGJZT_CGC_314_3,,,805.4,,,,,100,,,,12.26,,,340,0.193,2127,,,,,Acq,,,,,,,,,,,,,,,30,,0225-DGJZT-CGC-DMRM-NEG.d,,Find by MRM,,
422,DGJZT_SJ_13_1,,,355.2,,,,,100,,,,12.219,,,12,0.151,37,,,,,Acq,,,,,,,,,,,,,,,30,,0225-DGJZT-CGC-DMRM-NEG.d,,Find by MRM,,
423,DGJZT_GZ_33_2,,,265.1,,,,,100,,,,12.464,,,2,0.118,5,,,,,Acq,,,,,,,,,,,,,,,30,,0225-DGJZT-CGC-DMRM-NEG.d,,Find by MRM,,
424,DGJZT_GZ_33_3,,,265.1,,,,,100,,,,12.316,,,7,0.1,13,,,,,Acq,,,,,,,,,,,,,,,30,,0225-DGJZT-CGC-DMRM-NEG.d,,Find by MRM,,
425,DGJZT_DG_92_1,,,203.1,,,,,100,,,,12.609,,,20,0.059,32,,,,,Acq,,,,,,,,,,,,,,,30,,0225-DGJZT-CGC-DMRM-NEG.d,,Find by MRM,,
426,DGJZT_DG_92_2,,,203.1,,,,,100,,,,12.543,,,11,0.1,52,,,,,Acq,,,,,,,,,,,,,,,30,,0225-DGJZT-CGC-DMRM-NEG.d,,Find by MRM,,
427,DGJZT_DG_92_3,,,203.1,,,,,100,,,,12.577,,,4,0.135,13,,,,,Acq,,,,,,,,,,,,,,,30,,0225-DGJZT-CGC-DMRM-NEG.d,,Find by MRM,,
428,DGJZT_GZ_33_1,,,265.1,,,,,100,,,,12.406,,,2,0.127,6,,,,,Acq,,,,,,,,,,,,,,,30,,0225-DGJZT-CGC-DMRM-NEG.d,,Find by MRM,,
429,DGJZT_CGC_324_1,,,805.4,,,,,100,,,,12.268,,,2917,0.159,17728,,,,,Acq,,,,,,,,,,,,,,,30,,0225-DGJZT-CGC-DMRM-NEG.d,,Find by MRM,,
430,DGJZT_CGC_325_1,,,353.1,,,,,100,,,,12.522,,,5123,0.459,38982,,,,,Acq,,,,,,,,,,,,,,,30,,0225-DGJZT-CGC-DMRM-NEG.d,,Find by MRM,,
431,DGJZT_DZ_45_1,,,517.3,,,,,100,,,,12.569,,,11,0.156,42,,,,,Acq,,,,,,,,,,,,,,,30,,0225-DGJZT-CGC-DMRM-NEG.d,,Find by MRM,,
432,DGJZT_CGC_336_1,,,367.1,,,,,100,,,,12.78,,,76684,0.375,602771,,,,,Acq,,,,,,,,,,,,,,,30,,0225-DGJZT-CGC-DMRM-NEG.d,,Find by MRM,,
433,DGJZT_CGC_336_2,,,367.1,,,,,100,,,,12.781,,,22282,0.373,171249,,,,,Acq,,,,,,,,,,,,,,,30,,0225-DGJZT-CGC-DMRM-NEG.d,,Find by MRM,,
434,DGJZT_CGC_336_3,,,367.1,,,,,100,,,,12.781,,,2740,0.314,20726,,,,,Acq,,,,,,,,,,,,,,,30,,0225-DGJZT-CGC-DMRM-NEG.d,,Find by MRM,,
435,DGJZT_DZ_46_2,,,287.2,,,,,100,,,,12.886,,,5,0.109,12,,,,,Acq,,,,,,,,,,,,,,,30,,0225-DGJZT-CGC-DMRM-NEG.d,,Find by MRM,,
436,DGJZT_CGC_337_1,,,323.1,,,,,100,,,,12.802,,,440,0.336,3142,,,,,Acq,,,,,,,,,,,,,,,30,,0225-DGJZT-CGC-DMRM-NEG.d,,Find by MRM,,
437,DGJZT_CGC_338_2,,,355.1,,,,,100,,,,12.858,,,8518,0.391,65489,,,,,Acq,,,,,,,,,,,,,,,30,,0225-DGJZT-CGC-DMRM-NEG.d,,Find by MRM,,
438,DGJZT_CGC_338_3,,,355.1,,,,,100,,,,12.858,,,4095,0.384,30655,,,,,Acq,,,,,,,,,,,,,,,30,,0225-DGJZT-CGC-DMRM-NEG.d,,Find by MRM,,
439,DGJZT_CGC_338_1,,,355.1,,,,,100,,,,12.859,,,22318,0.374,164101,,,,,Acq,,,,,,,,,,,,,,,30,,0225-DGJZT-CGC-DMRM-NEG.d,,Find by MRM,,
440,DGJZT_CGC_344_1,,,805.4,,,,,100,,,,12.913,,,681,0.182,4373,,,,,Acq,,,,,,,,,,,,,,,30,,0225-DGJZT-CGC-DMRM-NEG.d,,Find by MRM,,
441,DGJZT_CGC_341_1,,,711.3,,,,,100,,,,12.905,,,18329,0.339,100716,,,,,Acq,,,,,,,,,,,,,,,30,,0225-DGJZT-CGC-DMRM-NEG.d,,Find by MRM,,
442,DGJZT_CGC_346_1,,,369.1,,,,,100,,,,12.989,,,1592,0.387,12517,,,,,Acq,,,,,,,,,,,,,,,30,,0225-DGJZT-CGC-DMRM-NEG.d,,Find by MRM,,
443,DGJZT_CGC_347_2,,,351.1,,,,,100,,,,13.025,,,1988,0.356,14486,,,,,Acq,,,,,,,,,,,,,,,30,,0225-DGJZT-CGC-DMRM-NEG.d,,Find by MRM,,
444,DGJZT_CGC_347_3,,,351.1,,,,,100,,,,13.026,,,3705,0.367,28064,,,,,Acq,,,,,,,,,,,,,,,30,,0225-DGJZT-CGC-DMRM-NEG.d,,Find by MRM,,
445,DGJZT_CGC_347_1,,,351.1,,,,,100,,,,13.018,,,4449,0.377,32587,,,,,Acq,,,,,,,,,,,,,,,30,,0225-DGJZT-CGC-DMRM-NEG.d,,Find by MRM,,
446,DGJZT_CGC_345_1,,,337.1,,,,,100,,,,12.986,,,368,0.382,2715,,,,,Acq,,,,,,,,,,,,,,,30,,0225-DGJZT-CGC-DMRM-NEG.d,,Find by MRM,,
447,DGJZT_CGC_354_1,,,823.4,,,,,100,,,,13.113,,,174,0.287,1437,,,,,Acq,,,,,,,,,,,,,,,30,,0225-DGJZT-CGC-DMRM-NEG.d,,Find by MRM,,
448,DGJZT_CGC_353_1,,,807.4,,,,,100,,,,13.122,,,271,0.379,2358,,,,,Acq,,,,,,,,,,,,,,,30,,0225-DGJZT-CGC-DMRM-NEG.d,,Find by MRM,,
449,DGJZT_CGC_355_1,,,339.1,,,,,100,,,,13.152,,,9099,0.368,61472,,,,,Acq,,,,,,,,,,,,,,,30,,0225-DGJZT-CGC-DMRM-NEG.d,,Find by MRM,,
450,DGJZT_CGC_355_2,,,339.1,,,,,100,,,,13.152,,,5596,0.386,39041,,,,,Acq,,,,,,,,,,,,,,,30,,0225-DGJZT-CGC-DMRM-NEG.d,,Find by MRM,,
451,DGJZT_CGC_355_3,,,339.1,,,,,100,,,,13.153,,,2769,0.401,19122,,,,,Acq,,,,,,,,,,,,,,,30,,0225-DGJZT-CGC-DMRM-NEG.d,,Find by MRM,,
452,DGJZT_CGC_351_1,,,313.1,,,,,100,,,,13.154,,,2961,0.345,19011,,,,,Acq,,,,,,,,,,,,,,,30,,0225-DGJZT-CGC-DMRM-NEG.d,,Find by MRM,,
453,DGJZT_CGC_351_2,,,313.1,,,,,100,,,,13.154,,,1304,0.393,8580,,,,,Acq,,,,,,,,,,,,,,,30,,0225-DGJZT-CGC-DMRM-NEG.d,,Find by MRM,,
454,DGJZT_CGC_357_2,,,353.1,,,,,100,,,,13.257,,,8188,0.26,55054,,,,,Acq,,,,,,,,,,,,,,,30,,0225-DGJZT-CGC-DMRM-NEG.d,,Find by MRM,,
455,DGJZT_DZ_48_1,,,487.3,,,,,100,,,,13.432,,,5,0.062,7,,,,,Acq,,,,,,,,,,,,,,,30,,0225-DGJZT-CGC-DMRM-NEG.d,,Find by MRM,,
456,DGJZT_CGC_357_3,,,353.1,,,,,100,,,,13.317,,,4080,0.391,33797,,,,,Acq,,,,,,,,,,,,,,,30,,0225-DGJZT-CGC-DMRM-NEG.d,,Find by MRM,,
457,DGJZT_CGC_357_1,,,353.1,,,,,100,,,,13.318,,,76606,0.408,624171,,,,,Acq,,,,,,,,,,,,,,,30,,0225-DGJZT-CGC-DMRM-NEG.d,,Find by MRM,,
458,DGJZT_CGC_359_2,,,337.1,,,,,100,,,,13.337,,,798,0.336,6391,,,,,Acq,,,,,,,,,,,,,,,30,,0225-DGJZT-CGC-DMRM-NEG.d,,Find by MRM,,
459,DGJZT_CGC_364_1,,,365.1,,,,,100,,,,13.528,,,17861,0.409,137415,,,,,Acq,,,,,,,,,,,,,,,30,,0225-DGJZT-CGC-DMRM-NEG.d,,Find by MRM,,
460,DGJZT_CGC_364_2,,,365.1,,,,,100,,,,13.52,,,6790,0.367,51665,,,,,Acq,,,,,,,,,,,,,,,30,,0225-DGJZT-CGC-DMRM-NEG.d,,Find by MRM,,
461,DGJZT_DZ_49_3,,,501.3,,,,,100,,,,13.565,,,5,0.078,9,,,,,Acq,,,,,,,,,,,,,,,30,,0225-DGJZT-CGC-DMRM-NEG.d,,Find by MRM,,
462,DGJZT_CGC_368_1,,,337.1,,,,,100,,,,13.665,,,257,0.243,1525,,,,,Acq,,,,,,,,,,,,,,,30,,0225-DGJZT-CGC-DMRM-NEG.d,,Find by MRM,,
463,DGJZT_DZ_49_2,,,501.3,,,,,100,,,,13.709,,,4,0.144,18,,,,,Acq,,,,,,,,,,,,,,,30,,0225-DGJZT-CGC-DMRM-NEG.d,,Find by MRM,,
464,DGJZT_DZ_50_1,,,450.3,,,,,100,,,,13.659,,,5,0.135,11,,,,,Acq,,,,,,,,,,,,,,,30,,0225-DGJZT-CGC-DMRM-NEG.d,,Find by MRM,,
465,DGJZT_DZ_49_1,,,501.3,,,,,100,,,,13.549,,,1,0.106,3,,,,,Acq,,,,,,,,,,,,,,,30,,0225-DGJZT-CGC-DMRM-NEG.d,,Find by MRM,,
466,DGJZT_DZ_50_2,,,450.3,,,,,100,,,,13.567,,,6,0.084,14,,,,,Acq,,,,,,,,,,,,,,,30,,0225-DGJZT-CGC-DMRM-NEG.d,,Find by MRM,,
467,DGJZT_DG_96_2,,,409.2,,,,,100,,,,13.576,,,3,0.109,7,,,,,Acq,,,,,,,,,,,,,,,30,,0225-DGJZT-CGC-DMRM-NEG.d,,Find by MRM,,
468,DGJZT_DG_96_3,,,409.2,,,,,100,,,,13.685,,,8,0.081,19,,,,,Acq,,,,,,,,,,,,,,,30,,0225-DGJZT-CGC-DMRM-NEG.d,,Find by MRM,,
469,DGJZT_CGC_374_1,,,369.1,,,,,100,,,,13.722,,,5759,0.387,41257,,,,,Acq,,,,,,,,,,,,,,,30,,0225-DGJZT-CGC-DMRM-NEG.d,,Find by MRM,,
470,DGJZT_CGC_373_1,,,339.1,,,,,100,,,,13.707,,,675,0.375,4665,,,,,Acq,,,,,,,,,,,,,,,30,,0225-DGJZT-CGC-DMRM-NEG.d,,Find by MRM,,
471,DGJZT_DG_96_1,,,409.2,,,,,100,,,,13.643,,,37,0.16,215,,,,,Acq,,,,,,,,,,,,,,,30,,0225-DGJZT-CGC-DMRM-NEG.d,,Find by MRM,,
472,DGJZT_CGC_374_3,,,369.1,,,,,100,,,,13.73,,,1447,0.413,10627,,,,,Acq,,,,,,,,,,,,,,,30,,0225-DGJZT-CGC-DMRM-NEG.d,,Find by MRM,,
473,DGJZT_CGC_374_2,,,369.1,,,,,100,,,,13.73,,,285,0.217,1952,,,,,Acq,,,,,,,,,,,,,,,30,,0225-DGJZT-CGC-DMRM-NEG.d,,Find by MRM,,
474,DGJZT_BS_177_1,,,723.4,,,,,100,,,,13.776,,,96,0.236,563,,,,,Acq,,,,,,,,,,,,,,,30,,0225-DGJZT-CGC-DMRM-NEG.d,,Find by MRM,,
475,DGJZT_DG_97_2,,,397.2,,,,,100,,,,13.736,,,12,0.075,26,,,,,Acq,,,,,,,,,,,,,,,30,,0225-DGJZT-CGC-DMRM-NEG.d,,Find by MRM,,
476,DGJZT_CGC_375_2,,,371.1,,,,,100,,,,13.78,,,3933,0.362,26681,,,,,Acq,,,,,,,,,,,,,,,30,,0225-DGJZT-CGC-DMRM-NEG.d,,Find by MRM,,
477,DGJZT_CGC_375_1,,,371.1,,,,,100,,,,13.772,,,9514,0.397,64436,,,,,Acq,,,,,,,,,,,,,,,30,,0225-DGJZT-CGC-DMRM-NEG.d,,Find by MRM,,
478,DGJZT_DG_98_2,,,395.2,,,,,100,,,,13.686,,,1,0.107,3,,,,,Acq,,,,,,,,,,,,,,,30,,0225-DGJZT-CGC-DMRM-NEG.d,,Find by MRM,,
479,DGJZT_DG_98_1,,,395.2,,,,,100,,,,13.855,,,13,0.173,46,,,,,Acq,,,,,,,,,,,,,,,30,,0225-DGJZT-CGC-DMRM-NEG.d,,Find by MRM,,
480,DGJZT_DG_98_3,,,395.2,,,,,100,,,,13.855,,,32,0.219,110,,,,,Acq,,,,,,,,,,,,,,,30,,0225-DGJZT-CGC-DMRM-NEG.d,,Find by MRM,,
481,DGJZT_DG_104_3,,,817.4,,,,,100,,,,13.724,,,0,0.075,0,,,,,Acq,,,,,,,,,,,,,,,30,,0225-DGJZT-CGC-DMRM-NEG.d,,Find by MRM,,
482,DGJZT_DG_104_1,,,817.4,,,,,100,,,,13.733,,,0,0.151,2,,,,,Acq,,,,,,,,,,,,,,,30,,0225-DGJZT-CGC-DMRM-NEG.d,,Find by MRM,,
483,DGJZT_DG_104_2,,,817.4,,,,,100,,,,14.153,,,0,0.065,0,,,,,Acq,,,,,,,,,,,,,,,30,,0225-DGJZT-CGC-DMRM-NEG.d,,Find by MRM,,
484,DGJZT_DG_103_3,,,795.4,,,,,100,,,,13.859,,,0,0.21,1,,,,,Acq,,,,,,,,,,,,,,,30,,0225-DGJZT-CGC-DMRM-NEG.d,,Find by MRM,,
485,DGJZT_DG_103_1,,,795.4,,,,,100,,,,13.885,,,0,0.059,0,,,,,Acq,,,,,,,,,,,,,,,30,,0225-DGJZT-CGC-DMRM-NEG.d,,Find by MRM,,
486,DGJZT_DG_97_1,,,397.2,,,,,100,,,,13.939,,,17,0.185,73,,,,,Acq,,,,,,,,,,,,,,,30,,0225-DGJZT-CGC-DMRM-NEG.d,,Find by MRM,,
487,DGJZT_DG_97_3,,,397.2,,,,,100,,,,13.871,,,8,0.176,23,,,,,Acq,,,,,,,,,,,,,,,30,,0225-DGJZT-CGC-DMRM-NEG.d,,Find by MRM,,
488,DGJZT_DG_101_2,,,397.2,,,,,100,,,,13.888,,,16,0.054,34,,,,,Acq,,,,,,,,,,,,,,,30,,0225-DGJZT-CGC-DMRM-NEG.d,,Find by MRM,,
489,DGJZT_DG_101_3,,,397.2,,,,,100,,,,13.914,,,28,0.151,96,,,,,Acq,,,,,,,,,,,,,,,30,,0225-DGJZT-CGC-DMRM-NEG.d,,Find by MRM,,
490,DGJZT_DG_103_2,,,795.4,,,,,100,,,,13.969,,,0,0.118,2,,,,,Acq,,,,,,,,,,,,,,,30,,0225-DGJZT-CGC-DMRM-NEG.d,,Find by MRM,,
491,DGJZT_DG_102_2,,,497.1,,,,,100,,,,14.155,,,18,0.133,54,,,,,Acq,,,,,,,,,,,,,,,30,,0225-DGJZT-CGC-DMRM-NEG.d,,Find by MRM,,
492,DGJZT_DG_102_1,,,497.1,,,,,100,,,,13.962,,,0,0.188,1,,,,,Acq,,,,,,,,,,,,,,,30,,0225-DGJZT-CGC-DMRM-NEG.d,,Find by MRM,,
493,DGJZT_DG_101_1,,,397.2,,,,,100,,,,13.947,,,29,0.092,86,,,,,Acq,,,,,,,,,,,,,,,30,,0225-DGJZT-CGC-DMRM-NEG.d,,Find by MRM,,
494,DGJZT_DG_100_2,,,353.2,,,,,100,,,,13.781,,,72,0.151,343,,,,,Acq,,,,,,,,,,,,,,,30,,0225-DGJZT-CGC-DMRM-NEG.d,,Find by MRM,,
495,DGJZT_DG_100_1,,,353.2,,,,,100,,,,13.756,,,92,0.091,613,,,,,Acq,,,,,,,,,,,,,,,30,,0225-DGJZT-CGC-DMRM-NEG.d,,Find by MRM,,
496,DGJZT_DG_100_3,,,353.2,,,,,100,,,,13.773,,,27,0.086,71,,,,,Acq,,,,,,,,,,,,,,,30,,0225-DGJZT-CGC-DMRM-NEG.d,,Find by MRM,,
497,DGJZT_CGC_379_2,,,351.1,,,,,100,,,,13.967,,,37539,0.363,308382,,,,,Acq,,,,,,,,,,,,,,,30,,0225-DGJZT-CGC-DMRM-NEG.d,,Find by MRM,,
498,DGJZT_CGC_379_3,,,351.1,,,,,100,,,,13.967,,,12657,0.406,104005,,,,,Acq,,,,,,,,,,,,,,,30,,0225-DGJZT-CGC-DMRM-NEG.d,,Find by MRM,,
499,DGJZT_CGC_379_1,,,351.1,,,,,100,,,,13.959,,,10892,0.383,93168,,,,,Acq,,,,,,,,,,,,,,,30,,0225-DGJZT-CGC-DMRM-NEG.d,,Find by MRM,,
500,DGJZT_DG_105_3,,,411.2,,,,,100,,,,14.013,,,22,0.126,53,,,,,Acq,,,,,,,,,,,,,,,30,,0225-DGJZT-CGC-DMRM-NEG.d,,Find by MRM,,
501,DGJZT_DG_105_1,,,411.2,,,,,100,,,,14.157,,,12,0.203,85,,,,,Acq,,,,,,,,,,,,,,,30,,0225-DGJZT-CGC-DMRM-NEG.d,,Find by MRM,,
502,DGJZT_DG_105_2,,,411.2,,,,,100,,,,14.199,,,8,0.155,28,,,,,Acq,,,,,,,,,,,,,,,30,,0225-DGJZT-CGC-DMRM-NEG.d,,Find by MRM,,
503,DGJZT_CGC_386_1,,,391.2,,,,,100,,,,14.075,,,9020,0.393,56879,,,,,Acq,,,,,,,,,,,,,,,30,,0225-DGJZT-CGC-DMRM-NEG.d,,Find by MRM,,
504,DGJZT_CGC_386_2,,,391.2,,,,,100,,,,14.075,,,2022,0.293,11938,,,,,Acq,,,,,,,,,,,,,,,30,,0225-DGJZT-CGC-DMRM-NEG.d,,Find by MRM,,
505,DGJZT_DG_107_3,,,649.3,,,,,100,,,,14.172,,,6,0.108,16,,,,,Acq,,,,,,,,,,,,,,,30,,0225-DGJZT-CGC-DMRM-NEG.d,,Find by MRM,,
506,DGJZT_DG_106_3,,,721.3,,,,,100,,,,14.18,,,18,0.124,84,,,,,Acq,,,,,,,,,,,,,,,30,,0225-DGJZT-CGC-DMRM-NEG.d,,Find by MRM,,
507,DGJZT_DG_107_2,,,649.3,,,,,100,,,,14.163,,,14,0.133,64,,,,,Acq,,,,,,,,,,,,,,,30,,0225-DGJZT-CGC-DMRM-NEG.d,,Find by MRM,,
508,DGJZT_DG_108_1,,,399.2,,,,,100,,,,14.124,,,0,0.069,0,,,,,Acq,,,,,,,,,,,,,,,30,,0225-DGJZT-CGC-DMRM-NEG.d,,Find by MRM,,
509,DGJZT_DG_107_1,,,649.3,,,,,100,,,,14.13,,,46,0.175,321,,,,,Acq,,,,,,,,,,,,,,,30,,0225-DGJZT-CGC-DMRM-NEG.d,,Find by MRM,,
510,DGJZT_DZ_53_1,,,485.3,,,,,100,,,,14.08,,,14,0.084,28,,,,,Acq,,,,,,,,,,,,,,,30,,0225-DGJZT-CGC-DMRM-NEG.d,,Find by MRM,,
511,DGJZT_DZ_53_3,,,485.3,,,,,100,,,,14.106,,,18,0.117,50,,,,,Acq,,,,,,,,,,,,,,,30,,0225-DGJZT-CGC-DMRM-NEG.d,,Find by MRM,,
512,DGJZT_DG_106_1,,,721.3,,,,,100,,,,14.154,,,23,0.091,76,,,,,Acq,,,,,,,,,,,,,,,30,,0225-DGJZT-CGC-DMRM-NEG.d,,Find by MRM,,
513,DGJZT_CGC_391_1,,,367.2,,,,,100,,,,14.336,,,9092,0.371,60496,,,,,Acq,,,,,,,,,,,,,,,30,,0225-DGJZT-CGC-DMRM-NEG.d,,Find by MRM,,
514,DGJZT_CGC_391_2,,,367.2,,,,,100,,,,14.337,,,2392,0.375,15241,,,,,Acq,,,,,,,,,,,,,,,30,,0225-DGJZT-CGC-DMRM-NEG.d,,Find by MRM,,
515,DGJZT_CGC_393_2,,,423.2,,,,,100,,,,14.239,,,34632,0.16,214698,,,,,Acq,,,,,,,,,,,,,,,30,,0225-DGJZT-CGC-DMRM-NEG.d,,Find by MRM,,
516,DGJZT_CGC_393_1,,,423.2,,,,,100,,,,14.231,,,67727,0.152,420650,,,,,Acq,,,,,,,,,,,,,,,30,,0225-DGJZT-CGC-DMRM-NEG.d,,Find by MRM,,
517,DGJZT_CGC_393_3,,,423.2,,,,,100,,,,14.232,,,8447,0.152,51526,,,,,Acq,,,,,,,,,,,,,,,30,,0225-DGJZT-CGC-DMRM-NEG.d,,Find by MRM,,
518,DGJZT_DG_111_2,,,625.3,,,,,100,,,,14.555,,,7,0.116,21,,,,,Acq,,,,,,,,,,,,,,,30,,0225-DGJZT-CGC-DMRM-NEG.d,,Find by MRM,,
519,DGJZT_DG_111_1,,,625.3,,,,,100,,,,14.673,,,36,0.233,226,,,,,Acq,,,,,,,,,,,,,,,30,,0225-DGJZT-CGC-DMRM-NEG.d,,Find by MRM,,
520,DGJZT_CGC_395_2,,,421.2,,,,,100,,,,14.743,,,2597,0.337,18695,,,,,Acq,,,,,,,,,,,,,,,30,,0225-DGJZT-CGC-DMRM-NEG.d,,Find by MRM,,
521,DGJZT_CGC_395_1,,,421.2,,,,,100,,,,14.736,,,25347,0.349,179410,,,,,Acq,,,,,,,,,,,,,,,30,,0225-DGJZT-CGC-DMRM-NEG.d,,Find by MRM,,
522,DGJZT_CGC_395_3,,,421.2,,,,,100,,,,14.737,,,2312,0.328,16500,,,,,Acq,,,,,,,,,,,,,,,30,,0225-DGJZT-CGC-DMRM-NEG.d,,Find by MRM,,
523,DGJZT_CGC_398_1,,,421.2,,,,,100,,,,14.741,,,25471,0.447,184497,,,,,Acq,,,,,,,,,,,,,,,30,,0225-DGJZT-CGC-DMRM-NEG.d,,Find by MRM,,
524,DGJZT_DG_113_2,,,216.9,,,,,100,,,,15.192,,,37,0.406,490,,,,,Acq,,,,,,,,,,,,,,,30,,0225-DGJZT-CGC-DMRM-NEG.d,,Find by MRM,,
525,DGJZT_DG_113_1,,,216.9,,,,,100,,,,15.211,,,24,0.421,324,,,,,Acq,,,,,,,,,,,,,,,30,,0225-DGJZT-CGC-DMRM-NEG.d,,Find by MRM,,
526,DGJZT_DG_113_3,,,216.9,,,,,100,,,,15.164,,,30,0.423,417,,,,,Acq,,,,,,,,,,,,,,,30,,0225-DGJZT-CGC-DMRM-NEG.d,,Find by MRM,,

