﻿#化合物列表: 448 found
#
Cpd,Name,Formula,Purity Result,Precursor,Mass,Diff (ppm),Score (Tgt),Flags (Tgt),Score,Std Dev,Relative Mass Difference (MFG),Base Peak,RT,RT Diff,Target Retention Time Difference,Height,Width,Area,Volume,Vol %,Ions,Saturated,ID Source,Score (MFG),Score (DB),Hit Count,Tgt MFG Hit,FV,Purity Value,Purity Comments,ADC% Area,EIC/TIC% Area,TIC% Area,UVA% Area,Score (Lib),CAS ID,Relative Reference Mass difference,CE,MS/MS Count,File,Notes,Algorithm,Lib/DB
1,BXXXT_DZ_2_3_POS,,,413.2,,,,,100,,,,0.869,,,147,0.214,662,,,,,Acq,,,,,,,,,,,,,,,30,,0403-DGJZT-DMRM-POS.d,,Find by MRM,,
2,DGJZT_DZ_4_3_POS,,,437.2,,,,,100,,,,0.894,,,617,0.324,4019,,,,,Acq,,,,,,,,,,,,,,,30,,0403-DGJZT-DMRM-POS.d,,Find by MRM,,
3,BXXXT_DZ_3_2_POS,,,293.2,,,,,100,,,,0.906,,,1223,0.372,7655,,,,,Acq,,,,,,,,,,,,,,,30,,0403-DGJZT-DMRM-POS.d,,Find by MRM,,
4,BXXXT_DZ_3_1_POS,,,293.2,,,,,100,,,,0.906,,,10144,0.365,60343,,,,,Acq,,,,,,,,,,,,,,,30,,0403-DGJZT-DMRM-POS.d,,Find by MRM,,
5,QWS_MDP_8_1_POS,,,398.2,,,,,100,,,,1.104,,,30,0.114,120,,,,,Acq,,,,,,,,,,,,,,,30,,0403-DGJZT-DMRM-POS.d,,Find by MRM,,
6,BXXXT_DZ_10_1_POS,,,160.1,,,,,100,,,,1.093,,,81596,0.304,895592,,,,,Acq,,,,,,,,,,,,,,,30,,0403-DGJZT-DMRM-POS.d,,Find by MRM,,
7,BXXXT_DZ_10_3_POS,,,160.1,,,,,100,,,,1.093,,,66888,0.295,611244,,,,,Acq,,,,,,,,,,,,,,,30,,0403-DGJZT-DMRM-POS.d,,Find by MRM,,
8,THSWT_JDH_2_2_POS,,,450.2,,,,,100,,,,1.119,,,17,0.197,111,,,,,Acq,,,,,,,,,,,,,,,30,,0403-DGJZT-DMRM-POS.d,,Find by MRM,,
9,THSWT_JDH_2_3_POS,,,450.2,,,,,100,,,,1.161,,,7,0.132,29,,,,,Acq,,,,,,,,,,,,,,,30,,0403-DGJZT-DMRM-POS.d,,Find by MRM,,
10,THSWT_JDH_2_1_POS,,,450.2,,,,,100,,,,1.162,,,30,0.126,138,,,,,Acq,,,,,,,,,,,,,,,30,,0403-DGJZT-DMRM-POS.d,,Find by MRM,,
11,QWS_MDP_10_1_POS,,,410.2,,,,,100,,,,1.171,,,23,0.109,69,,,,,Acq,,,,,,,,,,,,,,,30,,0403-DGJZT-DMRM-POS.d,,Find by MRM,,
12,DGJZT_DZ_17_2_POS,,,360.2,,,,,100,,,,1.113,,,468,0.336,4448,,,,,Acq,,,,,,,,,,,,,,,30,,0403-DGJZT-DMRM-POS.d,,Find by MRM,,
13,BXXXT_DZ_18_1_POS,,,360.2,,,,,100,,,,1.097,,,179,0.295,1456,,,,,Acq,,,,,,,,,,,,,,,30,,0403-DGJZT-DMRM-POS.d,,Find by MRM,,
14,DGJZT_DZ_17_1_POS,,,360.2,,,,,100,,,,1.13,,,186,0.276,1573,,,,,Acq,,,,,,,,,,,,,,,30,,0403-DGJZT-DMRM-POS.d,,Find by MRM,,
15,BXXXT_DZ_18_3_POS,,,360.2,,,,,100,,,,1.173,,,45,0.099,144,,,,,Acq,,,,,,,,,,,,,,,30,,0403-DGJZT-DMRM-POS.d,,Find by MRM,,
16,BXXXT_DZ_16_1_POS,,,260.1,,,,,100,,,,1.141,,,31725,0.415,735713,,,,,Acq,,,,,,,,,,,,,,,30,,0403-DGJZT-DMRM-POS.d,,Find by MRM,,
17,BXXXT_DZ_16_2_POS,,,260.1,,,,,100,,,,1.14,,,25404,0.415,569281,,,,,Acq,,,,,,,,,,,,,,,30,,0403-DGJZT-DMRM-POS.d,,Find by MRM,,
18,BXXXT_DZ_15_1_POS,,,232.1,,,,,100,,,,1.125,,,268,0.202,2107,,,,,Acq,,,,,,,,,,,,,,,30,,0403-DGJZT-DMRM-POS.d,,Find by MRM,,
19,BXXXT_DZ_15_3_POS,,,232.1,,,,,100,,,,1.175,,,208,0.339,2292,,,,,Acq,,,,,,,,,,,,,,,30,,0403-DGJZT-DMRM-POS.d,,Find by MRM,,
20,BXXXT_DZ_6_3_POS,,,176.1,,,,,100,,,,1.159,,,715,0.194,5663,,,,,Acq,,,,,,,,,,,,,,,30,,0403-DGJZT-DMRM-POS.d,,Find by MRM,,
21,BXXXT_DZ_6_1_POS,,,176.1,,,,,100,,,,1.159,,,6521,0.511,171330,,,,,Acq,,,,,,,,,,,,,,,30,,0403-DGJZT-DMRM-POS.d,,Find by MRM,,
22,JSLJJ_CP_8_1_POS,,,150.1,,,,,100,,,,1.611,,,5,0.083,14,,,,,Acq,,,,,,,,,,,,,,,30,,0403-DGJZT-DMRM-POS.d,,Find by MRM,,
23,DGJZT_DZ_25_1_POS,,,330.2,,,,,100,,,,1.646,,,861,0.304,6137,,,,,Acq,,,,,,,,,,,,,,,30,,0403-DGJZT-DMRM-POS.d,,Find by MRM,,
24,DGJZT_DZ_25_2_POS,,,330.2,,,,,100,,,,1.655,,,579,0.35,4252,,,,,Acq,,,,,,,,,,,,,,,30,,0403-DGJZT-DMRM-POS.d,,Find by MRM,,
25,WPT_FZ_3_3_POS,,,180.1,,,,,100,,,,1.666,,,597,0.344,4468,,,,,Acq,,,,,,,,,,,,,,,30,,0403-DGJZT-DMRM-POS.d,,Find by MRM,,
26,WPT_FZ_3_2_POS,,,180.1,,,,,100,,,,1.667,,,619,0.347,4514,,,,,Acq,,,,,,,,,,,,,,,30,,0403-DGJZT-DMRM-POS.d,,Find by MRM,,
27,WPT_FZ_3_1_POS,,,180.1,,,,,100,,,,1.668,,,443,0.373,3702,,,,,Acq,,,,,,,,,,,,,,,30,,0403-DGJZT-DMRM-POS.d,,Find by MRM,,
28,FZT_PFP_14_3_POS,,,196.1,,,,,100,,,,1.673,,,2,0.194,11,,,,,Acq,,,,,,,,,,,,,,,30,,0403-DGJZT-DMRM-POS.d,,Find by MRM,,
29,FZT_PFP_19_3_POS,,,180.1,,,,,100,,,,2.244,,,98,0.289,831,,,,,Acq,,,,,,,,,,,,,,,30,,0403-DGJZT-DMRM-POS.d,,Find by MRM,,
30,FZT_PFP_19_1_POS,,,180.1,,,,,100,,,,2.236,,,96,0.275,906,,,,,Acq,,,,,,,,,,,,,,,30,,0403-DGJZT-DMRM-POS.d,,Find by MRM,,
31,FZT_PFP_19_2_POS,,,180.1,,,,,100,,,,2.229,,,42,0.201,290,,,,,Acq,,,,,,,,,,,,,,,30,,0403-DGJZT-DMRM-POS.d,,Find by MRM,,
32,BXXXT_DZ_25_1_POS,,,180.1,,,,,100,,,,2.26,,,2313,0.449,24190,,,,,Acq,,,,,,,,,,,,,,,30,,0403-DGJZT-DMRM-POS.d,,Find by MRM,,
33,BXXXT_DZ_25_2_POS,,,180.1,,,,,100,,,,2.262,,,353,0.479,4017,,,,,Acq,,,,,,,,,,,,,,,30,,0403-DGJZT-DMRM-POS.d,,Find by MRM,,
34,DGJZT_DZ_27_2_POS,,,180.1,,,,,100,,,,2.246,,,176,0.357,1619,,,,,Acq,,,,,,,,,,,,,,,30,,0403-DGJZT-DMRM-POS.d,,Find by MRM,,
35,THSWT_DTR_2_1_POS,,,605.2,,,,,100,,,,2.197,,,8,0.151,28,,,,,Acq,,,,,,,,,,,,,,,30,,0403-DGJZT-DMRM-POS.d,,Find by MRM,,
36,WPT_DH_30_3_POS,,,315.1,,,,,100,,,,2.377,,,46636,0.473,493097,,,,,Acq,,,,,,,,,,,,,,,30,,0403-DGJZT-DMRM-POS.d,,Find by MRM,,
37,WPT_DH_30_1_POS,,,315.1,,,,,100,,,,2.386,,,44699,0.439,470000,,,,,Acq,,,,,,,,,,,,,,,30,,0403-DGJZT-DMRM-POS.d,,Find by MRM,,
38,FZT_RS_10_3_POS,,,490.2,,,,,100,,,,2.59,,,35,0.192,247,,,,,Acq,,,,,,,,,,,,,,,30,,0403-DGJZT-DMRM-POS.d,,Find by MRM,,
39,FZT_RS_10_1_POS,,,490.2,,,,,100,,,,2.625,,,46,0.178,252,,,,,Acq,,,,,,,,,,,,,,,30,,0403-DGJZT-DMRM-POS.d,,Find by MRM,,
40,FZT_RS_8_1_POS,,,349.2,,,,,100,,,,2.435,,,10,0.108,37,,,,,Acq,,,,,,,,,,,,,,,30,,0403-DGJZT-DMRM-POS.d,,Find by MRM,,
41,FZT_RS_10_2_POS,,,490.2,,,,,100,,,,2.607,,,24,0.179,148,,,,,Acq,,,,,,,,,,,,,,,30,,0403-DGJZT-DMRM-POS.d,,Find by MRM,,
42,WPT_FZ_4_2_POS,,,394.3,,,,,100,,,,2.752,,,88,0.166,492,,,,,Acq,,,,,,,,,,,,,,,30,,0403-DGJZT-DMRM-POS.d,,Find by MRM,,
43,WPT_FZ_4_1_POS,,,394.3,,,,,100,,,,2.786,,,56,0.139,260,,,,,Acq,,,,,,,,,,,,,,,30,,0403-DGJZT-DMRM-POS.d,,Find by MRM,,
44,FZT_PFP_27_1_POS,,,394.3,,,,,100,,,,2.878,,,71,0.075,1581,,,,,Acq,,,,,,,,,,,,,,,30,,0403-DGJZT-DMRM-POS.d,,Find by MRM,,
45,FZT_BS_10_2_POS,,,482.2,,,,,100,,,,2.658,,,1261,0.348,9818,,,,,Acq,,,,,,,,,,,,,,,30,,0403-DGJZT-DMRM-POS.d,,Find by MRM,,
46,DGJZT_BS_6_3_POS,,,482.2,,,,,100,,,,2.667,,,286,0.375,2643,,,,,Acq,,,,,,,,,,,,,,,30,,0403-DGJZT-DMRM-POS.d,,Find by MRM,,
47,THSWT_DTR_7_1_POS,,,476.2,,,,,100,,,,2.433,,,23,0.084,84,,,,,Acq,,,,,,,,,,,,,,,30,,0403-DGJZT-DMRM-POS.d,,Find by MRM,,
48,THSWT_DTR_7_2_POS,,,476.2,,,,,100,,,,2.726,,,5,0.099,11,,,,,Acq,,,,,,,,,,,,,,,30,,0403-DGJZT-DMRM-POS.d,,Find by MRM,,
49,QWS_MDP_18_1_POS,,,415.2,,,,,100,,,,2.818,,,13,0.137,49,,,,,Acq,,,,,,,,,,,,,,,30,,0403-DGJZT-DMRM-POS.d,,Find by MRM,,
50,JSLJJ_SDH_10_2_POS,,,168.1,,,,,100,,,,2.539,,,11,0.097,34,,,,,Acq,,,,,,,,,,,,,,,30,,0403-DGJZT-DMRM-POS.d,,Find by MRM,,
51,JSLJJ_SDH_10_1_POS,,,168.1,,,,,100,,,,2.615,,,36,0.125,167,,,,,Acq,,,,,,,,,,,,,,,30,,0403-DGJZT-DMRM-POS.d,,Find by MRM,,
52,FZT_PFP_33_1_POS,,,269.1,,,,,100,,,,2.998,,,25,0.095,75,,,,,Acq,,,,,,,,,,,,,,,30,,0403-DGJZT-DMRM-POS.d,,Find by MRM,,
53,QWS_SM_7_1_POS,,,186.1,,,,,100,,,,2.806,,,20,0.101,57,,,,,Acq,,,,,,,,,,,,,,,30,,0403-DGJZT-DMRM-POS.d,,Find by MRM,,
54,FZT_PFP_36_1_POS,,,360.3,,,,,100,,,,2.788,,,10,0.073,24,,,,,Acq,,,,,,,,,,,,,,,30,,0403-DGJZT-DMRM-POS.d,,Find by MRM,,
55,THSWT_DTR_8_1_POS,,,573.2,,,,,100,,,,3.135,,,5,0.177,18,,,,,Acq,,,,,,,,,,,,,,,30,,0403-DGJZT-DMRM-POS.d,,Find by MRM,,
56,FZT_RS_11_2_POS,,,529.2,,,,,100,,,,3.228,,,20,0.22,113,,,,,Acq,,,,,,,,,,,,,,,30,,0403-DGJZT-DMRM-POS.d,,Find by MRM,,
57,WPT_FZ_5_1_POS,,,486.3,,,,,100,,,,3.278,,,3,0.124,8,,,,,Acq,,,,,,,,,,,,,,,30,,0403-DGJZT-DMRM-POS.d,,Find by MRM,,
58,FZT_PFP_40_1_POS,,,378.3,,,,,100,,,,3.32,,,74,0.207,412,,,,,Acq,,,,,,,,,,,,,,,30,,0403-DGJZT-DMRM-POS.d,,Find by MRM,,
59,FZT_PFP_40_2_POS,,,378.3,,,,,100,,,,3.295,,,62,0.299,448,,,,,Acq,,,,,,,,,,,,,,,30,,0403-DGJZT-DMRM-POS.d,,Find by MRM,,
60,FZT_BZ_37_3_POS,,,233.2,,,,,100,,,,3.173,,,8,0.11,25,,,,,Acq,,,,,,,,,,,,,,,30,,0403-DGJZT-DMRM-POS.d,,Find by MRM,,
61,FZT_BZ_37_1_POS,,,233.2,,,,,100,,,,3.224,,,8,0.059,16,,,,,Acq,,,,,,,,,,,,,,,30,,0403-DGJZT-DMRM-POS.d,,Find by MRM,,
62,THSWT_JHH_22_1_POS,,,803.2,,,,,100,,,,3.527,,,4,0.108,9,,,,,Acq,,,,,,,,,,,,,,,30,,0403-DGJZT-DMRM-POS.d,,Find by MRM,,
63,THSWT_JHH_23_1_POS,,,789.2,,,,,100,,,,3.368,,,4,0.234,25,,,,,Acq,,,,,,,,,,,,,,,30,,0403-DGJZT-DMRM-POS.d,,Find by MRM,,
64,JSLJJ_GC_6_1_POS,,,262.2,,,,,100,,,,3.531,,,3336,0.333,32171,,,,,Acq,,,,,,,,,,,,,,,30,,0403-DGJZT-DMRM-POS.d,,Find by MRM,,
65,BXXXT_CGC_17_1_POS,,,262.2,,,,,100,,,,3.506,,,1515,0.369,14826,,,,,Acq,,,,,,,,,,,,,,,30,,0403-DGJZT-DMRM-POS.d,,Find by MRM,,
66,JSLJJ_GC_6_2_POS,,,262.2,,,,,100,,,,3.524,,,4581,0.364,43969,,,,,Acq,,,,,,,,,,,,,,,30,,0403-DGJZT-DMRM-POS.d,,Find by MRM,,
67,BXXXT_CGC_17_2_POS,,,262.2,,,,,100,,,,3.524,,,2659,0.348,24612,,,,,Acq,,,,,,,,,,,,,,,30,,0403-DGJZT-DMRM-POS.d,,Find by MRM,,
68,BXXXT_DZ_31_1_POS,,,239.2,,,,,100,,,,3.567,,,4576,0.373,43093,,,,,Acq,,,,,,,,,,,,,,,30,,0403-DGJZT-DMRM-POS.d,,Find by MRM,,
69,BXXXT_DZ_31_2_POS,,,239.2,,,,,100,,,,3.559,,,203,0.371,1874,,,,,Acq,,,,,,,,,,,,,,,30,,0403-DGJZT-DMRM-POS.d,,Find by MRM,,
70,BXXXT_DZ_31_3_POS,,,239.2,,,,,100,,,,3.585,,,264,0.279,2129,,,,,Acq,,,,,,,,,,,,,,,30,,0403-DGJZT-DMRM-POS.d,,Find by MRM,,
71,WPT_FZ_8_2_POS,,,408.3,,,,,100,,,,3.867,,,23,0.1,62,,,,,Acq,,,,,,,,,,,,,,,30,,0403-DGJZT-DMRM-POS.d,,Find by MRM,,
72,WPT_FZ_8_1_POS,,,408.3,,,,,100,,,,3.564,,,10,0.14,35,,,,,Acq,,,,,,,,,,,,,,,30,,0403-DGJZT-DMRM-POS.d,,Find by MRM,,
73,WPT_FZ_9_2_POS,,,378.3,,,,,100,,,,3.42,,,22,0.076,85,,,,,Acq,,,,,,,,,,,,,,,30,,0403-DGJZT-DMRM-POS.d,,Find by MRM,,
74,WPT_FZ_9_1_POS,,,378.3,,,,,100,,,,3.826,,,11,0.067,21,,,,,Acq,,,,,,,,,,,,,,,30,,0403-DGJZT-DMRM-POS.d,,Find by MRM,,
75,DGJZT_BS_8_2_POS,,,637.3,,,,,100,,,,3.779,,,200,0.382,1546,,,,,Acq,,,,,,,,,,,,,,,30,,0403-DGJZT-DMRM-POS.d,,Find by MRM,,
76,DGJZT_BS_8_3_POS,,,637.3,,,,,100,,,,3.779,,,170,0.399,1523,,,,,Acq,,,,,,,,,,,,,,,30,,0403-DGJZT-DMRM-POS.d,,Find by MRM,,
77,DGJZT_BS_8_1_POS,,,637.3,,,,,100,,,,3.78,,,290,0.298,2259,,,,,Acq,,,,,,,,,,,,,,,30,,0403-DGJZT-DMRM-POS.d,,Find by MRM,,
78,THSWT_JHH_28_3_POS,,,613.2,,,,,100,,,,3.721,,,4,0.143,13,,,,,Acq,,,,,,,,,,,,,,,30,,0403-DGJZT-DMRM-POS.d,,Find by MRM,,
79,THSWT_JHH_28_1_POS,,,613.2,,,,,100,,,,3.798,,,4,0.067,11,,,,,Acq,,,,,,,,,,,,,,,30,,0403-DGJZT-DMRM-POS.d,,Find by MRM,,
80,THSWT_JHH_27_1_POS,,,451.1,,,,,100,,,,3.597,,,5,0.073,17,,,,,Acq,,,,,,,,,,,,,,,30,,0403-DGJZT-DMRM-POS.d,,Find by MRM,,
81,THSWT_JHH_27_2_POS,,,451.1,,,,,100,,,,3.807,,,11,0.152,57,,,,,Acq,,,,,,,,,,,,,,,30,,0403-DGJZT-DMRM-POS.d,,Find by MRM,,
82,THSWT_JHH_32_2_POS,,,641.1,,,,,100,,,,3.786,,,7,0.151,24,,,,,Acq,,,,,,,,,,,,,,,30,,0403-DGJZT-DMRM-POS.d,,Find by MRM,,
83,THSWT_JHH_32_1_POS,,,641.1,,,,,100,,,,3.745,,,5,0.142,23,,,,,Acq,,,,,,,,,,,,,,,30,,0403-DGJZT-DMRM-POS.d,,Find by MRM,,
84,WPT_FZ_11_3_POS,,,358.2,,,,,100,,,,3.901,,,12,0.197,53,,,,,Acq,,,,,,,,,,,,,,,30,,0403-DGJZT-DMRM-POS.d,,Find by MRM,,
85,WPT_FZ_11_1_POS,,,358.2,,,,,100,,,,3.836,,,17,0.147,80,,,,,Acq,,,,,,,,,,,,,,,30,,0403-DGJZT-DMRM-POS.d,,Find by MRM,,
86,WPT_GC_13_1_POS,,,433.1,,,,,100,,,,4.132,,,19783,0.375,178399,,,,,Acq,,,,,,,,,,,,,,,30,,0403-DGJZT-DMRM-POS.d,,Find by MRM,,
87,DGJZT_CGC_17_1_POS,,,433.1,,,,,100,,,,4.132,,,15435,0.372,139597,,,,,Acq,,,,,,,,,,,,,,,30,,0403-DGJZT-DMRM-POS.d,,Find by MRM,,
88,JSLJJ_GC_8_1_POS,,,433.1,,,,,100,,,,4.133,,,16168,0.385,148034,,,,,Acq,,,,,,,,,,,,,,,30,,0403-DGJZT-DMRM-POS.d,,Find by MRM,,
89,QWS_HL_27_2_POS,,,506.2,,,,,100,,,,4.205,,,5,0.055,9,,,,,Acq,,,,,,,,,,,,,,,30,,0403-DGJZT-DMRM-POS.d,,Find by MRM,,
90,BXXXT_HL_1_2_POS,,,506.2,,,,,100,,,,4.032,,,16,0.154,60,,,,,Acq,,,,,,,,,,,,,,,30,,0403-DGJZT-DMRM-POS.d,,Find by MRM,,
91,DGJZT_CGC_18_1_POS,,,257.1,,,,,100,,,,4.179,,,2937,0.418,30602,,,,,Acq,,,,,,,,,,,,,,,30,,0403-DGJZT-DMRM-POS.d,,Find by MRM,,
92,BXXXT_CGC_20_1_POS,,,257.1,,,,,100,,,,4.171,,,2749,0.436,29954,,,,,Acq,,,,,,,,,,,,,,,30,,0403-DGJZT-DMRM-POS.d,,Find by MRM,,
93,WPT_DH_44_3_POS,,,291.1,,,,,100,,,,4.219,,,8068,0.45,94391,,,,,Acq,,,,,,,,,,,,,,,30,,0403-DGJZT-DMRM-POS.d,,Find by MRM,,
94,WPT_DH_44_2_POS,,,291.1,,,,,100,,,,4.219,,,25653,0.373,280143,,,,,Acq,,,,,,,,,,,,,,,30,,0403-DGJZT-DMRM-POS.d,,Find by MRM,,
95,WPT_DH_44_1_POS,,,291.1,,,,,100,,,,4.22,,,22207,0.457,256344,,,,,Acq,,,,,,,,,,,,,,,30,,0403-DGJZT-DMRM-POS.d,,Find by MRM,,
96,DGJZT_DG_23_3_POS,,,305.1,,,,,100,,,,4.284,,,2143,0.373,20995,,,,,Acq,,,,,,,,,,,,,,,30,,0403-DGJZT-DMRM-POS.d,,Find by MRM,,
97,DGJZT_DG_23_1_POS,,,305.1,,,,,100,,,,4.293,,,967,0.355,9387,,,,,Acq,,,,,,,,,,,,,,,30,,0403-DGJZT-DMRM-POS.d,,Find by MRM,,
98,DGJZT_DG_23_2_POS,,,305.1,,,,,100,,,,4.285,,,593,0.368,5699,,,,,Acq,,,,,,,,,,,,,,,30,,0403-DGJZT-DMRM-POS.d,,Find by MRM,,
99,WPT_FZ_14_1_POS,,,454.3,,,,,100,,,,4.365,,,16,0.059,30,,,,,Acq,,,,,,,,,,,,,,,30,,0403-DGJZT-DMRM-POS.d,,Find by MRM,,
100,WPT_FZ_14_2_POS,,,454.3,,,,,100,,,,4.123,,,14,0.121,55,,,,,Acq,,,,,,,,,,,,,,,30,,0403-DGJZT-DMRM-POS.d,,Find by MRM,,
101,WPT_FZ_15_1_POS,,,438.3,,,,,100,,,,4.567,,,11,0.082,25,,,,,Acq,,,,,,,,,,,,,,,30,,0403-DGJZT-DMRM-POS.d,,Find by MRM,,
102,WPT_FZ_15_3_POS,,,438.3,,,,,100,,,,4.651,,,6,0.109,22,,,,,Acq,,,,,,,,,,,,,,,30,,0403-DGJZT-DMRM-POS.d,,Find by MRM,,
103,WPT_FZ_15_2_POS,,,438.3,,,,,100,,,,4.468,,,4,0.094,11,,,,,Acq,,,,,,,,,,,,,,,30,,0403-DGJZT-DMRM-POS.d,,Find by MRM,,
104,BXXXT_DZ_32_3_POS,,,286.1,,,,,100,,,,4.604,,,1042,0.402,11329,,,,,Acq,,,,,,,,,,,,,,,30,,0403-DGJZT-DMRM-POS.d,,Find by MRM,,
105,BXXXT_DZ_32_2_POS,,,286.1,,,,,100,,,,4.613,,,663,0.383,6482,,,,,Acq,,,,,,,,,,,,,,,30,,0403-DGJZT-DMRM-POS.d,,Find by MRM,,
106,BXXXT_DZ_32_1_POS,,,286.1,,,,,100,,,,4.614,,,8549,0.406,89689,,,,,Acq,,,,,,,,,,,,,,,30,,0403-DGJZT-DMRM-POS.d,,Find by MRM,,
107,QWS_SM_15_3_POS,,,502.2,,,,,100,,,,4.884,,,20,0.193,86,,,,,Acq,,,,,,,,,,,,,,,30,,0403-DGJZT-DMRM-POS.d,,Find by MRM,,
108,QWS_SM_15_2_POS,,,502.2,,,,,100,,,,4.675,,,10,0.109,29,,,,,Acq,,,,,,,,,,,,,,,30,,0403-DGJZT-DMRM-POS.d,,Find by MRM,,
109,QWS_SM_15_1_POS,,,502.2,,,,,100,,,,4.44,,,2,0.095,6,,,,,Acq,,,,,,,,,,,,,,,30,,0403-DGJZT-DMRM-POS.d,,Find by MRM,,
110,JSLJJ_DG_21_3_POS,,,307.1,,,,,100,,,,4.687,,,1937,0.553,21553,,,,,Acq,,,,,,,,,,,,,,,30,,0403-DGJZT-DMRM-POS.d,,Find by MRM,,
111,DGJZT_GZ_5_1_POS,,,328.2,,,,,100,,,,4.897,,,664,0.334,6414,,,,,Acq,,,,,,,,,,,,,,,30,,0403-DGJZT-DMRM-POS.d,,Find by MRM,,
112,THSWT_JHH_38_1_POS,,,773.2,,,,,100,,,,4.908,,,17,0.101,69,,,,,Acq,,,,,,,,,,,,,,,30,,0403-DGJZT-DMRM-POS.d,,Find by MRM,,
113,QWS_HL_46_1_POS,,,342.2,,,,,100,,,,5.078,,,4947,0.287,47007,,,,,Acq,,,,,,,,,,,,,,,30,,0403-DGJZT-DMRM-POS.d,,Find by MRM,,
114,QWS_HL_46_2_POS,,,342.2,,,,,100,,,,5.079,,,1033,0.259,9393,,,,,Acq,,,,,,,,,,,,,,,30,,0403-DGJZT-DMRM-POS.d,,Find by MRM,,
115,QWS_HL_46_3_POS,,,342.2,,,,,100,,,,5.071,,,1430,0.306,14872,,,,,Acq,,,,,,,,,,,,,,,30,,0403-DGJZT-DMRM-POS.d,,Find by MRM,,
116,THSWT_JBS_11_1_POS,,,983.3,,,,,100,,,,5.134,,,56601,0.46,1302854,,,,,Acq,,,,,,,,,,,,,,,30,,0403-DGJZT-DMRM-POS.d,,Find by MRM,,
117,THSWT_JHH_43_3_POS,,,627.2,,,,,100,,,,4.959,,,18,0.107,80,,,,,Acq,,,,,,,,,,,,,,,30,,0403-DGJZT-DMRM-POS.d,,Find by MRM,,
118,THSWT_JHH_43_1_POS,,,627.2,,,,,100,,,,4.892,,,30,0.101,127,,,,,Acq,,,,,,,,,,,,,,,30,,0403-DGJZT-DMRM-POS.d,,Find by MRM,,
119,THSWT_JBS_10_2_POS,,,481.2,,,,,100,,,,5.136,,,188496,0.357,2272322,,,,,Acq,,,,,,,,,,,,,,,30,,0403-DGJZT-DMRM-POS.d,,Find by MRM,,
120,THSWT_JBS_10_3_POS,,,481.2,,,,,100,,,,5.128,,,35192,0.356,422165,,,,,Acq,,,,,,,,,,,,,,,30,,0403-DGJZT-DMRM-POS.d,,Find by MRM,,
121,THSWT_JBS_10_1_POS,,,481.2,,,,,100,,,,5.137,,,653934,0.38,8615690,,,,,Acq,,,,,,,,,,,,,,,30,,0403-DGJZT-DMRM-POS.d,,Find by MRM,,
122,WPT_FZ_17_2_POS,,,342.2,,,,,100,,,,5.087,,,1490,0.415,18169,,,,,Acq,,,,,,,,,,,,,,,30,,0403-DGJZT-DMRM-POS.d,,Find by MRM,,
123,WPT_FZ_17_1_POS,,,342.2,,,,,100,,,,5.08,,,634,0.288,6396,,,,,Acq,,,,,,,,,,,,,,,30,,0403-DGJZT-DMRM-POS.d,,Find by MRM,,
124,THSWT_JBS_9_3_POS,,,319.1,,,,,100,,,,5.149,,,8226,0.362,98877,,,,,Acq,,,,,,,,,,,,,,,30,,0403-DGJZT-DMRM-POS.d,,Find by MRM,,
125,THSWT_JBS_9_2_POS,,,319.1,,,,,100,,,,5.132,,,98877,0.363,1188570,,,,,Acq,,,,,,,,,,,,,,,30,,0403-DGJZT-DMRM-POS.d,,Find by MRM,,
126,THSWT_JBS_9_1_POS,,,319.1,,,,,100,,,,5.133,,,73861,0.364,891049,,,,,Acq,,,,,,,,,,,,,,,30,,0403-DGJZT-DMRM-POS.d,,Find by MRM,,
127,THSWT_JBS_8_1_POS,,,197.1,,,,,100,,,,5.116,,,7928,0.354,93039,,,,,Acq,,,,,,,,,,,,,,,30,,0403-DGJZT-DMRM-POS.d,,Find by MRM,,
128,THSWT_JHH_47_2_POS,,,625.1,,,,,100,,,,5.311,,,7,0.24,34,,,,,Acq,,,,,,,,,,,,,,,30,,0403-DGJZT-DMRM-POS.d,,Find by MRM,,
129,THSWT_JHH_47_1_POS,,,625.1,,,,,100,,,,5.127,,,3,0.042,5,,,,,Acq,,,,,,,,,,,,,,,30,,0403-DGJZT-DMRM-POS.d,,Find by MRM,,
130,QWS_SM_18_1_POS,,,469.2,,,,,100,,,,5.504,,,21,0.241,177,,,,,Acq,,,,,,,,,,,,,,,30,,0403-DGJZT-DMRM-POS.d,,Find by MRM,,
131,QWS_HL_52_3_POS,,,369.1,,,,,100,,,,5.415,,,364,0.395,4358,,,,,Acq,,,,,,,,,,,,,,,30,,0403-DGJZT-DMRM-POS.d,,Find by MRM,,
132,QWS_HL_52_1_POS,,,369.1,,,,,100,,,,5.425,,,479,0.379,5331,,,,,Acq,,,,,,,,,,,,,,,30,,0403-DGJZT-DMRM-POS.d,,Find by MRM,,
133,FZT_PFP_99_1_POS,,,466.2,,,,,100,,,,5.729,,,6,0.13,27,,,,,Acq,,,,,,,,,,,,,,,30,,0403-DGJZT-DMRM-POS.d,,Find by MRM,,
134,DGJZT_DZ_38_2_POS,,,314.2,,,,,100,,,,5.864,,,491,0.385,5693,,,,,Acq,,,,,,,,,,,,,,,30,,0403-DGJZT-DMRM-POS.d,,Find by MRM,,
135,DGJZT_DZ_38_1_POS,,,314.2,,,,,100,,,,5.866,,,2434,0.402,28067,,,,,Acq,,,,,,,,,,,,,,,30,,0403-DGJZT-DMRM-POS.d,,Find by MRM,,
136,FZT_PFP_102_1_POS,,,480.3,,,,,100,,,,6.061,,,12,0.25,103,,,,,Acq,,,,,,,,,,,,,,,30,,0403-DGJZT-DMRM-POS.d,,Find by MRM,,
137,BXXXT_HQ_3_1_POS,,,305.1,,,,,100,,,,6.059,,,16,0.285,162,,,,,Acq,,,,,,,,,,,,,,,30,,0403-DGJZT-DMRM-POS.d,,Find by MRM,,
138,FZT_PFP_105_1_POS,,,452.3,,,,,100,,,,5.913,,,3,0.124,9,,,,,Acq,,,,,,,,,,,,,,,30,,0403-DGJZT-DMRM-POS.d,,Find by MRM,,
139,WPT_DH_56_3_POS,,,217,,,,,100,,,,6.301,,,25,0.227,169,,,,,Acq,,,,,,,,,,,,,,,30,,0403-DGJZT-DMRM-POS.d,,Find by MRM,,
140,WPT_DH_56_1_POS,,,217,,,,,100,,,,6.26,,,4,0.134,23,,,,,Acq,,,,,,,,,,,,,,,30,,0403-DGJZT-DMRM-POS.d,,Find by MRM,,
141,QWS_HL_64_3_POS,,,340.2,,,,,100,,,,6.626,,,51,0.042,40,,,,,Acq,,,,,,,,,,,,,,,30,,0403-DGJZT-DMRM-POS.d,,Find by MRM,,
142,QWS_HL_64_2_POS,,,340.2,,,,,100,,,,6.422,,,10,0.11,31,,,,,Acq,,,,,,,,,,,,,,,30,,0403-DGJZT-DMRM-POS.d,,Find by MRM,,
143,BXXXT_HL_14_1_POS,,,340.2,,,,,100,,,,6.313,,,5,0.059,11,,,,,Acq,,,,,,,,,,,,,,,30,,0403-DGJZT-DMRM-POS.d,,Find by MRM,,
144,DGJZT_GZ_7_2_POS,,,249.1,,,,,100,,,,6.579,,,1180,0.375,13354,,,,,Acq,,,,,,,,,,,,,,,30,,0403-DGJZT-DMRM-POS.d,,Find by MRM,,
145,DGJZT_GZ_7_1_POS,,,249.1,,,,,100,,,,6.596,,,583,0.188,3444,,,,,Acq,,,,,,,,,,,,,,,30,,0403-DGJZT-DMRM-POS.d,,Find by MRM,,
146,DGJZT_GZ_7_3_POS,,,249.1,,,,,100,,,,6.537,,,560,0.395,6665,,,,,Acq,,,,,,,,,,,,,,,30,,0403-DGJZT-DMRM-POS.d,,Find by MRM,,
147,WPT_DH_57_1_POS,,,463.1,,,,,100,,,,6.584,,,30,0.155,113,,,,,Acq,,,,,,,,,,,,,,,30,,0403-DGJZT-DMRM-POS.d,,Find by MRM,,
148,BXXXT_HL_15_1_POS,,,356.2,,,,,100,,,,6.728,,,12,0.135,50,,,,,Acq,,,,,,,,,,,,,,,30,,0403-DGJZT-DMRM-POS.d,,Find by MRM,,
149,BXXXT_CGC_26_3_POS,,,257.1,,,,,100,,,,6.602,,,7764,0.262,75352,,,,,Acq,,,,,,,,,,,,,,,30,,0403-DGJZT-DMRM-POS.d,,Find by MRM,,
150,WPT_GC_26_3_POS,,,257.1,,,,,100,,,,6.586,,,6088,0.441,80328,,,,,Acq,,,,,,,,,,,,,,,30,,0403-DGJZT-DMRM-POS.d,,Find by MRM,,
151,BXXXT_CGC_23_3_POS,,,257.1,,,,,100,,,,6.577,,,5325,0.339,60068,,,,,Acq,,,,,,,,,,,,,,,30,,0403-DGJZT-DMRM-POS.d,,Find by MRM,,
152,BXXXT_CGC_26_1_POS,,,257.1,,,,,100,,,,6.594,,,40638,0.272,385870,,,,,Acq,,,,,,,,,,,,,,,30,,0403-DGJZT-DMRM-POS.d,,Find by MRM,,
153,BXXXT_CGC_23_1_POS,,,257.1,,,,,100,,,,6.603,,,26282,0.256,252780,,,,,Acq,,,,,,,,,,,,,,,30,,0403-DGJZT-DMRM-POS.d,,Find by MRM,,
154,WPT_GC_26_1_POS,,,257.1,,,,,100,,,,6.603,,,26572,0.264,253400,,,,,Acq,,,,,,,,,,,,,,,30,,0403-DGJZT-DMRM-POS.d,,Find by MRM,,
155,WPT_GC_20_1_POS,,,257.1,,,,,100,,,,6.603,,,33717,0.323,384559,,,,,Acq,,,,,,,,,,,,,,,30,,0403-DGJZT-DMRM-POS.d,,Find by MRM,,
156,BXXXT_CGC_23_2_POS,,,257.1,,,,,100,,,,6.587,,,9820,0.258,88207,,,,,Acq,,,,,,,,,,,,,,,30,,0403-DGJZT-DMRM-POS.d,,Find by MRM,,
157,WPT_GC_26_2_POS,,,257.1,,,,,100,,,,6.604,,,7257,0.258,66920,,,,,Acq,,,,,,,,,,,,,,,30,,0403-DGJZT-DMRM-POS.d,,Find by MRM,,
158,BXXXT_CGC_26_2_POS,,,257.1,,,,,100,,,,6.587,,,10378,0.43,138080,,,,,Acq,,,,,,,,,,,,,,,30,,0403-DGJZT-DMRM-POS.d,,Find by MRM,,
159,WPT_GC_20_2_POS,,,257.1,,,,,100,,,,6.596,,,7323,0.256,66836,,,,,Acq,,,,,,,,,,,,,,,30,,0403-DGJZT-DMRM-POS.d,,Find by MRM,,
160,QWS_HL_66_2_POS,,,486.2,,,,,100,,,,6.641,,,14,0.064,31,,,,,Acq,,,,,,,,,,,,,,,30,,0403-DGJZT-DMRM-POS.d,,Find by MRM,,
161,BXXXT_HL_16_3_POS,,,486.2,,,,,100,,,,6.843,,,28,0.185,107,,,,,Acq,,,,,,,,,,,,,,,30,,0403-DGJZT-DMRM-POS.d,,Find by MRM,,
162,BXXXT_HL_16_1_POS,,,486.2,,,,,100,,,,6.607,,,33,0.241,207,,,,,Acq,,,,,,,,,,,,,,,30,,0403-DGJZT-DMRM-POS.d,,Find by MRM,,
163,THSWT_JHH_65_1_POS,,,1045.3,,,,,100,,,,6.773,,,1,0.126,2,,,,,Acq,,,,,,,,,,,,,,,30,,0403-DGJZT-DMRM-POS.d,,Find by MRM,,
164,BXXXT_HQ_9_1_POS,,,549.2,,,,,100,,,,6.766,,,24,0.118,75,,,,,Acq,,,,,,,,,,,,,,,30,,0403-DGJZT-DMRM-POS.d,,Find by MRM,,
165,BXXXT_HQ_9_3_POS,,,549.2,,,,,100,,,,6.884,,,4,0.073,8,,,,,Acq,,,,,,,,,,,,,,,30,,0403-DGJZT-DMRM-POS.d,,Find by MRM,,
166,QWS_HL_67_2_POS,,,470.1,,,,,100,,,,6.793,,,60,0.093,170,,,,,Acq,,,,,,,,,,,,,,,30,,0403-DGJZT-DMRM-POS.d,,Find by MRM,,
167,QWS_HL_67_1_POS,,,470.1,,,,,100,,,,6.734,,,22,0.271,200,,,,,Acq,,,,,,,,,,,,,,,30,,0403-DGJZT-DMRM-POS.d,,Find by MRM,,
168,THSWT_JBS_21_1_POS,,,633.2,,,,,100,,,,6.765,,,18737,0.387,216255,,,,,Acq,,,,,,,,,,,,,,,30,,0403-DGJZT-DMRM-POS.d,,Find by MRM,,
169,FZT_BS_33_1_POS,,,633.2,,,,,100,,,,6.791,,,10240,0.422,117055,,,,,Acq,,,,,,,,,,,,,,,30,,0403-DGJZT-DMRM-POS.d,,Find by MRM,,
170,FZT_BS_33_3_POS,,,633.2,,,,,100,,,,6.765,,,1873,0.423,20828,,,,,Acq,,,,,,,,,,,,,,,30,,0403-DGJZT-DMRM-POS.d,,Find by MRM,,
171,THSWT_JBS_21_2_POS,,,633.2,,,,,100,,,,6.791,,,22724,0.412,258691,,,,,Acq,,,,,,,,,,,,,,,30,,0403-DGJZT-DMRM-POS.d,,Find by MRM,,
172,FZT_BS_33_2_POS,,,633.2,,,,,100,,,,6.791,,,16280,0.421,187324,,,,,Acq,,,,,,,,,,,,,,,30,,0403-DGJZT-DMRM-POS.d,,Find by MRM,,
173,BXXXT_CGC_29_1_POS,,,544.2,,,,,100,,,,6.758,,,4948,0.49,73309,,,,,Acq,,,,,,,,,,,,,,,30,,0403-DGJZT-DMRM-POS.d,,Find by MRM,,
174,FZT_PFP_116_2_POS,,,464.3,,,,,100,,,,6.76,,,10,0.118,22,,,,,Acq,,,,,,,,,,,,,,,30,,0403-DGJZT-DMRM-POS.d,,Find by MRM,,
175,FZT_PFP_116_1_POS,,,464.3,,,,,100,,,,7.005,,,0,0.127,1,,,,,Acq,,,,,,,,,,,,,,,30,,0403-DGJZT-DMRM-POS.d,,Find by MRM,,
176,QWS_SM_21_1_POS,,,307.1,,,,,100,,,,6.864,,,17,0.097,50,,,,,Acq,,,,,,,,,,,,,,,30,,0403-DGJZT-DMRM-POS.d,,Find by MRM,,
177,QWS_SM_21_3_POS,,,307.1,,,,,100,,,,6.907,,,23,0.152,166,,,,,Acq,,,,,,,,,,,,,,,30,,0403-DGJZT-DMRM-POS.d,,Find by MRM,,
178,FZT_BS_35_3_POS,,,493.1,,,,,100,,,,6.826,,,346,0.39,3532,,,,,Acq,,,,,,,,,,,,,,,30,,0403-DGJZT-DMRM-POS.d,,Find by MRM,,
179,BXXXT_HL_17_2_POS,,,470.1,,,,,100,,,,6.76,,,29,0.075,70,,,,,Acq,,,,,,,,,,,,,,,30,,0403-DGJZT-DMRM-POS.d,,Find by MRM,,
180,BXXXT_HL_17_1_POS,,,470.1,,,,,100,,,,6.836,,,27,0.168,142,,,,,Acq,,,,,,,,,,,,,,,30,,0403-DGJZT-DMRM-POS.d,,Find by MRM,,
181,JSLJJ_CP_21_2_POS,,,463.1,,,,,100,,,,7.137,,,16,0.058,7,,,,,Acq,,,,,,,,,,,,,,,30,,0403-DGJZT-DMRM-POS.d,,Find by MRM,,
182,QWS_HL_68_1_POS,,,372.2,,,,,100,,,,6.973,,,10,0.153,23,,,,,Acq,,,,,,,,,,,,,,,30,,0403-DGJZT-DMRM-POS.d,,Find by MRM,,
183,QWS_SM_22_2_POS,,,506.2,,,,,100,,,,7.02,,,18,0.093,38,,,,,Acq,,,,,,,,,,,,,,,30,,0403-DGJZT-DMRM-POS.d,,Find by MRM,,
184,QWS_SM_22_1_POS,,,506.2,,,,,100,,,,6.784,,,41,0.135,160,,,,,Acq,,,,,,,,,,,,,,,30,,0403-DGJZT-DMRM-POS.d,,Find by MRM,,
185,WPT_DH_67_1_POS,,,419.1,,,,,100,,,,6.947,,,48,0.067,87,,,,,Acq,,,,,,,,,,,,,,,30,,0403-DGJZT-DMRM-POS.d,,Find by MRM,,
186,QWS_HL_70_3_POS,,,324.1,,,,,100,,,,7.006,,,27,0.203,118,,,,,Acq,,,,,,,,,,,,,,,30,,0403-DGJZT-DMRM-POS.d,,Find by MRM,,
187,BXXXT_HL_19_1_POS,,,324.1,,,,,100,,,,6.737,,,26,0.113,98,,,,,Acq,,,,,,,,,,,,,,,30,,0403-DGJZT-DMRM-POS.d,,Find by MRM,,
188,WPT_DH_67_2_POS,,,419.1,,,,,100,,,,7.213,,,67,0.073,97,,,,,Acq,,,,,,,,,,,,,,,30,,0403-DGJZT-DMRM-POS.d,,Find by MRM,,
189,BXXXT_HL_19_3_POS,,,324.1,,,,,100,,,,6.77,,,20,0.106,54,,,,,Acq,,,,,,,,,,,,,,,30,,0403-DGJZT-DMRM-POS.d,,Find by MRM,,
190,WPT_FZ_22_2_POS,,,606.3,,,,,100,,,,6.808,,,0,0.169,1,,,,,Acq,,,,,,,,,,,,,,,30,,0403-DGJZT-DMRM-POS.d,,Find by MRM,,
191,BXXXT_HQ_12_2_POS,,,303,,,,,100,,,,7.367,,,42,0.093,122,,,,,Acq,,,,,,,,,,,,,,,30,,0403-DGJZT-DMRM-POS.d,,Find by MRM,,
192,THSWT_JHH_69_2_POS,,,595.2,,,,,100,,,,7.204,,,184,0.278,1847,,,,,Acq,,,,,,,,,,,,,,,30,,0403-DGJZT-DMRM-POS.d,,Find by MRM,,
193,THSWT_JHH_69_1_POS,,,595.2,,,,,100,,,,7.187,,,231,0.337,2007,,,,,Acq,,,,,,,,,,,,,,,30,,0403-DGJZT-DMRM-POS.d,,Find by MRM,,
194,QWS_SM_24_2_POS,,,177.1,,,,,100,,,,7.393,,,21,0.051,65,,,,,Acq,,,,,,,,,,,,,,,30,,0403-DGJZT-DMRM-POS.d,,Find by MRM,,
195,QWS_SM_24_1_POS,,,177.1,,,,,100,,,,7.326,,,43,0.084,249,,,,,Acq,,,,,,,,,,,,,,,30,,0403-DGJZT-DMRM-POS.d,,Find by MRM,,
196,QWS_SM_24_3_POS,,,177.1,,,,,100,,,,7.444,,,27,0.017,22,,,,,Acq,,,,,,,,,,,,,,,30,,0403-DGJZT-DMRM-POS.d,,Find by MRM,,
197,THSWT_JHH_71_3_POS,,,625.2,,,,,100,,,,7.269,,,243,0.188,1262,,,,,Acq,,,,,,,,,,,,,,,30,,0403-DGJZT-DMRM-POS.d,,Find by MRM,,
198,THSWT_JHH_73_3_POS,,,625.2,,,,,100,,,,7.294,,,188,0.427,2151,,,,,Acq,,,,,,,,,,,,,,,30,,0403-DGJZT-DMRM-POS.d,,Find by MRM,,
199,THSWT_JHH_71_1_POS,,,625.2,,,,,100,,,,7.286,,,259,0.418,3032,,,,,Acq,,,,,,,,,,,,,,,30,,0403-DGJZT-DMRM-POS.d,,Find by MRM,,
200,THSWT_JHH_73_1_POS,,,625.2,,,,,100,,,,7.312,,,147,0.412,1731,,,,,Acq,,,,,,,,,,,,,,,30,,0403-DGJZT-DMRM-POS.d,,Find by MRM,,
201,QWS_HL_72_1_POS,,,324.1,,,,,100,,,,7.331,,,92,0.343,824,,,,,Acq,,,,,,,,,,,,,,,30,,0403-DGJZT-DMRM-POS.d,,Find by MRM,,
202,QWS_HL_72_2_POS,,,324.1,,,,,100,,,,7.365,,,56,0.231,438,,,,,Acq,,,,,,,,,,,,,,,30,,0403-DGJZT-DMRM-POS.d,,Find by MRM,,
203,QWS_HL_74_1_POS,,,322.1,,,,,100,,,,7.374,,,98,0.31,1126,,,,,Acq,,,,,,,,,,,,,,,30,,0403-DGJZT-DMRM-POS.d,,Find by MRM,,
204,BXXXT_HL_23_1_POS,,,322.1,,,,,100,,,,7.382,,,131,0.208,873,,,,,Acq,,,,,,,,,,,,,,,30,,0403-DGJZT-DMRM-POS.d,,Find by MRM,,
205,BXXXT_HL_23_2_POS,,,322.1,,,,,100,,,,7.426,,,54,0.261,246,,,,,Acq,,,,,,,,,,,,,,,30,,0403-DGJZT-DMRM-POS.d,,Find by MRM,,
206,BXXXT_HL_23_3_POS,,,322.1,,,,,100,,,,7.426,,,21,0.168,100,,,,,Acq,,,,,,,,,,,,,,,30,,0403-DGJZT-DMRM-POS.d,,Find by MRM,,
207,WPT_DH_71_1_POS,,,235.1,,,,,100,,,,7.553,,,9,0.166,41,,,,,Acq,,,,,,,,,,,,,,,30,,0403-DGJZT-DMRM-POS.d,,Find by MRM,,
208,BXXXT_HQ_14_3_POS,,,461.1,,,,,100,,,,7.708,,,9,0.152,37,,,,,Acq,,,,,,,,,,,,,,,30,,0403-DGJZT-DMRM-POS.d,,Find by MRM,,
209,THSWT_JBS_24_2_POS,,,633.2,,,,,100,,,,7.57,,,30327,0.416,354239,,,,,Acq,,,,,,,,,,,,,,,30,,0403-DGJZT-DMRM-POS.d,,Find by MRM,,
210,DGJZT_BS_25_3_POS,,,633.2,,,,,100,,,,7.587,,,2104,0.359,22021,,,,,Acq,,,,,,,,,,,,,,,30,,0403-DGJZT-DMRM-POS.d,,Find by MRM,,
211,FZT_BS_38_3_POS,,,633.2,,,,,100,,,,7.579,,,1569,0.412,18361,,,,,Acq,,,,,,,,,,,,,,,30,,0403-DGJZT-DMRM-POS.d,,Find by MRM,,
212,THSWT_JBS_24_1_POS,,,633.2,,,,,100,,,,7.571,,,34462,0.402,397996,,,,,Acq,,,,,,,,,,,,,,,30,,0403-DGJZT-DMRM-POS.d,,Find by MRM,,
213,QWS_HL_76_1_POS,,,352.1,,,,,100,,,,7.893,,,80,0.171,292,,,,,Acq,,,,,,,,,,,,,,,30,,0403-DGJZT-DMRM-POS.d,,Find by MRM,,
214,QWS_HL_76_2_POS,,,352.1,,,,,100,,,,7.909,,,149,0.047,344,,,,,Acq,,,,,,,,,,,,,,,30,,0403-DGJZT-DMRM-POS.d,,Find by MRM,,
215,BXXXT_HQ_15_1_POS,,,417.1,,,,,100,,,,7.539,,,9,0.167,29,,,,,Acq,,,,,,,,,,,,,,,30,,0403-DGJZT-DMRM-POS.d,,Find by MRM,,
216,BXXXT_HL_24_2_POS,,,352.1,,,,,100,,,,7.943,,,92,0.076,149,,,,,Acq,,,,,,,,,,,,,,,30,,0403-DGJZT-DMRM-POS.d,,Find by MRM,,
217,BXXXT_HL_24_3_POS,,,352.1,,,,,100,,,,7.91,,,56,0.073,132,,,,,Acq,,,,,,,,,,,,,,,30,,0403-DGJZT-DMRM-POS.d,,Find by MRM,,
218,BXXXT_HL_24_1_POS,,,352.1,,,,,100,,,,7.678,,,43,0.108,148,,,,,Acq,,,,,,,,,,,,,,,30,,0403-DGJZT-DMRM-POS.d,,Find by MRM,,
219,QWS_HL_79_1_POS,,,354.2,,,,,100,,,,7.667,,,21,0.112,65,,,,,Acq,,,,,,,,,,,,,,,30,,0403-DGJZT-DMRM-POS.d,,Find by MRM,,
220,JSLJJ_CP_30_3_POS,,,611.2,,,,,100,,,,7.823,,,190,0.259,1429,,,,,Acq,,,,,,,,,,,,,,,30,,0403-DGJZT-DMRM-POS.d,,Find by MRM,,
221,JSLJJ_CP_30_2_POS,,,611.2,,,,,100,,,,7.824,,,21,0.416,213,,,,,Acq,,,,,,,,,,,,,,,30,,0403-DGJZT-DMRM-POS.d,,Find by MRM,,
222,JSLJJ_CP_29_2_POS,,,465.1,,,,,100,,,,7.791,,,32,0.299,183,,,,,Acq,,,,,,,,,,,,,,,30,,0403-DGJZT-DMRM-POS.d,,Find by MRM,,
223,BXXXT_HL_25_2_POS,,,354.2,,,,,100,,,,7.883,,,11,0.142,45,,,,,Acq,,,,,,,,,,,,,,,30,,0403-DGJZT-DMRM-POS.d,,Find by MRM,,
224,JSLJJ_CP_27_1_POS,,,303.1,,,,,100,,,,7.819,,,46,0.382,668,,,,,Acq,,,,,,,,,,,,,,,30,,0403-DGJZT-DMRM-POS.d,,Find by MRM,,
225,DGJZT_DZ_43_1_POS,,,673.3,,,,,100,,,,8.023,,,121,0.371,1479,,,,,Acq,,,,,,,,,,,,,,,30,,0403-DGJZT-DMRM-POS.d,,Find by MRM,,
226,BXXXT_HL_28_3_POS,,,502.2,,,,,100,,,,7.824,,,12,0.103,34,,,,,Acq,,,,,,,,,,,,,,,30,,0403-DGJZT-DMRM-POS.d,,Find by MRM,,
227,WPT_DH_76_1_POS,,,233.1,,,,,100,,,,8.112,,,1,0.094,5,,,,,Acq,,,,,,,,,,,,,,,30,,0403-DGJZT-DMRM-POS.d,,Find by MRM,,
228,BXXXT_CGC_31_2_POS,,,273.1,,,,,100,,,,7.994,,,2552,0.524,29310,,,,,Acq,,,,,,,,,,,,,,,30,,0403-DGJZT-DMRM-POS.d,,Find by MRM,,
229,BXXXT_CGC_31_1_POS,,,273.1,,,,,100,,,,8.003,,,2326,0.482,24197,,,,,Acq,,,,,,,,,,,,,,,30,,0403-DGJZT-DMRM-POS.d,,Find by MRM,,
230,DGJZT_CGC_30_1_POS,,,273.1,,,,,100,,,,8.012,,,1290,0.444,14283,,,,,Acq,,,,,,,,,,,,,,,30,,0403-DGJZT-DMRM-POS.d,,Find by MRM,,
231,WPT_GC_33_1_POS,,,273.1,,,,,100,,,,8.004,,,1288,0.374,13429,,,,,Acq,,,,,,,,,,,,,,,30,,0403-DGJZT-DMRM-POS.d,,Find by MRM,,
232,DGJZT_DG_30_1_POS,,,207.1,,,,,100,,,,8.146,,,321,0.408,4631,,,,,Acq,,,,,,,,,,,,,,,30,,0403-DGJZT-DMRM-POS.d,,Find by MRM,,
233,FZT_BS_40_3_POS,,,983.3,,,,,100,,,,8.157,,,31700,0.429,434426,,,,,Acq,,,,,,,,,,,,,,,30,,0403-DGJZT-DMRM-POS.d,,Find by MRM,,
234,FZT_BS_40_1_POS,,,983.3,,,,,100,,,,8.149,,,31150,0.43,425579,,,,,Acq,,,,,,,,,,,,,,,30,,0403-DGJZT-DMRM-POS.d,,Find by MRM,,
235,THSWT_JBS_26_2_POS,,,481.2,,,,,100,,,,8.15,,,36819,0.472,464902,,,,,Acq,,,,,,,,,,,,,,,30,,0403-DGJZT-DMRM-POS.d,,Find by MRM,,
236,THSWT_JBS_26_3_POS,,,481.2,,,,,100,,,,8.151,,,111096,0.476,1428710,,,,,Acq,,,,,,,,,,,,,,,30,,0403-DGJZT-DMRM-POS.d,,Find by MRM,,
237,THSWT_JBS_26_1_POS,,,481.2,,,,,100,,,,8.143,,,108923,0.476,1386337,,,,,Acq,,,,,,,,,,,,,,,30,,0403-DGJZT-DMRM-POS.d,,Find by MRM,,
238,FZT_BS_41_3_POS,,,197.1,,,,,100,,,,8.172,,,2090,0.45,27478,,,,,Acq,,,,,,,,,,,,,,,30,,0403-DGJZT-DMRM-POS.d,,Find by MRM,,
239,FZT_BS_41_1_POS,,,197.1,,,,,100,,,,8.139,,,4266,0.482,54552,,,,,Acq,,,,,,,,,,,,,,,30,,0403-DGJZT-DMRM-POS.d,,Find by MRM,,
240,FZT_BS_41_2_POS,,,197.1,,,,,100,,,,8.172,,,1460,0.507,19160,,,,,Acq,,,,,,,,,,,,,,,30,,0403-DGJZT-DMRM-POS.d,,Find by MRM,,
241,QWS_HL_100_3_POS,,,338.1,,,,,100,,,,8.478,,,28,0.144,225,,,,,Acq,,,,,,,,,,,,,,,30,,0403-DGJZT-DMRM-POS.d,,Find by MRM,,
242,BXXXT_HQ_16_2_POS,,,301.1,,,,,100,,,,8.269,,,36,0.1,114,,,,,Acq,,,,,,,,,,,,,,,30,,0403-DGJZT-DMRM-POS.d,,Find by MRM,,
243,FZT_PFP_129_2_POS,,,590.3,,,,,100,,,,8.518,,,5,0.102,11,,,,,Acq,,,,,,,,,,,,,,,30,,0403-DGJZT-DMRM-POS.d,,Find by MRM,,
244,FZT_PFP_129_1_POS,,,590.3,,,,,100,,,,8.637,,,8,0.092,18,,,,,Acq,,,,,,,,,,,,,,,30,,0403-DGJZT-DMRM-POS.d,,Find by MRM,,
245,WPT_FZ_24_3_POS,,,590.3,,,,,100,,,,8.466,,,4,0.102,8,,,,,Acq,,,,,,,,,,,,,,,30,,0403-DGJZT-DMRM-POS.d,,Find by MRM,,
246,WPT_FZ_24_2_POS,,,590.3,,,,,100,,,,8.527,,,8,0.101,18,,,,,Acq,,,,,,,,,,,,,,,30,,0403-DGJZT-DMRM-POS.d,,Find by MRM,,
247,WPT_FZ_24_1_POS,,,590.3,,,,,100,,,,8.678,,,13,0.185,82,,,,,Acq,,,,,,,,,,,,,,,30,,0403-DGJZT-DMRM-POS.d,,Find by MRM,,
248,WPT_GC_40_2_POS,,,551.2,,,,,100,,,,8.629,,,7038,0.378,70448,,,,,Acq,,,,,,,,,,,,,,,30,,0403-DGJZT-DMRM-POS.d,,Find by MRM,,
249,JSLJJ_GC_16_2_POS,,,551.2,,,,,100,,,,8.629,,,8330,0.405,103562,,,,,Acq,,,,,,,,,,,,,,,30,,0403-DGJZT-DMRM-POS.d,,Find by MRM,,
250,DGJZT_CGC_34_2_POS,,,551.2,,,,,100,,,,8.629,,,7869,0.38,84142,,,,,Acq,,,,,,,,,,,,,,,30,,0403-DGJZT-DMRM-POS.d,,Find by MRM,,
251,BXXXT_CGC_35_2_POS,,,551.2,,,,,100,,,,8.62,,,9432,0.388,106261,,,,,Acq,,,,,,,,,,,,,,,30,,0403-DGJZT-DMRM-POS.d,,Find by MRM,,
252,BXXXT_CGC_34_3_POS,,,257.1,,,,,100,,,,8.649,,,1166,0.301,10824,,,,,Acq,,,,,,,,,,,,,,,30,,0403-DGJZT-DMRM-POS.d,,Find by MRM,,
253,BXXXT_CGC_34_1_POS,,,257.1,,,,,100,,,,8.65,,,685,0.193,4306,,,,,Acq,,,,,,,,,,,,,,,30,,0403-DGJZT-DMRM-POS.d,,Find by MRM,,
254,WPT_DH_80_3_POS,,,293.1,,,,,100,,,,8.783,,,18,0.076,46,,,,,Acq,,,,,,,,,,,,,,,30,,0403-DGJZT-DMRM-POS.d,,Find by MRM,,
255,WPT_DH_80_2_POS,,,293.1,,,,,100,,,,8.649,,,21,0.126,88,,,,,Acq,,,,,,,,,,,,,,,30,,0403-DGJZT-DMRM-POS.d,,Find by MRM,,
256,WPT_DH_80_1_POS,,,293.1,,,,,100,,,,8.666,,,16,0.201,108,,,,,Acq,,,,,,,,,,,,,,,30,,0403-DGJZT-DMRM-POS.d,,Find by MRM,,
257,JSLJJ_DG_22_2_POS,,,207.1,,,,,100,,,,8.734,,,1379,0.392,18978,,,,,Acq,,,,,,,,,,,,,,,30,,0403-DGJZT-DMRM-POS.d,,Find by MRM,,
258,QWS_DG_21_2_POS,,,207.1,,,,,100,,,,8.717,,,3483,0.369,45456,,,,,Acq,,,,,,,,,,,,,,,30,,0403-DGJZT-DMRM-POS.d,,Find by MRM,,
259,QWS_DG_21_3_POS,,,207.1,,,,,100,,,,8.734,,,3322,0.33,36389,,,,,Acq,,,,,,,,,,,,,,,30,,0403-DGJZT-DMRM-POS.d,,Find by MRM,,
260,QWS_DG_21_1_POS,,,207.1,,,,,100,,,,8.718,,,699,0.314,7204,,,,,Acq,,,,,,,,,,,,,,,30,,0403-DGJZT-DMRM-POS.d,,Find by MRM,,
261,FZT_RS_25_2_POS,,,603.4,,,,,100,,,,8.778,,,15,0.101,32,,,,,Acq,,,,,,,,,,,,,,,30,,0403-DGJZT-DMRM-POS.d,,Find by MRM,,
262,FZT_RS_25_1_POS,,,603.4,,,,,100,,,,8.904,,,14,0.096,37,,,,,Acq,,,,,,,,,,,,,,,30,,0403-DGJZT-DMRM-POS.d,,Find by MRM,,
263,FZT_RS_23_3_POS,,,423.4,,,,,100,,,,8.798,,,19,0.117,66,,,,,Acq,,,,,,,,,,,,,,,30,,0403-DGJZT-DMRM-POS.d,,Find by MRM,,
264,FZT_RS_23_2_POS,,,423.4,,,,,100,,,,8.732,,,12,0.176,49,,,,,Acq,,,,,,,,,,,,,,,30,,0403-DGJZT-DMRM-POS.d,,Find by MRM,,
265,FZT_RS_23_1_POS,,,423.4,,,,,100,,,,8.707,,,9,0.158,34,,,,,Acq,,,,,,,,,,,,,,,30,,0403-DGJZT-DMRM-POS.d,,Find by MRM,,
266,WPT_RS_13_2_POS,,,603.4,,,,,100,,,,9.038,,,9,0.128,39,,,,,Acq,,,,,,,,,,,,,,,30,,0403-DGJZT-DMRM-POS.d,,Find by MRM,,
267,WPT_RS_13_1_POS,,,603.4,,,,,100,,,,8.618,,,11,0.143,47,,,,,Acq,,,,,,,,,,,,,,,30,,0403-DGJZT-DMRM-POS.d,,Find by MRM,,
268,WPT_RS_15_3_POS,,,423.4,,,,,100,,,,9.057,,,28,0.134,91,,,,,Acq,,,,,,,,,,,,,,,30,,0403-DGJZT-DMRM-POS.d,,Find by MRM,,
269,BXXXT_RS_4_2_POS,,,423.4,,,,,100,,,,8.831,,,16,0.099,36,,,,,Acq,,,,,,,,,,,,,,,30,,0403-DGJZT-DMRM-POS.d,,Find by MRM,,
270,BXXXT_RS_4_1_POS,,,423.4,,,,,100,,,,8.84,,,17,0.167,60,,,,,Acq,,,,,,,,,,,,,,,30,,0403-DGJZT-DMRM-POS.d,,Find by MRM,,
271,WPT_RS_15_1_POS,,,423.4,,,,,100,,,,8.631,,,20,0.123,54,,,,,Acq,,,,,,,,,,,,,,,30,,0403-DGJZT-DMRM-POS.d,,Find by MRM,,
272,BXXXT_RS_4_3_POS,,,423.4,,,,,100,,,,8.749,,,30,0.064,52,,,,,Acq,,,,,,,,,,,,,,,30,,0403-DGJZT-DMRM-POS.d,,Find by MRM,,
273,WPT_RS_13_3_POS,,,603.4,,,,,100,,,,8.693,,,8,0.101,15,,,,,Acq,,,,,,,,,,,,,,,30,,0403-DGJZT-DMRM-POS.d,,Find by MRM,,
274,WPT_RS_15_2_POS,,,423.4,,,,,100,,,,8.739,,,14,0.098,44,,,,,Acq,,,,,,,,,,,,,,,30,,0403-DGJZT-DMRM-POS.d,,Find by MRM,,
275,BXXXT_HQ_18_1_POS,,,287.1,,,,,100,,,,9.01,,,15,0.083,45,,,,,Acq,,,,,,,,,,,,,,,30,,0403-DGJZT-DMRM-POS.d,,Find by MRM,,
276,FZT_PFP_133_1_POS,,,540.3,,,,,100,,,,9.03,,,10,0.142,30,,,,,Acq,,,,,,,,,,,,,,,30,,0403-DGJZT-DMRM-POS.d,,Find by MRM,,
277,FZT_PFP_133_2_POS,,,540.3,,,,,100,,,,8.972,,,23,0.14,54,,,,,Acq,,,,,,,,,,,,,,,30,,0403-DGJZT-DMRM-POS.d,,Find by MRM,,
278,WPT_DH_81_1_POS,,,191.1,,,,,100,,,,9.138,,,20,0.12,60,,,,,Acq,,,,,,,,,,,,,,,30,,0403-DGJZT-DMRM-POS.d,,Find by MRM,,
279,WPT_DH_81_3_POS,,,191.1,,,,,100,,,,9.038,,,28,0.186,135,,,,,Acq,,,,,,,,,,,,,,,30,,0403-DGJZT-DMRM-POS.d,,Find by MRM,,
280,WPT_GC_45_1_POS,,,431.1,,,,,100,,,,9.022,,,15189,0.466,200025,,,,,Acq,,,,,,,,,,,,,,,30,,0403-DGJZT-DMRM-POS.d,,Find by MRM,,
281,JSLJJ_GC_18_1_POS,,,431.1,,,,,100,,,,9.014,,,10971,0.37,122084,,,,,Acq,,,,,,,,,,,,,,,30,,0403-DGJZT-DMRM-POS.d,,Find by MRM,,
282,DGJZT_CGC_36_1_POS,,,431.1,,,,,100,,,,9.014,,,12586,0.431,164038,,,,,Acq,,,,,,,,,,,,,,,30,,0403-DGJZT-DMRM-POS.d,,Find by MRM,,
283,DGJZT_CGC_38_1_POS,,,257.1,,,,,100,,,,9.094,,,1746,0.278,16788,,,,,Acq,,,,,,,,,,,,,,,30,,0403-DGJZT-DMRM-POS.d,,Find by MRM,,
284,DGJZT_CGC_39_3_POS,,,419.1,,,,,100,,,,9.099,,,6292,0.257,54754,,,,,Acq,,,,,,,,,,,,,,,30,,0403-DGJZT-DMRM-POS.d,,Find by MRM,,
285,JSLJJ_GC_20_3_POS,,,419.1,,,,,100,,,,9.083,,,7211,0.362,81758,,,,,Acq,,,,,,,,,,,,,,,30,,0403-DGJZT-DMRM-POS.d,,Find by MRM,,
286,DGJZT_CGC_39_2_POS,,,419.1,,,,,100,,,,9.067,,,2781,0.344,26102,,,,,Acq,,,,,,,,,,,,,,,30,,0403-DGJZT-DMRM-POS.d,,Find by MRM,,
287,WPT_GC_47_2_POS,,,419.1,,,,,100,,,,9.067,,,2312,0.422,29524,,,,,Acq,,,,,,,,,,,,,,,30,,0403-DGJZT-DMRM-POS.d,,Find by MRM,,
288,JSLJJ_GC_20_2_POS,,,419.1,,,,,100,,,,9.1,,,1987,0.39,23579,,,,,Acq,,,,,,,,,,,,,,,30,,0403-DGJZT-DMRM-POS.d,,Find by MRM,,
289,JSLJJ_GC_20_1_POS,,,419.1,,,,,100,,,,9.101,,,5210,0.289,48317,,,,,Acq,,,,,,,,,,,,,,,30,,0403-DGJZT-DMRM-POS.d,,Find by MRM,,
290,DGJZT_CGC_39_1_POS,,,419.1,,,,,100,,,,9.076,,,3168,0.269,28798,,,,,Acq,,,,,,,,,,,,,,,30,,0403-DGJZT-DMRM-POS.d,,Find by MRM,,
291,WPT_GC_47_3_POS,,,419.1,,,,,100,,,,9.091,,,7837,0.326,89662,,,,,Acq,,,,,,,,,,,,,,,30,,0403-DGJZT-DMRM-POS.d,,Find by MRM,,
292,WPT_GC_47_1_POS,,,419.1,,,,,100,,,,9.101,,,2908,0.286,26112,,,,,Acq,,,,,,,,,,,,,,,30,,0403-DGJZT-DMRM-POS.d,,Find by MRM,,
293,WPT_GJ_18_1_POS,,,294.2,,,,,100,,,,9.203,,,14,0.11,34,,,,,Acq,,,,,,,,,,,,,,,30,,0403-DGJZT-DMRM-POS.d,,Find by MRM,,
294,DGJZT_DG_32_3_POS,,,207.1,,,,,100,,,,9.254,,,927,0.38,10513,,,,,Acq,,,,,,,,,,,,,,,30,,0403-DGJZT-DMRM-POS.d,,Find by MRM,,
295,DGJZT_DG_32_1_POS,,,207.1,,,,,100,,,,9.237,,,479,0.332,4742,,,,,Acq,,,,,,,,,,,,,,,30,,0403-DGJZT-DMRM-POS.d,,Find by MRM,,
296,DGJZT_DG_32_2_POS,,,207.1,,,,,100,,,,9.229,,,1019,0.35,11696,,,,,Acq,,,,,,,,,,,,,,,30,,0403-DGJZT-DMRM-POS.d,,Find by MRM,,
297,JSLJJ_DG_23_1_POS,,,207.1,,,,,100,,,,9.264,,,915,0.319,9965,,,,,Acq,,,,,,,,,,,,,,,30,,0403-DGJZT-DMRM-POS.d,,Find by MRM,,
298,JSLJJ_DG_23_2_POS,,,207.1,,,,,100,,,,9.246,,,855,0.383,10089,,,,,Acq,,,,,,,,,,,,,,,30,,0403-DGJZT-DMRM-POS.d,,Find by MRM,,
299,FZT_PFP_134_2_POS,,,604.3,,,,,100,,,,9.507,,,3,0.12,8,,,,,Acq,,,,,,,,,,,,,,,30,,0403-DGJZT-DMRM-POS.d,,Find by MRM,,
300,DGJZT_CGC_40_3_POS,,,419.1,,,,,100,,,,9.374,,,3114,0.302,33431,,,,,Acq,,,,,,,,,,,,,,,30,,0403-DGJZT-DMRM-POS.d,,Find by MRM,,
301,WPT_FZ_26_2_POS,,,604.3,,,,,100,,,,9.574,,,1,0.075,1,,,,,Acq,,,,,,,,,,,,,,,30,,0403-DGJZT-DMRM-POS.d,,Find by MRM,,
302,BXXXT_HQ_22_1_POS,,,347.1,,,,,100,,,,9.244,,,12,0.115,30,,,,,Acq,,,,,,,,,,,,,,,30,,0403-DGJZT-DMRM-POS.d,,Find by MRM,,
303,BXXXT_HQ_22_2_POS,,,347.1,,,,,100,,,,9.436,,,4,0.119,9,,,,,Acq,,,,,,,,,,,,,,,30,,0403-DGJZT-DMRM-POS.d,,Find by MRM,,
304,BXXXT_HQ_26_1_POS,,,449.1,,,,,100,,,,9.711,,,10,0.142,51,,,,,Acq,,,,,,,,,,,,,,,30,,0403-DGJZT-DMRM-POS.d,,Find by MRM,,
305,BXXXT_HQ_26_2_POS,,,449.1,,,,,100,,,,9.728,,,4,0.066,9,,,,,Acq,,,,,,,,,,,,,,,30,,0403-DGJZT-DMRM-POS.d,,Find by MRM,,
306,BXXXT_HQ_27_3_POS,,,285.1,,,,,100,,,,9.79,,,59,0.162,256,,,,,Acq,,,,,,,,,,,,,,,30,,0403-DGJZT-DMRM-POS.d,,Find by MRM,,
307,BXXXT_HQ_25_1_POS,,,273.1,,,,,100,,,,9.698,,,25,0.23,171,,,,,Acq,,,,,,,,,,,,,,,30,,0403-DGJZT-DMRM-POS.d,,Find by MRM,,
308,WPT_RS_18_2_POS,,,423.4,,,,,100,,,,9.712,,,29,0.114,102,,,,,Acq,,,,,,,,,,,,,,,30,,0403-DGJZT-DMRM-POS.d,,Find by MRM,,
309,DGJZT_CGC_42_1_POS,,,287.1,,,,,100,,,,9.781,,,2488,0.397,29357,,,,,Acq,,,,,,,,,,,,,,,30,,0403-DGJZT-DMRM-POS.d,,Find by MRM,,
310,BXXXT_HL_48_2_POS,,,528.2,,,,,100,,,,10.003,,,28,0.164,81,,,,,Acq,,,,,,,,,,,,,,,30,,0403-DGJZT-DMRM-POS.d,,Find by MRM,,
311,WPT_GC_50_1_POS,,,287.1,,,,,100,,,,9.764,,,2631,0.35,30741,,,,,Acq,,,,,,,,,,,,,,,30,,0403-DGJZT-DMRM-POS.d,,Find by MRM,,
312,BXXXT_HQ_29_1_POS,,,271.1,,,,,100,,,,9.783,,,25,0.191,135,,,,,Acq,,,,,,,,,,,,,,,30,,0403-DGJZT-DMRM-POS.d,,Find by MRM,,
313,WPT_FZ_27_2_POS,,,574.3,,,,,100,,,,9.892,,,11,0.159,31,,,,,Acq,,,,,,,,,,,,,,,30,,0403-DGJZT-DMRM-POS.d,,Find by MRM,,
314,FZT_PFP_138_1_POS,,,574.3,,,,,100,,,,9.842,,,0,0.078,0,,,,,Acq,,,,,,,,,,,,,,,30,,0403-DGJZT-DMRM-POS.d,,Find by MRM,,
315,FZT_PFP_138_3_POS,,,574.3,,,,,100,,,,9.742,,,6,0.151,18,,,,,Acq,,,,,,,,,,,,,,,30,,0403-DGJZT-DMRM-POS.d,,Find by MRM,,
316,WPT_FZ_27_1_POS,,,574.3,,,,,100,,,,9.76,,,3,0.092,11,,,,,Acq,,,,,,,,,,,,,,,30,,0403-DGJZT-DMRM-POS.d,,Find by MRM,,
317,FZT_PFP_138_2_POS,,,574.3,,,,,100,,,,9.826,,,9,0.133,23,,,,,Acq,,,,,,,,,,,,,,,30,,0403-DGJZT-DMRM-POS.d,,Find by MRM,,
318,BXXXT_HQ_33_2_POS,,,301.1,,,,,100,,,,9.813,,,13,0.119,54,,,,,Acq,,,,,,,,,,,,,,,30,,0403-DGJZT-DMRM-POS.d,,Find by MRM,,
319,BXXXT_HQ_33_1_POS,,,301.1,,,,,100,,,,9.98,,,16,0.148,58,,,,,Acq,,,,,,,,,,,,,,,30,,0403-DGJZT-DMRM-POS.d,,Find by MRM,,
320,WPT_DH_83_1_POS,,,445.1,,,,,100,,,,10.054,,,68,0.334,665,,,,,Acq,,,,,,,,,,,,,,,30,,0403-DGJZT-DMRM-POS.d,,Find by MRM,,
321,FZT_PFP_143_2_POS,,,572.3,,,,,100,,,,10.28,,,1,0.041,2,,,,,Acq,,,,,,,,,,,,,,,30,,0403-DGJZT-DMRM-POS.d,,Find by MRM,,
322,WPT_GC_52_3_POS,,,257.1,,,,,100,,,,10.098,,,1464,0.413,17969,,,,,Acq,,,,,,,,,,,,,,,30,,0403-DGJZT-DMRM-POS.d,,Find by MRM,,
323,DGJZT_CGC_43_3_POS,,,257.1,,,,,100,,,,10.099,,,730,0.348,7409,,,,,Acq,,,,,,,,,,,,,,,30,,0403-DGJZT-DMRM-POS.d,,Find by MRM,,
324,JSLJJ_GC_21_1_POS,,,257.1,,,,,100,,,,10.099,,,7386,0.4,88341,,,,,Acq,,,,,,,,,,,,,,,30,,0403-DGJZT-DMRM-POS.d,,Find by MRM,,
325,WPT_GC_52_1_POS,,,257.1,,,,,100,,,,10.116,,,4617,0.391,55147,,,,,Acq,,,,,,,,,,,,,,,30,,0403-DGJZT-DMRM-POS.d,,Find by MRM,,
326,DGJZT_CGC_43_1_POS,,,257.1,,,,,100,,,,10.092,,,4670,0.414,58074,,,,,Acq,,,,,,,,,,,,,,,30,,0403-DGJZT-DMRM-POS.d,,Find by MRM,,
327,WPT_GC_52_2_POS,,,257.1,,,,,100,,,,10.101,,,1728,0.393,20742,,,,,Acq,,,,,,,,,,,,,,,30,,0403-DGJZT-DMRM-POS.d,,Find by MRM,,
328,DGJZT_CGC_43_2_POS,,,257.1,,,,,100,,,,10.101,,,1405,0.407,15992,,,,,Acq,,,,,,,,,,,,,,,30,,0403-DGJZT-DMRM-POS.d,,Find by MRM,,
329,JSLJJ_GC_23_1_POS,,,517.1,,,,,100,,,,10.205,,,14084,0.436,145736,,,,,Acq,,,,,,,,,,,,,,,30,,0403-DGJZT-DMRM-POS.d,,Find by MRM,,
330,WPT_DH_85_3_POS,,,271.1,,,,,100,,,,10.249,,,8,0.137,38,,,,,Acq,,,,,,,,,,,,,,,30,,0403-DGJZT-DMRM-POS.d,,Find by MRM,,
331,WPT_FZ_31_1_POS,,,588.3,,,,,100,,,,10.464,,,2,0.077,4,,,,,Acq,,,,,,,,,,,,,,,30,,0403-DGJZT-DMRM-POS.d,,Find by MRM,,
332,FZT_PFP_149_2_POS,,,588.3,,,,,100,,,,10.246,,,0,0.162,1,,,,,Acq,,,,,,,,,,,,,,,30,,0403-DGJZT-DMRM-POS.d,,Find by MRM,,
333,WPT_FZ_31_3_POS,,,588.3,,,,,100,,,,10.506,,,4,0.106,9,,,,,Acq,,,,,,,,,,,,,,,30,,0403-DGJZT-DMRM-POS.d,,Find by MRM,,
334,WPT_GC_66_1_POS,,,985.5,,,,,100,,,,10.453,,,10775,0.351,90752,,,,,Acq,,,,,,,,,,,,,,,30,,0403-DGJZT-DMRM-POS.d,,Find by MRM,,
335,BXXXT_CGC_39_1_POS,,,985.5,,,,,100,,,,10.454,,,10189,0.393,89646,,,,,Acq,,,,,,,,,,,,,,,30,,0403-DGJZT-DMRM-POS.d,,Find by MRM,,
336,JSLJJ_GC_26_2_POS,,,855.4,,,,,100,,,,10.454,,,7130,0.366,63973,,,,,Acq,,,,,,,,,,,,,,,30,,0403-DGJZT-DMRM-POS.d,,Find by MRM,,
337,BXXXT_HQ_45_3_POS,,,491.1,,,,,100,,,,10.289,,,4,0.1,7,,,,,Acq,,,,,,,,,,,,,,,30,,0403-DGJZT-DMRM-POS.d,,Find by MRM,,
338,FZT_BZ_49_2_POS,,,387.2,,,,,100,,,,10.544,,,3,0.143,6,,,,,Acq,,,,,,,,,,,,,,,30,,0403-DGJZT-DMRM-POS.d,,Find by MRM,,
339,FZT_BZ_49_3_POS,,,387.2,,,,,100,,,,10.486,,,6,0.118,15,,,,,Acq,,,,,,,,,,,,,,,30,,0403-DGJZT-DMRM-POS.d,,Find by MRM,,
340,FZT_BZ_49_1_POS,,,387.2,,,,,100,,,,10.604,,,9,0.075,23,,,,,Acq,,,,,,,,,,,,,,,30,,0403-DGJZT-DMRM-POS.d,,Find by MRM,,
341,WPT_DH_89_2_POS,,,445.1,,,,,100,,,,10.732,,,159,0.2,878,,,,,Acq,,,,,,,,,,,,,,,30,,0403-DGJZT-DMRM-POS.d,,Find by MRM,,
342,FZT_BZ_50_2_POS,,,389.3,,,,,100,,,,10.416,,,4,0.093,7,,,,,Acq,,,,,,,,,,,,,,,30,,0403-DGJZT-DMRM-POS.d,,Find by MRM,,
343,FZT_BZ_50_3_POS,,,389.3,,,,,100,,,,10.635,,,8,0.1,16,,,,,Acq,,,,,,,,,,,,,,,30,,0403-DGJZT-DMRM-POS.d,,Find by MRM,,
344,FZT_BZ_50_1_POS,,,389.3,,,,,100,,,,10.627,,,12,0.075,34,,,,,Acq,,,,,,,,,,,,,,,30,,0403-DGJZT-DMRM-POS.d,,Find by MRM,,
345,WPT_GJ_26_2_POS,,,389.2,,,,,100,,,,10.426,,,24,0.093,90,,,,,Acq,,,,,,,,,,,,,,,30,,0403-DGJZT-DMRM-POS.d,,Find by MRM,,
346,WPT_GJ_26_1_POS,,,389.2,,,,,100,,,,10.829,,,21,0.086,61,,,,,Acq,,,,,,,,,,,,,,,30,,0403-DGJZT-DMRM-POS.d,,Find by MRM,,
347,FZT_RS_33_1_POS,,,801.5,,,,,100,,,,10.713,,,6,0.142,17,,,,,Acq,,,,,,,,,,,,,,,30,,0403-DGJZT-DMRM-POS.d,,Find by MRM,,
348,WPT_RS_21_1_POS,,,765.5,,,,,100,,,,10.438,,,6,0.142,16,,,,,Acq,,,,,,,,,,,,,,,30,,0403-DGJZT-DMRM-POS.d,,Find by MRM,,
349,FZT_RS_30_2_POS,,,423.4,,,,,100,,,,10.692,,,20,0.168,99,,,,,Acq,,,,,,,,,,,,,,,30,,0403-DGJZT-DMRM-POS.d,,Find by MRM,,
350,THSWT_JBS_27_3_POS,,,445.1,,,,,100,,,,10.757,,,21109,0.357,208944,,,,,Acq,,,,,,,,,,,,,,,30,,0403-DGJZT-DMRM-POS.d,,Find by MRM,,
351,THSWT_JBS_27_1_POS,,,445.1,,,,,100,,,,10.758,,,21503,0.489,219349,,,,,Acq,,,,,,,,,,,,,,,30,,0403-DGJZT-DMRM-POS.d,,Find by MRM,,
352,JSLJJ_GC_31_3_POS,,,663.4,,,,,100,,,,10.865,,,5447,0.394,62546,,,,,Acq,,,,,,,,,,,,,,,30,,0403-DGJZT-DMRM-POS.d,,Find by MRM,,
353,THSWT_CX_11_3_POS,,,543.1,,,,,100,,,,10.841,,,2,0.083,4,,,,,Acq,,,,,,,,,,,,,,,30,,0403-DGJZT-DMRM-POS.d,,Find by MRM,,
354,THSWT_CX_11_1_POS,,,543.1,,,,,100,,,,10.832,,,4,0.1,8,,,,,Acq,,,,,,,,,,,,,,,30,,0403-DGJZT-DMRM-POS.d,,Find by MRM,,
355,FZT_BS_47_3_POS,,,585.2,,,,,100,,,,10.89,,,4785,0.371,45746,,,,,Acq,,,,,,,,,,,,,,,30,,0403-DGJZT-DMRM-POS.d,,Find by MRM,,
356,FZT_BS_47_2_POS,,,585.2,,,,,100,,,,10.899,,,1548,0.454,13984,,,,,Acq,,,,,,,,,,,,,,,30,,0403-DGJZT-DMRM-POS.d,,Find by MRM,,
357,FZT_BS_46_3_POS,,,319.1,,,,,100,,,,10.905,,,3799,0.359,36566,,,,,Acq,,,,,,,,,,,,,,,30,,0403-DGJZT-DMRM-POS.d,,Find by MRM,,
358,WPT_RS_25_2_POS,,,749.5,,,,,100,,,,10.797,,,7,0.084,19,,,,,Acq,,,,,,,,,,,,,,,30,,0403-DGJZT-DMRM-POS.d,,Find by MRM,,
359,FZT_RS_49_3_POS,,,439.4,,,,,100,,,,11.236,,,69,0.025,839,,,,,Acq,,,,,,,,,,,,,,,30,,0403-DGJZT-DMRM-POS.d,,Find by MRM,,
360,FZT_RS_49_1_POS,,,439.4,,,,,100,,,,11.012,,,85,0.336,978,,,,,Acq,,,,,,,,,,,,,,,30,,0403-DGJZT-DMRM-POS.d,,Find by MRM,,
361,FZT_RS_49_2_POS,,,439.4,,,,,100,,,,11.062,,,57,0.179,321,,,,,Acq,,,,,,,,,,,,,,,30,,0403-DGJZT-DMRM-POS.d,,Find by MRM,,
362,BXXXT_GJ_9_2_POS,,,412.2,,,,,100,,,,11.047,,,23,0.229,163,,,,,Acq,,,,,,,,,,,,,,,30,,0403-DGJZT-DMRM-POS.d,,Find by MRM,,
363,BXXXT_GJ_9_1_POS,,,412.2,,,,,100,,,,10.997,,,69,0.122,262,,,,,Acq,,,,,,,,,,,,,,,30,,0403-DGJZT-DMRM-POS.d,,Find by MRM,,
364,JSLJJ_DG_24_1_POS,,,189.1,,,,,100,,,,11.014,,,2712,0.364,28568,,,,,Acq,,,,,,,,,,,,,,,30,,0403-DGJZT-DMRM-POS.d,,Find by MRM,,
365,JSLJJ_DG_24_3_POS,,,189.1,,,,,100,,,,11.023,,,1013,0.334,10007,,,,,Acq,,,,,,,,,,,,,,,30,,0403-DGJZT-DMRM-POS.d,,Find by MRM,,
366,BXXXT_RS_8_1_POS,,,439.4,,,,,100,,,,11.279,,,84,0.16,1242,,,,,Acq,,,,,,,,,,,,,,,30,,0403-DGJZT-DMRM-POS.d,,Find by MRM,,
367,BXXXT_RS_8_3_POS,,,439.4,,,,,100,,,,11.011,,,37,0.156,192,,,,,Acq,,,,,,,,,,,,,,,30,,0403-DGJZT-DMRM-POS.d,,Find by MRM,,
368,BXXXT_RS_8_2_POS,,,439.4,,,,,100,,,,11.279,,,78,0.067,189,,,,,Acq,,,,,,,,,,,,,,,30,,0403-DGJZT-DMRM-POS.d,,Find by MRM,,
369,FZT_RS_51_2_POS,,,423.4,,,,,100,,,,11.155,,,24,0.124,83,,,,,Acq,,,,,,,,,,,,,,,30,,0403-DGJZT-DMRM-POS.d,,Find by MRM,,
370,FZT_RS_51_1_POS,,,423.4,,,,,100,,,,11.055,,,23,0.094,59,,,,,Acq,,,,,,,,,,,,,,,30,,0403-DGJZT-DMRM-POS.d,,Find by MRM,,
371,WPT_FZ_32_2_POS,,,616.3,,,,,100,,,,11.294,,,3,0.103,6,,,,,Acq,,,,,,,,,,,,,,,30,,0403-DGJZT-DMRM-POS.d,,Find by MRM,,
372,FZT_PFP_168_1_POS,,,570.3,,,,,100,,,,11.243,,,5,0.146,12,,,,,Acq,,,,,,,,,,,,,,,30,,0403-DGJZT-DMRM-POS.d,,Find by MRM,,
373,JSLJJ_GC_34_2_POS,,,839.4,,,,,100,,,,11.241,,,13573,0.277,111929,,,,,Acq,,,,,,,,,,,,,,,30,,0403-DGJZT-DMRM-POS.d,,Find by MRM,,
374,JSLJJ_GC_34_1_POS,,,839.4,,,,,100,,,,11.25,,,33319,0.292,273741,,,,,Acq,,,,,,,,,,,,,,,30,,0403-DGJZT-DMRM-POS.d,,Find by MRM,,
375,BXXXT_CGC_45_1_POS,,,839.4,,,,,100,,,,11.234,,,12235,0.276,94157,,,,,Acq,,,,,,,,,,,,,,,30,,0403-DGJZT-DMRM-POS.d,,Find by MRM,,
376,BXXXT_GJ_10_1_POS,,,413.2,,,,,100,,,,11.705,,,16,0.357,175,,,,,Acq,,,,,,,,,,,,,,,30,,0403-DGJZT-DMRM-POS.d,,Find by MRM,,
377,JSLJJ_GC_37_2_POS,,,839.4,,,,,100,,,,11.527,,,3771,0.142,26767,,,,,Acq,,,,,,,,,,,,,,,30,,0403-DGJZT-DMRM-POS.d,,Find by MRM,,
378,JSLJJ_GC_40_3_POS,,,823.4,,,,,100,,,,11.562,,,31039,0.706,406688,,,,,Acq,,,,,,,,,,,,,,,30,,0403-DGJZT-DMRM-POS.d,,Find by MRM,,
379,JSLJJ_GC_40_1_POS,,,823.4,,,,,100,,,,11.563,,,29887,0.703,385796,,,,,Acq,,,,,,,,,,,,,,,30,,0403-DGJZT-DMRM-POS.d,,Find by MRM,,
380,JSLJJ_GC_39_1_POS,,,647.4,,,,,100,,,,11.573,,,38253,0.357,341443,,,,,Acq,,,,,,,,,,,,,,,30,,0403-DGJZT-DMRM-POS.d,,Find by MRM,,
381,JSLJJ_GC_46_2_POS,,,647.4,,,,,100,,,,11.87,,,10915,0.314,109976,,,,,Acq,,,,,,,,,,,,,,,30,,0403-DGJZT-DMRM-POS.d,,Find by MRM,,
382,JSLJJ_DG_25_1_POS,,,189.1,,,,,100,,,,11.94,,,1667,0.358,17194,,,,,Acq,,,,,,,,,,,,,,,30,,0403-DGJZT-DMRM-POS.d,,Find by MRM,,
383,JSLJJ_DG_25_3_POS,,,189.1,,,,,100,,,,11.941,,,1489,0.324,14025,,,,,Acq,,,,,,,,,,,,,,,30,,0403-DGJZT-DMRM-POS.d,,Find by MRM,,
384,JSLJJ_DG_25_2_POS,,,189.1,,,,,100,,,,11.934,,,1141,0.341,11613,,,,,Acq,,,,,,,,,,,,,,,30,,0403-DGJZT-DMRM-POS.d,,Find by MRM,,
385,WPT_GJ_37_2_POS,,,417.2,,,,,100,,,,12.079,,,589,0.352,6877,,,,,Acq,,,,,,,,,,,,,,,30,,0403-DGJZT-DMRM-POS.d,,Find by MRM,,
386,WPT_GJ_37_3_POS,,,417.2,,,,,100,,,,12.097,,,218,0.477,2751,,,,,Acq,,,,,,,,,,,,,,,30,,0403-DGJZT-DMRM-POS.d,,Find by MRM,,
387,WPT_GJ_37_1_POS,,,417.2,,,,,100,,,,12.115,,,913,0.441,11575,,,,,Acq,,,,,,,,,,,,,,,30,,0403-DGJZT-DMRM-POS.d,,Find by MRM,,
388,QWS_SM_51_1_POS,,,200.1,,,,,100,,,,12.431,,,8,0.177,39,,,,,Acq,,,,,,,,,,,,,,,30,,0403-DGJZT-DMRM-POS.d,,Find by MRM,,
389,WPT_GC_90_1_POS,,,355.2,,,,,100,,,,12.562,,,201,0.297,1568,,,,,Acq,,,,,,,,,,,,,,,30,,0403-DGJZT-DMRM-POS.d,,Find by MRM,,
390,FZT_RS_63_1_POS,,,439.4,,,,,100,,,,12.445,,,339,0.371,3720,,,,,Acq,,,,,,,,,,,,,,,30,,0403-DGJZT-DMRM-POS.d,,Find by MRM,,
391,DGJZT_SJ_10_2_POS,,,277.2,,,,,100,,,,12.69,,,28655,0.353,298004,,,,,Acq,,,,,,,,,,,,,,,30,,0403-DGJZT-DMRM-POS.d,,Find by MRM,,
392,JSLJJ_SJ_4_2_POS,,,277.2,,,,,100,,,,12.69,,,17088,0.364,172972,,,,,Acq,,,,,,,,,,,,,,,30,,0403-DGJZT-DMRM-POS.d,,Find by MRM,,
393,DGJZT_SJ_10_1_POS,,,277.2,,,,,100,,,,12.69,,,21700,0.372,229589,,,,,Acq,,,,,,,,,,,,,,,30,,0403-DGJZT-DMRM-POS.d,,Find by MRM,,
394,JSLJJ_SJ_4_1_POS,,,277.2,,,,,100,,,,12.699,,,18142,0.377,190525,,,,,Acq,,,,,,,,,,,,,,,30,,0403-DGJZT-DMRM-POS.d,,Find by MRM,,
395,DGJZT_SJ_10_3_POS,,,277.2,,,,,100,,,,12.691,,,4667,0.367,48271,,,,,Acq,,,,,,,,,,,,,,,30,,0403-DGJZT-DMRM-POS.d,,Find by MRM,,
396,DGJZT_SJ_9_3_POS,,,177.1,,,,,100,,,,12.692,,,8632,0.365,86220,,,,,Acq,,,,,,,,,,,,,,,30,,0403-DGJZT-DMRM-POS.d,,Find by MRM,,
397,JSLJJ_SJ_8_1_POS,,,177.1,,,,,100,,,,12.692,,,53286,0.376,562530,,,,,Acq,,,,,,,,,,,,,,,30,,0403-DGJZT-DMRM-POS.d,,Find by MRM,,
398,DGJZT_SJ_9_2_POS,,,177.1,,,,,100,,,,12.684,,,43922,0.356,450448,,,,,Acq,,,,,,,,,,,,,,,30,,0403-DGJZT-DMRM-POS.d,,Find by MRM,,
399,JSLJJ_SJ_8_2_POS,,,177.1,,,,,100,,,,12.693,,,67188,0.368,698550,,,,,Acq,,,,,,,,,,,,,,,30,,0403-DGJZT-DMRM-POS.d,,Find by MRM,,
400,DGJZT_SJ_9_1_POS,,,177.1,,,,,100,,,,12.694,,,54577,0.366,569523,,,,,Acq,,,,,,,,,,,,,,,30,,0403-DGJZT-DMRM-POS.d,,Find by MRM,,
401,DGJZT_SJ_8_2_POS,,,145.1,,,,,100,,,,12.736,,,341,0.201,2658,,,,,Acq,,,,,,,,,,,,,,,30,,0403-DGJZT-DMRM-POS.d,,Find by MRM,,
402,DGJZT_SJ_8_3_POS,,,145.1,,,,,100,,,,12.703,,,293,0.32,2838,,,,,Acq,,,,,,,,,,,,,,,30,,0403-DGJZT-DMRM-POS.d,,Find by MRM,,
403,DGJZT_SJ_8_1_POS,,,145.1,,,,,100,,,,12.703,,,7609,0.356,76599,,,,,Acq,,,,,,,,,,,,,,,30,,0403-DGJZT-DMRM-POS.d,,Find by MRM,,
404,DGJZT_SJ_11_1_POS,,,457.3,,,,,100,,,,12.712,,,1543,0.353,14312,,,,,Acq,,,,,,,,,,,,,,,30,,0403-DGJZT-DMRM-POS.d,,Find by MRM,,
405,QWS_SM_62_1_POS,,,200.1,,,,,100,,,,12.868,,,6,0.057,9,,,,,Acq,,,,,,,,,,,,,,,30,,0403-DGJZT-DMRM-POS.d,,Find by MRM,,
406,FZT_RS_65_2_POS,,,407.4,,,,,100,,,,12.721,,,9,0.143,32,,,,,Acq,,,,,,,,,,,,,,,30,,0403-DGJZT-DMRM-POS.d,,Find by MRM,,
407,JSLJJ_GC_49_2_POS,,,357.2,,,,,100,,,,12.94,,,9461,0.46,95143,,,,,Acq,,,,,,,,,,,,,,,30,,0403-DGJZT-DMRM-POS.d,,Find by MRM,,
408,BXXXT_HL_65_3_POS,,,352.1,,,,,100,,,,12.899,,,137,0.29,1454,,,,,Acq,,,,,,,,,,,,,,,30,,0403-DGJZT-DMRM-POS.d,,Find by MRM,,
409,BXXXT_HL_65_1_POS,,,352.1,,,,,100,,,,13.003,,,89,0.169,580,,,,,Acq,,,,,,,,,,,,,,,30,,0403-DGJZT-DMRM-POS.d,,Find by MRM,,
410,QWS_SM_65_2_POS,,,731.4,,,,,100,,,,13.172,,,9,0.067,7,,,,,Acq,,,,,,,,,,,,,,,30,,0403-DGJZT-DMRM-POS.d,,Find by MRM,,
411,DGJZT_CGC_86_3_POS,,,353.1,,,,,100,,,,13.084,,,2384,0.313,23489,,,,,Acq,,,,,,,,,,,,,,,30,,0403-DGJZT-DMRM-POS.d,,Find by MRM,,
412,DGJZT_CGC_86_1_POS,,,353.1,,,,,100,,,,13.067,,,2238,0.288,20409,,,,,Acq,,,,,,,,,,,,,,,30,,0403-DGJZT-DMRM-POS.d,,Find by MRM,,
413,WPT_GC_104_1_POS,,,355.1,,,,,100,,,,13.124,,,996,0.37,10297,,,,,Acq,,,,,,,,,,,,,,,30,,0403-DGJZT-DMRM-POS.d,,Find by MRM,,
414,DGJZT_CGC_91_3_POS,,,355.1,,,,,100,,,,13.306,,,5585,0.297,50060,,,,,Acq,,,,,,,,,,,,,,,30,,0403-DGJZT-DMRM-POS.d,,Find by MRM,,
415,DGJZT_DG_37_2_POS,,,193.1,,,,,100,,,,13.345,,,626,0.356,6576,,,,,Acq,,,,,,,,,,,,,,,30,,0403-DGJZT-DMRM-POS.d,,Find by MRM,,
416,DGJZT_DG_37_1_POS,,,193.1,,,,,100,,,,13.321,,,1231,0.366,12766,,,,,Acq,,,,,,,,,,,,,,,30,,0403-DGJZT-DMRM-POS.d,,Find by MRM,,
417,DGJZT_CGC_91_2_POS,,,355.1,,,,,100,,,,13.357,,,3728,0.377,37619,,,,,Acq,,,,,,,,,,,,,,,30,,0403-DGJZT-DMRM-POS.d,,Find by MRM,,
418,THSWT_CX_10_12.723_POS,,,193.1,,,,,100,,,,13.318,,,190,0.306,1745,,,,,Acq,,,,,,,,,,,,,,,30,,0403-DGJZT-DMRM-POS.d,,Find by MRM,,
419,JSLJJ_DG_26_3_POS,,,193.1,,,,,100,,,,13.327,,,760,0.365,7831,,,,,Acq,,,,,,,,,,,,,,,30,,0403-DGJZT-DMRM-POS.d,,Find by MRM,,
420,JSLJJ_DG_26_1_POS,,,193.1,,,,,100,,,,13.322,,,1187,0.371,12060,,,,,Acq,,,,,,,,,,,,,,,30,,0403-DGJZT-DMRM-POS.d,,Find by MRM,,
421,DGJZT_CGC_91_1_POS,,,355.1,,,,,100,,,,13.367,,,2788,0.339,27600,,,,,Acq,,,,,,,,,,,,,,,30,,0403-DGJZT-DMRM-POS.d,,Find by MRM,,
422,DGJZT_SJ_13_3_POS,,,177.1,,,,,100,,,,13.946,,,364,0.279,3167,,,,,Acq,,,,,,,,,,,,,,,30,,0403-DGJZT-DMRM-POS.d,,Find by MRM,,
423,DGJZT_SJ_13_2_POS,,,177.1,,,,,100,,,,13.947,,,2746,0.438,27056,,,,,Acq,,,,,,,,,,,,,,,30,,0403-DGJZT-DMRM-POS.d,,Find by MRM,,
424,BXXXT_CGC_75_2_POS,,,353.1,,,,,100,,,,14.025,,,2820,0.351,26164,,,,,Acq,,,,,,,,,,,,,,,30,,0403-DGJZT-DMRM-POS.d,,Find by MRM,,
425,THSWT_CX_7_13.481_POS,,,191.1,,,,,100,,,,14.043,,,6993,0.374,70216,,,,,Acq,,,,,,,,,,,,,,,30,,0403-DGJZT-DMRM-POS.d,,Find by MRM,,
426,JSLJJ_DG_29_3_POS,,,191.1,,,,,100,,,,14.027,,,7061,0.352,68464,,,,,Acq,,,,,,,,,,,,,,,30,,0403-DGJZT-DMRM-POS.d,,Find by MRM,,
427,QWS_DG_22_1_POS,,,191.1,,,,,100,,,,14.028,,,24808,0.343,242357,,,,,Acq,,,,,,,,,,,,,,,30,,0403-DGJZT-DMRM-POS.d,,Find by MRM,,
428,QWS_DG_22_2_POS,,,191.1,,,,,100,,,,14.029,,,23189,0.351,223290,,,,,Acq,,,,,,,,,,,,,,,30,,0403-DGJZT-DMRM-POS.d,,Find by MRM,,
429,BXXXT_GJ_22_1_POS,,,137.1,,,,,100,,,,14.223,,,256,0.322,2406,,,,,Acq,,,,,,,,,,,,,,,30,,0403-DGJZT-DMRM-POS.d,,Find by MRM,,
430,WPT_GC_128_1_POS,,,425.2,,,,,100,,,,14.275,,,1824,0.355,16962,,,,,Acq,,,,,,,,,,,,,,,30,,0403-DGJZT-DMRM-POS.d,,Find by MRM,,
431,BXXXT_CGC_84_3_POS,,,423.2,,,,,100,,,,14.525,,,4358,0.405,40826,,,,,Acq,,,,,,,,,,,,,,,30,,0403-DGJZT-DMRM-POS.d,,Find by MRM,,
432,BXXXT_CGC_84_1_POS,,,423.2,,,,,100,,,,14.519,,,3394,0.373,33107,,,,,Acq,,,,,,,,,,,,,,,30,,0403-DGJZT-DMRM-POS.d,,Find by MRM,,
433,DGJZT_SJ_16_1_POS,,,177.1,,,,,100,,,,14.833,,,764,0.337,7281,,,,,Acq,,,,,,,,,,,,,,,30,,0403-DGJZT-DMRM-POS.d,,Find by MRM,,
434,DGJZT_SJ_16_2_POS,,,177.1,,,,,100,,,,14.84,,,642,0.378,6013,,,,,Acq,,,,,,,,,,,,,,,30,,0403-DGJZT-DMRM-POS.d,,Find by MRM,,
435,DGJZT_DG_52_3_POS,,,381.2,,,,,100,,,,15.095,,,2517,0.427,28582,,,,,Acq,,,,,,,,,,,,,,,30,,0403-DGJZT-DMRM-POS.d,,Find by MRM,,
436,QWS_DG_25_2_POS,,,381.2,,,,,100,,,,15.104,,,1160,0.41,13260,,,,,Acq,,,,,,,,,,,,,,,30,,0403-DGJZT-DMRM-POS.d,,Find by MRM,,
437,JSLJJ_DG_37_1_POS,,,191.1,,,,,100,,,,15.107,,,753,0.4,8686,,,,,Acq,,,,,,,,,,,,,,,30,,0403-DGJZT-DMRM-POS.d,,Find by MRM,,
438,DGJZT_DG_59_1_POS,,,191.1,,,,,100,,,,15.1,,,912,0.37,9615,,,,,Acq,,,,,,,,,,,,,,,30,,0403-DGJZT-DMRM-POS.d,,Find by MRM,,
439,JSLJJ_DG_37_2_POS,,,191.1,,,,,100,,,,15.1,,,745,0.386,7910,,,,,Acq,,,,,,,,,,,,,,,30,,0403-DGJZT-DMRM-POS.d,,Find by MRM,,
440,DGJZT_DG_59_2_POS,,,191.1,,,,,100,,,,15.092,,,697,0.368,8126,,,,,Acq,,,,,,,,,,,,,,,30,,0403-DGJZT-DMRM-POS.d,,Find by MRM,,
441,JSLJJ_DG_38_1_POS,,,381.2,,,,,100,,,,15.144,,,5958,0.467,72923,,,,,Acq,,,,,,,,,,,,,,,30,,0403-DGJZT-DMRM-POS.d,,Find by MRM,,
442,JSLJJ_DG_38_2_POS,,,381.2,,,,,100,,,,15.147,,,1844,0.452,22163,,,,,Acq,,,,,,,,,,,,,,,30,,0403-DGJZT-DMRM-POS.d,,Find by MRM,,
443,DGJZT_GZ_27_1_POS,,,448.3,,,,,100,,,,15.202,,,780,0.316,6974,,,,,Acq,,,,,,,,,,,,,,,30,,0403-DGJZT-DMRM-POS.d,,Find by MRM,,
444,DGJZT_DG_61_1_POS,,,381.2,,,,,100,,,,15.127,,,14060,0.44,168591,,,,,Acq,,,,,,,,,,,,,,,30,,0403-DGJZT-DMRM-POS.d,,Find by MRM,,
445,DGJZT_DG_61_3_POS,,,381.2,,,,,100,,,,15.146,,,1663,0.425,19882,,,,,Acq,,,,,,,,,,,,,,,30,,0403-DGJZT-DMRM-POS.d,,Find by MRM,,
446,DGJZT_DG_61_2_POS,,,381.2,,,,,100,,,,15.181,,,1897,0.445,22400,,,,,Acq,,,,,,,,,,,,,,,30,,0403-DGJZT-DMRM-POS.d,,Find by MRM,,
447,JSLJJ_DG_38_3_POS,,,381.2,,,,,100,,,,15.19,,,1232,0.418,14208,,,,,Acq,,,,,,,,,,,,,,,30,,0403-DGJZT-DMRM-POS.d,,Find by MRM,,
448,DGJZT_DG_52_2_POS,,,381.2,,,,,100,,,,15.123,,,774,0.477,10049,,,,,Acq,,,,,,,,,,,,,,,30,,0403-DGJZT-DMRM-POS.d,,Find by MRM,,

