﻿#化合物列表: 525 found
#
Cpd,Name,Formula,Purity Result,Precursor,Mass,Diff (ppm),Score (Tgt),Flags (Tgt),Score,Std Dev,Relative Mass Difference (MFG),Base Peak,RT,RT Diff,Target Retention Time Difference,Height,Width,Area,Volume,Vol %,Ions,Saturated,ID Source,Score (MFG),Score (DB),Hit Count,Tgt MFG Hit,FV,Purity Value,Purity Comments,ADC% Area,EIC/TIC% Area,TIC% Area,UVA% Area,Score (Lib),CAS ID,Relative Reference Mass difference,CE,MS/MS Count,File,Notes,Algorithm,Lib/DB
1,QWS_DH_2_1_NEG,,,711.2,,,,,100,,,,0.96,,,8,0.159,31,,,,,Acq,,,,,,,,,,,,,,,30,,0403-DGJZT-DMRM-NEG.d,,Find by MRM,,
2,JSLJJ_SDH_5_1_NEG,,,711.2,,,,,100,,,,1.086,,,7,0.139,27,,,,,Acq,,,,,,,,,,,,,,,30,,0403-DGJZT-DMRM-NEG.d,,Find by MRM,,
3,JSLJJ_SDH_2_2_NEG,,,503.2,,,,,100,,,,1.065,,,40,0.209,318,,,,,Acq,,,,,,,,,,,,,,,30,,0403-DGJZT-DMRM-NEG.d,,Find by MRM,,
4,THSWT_JDH_2_1_NEG,,,503.2,,,,,100,,,,1.116,,,21,0.109,142,,,,,Acq,,,,,,,,,,,,,,,30,,0403-DGJZT-DMRM-NEG.d,,Find by MRM,,
5,JSLJJ_SDH_2_1_NEG,,,503.2,,,,,100,,,,1,,,33,0.149,150,,,,,Acq,,,,,,,,,,,,,,,30,,0403-DGJZT-DMRM-NEG.d,,Find by MRM,,
6,QWS_DH_6_1_NEG,,,701.2,,,,,100,,,,1.037,,,11,0.067,31,,,,,Acq,,,,,,,,,,,,,,,30,,0403-DGJZT-DMRM-NEG.d,,Find by MRM,,
7,QWS_DH_6_2_NEG,,,701.2,,,,,100,,,,1.121,,,10,0.092,43,,,,,Acq,,,,,,,,,,,,,,,30,,0403-DGJZT-DMRM-NEG.d,,Find by MRM,,
8,QWS_DH_1_3_NEG,,,503.2,,,,,100,,,,1.006,,,38,0.146,182,,,,,Acq,,,,,,,,,,,,,,,30,,0403-DGJZT-DMRM-NEG.d,,Find by MRM,,
9,QWS_DH_1_1_NEG,,,503.2,,,,,100,,,,0.999,,,22,0.075,68,,,,,Acq,,,,,,,,,,,,,,,30,,0403-DGJZT-DMRM-NEG.d,,Find by MRM,,
10,DGJZT_DZ_9_1_NEG,,,618.2,,,,,100,,,,1.072,,,6705,0.289,51994,,,,,Acq,,,,,,,,,,,,,,,30,,0403-DGJZT-DMRM-NEG.d,,Find by MRM,,
11,DGJZT_DZ_6_1_NEG,,,353.1,,,,,100,,,,1.11,,,109,0.246,889,,,,,Acq,,,,,,,,,,,,,,,30,,0403-DGJZT-DMRM-NEG.d,,Find by MRM,,
12,QWS_MDP_3_1_NEG,,,422.1,,,,,100,,,,1.176,,,47,0.203,396,,,,,Acq,,,,,,,,,,,,,,,30,,0403-DGJZT-DMRM-NEG.d,,Find by MRM,,
13,JSLJJ_SDH_16_2_NEG,,,632.2,,,,,100,,,,1.255,,,2,0.075,4,,,,,Acq,,,,,,,,,,,,,,,30,,0403-DGJZT-DMRM-NEG.d,,Find by MRM,,
14,JSLJJ_SDH_20_1_NEG,,,799.2,,,,,100,,,,1.47,,,83,0.198,404,,,,,Acq,,,,,,,,,,,,,,,30,,0403-DGJZT-DMRM-NEG.d,,Find by MRM,,
15,QWS_DH_15_2_NEG,,,614.2,,,,,100,,,,1.473,,,4,0.075,10,,,,,Acq,,,,,,,,,,,,,,,30,,0403-DGJZT-DMRM-NEG.d,,Find by MRM,,
16,JSLJJ_SDH_29_2_NEG,,,614.2,,,,,100,,,,1.541,,,4,0.111,11,,,,,Acq,,,,,,,,,,,,,,,30,,0403-DGJZT-DMRM-NEG.d,,Find by MRM,,
17,QWS_DH_15_1_NEG,,,614.2,,,,,100,,,,1.533,,,9,0.115,30,,,,,Acq,,,,,,,,,,,,,,,30,,0403-DGJZT-DMRM-NEG.d,,Find by MRM,,
18,BXXXT_DZ_2_1_NEG,,,353.1,,,,,100,,,,1.528,,,181,0.22,1235,,,,,Acq,,,,,,,,,,,,,,,30,,0403-DGJZT-DMRM-NEG.d,,Find by MRM,,
19,QWS_DH_17_1_NEG,,,490.2,,,,,100,,,,1.66,,,16,0.28,103,,,,,Acq,,,,,,,,,,,,,,,30,,0403-DGJZT-DMRM-NEG.d,,Find by MRM,,
20,THSWT_JDH_8_2_NEG,,,632.2,,,,,100,,,,1.788,,,3,0.1,6,,,,,Acq,,,,,,,,,,,,,,,30,,0403-DGJZT-DMRM-NEG.d,,Find by MRM,,
21,JSLJJ_SDH_32_2_NEG,,,632.2,,,,,100,,,,1.655,,,1,0.483,7,,,,,Acq,,,,,,,,,,,,,,,30,,0403-DGJZT-DMRM-NEG.d,,Find by MRM,,
22,FZT_RS_17_1_NEG,,,454.2,,,,,100,,,,1.768,,,6,0.14,21,,,,,Acq,,,,,,,,,,,,,,,30,,0403-DGJZT-DMRM-NEG.d,,Find by MRM,,
23,THSWT_DTR_1_1_NEG,,,589.2,,,,,100,,,,1.773,,,1,0.045,2,,,,,Acq,,,,,,,,,,,,,,,30,,0403-DGJZT-DMRM-NEG.d,,Find by MRM,,
24,DGJZT_BS_6_1_NEG,,,331.1,,,,,100,,,,1.92,,,614,0.333,8517,,,,,Acq,,,,,,,,,,,,,,,30,,0403-DGJZT-DMRM-NEG.d,,Find by MRM,,
25,DGJZT_BS_5_2_NEG,,,331.1,,,,,100,,,,1.936,,,664,0.279,6730,,,,,Acq,,,,,,,,,,,,,,,30,,0403-DGJZT-DMRM-NEG.d,,Find by MRM,,
26,THSWT_JDH_14_3_NEG,,,731.2,,,,,100,,,,2.197,,,1,0.084,2,,,,,Acq,,,,,,,,,,,,,,,30,,0403-DGJZT-DMRM-NEG.d,,Find by MRM,,
27,JSLJJ_SDH_38_2_NEG,,,731.2,,,,,100,,,,2.014,,,1,0.127,3,,,,,Acq,,,,,,,,,,,,,,,30,,0403-DGJZT-DMRM-NEG.d,,Find by MRM,,
28,QWS_DH_20_3_NEG,,,731.2,,,,,100,,,,2.065,,,1,0.084,1,,,,,Acq,,,,,,,,,,,,,,,30,,0403-DGJZT-DMRM-NEG.d,,Find by MRM,,
29,QWS_DH_20_1_NEG,,,731.2,,,,,100,,,,2.307,,,2,0.084,3,,,,,Acq,,,,,,,,,,,,,,,30,,0403-DGJZT-DMRM-NEG.d,,Find by MRM,,
30,THSWT_JDH_14_1_NEG,,,731.2,,,,,100,,,,2.374,,,12,0.025,6,,,,,Acq,,,,,,,,,,,,,,,30,,0403-DGJZT-DMRM-NEG.d,,Find by MRM,,
31,JSLJJ_SDH_38_1_NEG,,,731.2,,,,,100,,,,2.05,,,2,0.133,8,,,,,Acq,,,,,,,,,,,,,,,30,,0403-DGJZT-DMRM-NEG.d,,Find by MRM,,
32,THSWT_JBS_8_2_NEG,,,405.1,,,,,100,,,,2.203,,,247,0.418,1975,,,,,Acq,,,,,,,,,,,,,,,30,,0403-DGJZT-DMRM-NEG.d,,Find by MRM,,
33,JSLJJ_SDH_42_3_NEG,,,569.2,,,,,100,,,,2.185,,,3,0.175,11,,,,,Acq,,,,,,,,,,,,,,,30,,0403-DGJZT-DMRM-NEG.d,,Find by MRM,,
34,THSWT_DTR_2_1_NEG,,,461.1,,,,,100,,,,2.119,,,4,0.09,13,,,,,Acq,,,,,,,,,,,,,,,30,,0403-DGJZT-DMRM-NEG.d,,Find by MRM,,
35,THSWT_DTR_3_1_NEG,,,603.2,,,,,100,,,,2.242,,,1,0.151,3,,,,,Acq,,,,,,,,,,,,,,,30,,0403-DGJZT-DMRM-NEG.d,,Find by MRM,,
36,QWS_SM_241_1_NEG,,,271,,,,,100,,,,2.272,,,17,0.185,82,,,,,Acq,,,,,,,,,,,,,,,30,,0403-DGJZT-DMRM-NEG.d,,Find by MRM,,
37,FZT_RS_231_1_NEG,,,488.2,,,,,100,,,,2.561,,,13,0.191,58,,,,,Acq,,,,,,,,,,,,,,,30,,0403-DGJZT-DMRM-NEG.d,,Find by MRM,,
38,BXXXT_HL_6_3_NEG,,,719.2,,,,,100,,,,2.641,,,4,0.126,10,,,,,Acq,,,,,,,,,,,,,,,30,,0403-DGJZT-DMRM-NEG.d,,Find by MRM,,
39,BXXXT_HL_6_1_NEG,,,719.2,,,,,100,,,,2.334,,,3,0.041,5,,,,,Acq,,,,,,,,,,,,,,,30,,0403-DGJZT-DMRM-NEG.d,,Find by MRM,,
40,THSWT_DTR_4_1_NEG,,,491.1,,,,,100,,,,2.786,,,40,0.067,46,,,,,Acq,,,,,,,,,,,,,,,30,,0403-DGJZT-DMRM-NEG.d,,Find by MRM,,
41,THSWT_DTR_4_2_NEG,,,491.1,,,,,100,,,,2.77,,,9,0.075,17,,,,,Acq,,,,,,,,,,,,,,,30,,0403-DGJZT-DMRM-NEG.d,,Find by MRM,,
42,BXXXT_HL_5_2_NEG,,,359.1,,,,,100,,,,2.739,,,10,0.117,44,,,,,Acq,,,,,,,,,,,,,,,30,,0403-DGJZT-DMRM-NEG.d,,Find by MRM,,
43,BXXXT_HL_5_1_NEG,,,359.1,,,,,100,,,,2.614,,,4,0.107,12,,,,,Acq,,,,,,,,,,,,,,,30,,0403-DGJZT-DMRM-NEG.d,,Find by MRM,,
44,THSWT_DTR_6_2_NEG,,,589.2,,,,,100,,,,2.608,,,2,0.128,4,,,,,Acq,,,,,,,,,,,,,,,30,,0403-DGJZT-DMRM-NEG.d,,Find by MRM,,
45,DGJZT_BS_18_1_NEG,,,526.2,,,,,100,,,,2.659,,,464,0.323,4133,,,,,Acq,,,,,,,,,,,,,,,30,,0403-DGJZT-DMRM-NEG.d,,Find by MRM,,
46,FZT_PFP_23_1_NEG,,,359.1,,,,,100,,,,2.84,,,12,0.116,23,,,,,Acq,,,,,,,,,,,,,,,30,,0403-DGJZT-DMRM-NEG.d,,Find by MRM,,
47,THSWT_DTR_7_1_NEG,,,520.2,,,,,100,,,,2.668,,,6,0.217,19,,,,,Acq,,,,,,,,,,,,,,,30,,0403-DGJZT-DMRM-NEG.d,,Find by MRM,,
48,THSWT_DTR_7_3_NEG,,,520.2,,,,,100,,,,2.519,,,2,0.091,3,,,,,Acq,,,,,,,,,,,,,,,30,,0403-DGJZT-DMRM-NEG.d,,Find by MRM,,
49,THSWT_DTR_7_2_NEG,,,520.2,,,,,100,,,,2.511,,,2,0.091,4,,,,,Acq,,,,,,,,,,,,,,,30,,0403-DGJZT-DMRM-NEG.d,,Find by MRM,,
50,BXXXT_RS_7_1_NEG,,,477.1,,,,,100,,,,2.529,,,65,0.3,558,,,,,Acq,,,,,,,,,,,,,,,30,,0403-DGJZT-DMRM-NEG.d,,Find by MRM,,
51,THSWT_DTR_9_1_NEG,,,358.1,,,,,100,,,,2.548,,,4,0.107,10,,,,,Acq,,,,,,,,,,,,,,,30,,0403-DGJZT-DMRM-NEG.d,,Find by MRM,,
52,WPT_RS_116_1_NEG,,,477.1,,,,,100,,,,2.571,,,68,0.092,289,,,,,Acq,,,,,,,,,,,,,,,30,,0403-DGJZT-DMRM-NEG.d,,Find by MRM,,
53,THSWT_JDH_24_2_NEG,,,373.1,,,,,100,,,,2.747,,,6,0.075,12,,,,,Acq,,,,,,,,,,,,,,,30,,0403-DGJZT-DMRM-NEG.d,,Find by MRM,,
54,THSWT_JDH_24_1_NEG,,,373.1,,,,,100,,,,3,,,9,0.091,35,,,,,Acq,,,,,,,,,,,,,,,30,,0403-DGJZT-DMRM-NEG.d,,Find by MRM,,
55,BXXXT_RS_8_2_NEG,,,447.1,,,,,100,,,,3.072,,,6,0.092,15,,,,,Acq,,,,,,,,,,,,,,,30,,0403-DGJZT-DMRM-NEG.d,,Find by MRM,,
56,DGJZT_DZ_19_2_NEG,,,297.1,,,,,100,,,,3.042,,,78,0.254,588,,,,,Acq,,,,,,,,,,,,,,,30,,0403-DGJZT-DMRM-NEG.d,,Find by MRM,,
57,THSWT_JDH_25_1_NEG,,,236.1,,,,,100,,,,3.193,,,4,0.092,9,,,,,Acq,,,,,,,,,,,,,,,30,,0403-DGJZT-DMRM-NEG.d,,Find by MRM,,
58,QWS_DH_28_2_NEG,,,461.2,,,,,100,,,,3.18,,,4,0.152,16,,,,,Acq,,,,,,,,,,,,,,,30,,0403-DGJZT-DMRM-NEG.d,,Find by MRM,,
59,JSLJJ_SDH_60_2_NEG,,,461.2,,,,,100,,,,3.154,,,4,0.119,9,,,,,Acq,,,,,,,,,,,,,,,30,,0403-DGJZT-DMRM-NEG.d,,Find by MRM,,
60,THSWT_JDH_28_2_NEG,,,461.2,,,,,100,,,,3.146,,,6,0.112,16,,,,,Acq,,,,,,,,,,,,,,,30,,0403-DGJZT-DMRM-NEG.d,,Find by MRM,,
61,THSWT_JDH_28_1_NEG,,,461.2,,,,,100,,,,3.307,,,11,0.143,38,,,,,Acq,,,,,,,,,,,,,,,30,,0403-DGJZT-DMRM-NEG.d,,Find by MRM,,
62,JSLJJ_SDH_60_1_NEG,,,461.2,,,,,100,,,,3.391,,,14,0.033,10,,,,,Acq,,,,,,,,,,,,,,,30,,0403-DGJZT-DMRM-NEG.d,,Find by MRM,,
63,THSWT_JDH_27_1_NEG,,,375.1,,,,,100,,,,3.166,,,4,0.14,18,,,,,Acq,,,,,,,,,,,,,,,30,,0403-DGJZT-DMRM-NEG.d,,Find by MRM,,
64,JSLJJ_SDH_59_1_NEG,,,375.1,,,,,100,,,,2.915,,,6,0.062,11,,,,,Acq,,,,,,,,,,,,,,,30,,0403-DGJZT-DMRM-NEG.d,,Find by MRM,,
65,QWS_DH_28_1_NEG,,,461.2,,,,,100,,,,3.399,,,63,0.118,136,,,,,Acq,,,,,,,,,,,,,,,30,,0403-DGJZT-DMRM-NEG.d,,Find by MRM,,
66,QWS_MDP_54_1_NEG,,,445.1,,,,,100,,,,3.241,,,16,0.101,51,,,,,Acq,,,,,,,,,,,,,,,30,,0403-DGJZT-DMRM-NEG.d,,Find by MRM,,
67,QWS_MDP_54_2_NEG,,,445.1,,,,,100,,,,3.148,,,5,0.11,17,,,,,Acq,,,,,,,,,,,,,,,30,,0403-DGJZT-DMRM-NEG.d,,Find by MRM,,
68,QWS_DH_26_1_NEG,,,375.1,,,,,100,,,,2.956,,,10,0.134,35,,,,,Acq,,,,,,,,,,,,,,,30,,0403-DGJZT-DMRM-NEG.d,,Find by MRM,,
69,THSWT_DTR_13_3_NEG,,,475.1,,,,,100,,,,3.085,,,6,0.052,9,,,,,Acq,,,,,,,,,,,,,,,30,,0403-DGJZT-DMRM-NEG.d,,Find by MRM,,
70,THSWT_DTR_13_2_NEG,,,475.1,,,,,100,,,,3.077,,,16,0.273,150,,,,,Acq,,,,,,,,,,,,,,,30,,0403-DGJZT-DMRM-NEG.d,,Find by MRM,,
71,THSWT_DTR_13_1_NEG,,,475.1,,,,,100,,,,3.239,,,5,0.066,9,,,,,Acq,,,,,,,,,,,,,,,30,,0403-DGJZT-DMRM-NEG.d,,Find by MRM,,
72,FZT_BZ_52_2_NEG,,,493.2,,,,,100,,,,3.101,,,4,0.134,16,,,,,Acq,,,,,,,,,,,,,,,30,,0403-DGJZT-DMRM-NEG.d,,Find by MRM,,
73,DGJZT_BS_26_2_NEG,,,389.1,,,,,100,,,,3.267,,,499,0.395,4261,,,,,Acq,,,,,,,,,,,,,,,30,,0403-DGJZT-DMRM-NEG.d,,Find by MRM,,
74,DGJZT_BS_26_1_NEG,,,389.1,,,,,100,,,,3.267,,,557,0.387,5094,,,,,Acq,,,,,,,,,,,,,,,30,,0403-DGJZT-DMRM-NEG.d,,Find by MRM,,
75,FZT_BZ_52_3_NEG,,,493.2,,,,,100,,,,3.296,,,10,0.101,31,,,,,Acq,,,,,,,,,,,,,,,30,,0403-DGJZT-DMRM-NEG.d,,Find by MRM,,
76,FZT_BZ_53_2_NEG,,,353.1,,,,,100,,,,3.352,,,418,0.43,3715,,,,,Acq,,,,,,,,,,,,,,,30,,0403-DGJZT-DMRM-NEG.d,,Find by MRM,,
77,FZT_BZ_53_1_NEG,,,353.1,,,,,100,,,,3.336,,,343,0.366,3235,,,,,Acq,,,,,,,,,,,,,,,30,,0403-DGJZT-DMRM-NEG.d,,Find by MRM,,
78,THSWT_JHH_34_3_NEG,,,801.2,,,,,100,,,,3.479,,,0,0.198,1,,,,,Acq,,,,,,,,,,,,,,,30,,0403-DGJZT-DMRM-NEG.d,,Find by MRM,,
79,FZT_PFP_39_1_NEG,,,371.1,,,,,100,,,,3.385,,,24,0.213,99,,,,,Acq,,,,,,,,,,,,,,,30,,0403-DGJZT-DMRM-NEG.d,,Find by MRM,,
80,QWS_DH_30_2_NEG,,,487.1,,,,,100,,,,3.548,,,6,0.074,14,,,,,Acq,,,,,,,,,,,,,,,30,,0403-DGJZT-DMRM-NEG.d,,Find by MRM,,
81,JSLJJ_SDH_62_2_NEG,,,487.1,,,,,100,,,,3.524,,,6,0.134,27,,,,,Acq,,,,,,,,,,,,,,,30,,0403-DGJZT-DMRM-NEG.d,,Find by MRM,,
82,JSLJJ_SDH_62_1_NEG,,,487.1,,,,,100,,,,3.212,,,3,0.105,6,,,,,Acq,,,,,,,,,,,,,,,30,,0403-DGJZT-DMRM-NEG.d,,Find by MRM,,
83,THSWT_JDH_30_1_NEG,,,487.1,,,,,100,,,,3.465,,,11,0.105,30,,,,,Acq,,,,,,,,,,,,,,,30,,0403-DGJZT-DMRM-NEG.d,,Find by MRM,,
84,QWS_DH_30_1_NEG,,,487.1,,,,,100,,,,3.633,,,2,0.075,4,,,,,Acq,,,,,,,,,,,,,,,30,,0403-DGJZT-DMRM-NEG.d,,Find by MRM,,
85,JSLJJ_DG_40_3_NEG,,,515.1,,,,,100,,,,3.513,,,415,0.378,3396,,,,,Acq,,,,,,,,,,,,,,,30,,0403-DGJZT-DMRM-NEG.d,,Find by MRM,,
86,JSLJJ_DG_40_1_NEG,,,515.1,,,,,100,,,,3.53,,,451,0.225,3173,,,,,Acq,,,,,,,,,,,,,,,30,,0403-DGJZT-DMRM-NEG.d,,Find by MRM,,
87,DGJZT_BS_29_1_NEG,,,451.1,,,,,100,,,,3.501,,,661,0.343,6262,,,,,Acq,,,,,,,,,,,,,,,30,,0403-DGJZT-DMRM-NEG.d,,Find by MRM,,
88,THSWT_JDG_28_1_NEG,,,433,,,,,100,,,,3.443,,,27,0.361,323,,,,,Acq,,,,,,,,,,,,,,,30,,0403-DGJZT-DMRM-NEG.d,,Find by MRM,,
89,FZT_PFP_40_2_NEG,,,255.1,,,,,100,,,,3.344,,,8,0.141,31,,,,,Acq,,,,,,,,,,,,,,,30,,0403-DGJZT-DMRM-NEG.d,,Find by MRM,,
90,FZT_PFP_40_1_NEG,,,255.1,,,,,100,,,,3.529,,,5,0.075,12,,,,,Acq,,,,,,,,,,,,,,,30,,0403-DGJZT-DMRM-NEG.d,,Find by MRM,,
91,WPT_FZ_2_1_NEG,,,255.1,,,,,100,,,,3.697,,,6,0.233,32,,,,,Acq,,,,,,,,,,,,,,,30,,0403-DGJZT-DMRM-NEG.d,,Find by MRM,,
92,BXXXT_RS_12_3_NEG,,,471.2,,,,,100,,,,3.685,,,26,0.256,240,,,,,Acq,,,,,,,,,,,,,,,30,,0403-DGJZT-DMRM-NEG.d,,Find by MRM,,
93,THSWT_DTR_16_1_NEG,,,477.2,,,,,100,,,,3.976,,,470,0.176,2457,,,,,Acq,,,,,,,,,,,,,,,30,,0403-DGJZT-DMRM-NEG.d,,Find by MRM,,
94,THSWT_DTR_16_2_NEG,,,477.2,,,,,100,,,,3.977,,,379,0.174,11571,,,,,Acq,,,,,,,,,,,,,,,30,,0403-DGJZT-DMRM-NEG.d,,Find by MRM,,
95,THSWT_JHH_42_2_NEG,,,611.2,,,,,100,,,,3.789,,,5,0.201,24,,,,,Acq,,,,,,,,,,,,,,,30,,0403-DGJZT-DMRM-NEG.d,,Find by MRM,,
96,THSWT_JHH_42_3_NEG,,,611.2,,,,,100,,,,3.807,,,4,0.067,9,,,,,Acq,,,,,,,,,,,,,,,30,,0403-DGJZT-DMRM-NEG.d,,Find by MRM,,
97,DGJZT_GZ_4_1_NEG,,,349.1,,,,,100,,,,3.836,,,154,0.464,1449,,,,,Acq,,,,,,,,,,,,,,,30,,0403-DGJZT-DMRM-NEG.d,,Find by MRM,,
98,THSWT_JBS_21_1_NEG,,,495.2,,,,,100,,,,3.9,,,17538,0.206,127354,,,,,Acq,,,,,,,,,,,,,,,30,,0403-DGJZT-DMRM-NEG.d,,Find by MRM,,
99,THSWT_JDH_33_1_NEG,,,313.1,,,,,100,,,,3.997,,,12,0.067,34,,,,,Acq,,,,,,,,,,,,,,,30,,0403-DGJZT-DMRM-NEG.d,,Find by MRM,,
100,DGJZT_DZ_25_3_NEG,,,639.2,,,,,100,,,,4.048,,,384,0.402,3864,,,,,Acq,,,,,,,,,,,,,,,30,,0403-DGJZT-DMRM-NEG.d,,Find by MRM,,
101,BXXXT_DZ_16_2_NEG,,,595.2,,,,,100,,,,4.192,,,414,0.404,4138,,,,,Acq,,,,,,,,,,,,,,,30,,0403-DGJZT-DMRM-NEG.d,,Find by MRM,,
102,BXXXT_DZ_16_1_NEG,,,595.2,,,,,100,,,,4.175,,,424,0.398,4260,,,,,Acq,,,,,,,,,,,,,,,30,,0403-DGJZT-DMRM-NEG.d,,Find by MRM,,
103,BXXXT_HL_13_2_NEG,,,367.1,,,,,100,,,,4.262,,,33,0.325,274,,,,,Acq,,,,,,,,,,,,,,,30,,0403-DGJZT-DMRM-NEG.d,,Find by MRM,,
104,QWS_HL_49_2_NEG,,,367.1,,,,,100,,,,4.313,,,25,0.075,79,,,,,Acq,,,,,,,,,,,,,,,30,,0403-DGJZT-DMRM-NEG.d,,Find by MRM,,
105,BXXXT_HL_13_1_NEG,,,367.1,,,,,100,,,,4.272,,,53,0.247,377,,,,,Acq,,,,,,,,,,,,,,,30,,0403-DGJZT-DMRM-NEG.d,,Find by MRM,,
106,QWS_HL_49_1_NEG,,,367.1,,,,,100,,,,4.264,,,42,0.093,185,,,,,Acq,,,,,,,,,,,,,,,30,,0403-DGJZT-DMRM-NEG.d,,Find by MRM,,
107,QWS_HL_49_3_NEG,,,367.1,,,,,100,,,,4.281,,,5,0.176,21,,,,,Acq,,,,,,,,,,,,,,,30,,0403-DGJZT-DMRM-NEG.d,,Find by MRM,,
108,THSWT_DTR_18_3_NEG,,,502.2,,,,,100,,,,4.067,,,3,0.147,8,,,,,Acq,,,,,,,,,,,,,,,30,,0403-DGJZT-DMRM-NEG.d,,Find by MRM,,
109,THSWT_DTR_18_2_NEG,,,502.2,,,,,100,,,,4.328,,,2,0.143,8,,,,,Acq,,,,,,,,,,,,,,,30,,0403-DGJZT-DMRM-NEG.d,,Find by MRM,,
110,THSWT_DTR_18_1_NEG,,,502.2,,,,,100,,,,4.504,,,14,0.042,8,,,,,Acq,,,,,,,,,,,,,,,30,,0403-DGJZT-DMRM-NEG.d,,Find by MRM,,
111,FZT_PFP_47_1_NEG,,,239.1,,,,,100,,,,4.198,,,3,0.142,7,,,,,Acq,,,,,,,,,,,,,,,30,,0403-DGJZT-DMRM-NEG.d,,Find by MRM,,
112,FZT_PFP_47_2_NEG,,,239.1,,,,,100,,,,4.207,,,4,0.079,8,,,,,Acq,,,,,,,,,,,,,,,30,,0403-DGJZT-DMRM-NEG.d,,Find by MRM,,
113,JSLJJ_SDH_67_1_NEG,,,475.2,,,,,100,,,,4.421,,,6,0.153,23,,,,,Acq,,,,,,,,,,,,,,,30,,0403-DGJZT-DMRM-NEG.d,,Find by MRM,,
114,THSWT_JDH_35_1_NEG,,,475.2,,,,,100,,,,4.506,,,3,0.234,14,,,,,Acq,,,,,,,,,,,,,,,30,,0403-DGJZT-DMRM-NEG.d,,Find by MRM,,
115,THSWT_JBS_32_1_NEG,,,687.2,,,,,100,,,,4.442,,,112,0.304,1175,,,,,Acq,,,,,,,,,,,,,,,30,,0403-DGJZT-DMRM-NEG.d,,Find by MRM,,
116,THSWT_JDG_41_1_NEG,,,583.2,,,,,100,,,,4.502,,,37,0.175,220,,,,,Acq,,,,,,,,,,,,,,,30,,0403-DGJZT-DMRM-NEG.d,,Find by MRM,,
117,QWS_SM_289_1_NEG,,,500.2,,,,,100,,,,4.555,,,3,0.094,7,,,,,Acq,,,,,,,,,,,,,,,30,,0403-DGJZT-DMRM-NEG.d,,Find by MRM,,
118,DGJZT_BS_60_3_NEG,,,631.2,,,,,100,,,,4.73,,,557,0.347,5718,,,,,Acq,,,,,,,,,,,,,,,30,,0403-DGJZT-DMRM-NEG.d,,Find by MRM,,
119,FZT_BS_92_3_NEG,,,631.2,,,,,100,,,,4.754,,,912,0.368,10130,,,,,Acq,,,,,,,,,,,,,,,30,,0403-DGJZT-DMRM-NEG.d,,Find by MRM,,
120,DGJZT_BS_61_1_NEG,,,491.1,,,,,100,,,,4.774,,,1456,0.389,14919,,,,,Acq,,,,,,,,,,,,,,,30,,0403-DGJZT-DMRM-NEG.d,,Find by MRM,,
121,DGJZT_BS_62_2_NEG,,,519.2,,,,,100,,,,4.839,,,326,0.299,2792,,,,,Acq,,,,,,,,,,,,,,,30,,0403-DGJZT-DMRM-NEG.d,,Find by MRM,,
122,DGJZT_BS_62_1_NEG,,,519.2,,,,,100,,,,4.84,,,317,0.347,3124,,,,,Acq,,,,,,,,,,,,,,,30,,0403-DGJZT-DMRM-NEG.d,,Find by MRM,,
123,FZT_BS_93_3_NEG,,,491.1,,,,,100,,,,4.775,,,1403,0.379,14655,,,,,Acq,,,,,,,,,,,,,,,30,,0403-DGJZT-DMRM-NEG.d,,Find by MRM,,
124,DGJZT_GZ_6_1_NEG,,,415.1,,,,,100,,,,4.775,,,117,0.321,1067,,,,,Acq,,,,,,,,,,,,,,,30,,0403-DGJZT-DMRM-NEG.d,,Find by MRM,,
125,QWS_DH_37_3_NEG,,,785.3,,,,,100,,,,4.668,,,3,0.067,6,,,,,Acq,,,,,,,,,,,,,,,30,,0403-DGJZT-DMRM-NEG.d,,Find by MRM,,
126,JSLJJ_SDH_69_2_NEG,,,785.3,,,,,100,,,,4.576,,,6,0.142,18,,,,,Acq,,,,,,,,,,,,,,,30,,0403-DGJZT-DMRM-NEG.d,,Find by MRM,,
127,QWS_DH_37_2_NEG,,,785.3,,,,,100,,,,4.594,,,2,0.118,5,,,,,Acq,,,,,,,,,,,,,,,30,,0403-DGJZT-DMRM-NEG.d,,Find by MRM,,
128,THSWT_JBS_34_2_NEG,,,491.1,,,,,100,,,,4.774,,,1931,0.464,20693,,,,,Acq,,,,,,,,,,,,,,,30,,0403-DGJZT-DMRM-NEG.d,,Find by MRM,,
129,THSWT_JDH_37_2_NEG,,,785.3,,,,,100,,,,4.752,,,3,0.125,9,,,,,Acq,,,,,,,,,,,,,,,30,,0403-DGJZT-DMRM-NEG.d,,Find by MRM,,
130,JSLJJ_SDH_69_1_NEG,,,785.3,,,,,100,,,,4.669,,,3,0.109,8,,,,,Acq,,,,,,,,,,,,,,,30,,0403-DGJZT-DMRM-NEG.d,,Find by MRM,,
131,THSWT_JDH_37_1_NEG,,,785.3,,,,,100,,,,4.887,,,3,0.117,12,,,,,Acq,,,,,,,,,,,,,,,30,,0403-DGJZT-DMRM-NEG.d,,Find by MRM,,
132,QWS_DH_37_1_NEG,,,785.3,,,,,100,,,,4.654,,,5,0.191,21,,,,,Acq,,,,,,,,,,,,,,,30,,0403-DGJZT-DMRM-NEG.d,,Find by MRM,,
133,DGJZT_GZ_8_2_NEG,,,327.1,,,,,100,,,,4.935,,,96,0.336,695,,,,,Acq,,,,,,,,,,,,,,,30,,0403-DGJZT-DMRM-NEG.d,,Find by MRM,,
134,DGJZT_GZ_8_1_NEG,,,327.1,,,,,100,,,,4.952,,,266,0.369,2137,,,,,Acq,,,,,,,,,,,,,,,30,,0403-DGJZT-DMRM-NEG.d,,Find by MRM,,
135,JSLJJ_CP_102_2_NEG,,,623.2,,,,,100,,,,5.18,,,2,0.109,5,,,,,Acq,,,,,,,,,,,,,,,30,,0403-DGJZT-DMRM-NEG.d,,Find by MRM,,
136,JSLJJ_CP_99_1_NEG,,,623.2,,,,,100,,,,5.282,,,0,0.051,0,,,,,Acq,,,,,,,,,,,,,,,30,,0403-DGJZT-DMRM-NEG.d,,Find by MRM,,
137,QWS_HL_67_1_NEG,,,340.2,,,,,100,,,,5.042,,,196,0.353,1941,,,,,Acq,,,,,,,,,,,,,,,30,,0403-DGJZT-DMRM-NEG.d,,Find by MRM,,
138,DGJZT_DZ_28_3_NEG,,,340.2,,,,,100,,,,5.075,,,64,0.258,528,,,,,Acq,,,,,,,,,,,,,,,30,,0403-DGJZT-DMRM-NEG.d,,Find by MRM,,
139,DGJZT_DZ_28_1_NEG,,,340.2,,,,,100,,,,5.059,,,44,0.099,178,,,,,Acq,,,,,,,,,,,,,,,30,,0403-DGJZT-DMRM-NEG.d,,Find by MRM,,
140,WPT_RS_131_1_NEG,,,337.1,,,,,100,,,,4.985,,,37,0.23,209,,,,,Acq,,,,,,,,,,,,,,,30,,0403-DGJZT-DMRM-NEG.d,,Find by MRM,,
141,BXXXT_GJ_25_1_NEG,,,519.2,,,,,100,,,,5.342,,,45,0.15,196,,,,,Acq,,,,,,,,,,,,,,,30,,0403-DGJZT-DMRM-NEG.d,,Find by MRM,,
142,DGJZT_BS_80_1_NEG,,,631.2,,,,,100,,,,5.281,,,398,0.349,4220,,,,,Acq,,,,,,,,,,,,,,,30,,0403-DGJZT-DMRM-NEG.d,,Find by MRM,,
143,QWS_MDP_101_1_NEG,,,657.2,,,,,100,,,,5.341,,,76,0.331,646,,,,,Acq,,,,,,,,,,,,,,,30,,0403-DGJZT-DMRM-NEG.d,,Find by MRM,,
144,FZT_BS_118_1_NEG,,,631.2,,,,,100,,,,5.289,,,282,0.416,3099,,,,,Acq,,,,,,,,,,,,,,,30,,0403-DGJZT-DMRM-NEG.d,,Find by MRM,,
145,THSWT_DTR_23_1_NEG,,,340.1,,,,,100,,,,5.287,,,2,0.101,4,,,,,Acq,,,,,,,,,,,,,,,30,,0403-DGJZT-DMRM-NEG.d,,Find by MRM,,
146,DGJZT_DZ_31_1_NEG,,,741.2,,,,,100,,,,5.323,,,89,0.187,577,,,,,Acq,,,,,,,,,,,,,,,30,,0403-DGJZT-DMRM-NEG.d,,Find by MRM,,
147,THSWT_DTR_24_3_NEG,,,456.2,,,,,100,,,,5.384,,,4,0.146,10,,,,,Acq,,,,,,,,,,,,,,,30,,0403-DGJZT-DMRM-NEG.d,,Find by MRM,,
148,BXXXT_HL_17_2_NEG,,,367.1,,,,,100,,,,5.377,,,99,0.37,810,,,,,Acq,,,,,,,,,,,,,,,30,,0403-DGJZT-DMRM-NEG.d,,Find by MRM,,
149,THSWT_JHH_96_1_NEG,,,623.1,,,,,100,,,,5.333,,,0,0.066,1,,,,,Acq,,,,,,,,,,,,,,,30,,0403-DGJZT-DMRM-NEG.d,,Find by MRM,,
150,QWS_HL_76_2_NEG,,,367.1,,,,,100,,,,5.42,,,76,0.269,589,,,,,Acq,,,,,,,,,,,,,,,30,,0403-DGJZT-DMRM-NEG.d,,Find by MRM,,
151,BXXXT_HL_17_1_NEG,,,367.1,,,,,100,,,,5.404,,,62,0.266,568,,,,,Acq,,,,,,,,,,,,,,,30,,0403-DGJZT-DMRM-NEG.d,,Find by MRM,,
152,QWS_HL_76_1_NEG,,,367.1,,,,,100,,,,5.412,,,57,0.276,484,,,,,Acq,,,,,,,,,,,,,,,30,,0403-DGJZT-DMRM-NEG.d,,Find by MRM,,
153,QWS_HL_76_3_NEG,,,367.1,,,,,100,,,,5.394,,,145,0.314,1367,,,,,Acq,,,,,,,,,,,,,,,30,,0403-DGJZT-DMRM-NEG.d,,Find by MRM,,
154,JSLJJ_SDH_72_3_NEG,,,799.3,,,,,100,,,,5.582,,,2,0.115,5,,,,,Acq,,,,,,,,,,,,,,,30,,0403-DGJZT-DMRM-NEG.d,,Find by MRM,,
155,JSLJJ_SDH_72_1_NEG,,,799.3,,,,,100,,,,5.288,,,3,0.076,5,,,,,Acq,,,,,,,,,,,,,,,30,,0403-DGJZT-DMRM-NEG.d,,Find by MRM,,
156,WPT_RS_132_2_NEG,,,367.1,,,,,100,,,,5.36,,,109,0.411,924,,,,,Acq,,,,,,,,,,,,,,,30,,0403-DGJZT-DMRM-NEG.d,,Find by MRM,,
157,QWS_DH_38_3_NEG,,,799.3,,,,,100,,,,5.531,,,0,0.235,1,,,,,Acq,,,,,,,,,,,,,,,30,,0403-DGJZT-DMRM-NEG.d,,Find by MRM,,
158,QWS_DH_38_1_NEG,,,799.3,,,,,100,,,,5.499,,,3,0.101,6,,,,,Acq,,,,,,,,,,,,,,,30,,0403-DGJZT-DMRM-NEG.d,,Find by MRM,,
159,THSWT_JDH_40_2_NEG,,,799.3,,,,,100,,,,5.666,,,0,0.247,1,,,,,Acq,,,,,,,,,,,,,,,30,,0403-DGJZT-DMRM-NEG.d,,Find by MRM,,
160,THSWT_JDH_40_1_NEG,,,799.3,,,,,100,,,,5.541,,,5,0.101,10,,,,,Acq,,,,,,,,,,,,,,,30,,0403-DGJZT-DMRM-NEG.d,,Find by MRM,,
161,JSLJJ_CP_113_2_NEG,,,817.2,,,,,100,,,,5.463,,,4,0.075,8,,,,,Acq,,,,,,,,,,,,,,,30,,0403-DGJZT-DMRM-NEG.d,,Find by MRM,,
162,THSWT_JDG_50_1_NEG,,,468.1,,,,,100,,,,5.697,,,187,0.461,1918,,,,,Acq,,,,,,,,,,,,,,,30,,0403-DGJZT-DMRM-NEG.d,,Find by MRM,,
163,QWS_HL_89_1_NEG,,,567.2,,,,,100,,,,5.813,,,20,0.325,163,,,,,Acq,,,,,,,,,,,,,,,30,,0403-DGJZT-DMRM-NEG.d,,Find by MRM,,
164,DGJZT_BS_102_2_NEG,,,519.2,,,,,100,,,,5.88,,,419,0.384,4608,,,,,Acq,,,,,,,,,,,,,,,30,,0403-DGJZT-DMRM-NEG.d,,Find by MRM,,
165,QWS_MDP_116_1_NEG,,,611.2,,,,,100,,,,5.835,,,13,0.308,127,,,,,Acq,,,,,,,,,,,,,,,30,,0403-DGJZT-DMRM-NEG.d,,Find by MRM,,
166,QWS_MDP_116_2_NEG,,,611.2,,,,,100,,,,5.917,,,22,0.284,202,,,,,Acq,,,,,,,,,,,,,,,30,,0403-DGJZT-DMRM-NEG.d,,Find by MRM,,
167,THSWT_JHH_110_1_NEG,,,609.1,,,,,100,,,,5.943,,,6,0.183,24,,,,,Acq,,,,,,,,,,,,,,,30,,0403-DGJZT-DMRM-NEG.d,,Find by MRM,,
168,THSWT_JHH_115_3_NEG,,,463.1,,,,,100,,,,6.081,,,24,0.167,160,,,,,Acq,,,,,,,,,,,,,,,30,,0403-DGJZT-DMRM-NEG.d,,Find by MRM,,
169,QWS_SM_305_2_NEG,,,593.2,,,,,100,,,,6.103,,,4,0.139,15,,,,,Acq,,,,,,,,,,,,,,,30,,0403-DGJZT-DMRM-NEG.d,,Find by MRM,,
170,QWS_SM_305_1_NEG,,,593.2,,,,,100,,,,6.02,,,5,0.092,14,,,,,Acq,,,,,,,,,,,,,,,30,,0403-DGJZT-DMRM-NEG.d,,Find by MRM,,
171,BXXXT_DZ_20_2_NEG,,,623.3,,,,,100,,,,6.099,,,144,0.369,1616,,,,,Acq,,,,,,,,,,,,,,,30,,0403-DGJZT-DMRM-NEG.d,,Find by MRM,,
172,DGJZT_BS_104_2_NEG,,,477.1,,,,,100,,,,6.231,,,1139,0.418,14868,,,,,Acq,,,,,,,,,,,,,,,30,,0403-DGJZT-DMRM-NEG.d,,Find by MRM,,
173,DGJZT_GZ_15_1_NEG,,,559.2,,,,,100,,,,6.304,,,379,0.363,3555,,,,,Acq,,,,,,,,,,,,,,,30,,0403-DGJZT-DMRM-NEG.d,,Find by MRM,,
174,THSWT_JBS_56_3_NEG,,,433.1,,,,,100,,,,6.215,,,1307,0.247,9951,,,,,Acq,,,,,,,,,,,,,,,30,,0403-DGJZT-DMRM-NEG.d,,Find by MRM,,
175,THSWT_JBS_56_1_NEG,,,433.1,,,,,100,,,,6.482,,,1657,0.185,48344,,,,,Acq,,,,,,,,,,,,,,,30,,0403-DGJZT-DMRM-NEG.d,,Find by MRM,,
176,QWS_MDP_121_1_NEG,,,611.2,,,,,100,,,,6.134,,,12,0.284,138,,,,,Acq,,,,,,,,,,,,,,,30,,0403-DGJZT-DMRM-NEG.d,,Find by MRM,,
177,QWS_MDP_121_2_NEG,,,611.2,,,,,100,,,,6.376,,,10,0.086,26,,,,,Acq,,,,,,,,,,,,,,,30,,0403-DGJZT-DMRM-NEG.d,,Find by MRM,,
178,QWS_MDP_121_3_NEG,,,611.2,,,,,100,,,,6.462,,,8,0.153,23,,,,,Acq,,,,,,,,,,,,,,,30,,0403-DGJZT-DMRM-NEG.d,,Find by MRM,,
179,BXXXT_DZ_21_1_NEG,,,609.1,,,,,100,,,,6.294,,,860,0.419,9628,,,,,Acq,,,,,,,,,,,,,,,30,,0403-DGJZT-DMRM-NEG.d,,Find by MRM,,
180,JSLJJ_CP_127_1_NEG,,,593.2,,,,,100,,,,6.228,,,12,0.108,62,,,,,Acq,,,,,,,,,,,,,,,30,,0403-DGJZT-DMRM-NEG.d,,Find by MRM,,
181,DGJZT_CGC_31_1_NEG,,,549.2,,,,,100,,,,6.403,,,21978,0.46,256012,,,,,Acq,,,,,,,,,,,,,,,30,,0403-DGJZT-DMRM-NEG.d,,Find by MRM,,
182,DGJZT_CGC_36_1_NEG,,,549.2,,,,,100,,,,6.405,,,9723,0.459,111248,,,,,Acq,,,,,,,,,,,,,,,30,,0403-DGJZT-DMRM-NEG.d,,Find by MRM,,
183,JSLJJ_GC_163_1_NEG,,,549.2,,,,,100,,,,6.412,,,9945,0.432,108899,,,,,Acq,,,,,,,,,,,,,,,30,,0403-DGJZT-DMRM-NEG.d,,Find by MRM,,
184,BXXXT_CGC_30_1_NEG,,,549.2,,,,,100,,,,6.422,,,9627,0.432,110777,,,,,Acq,,,,,,,,,,,,,,,30,,0403-DGJZT-DMRM-NEG.d,,Find by MRM,,
185,JSLJJ_CP_129_1_NEG,,,387.1,,,,,100,,,,6.493,,,13,0.242,68,,,,,Acq,,,,,,,,,,,,,,,30,,0403-DGJZT-DMRM-NEG.d,,Find by MRM,,
186,FZT_BS_152_3_NEG,,,433.1,,,,,100,,,,6.473,,,1734,0.376,19380,,,,,Acq,,,,,,,,,,,,,,,30,,0403-DGJZT-DMRM-NEG.d,,Find by MRM,,
187,FZT_BS_152_1_NEG,,,433.1,,,,,100,,,,6.474,,,1336,0.373,15764,,,,,Acq,,,,,,,,,,,,,,,30,,0403-DGJZT-DMRM-NEG.d,,Find by MRM,,
188,WPT_GC_299_1_NEG,,,549.2,,,,,100,,,,6.404,,,8986,0.368,93929,,,,,Acq,,,,,,,,,,,,,,,30,,0403-DGJZT-DMRM-NEG.d,,Find by MRM,,
189,JSLJJ_GC_168_3_NEG,,,417.1,,,,,100,,,,6.583,,,19792,0.479,234231,,,,,Acq,,,,,,,,,,,,,,,30,,0403-DGJZT-DMRM-NEG.d,,Find by MRM,,
190,DGJZT_CGC_47_3_NEG,,,417.1,,,,,100,,,,6.592,,,9767,0.487,114759,,,,,Acq,,,,,,,,,,,,,,,30,,0403-DGJZT-DMRM-NEG.d,,Find by MRM,,
191,DGJZT_CGC_47_1_NEG,,,417.1,,,,,100,,,,6.593,,,14296,0.474,162779,,,,,Acq,,,,,,,,,,,,,,,30,,0403-DGJZT-DMRM-NEG.d,,Find by MRM,,
192,JSLJJ_GC_168_1_NEG,,,417.1,,,,,100,,,,6.584,,,14196,0.487,173884,,,,,Acq,,,,,,,,,,,,,,,30,,0403-DGJZT-DMRM-NEG.d,,Find by MRM,,
193,JSLJJ_GC_168_2_NEG,,,417.1,,,,,100,,,,6.585,,,8001,0.526,101298,,,,,Acq,,,,,,,,,,,,,,,30,,0403-DGJZT-DMRM-NEG.d,,Find by MRM,,
194,DGJZT_CGC_47_2_NEG,,,417.1,,,,,100,,,,6.594,,,4813,0.513,60770,,,,,Acq,,,,,,,,,,,,,,,30,,0403-DGJZT-DMRM-NEG.d,,Find by MRM,,
195,BXXXT_CGC_41_3_NEG,,,417.1,,,,,100,,,,6.592,,,8662,0.42,98052,,,,,Acq,,,,,,,,,,,,,,,30,,0403-DGJZT-DMRM-NEG.d,,Find by MRM,,
196,BXXXT_CGC_41_1_NEG,,,417.1,,,,,100,,,,6.601,,,21737,0.494,253928,,,,,Acq,,,,,,,,,,,,,,,30,,0403-DGJZT-DMRM-NEG.d,,Find by MRM,,
197,BXXXT_CGC_41_2_NEG,,,417.1,,,,,100,,,,6.585,,,4800,0.471,56026,,,,,Acq,,,,,,,,,,,,,,,30,,0403-DGJZT-DMRM-NEG.d,,Find by MRM,,
198,FZT_PFP_63_1_NEG,,,693.2,,,,,100,,,,6.873,,,9,0.093,29,,,,,Acq,,,,,,,,,,,,,,,30,,0403-DGJZT-DMRM-NEG.d,,Find by MRM,,
199,JSLJJ_SDH_79_1_NEG,,,623.2,,,,,100,,,,6.444,,,8,0.135,30,,,,,Acq,,,,,,,,,,,,,,,30,,0403-DGJZT-DMRM-NEG.d,,Find by MRM,,
200,THSWT_JDH_48_1_NEG,,,813.3,,,,,100,,,,6.578,,,3,0.1,6,,,,,Acq,,,,,,,,,,,,,,,30,,0403-DGJZT-DMRM-NEG.d,,Find by MRM,,
201,JSLJJ_SDH_80_1_NEG,,,813.3,,,,,100,,,,6.586,,,4,0.1,8,,,,,Acq,,,,,,,,,,,,,,,30,,0403-DGJZT-DMRM-NEG.d,,Find by MRM,,
202,QWS_DH_44_1_NEG,,,813.3,,,,,100,,,,6.629,,,6,0.101,12,,,,,Acq,,,,,,,,,,,,,,,30,,0403-DGJZT-DMRM-NEG.d,,Find by MRM,,
203,QWS_DH_43_1_NEG,,,623.2,,,,,100,,,,6.597,,,5,0.143,22,,,,,Acq,,,,,,,,,,,,,,,30,,0403-DGJZT-DMRM-NEG.d,,Find by MRM,,
204,THSWT_JDH_47_1_NEG,,,623.2,,,,,100,,,,6.58,,,12,0.152,35,,,,,Acq,,,,,,,,,,,,,,,30,,0403-DGJZT-DMRM-NEG.d,,Find by MRM,,
205,JSLJJ_CP_133_1_NEG,,,667.3,,,,,100,,,,6.571,,,1,0.16,6,,,,,Acq,,,,,,,,,,,,,,,30,,0403-DGJZT-DMRM-NEG.d,,Find by MRM,,
206,JSLJJ_SJ_11_3_NEG,,,475.2,,,,,100,,,,6.749,,,129,0.201,665,,,,,Acq,,,,,,,,,,,,,,,30,,0403-DGJZT-DMRM-NEG.d,,Find by MRM,,
207,WPT_GC_310_2_NEG,,,417.1,,,,,100,,,,6.593,,,3964,0.294,43040,,,,,Acq,,,,,,,,,,,,,,,30,,0403-DGJZT-DMRM-NEG.d,,Find by MRM,,
208,BXXXT_HQ_39_1_NEG,,,1009.2,,,,,100,,,,6.62,,,0,0.15,1,,,,,Acq,,,,,,,,,,,,,,,30,,0403-DGJZT-DMRM-NEG.d,,Find by MRM,,
209,JSLJJ_CP_134_3_NEG,,,669.3,,,,,100,,,,7.023,,,0,0.276,2,,,,,Acq,,,,,,,,,,,,,,,30,,0403-DGJZT-DMRM-NEG.d,,Find by MRM,,
210,BXXXT_GJ_31_2_NEG,,,475.2,,,,,100,,,,6.741,,,84,0.159,525,,,,,Acq,,,,,,,,,,,,,,,30,,0403-DGJZT-DMRM-NEG.d,,Find by MRM,,
211,WPT_GC_310_1_NEG,,,417.1,,,,,100,,,,6.592,,,8276,0.217,79878,,,,,Acq,,,,,,,,,,,,,,,30,,0403-DGJZT-DMRM-NEG.d,,Find by MRM,,
212,THSWT_JHH_153_1_NEG,,,1043.3,,,,,100,,,,6.745,,,1,0.059,1,,,,,Acq,,,,,,,,,,,,,,,30,,0403-DGJZT-DMRM-NEG.d,,Find by MRM,,
213,QWS_MDP_128_1_NEG,,,611.2,,,,,100,,,,6.639,,,7,0.043,10,,,,,Acq,,,,,,,,,,,,,,,30,,0403-DGJZT-DMRM-NEG.d,,Find by MRM,,
214,DGJZT_BS_108_2_NEG,,,631.2,,,,,100,,,,6.773,,,310,0.425,3648,,,,,Acq,,,,,,,,,,,,,,,30,,0403-DGJZT-DMRM-NEG.d,,Find by MRM,,
215,QWS_MDP_128_2_NEG,,,611.2,,,,,100,,,,6.614,,,6,0.108,13,,,,,Acq,,,,,,,,,,,,,,,30,,0403-DGJZT-DMRM-NEG.d,,Find by MRM,,
216,THSWT_JDG_59_2_NEG,,,533.2,,,,,100,,,,6.783,,,27,0.302,246,,,,,Acq,,,,,,,,,,,,,,,30,,0403-DGJZT-DMRM-NEG.d,,Find by MRM,,
217,WPT_GJ_68_2_NEG,,,475.2,,,,,100,,,,6.783,,,112,0.411,1008,,,,,Acq,,,,,,,,,,,,,,,30,,0403-DGJZT-DMRM-NEG.d,,Find by MRM,,
218,WPT_GJ_68_3_NEG,,,475.2,,,,,100,,,,6.767,,,79,0.194,440,,,,,Acq,,,,,,,,,,,,,,,30,,0403-DGJZT-DMRM-NEG.d,,Find by MRM,,
219,WPT_GJ_68_1_NEG,,,475.2,,,,,100,,,,6.784,,,82,0.327,542,,,,,Acq,,,,,,,,,,,,,,,30,,0403-DGJZT-DMRM-NEG.d,,Find by MRM,,
220,THSWT_JDG_61_3_NEG,,,403.1,,,,,100,,,,6.903,,,96,0.263,892,,,,,Acq,,,,,,,,,,,,,,,30,,0403-DGJZT-DMRM-NEG.d,,Find by MRM,,
221,THSWT_JDG_61_2_NEG,,,403.1,,,,,100,,,,6.978,,,98,0.292,809,,,,,Acq,,,,,,,,,,,,,,,30,,0403-DGJZT-DMRM-NEG.d,,Find by MRM,,
222,THSWT_JDG_61_1_NEG,,,403.1,,,,,100,,,,6.895,,,66,0.365,814,,,,,Acq,,,,,,,,,,,,,,,30,,0403-DGJZT-DMRM-NEG.d,,Find by MRM,,
223,DGJZT_DZ_36_2_NEG,,,637.3,,,,,100,,,,7.2,,,159,0.237,1457,,,,,Acq,,,,,,,,,,,,,,,30,,0403-DGJZT-DMRM-NEG.d,,Find by MRM,,
224,BXXXT_GJ_35_1_NEG,,,377.2,,,,,100,,,,7.145,,,125,0.426,1455,,,,,Acq,,,,,,,,,,,,,,,30,,0403-DGJZT-DMRM-NEG.d,,Find by MRM,,
225,BXXXT_GJ_35_2_NEG,,,377.2,,,,,100,,,,7.104,,,86,0.409,1032,,,,,Acq,,,,,,,,,,,,,,,30,,0403-DGJZT-DMRM-NEG.d,,Find by MRM,,
226,BXXXT_GJ_34_2_NEG,,,347.2,,,,,100,,,,7.089,,,80,0.193,565,,,,,Acq,,,,,,,,,,,,,,,30,,0403-DGJZT-DMRM-NEG.d,,Find by MRM,,
227,DGJZT_DZ_36_3_NEG,,,637.3,,,,,100,,,,7.233,,,176,0.101,787,,,,,Acq,,,,,,,,,,,,,,,30,,0403-DGJZT-DMRM-NEG.d,,Find by MRM,,
228,BXXXT_DZ_23_2_NEG,,,637.3,,,,,100,,,,7.191,,,150,0.335,1102,,,,,Acq,,,,,,,,,,,,,,,30,,0403-DGJZT-DMRM-NEG.d,,Find by MRM,,
229,JSLJJ_SDH_81_1_NEG,,,623.2,,,,,100,,,,7.208,,,7,0.101,23,,,,,Acq,,,,,,,,,,,,,,,30,,0403-DGJZT-DMRM-NEG.d,,Find by MRM,,
230,BXXXT_GJ_34_3_NEG,,,347.2,,,,,100,,,,7.131,,,68,0.443,914,,,,,Acq,,,,,,,,,,,,,,,30,,0403-DGJZT-DMRM-NEG.d,,Find by MRM,,
231,QWS_DH_45_1_NEG,,,623.2,,,,,100,,,,7.276,,,4,0.032,3,,,,,Acq,,,,,,,,,,,,,,,30,,0403-DGJZT-DMRM-NEG.d,,Find by MRM,,
232,THSWT_JHH_162_2_NEG,,,593.2,,,,,100,,,,7.184,,,99,0.294,779,,,,,Acq,,,,,,,,,,,,,,,30,,0403-DGJZT-DMRM-NEG.d,,Find by MRM,,
233,THSWT_JHH_162_1_NEG,,,593.2,,,,,100,,,,7.117,,,56,0.336,443,,,,,Acq,,,,,,,,,,,,,,,30,,0403-DGJZT-DMRM-NEG.d,,Find by MRM,,
234,JSLJJ_CP_141_2_NEG,,,579.2,,,,,100,,,,7.487,,,23,0.082,228,,,,,Acq,,,,,,,,,,,,,,,30,,0403-DGJZT-DMRM-NEG.d,,Find by MRM,,
235,JSLJJ_CP_141_1_NEG,,,579.2,,,,,100,,,,7.362,,,4,0.143,28,,,,,Acq,,,,,,,,,,,,,,,30,,0403-DGJZT-DMRM-NEG.d,,Find by MRM,,
236,DGJZT_SJ_6_2_NEG,,,375.1,,,,,100,,,,7.213,,,401,0.377,4643,,,,,Acq,,,,,,,,,,,,,,,30,,0403-DGJZT-DMRM-NEG.d,,Find by MRM,,
237,DGJZT_SJ_6_1_NEG,,,375.1,,,,,100,,,,7.239,,,477,0.174,3404,,,,,Acq,,,,,,,,,,,,,,,30,,0403-DGJZT-DMRM-NEG.d,,Find by MRM,,
238,FZT_BZ_81_2_NEG,,,515.1,,,,,100,,,,7.253,,,149,0.26,1342,,,,,Acq,,,,,,,,,,,,,,,30,,0403-DGJZT-DMRM-NEG.d,,Find by MRM,,
239,FZT_BZ_81_3_NEG,,,515.1,,,,,100,,,,7.219,,,197,0.391,2179,,,,,Acq,,,,,,,,,,,,,,,30,,0403-DGJZT-DMRM-NEG.d,,Find by MRM,,
240,BXXXT_GJ_36_2_NEG,,,375.1,,,,,100,,,,7.23,,,418,0.405,5021,,,,,Acq,,,,,,,,,,,,,,,30,,0403-DGJZT-DMRM-NEG.d,,Find by MRM,,
241,BXXXT_GJ_36_1_NEG,,,375.1,,,,,100,,,,7.222,,,537,0.443,6598,,,,,Acq,,,,,,,,,,,,,,,30,,0403-DGJZT-DMRM-NEG.d,,Find by MRM,,
242,WPT_GJ_72_2_NEG,,,347.1,,,,,100,,,,7.148,,,97,0.344,954,,,,,Acq,,,,,,,,,,,,,,,30,,0403-DGJZT-DMRM-NEG.d,,Find by MRM,,
243,JSLJJ_CP_146_1_NEG,,,577.2,,,,,100,,,,7.53,,,12,0.083,36,,,,,Acq,,,,,,,,,,,,,,,30,,0403-DGJZT-DMRM-NEG.d,,Find by MRM,,
244,QWS_MDP_134_1_NEG,,,763.2,,,,,100,,,,7.3,,,3,0.095,6,,,,,Acq,,,,,,,,,,,,,,,30,,0403-DGJZT-DMRM-NEG.d,,Find by MRM,,
245,QWS_MDP_133_3_NEG,,,479.1,,,,,100,,,,7.364,,,12,0.126,56,,,,,Acq,,,,,,,,,,,,,,,30,,0403-DGJZT-DMRM-NEG.d,,Find by MRM,,
246,QWS_MDP_134_2_NEG,,,763.2,,,,,100,,,,7.459,,,1,0.085,3,,,,,Acq,,,,,,,,,,,,,,,30,,0403-DGJZT-DMRM-NEG.d,,Find by MRM,,
247,FZT_BS_177_1_NEG,,,479.2,,,,,100,,,,7.381,,,524,0.311,4801,,,,,Acq,,,,,,,,,,,,,,,30,,0403-DGJZT-DMRM-NEG.d,,Find by MRM,,
248,WPT_GJ_74_2_NEG,,,375.1,,,,,100,,,,7.221,,,407,0.266,4077,,,,,Acq,,,,,,,,,,,,,,,30,,0403-DGJZT-DMRM-NEG.d,,Find by MRM,,
249,WPT_GJ_74_1_NEG,,,375.1,,,,,100,,,,7.239,,,380,0.219,2746,,,,,Acq,,,,,,,,,,,,,,,30,,0403-DGJZT-DMRM-NEG.d,,Find by MRM,,
250,BXXXT_DZ_24_1_NEG,,,579.1,,,,,100,,,,7.463,,,934,0.429,10927,,,,,Acq,,,,,,,,,,,,,,,30,,0403-DGJZT-DMRM-NEG.d,,Find by MRM,,
251,QWS_MDP_136_3_NEG,,,335.1,,,,,100,,,,7.375,,,9,0.068,19,,,,,Acq,,,,,,,,,,,,,,,30,,0403-DGJZT-DMRM-NEG.d,,Find by MRM,,
252,QWS_MDP_136_1_NEG,,,335.1,,,,,100,,,,7.4,,,14,0.134,33,,,,,Acq,,,,,,,,,,,,,,,30,,0403-DGJZT-DMRM-NEG.d,,Find by MRM,,
253,QWS_MDP_136_2_NEG,,,335.1,,,,,100,,,,7.266,,,6,0.101,14,,,,,Acq,,,,,,,,,,,,,,,30,,0403-DGJZT-DMRM-NEG.d,,Find by MRM,,
254,DGJZT_BS_123_1_NEG,,,507.2,,,,,100,,,,7.498,,,452,0.368,4964,,,,,Acq,,,,,,,,,,,,,,,30,,0403-DGJZT-DMRM-NEG.d,,Find by MRM,,
255,QWS_MDP_137_2_NEG,,,615.2,,,,,100,,,,7.486,,,7,0.068,17,,,,,Acq,,,,,,,,,,,,,,,30,,0403-DGJZT-DMRM-NEG.d,,Find by MRM,,
256,QWS_MDP_137_3_NEG,,,615.2,,,,,100,,,,7.731,,,1,0.063,2,,,,,Acq,,,,,,,,,,,,,,,30,,0403-DGJZT-DMRM-NEG.d,,Find by MRM,,
257,QWS_MDP_137_1_NEG,,,615.2,,,,,100,,,,7.428,,,10,0.169,34,,,,,Acq,,,,,,,,,,,,,,,30,,0403-DGJZT-DMRM-NEG.d,,Find by MRM,,
258,DGJZT_BS_125_1_NEG,,,567.2,,,,,100,,,,7.565,,,298,0.436,3506,,,,,Acq,,,,,,,,,,,,,,,30,,0403-DGJZT-DMRM-NEG.d,,Find by MRM,,
259,FZT_BS_181_1_NEG,,,567.2,,,,,100,,,,7.556,,,442,0.47,5836,,,,,Acq,,,,,,,,,,,,,,,30,,0403-DGJZT-DMRM-NEG.d,,Find by MRM,,
260,THSWT_JBS_62_1_NEG,,,567.2,,,,,100,,,,7.581,,,262,0.371,2867,,,,,Acq,,,,,,,,,,,,,,,30,,0403-DGJZT-DMRM-NEG.d,,Find by MRM,,
261,DGJZT_BS_126_3_NEG,,,631.2,,,,,100,,,,7.553,,,253,0.35,2596,,,,,Acq,,,,,,,,,,,,,,,30,,0403-DGJZT-DMRM-NEG.d,,Find by MRM,,
262,FZT_BS_182_3_NEG,,,631.2,,,,,100,,,,7.579,,,581,0.305,5799,,,,,Acq,,,,,,,,,,,,,,,30,,0403-DGJZT-DMRM-NEG.d,,Find by MRM,,
263,QWS_MDP_140_2_NEG,,,645.2,,,,,100,,,,7.704,,,4,0.101,10,,,,,Acq,,,,,,,,,,,,,,,30,,0403-DGJZT-DMRM-NEG.d,,Find by MRM,,
264,THSWT_JBS_63_3_NEG,,,631.2,,,,,100,,,,7.562,,,1010,0.446,11931,,,,,Acq,,,,,,,,,,,,,,,30,,0403-DGJZT-DMRM-NEG.d,,Find by MRM,,
265,THSWT_JHH_170_1_NEG,,,447.1,,,,,100,,,,7.65,,,43,0.084,130,,,,,Acq,,,,,,,,,,,,,,,30,,0403-DGJZT-DMRM-NEG.d,,Find by MRM,,
266,WPT_DH_294_1_NEG,,,475.1,,,,,100,,,,7.524,,,3,0.059,5,,,,,Acq,,,,,,,,,,,,,,,30,,0403-DGJZT-DMRM-NEG.d,,Find by MRM,,
267,BXXXT_HQ_61_1_NEG,,,415.1,,,,,100,,,,7.558,,,6,0.143,13,,,,,Acq,,,,,,,,,,,,,,,30,,0403-DGJZT-DMRM-NEG.d,,Find by MRM,,
268,JSLJJ_SDH_83_1_NEG,,,637.2,,,,,100,,,,7.939,,,3,0.067,6,,,,,Acq,,,,,,,,,,,,,,,30,,0403-DGJZT-DMRM-NEG.d,,Find by MRM,,
269,THSWT_JBS_65_2_NEG,,,503.2,,,,,100,,,,7.726,,,220,0.419,2483,,,,,Acq,,,,,,,,,,,,,,,30,,0403-DGJZT-DMRM-NEG.d,,Find by MRM,,
270,JSLJJ_CP_159_3_NEG,,,609.2,,,,,100,,,,7.815,,,16,0.124,43,,,,,Acq,,,,,,,,,,,,,,,30,,0403-DGJZT-DMRM-NEG.d,,Find by MRM,,
271,JSLJJ_CP_159_1_NEG,,,609.2,,,,,100,,,,7.79,,,228,0.358,2499,,,,,Acq,,,,,,,,,,,,,,,30,,0403-DGJZT-DMRM-NEG.d,,Find by MRM,,
272,THSWT_JDH_50_1_NEG,,,637.2,,,,,100,,,,7.906,,,3,0.1,6,,,,,Acq,,,,,,,,,,,,,,,30,,0403-DGJZT-DMRM-NEG.d,,Find by MRM,,
273,JSLJJ_CP_159_2_NEG,,,609.2,,,,,100,,,,7.882,,,3,0.066,6,,,,,Acq,,,,,,,,,,,,,,,30,,0403-DGJZT-DMRM-NEG.d,,Find by MRM,,
274,QWS_SM_354_2_NEG,,,417.1,,,,,100,,,,7.786,,,4,0.075,10,,,,,Acq,,,,,,,,,,,,,,,30,,0403-DGJZT-DMRM-NEG.d,,Find by MRM,,
275,QWS_SM_354_1_NEG,,,417.1,,,,,100,,,,7.87,,,35,0.249,237,,,,,Acq,,,,,,,,,,,,,,,30,,0403-DGJZT-DMRM-NEG.d,,Find by MRM,,
276,JSLJJ_CP_162_2_NEG,,,1051.3,,,,,100,,,,8.063,,,0,0.072,0,,,,,Acq,,,,,,,,,,,,,,,30,,0403-DGJZT-DMRM-NEG.d,,Find by MRM,,
277,JSLJJ_DG_64_1_NEG,,,527.1,,,,,100,,,,7.833,,,1709,0.464,21498,,,,,Acq,,,,,,,,,,,,,,,30,,0403-DGJZT-DMRM-NEG.d,,Find by MRM,,
278,JSLJJ_DG_64_2_NEG,,,527.1,,,,,100,,,,7.858,,,332,0.465,4008,,,,,Acq,,,,,,,,,,,,,,,30,,0403-DGJZT-DMRM-NEG.d,,Find by MRM,,
279,DGJZT_DZ_37_3_NEG,,,671.3,,,,,100,,,,7.972,,,221,0.225,1644,,,,,Acq,,,,,,,,,,,,,,,30,,0403-DGJZT-DMRM-NEG.d,,Find by MRM,,
280,DGJZT_DZ_37_2_NEG,,,671.3,,,,,100,,,,7.972,,,72,0.254,523,,,,,Acq,,,,,,,,,,,,,,,30,,0403-DGJZT-DMRM-NEG.d,,Find by MRM,,
281,DGJZT_DG_68_2_NEG,,,515.1,,,,,100,,,,8.025,,,1224,0.411,13458,,,,,Acq,,,,,,,,,,,,,,,30,,0403-DGJZT-DMRM-NEG.d,,Find by MRM,,
282,DGJZT_DG_68_1_NEG,,,515.1,,,,,100,,,,8.019,,,1248,0.44,14957,,,,,Acq,,,,,,,,,,,,,,,30,,0403-DGJZT-DMRM-NEG.d,,Find by MRM,,
283,JSLJJ_DG_65_2_NEG,,,515.1,,,,,100,,,,8.009,,,847,0.391,9320,,,,,Acq,,,,,,,,,,,,,,,30,,0403-DGJZT-DMRM-NEG.d,,Find by MRM,,
284,JSLJJ_DG_77_2_NEG,,,515.1,,,,,100,,,,8.018,,,885,0.431,9814,,,,,Acq,,,,,,,,,,,,,,,30,,0403-DGJZT-DMRM-NEG.d,,Find by MRM,,
285,JSLJJ_DG_65_1_NEG,,,515.1,,,,,100,,,,8.018,,,1628,0.448,18905,,,,,Acq,,,,,,,,,,,,,,,30,,0403-DGJZT-DMRM-NEG.d,,Find by MRM,,
286,JSLJJ_DG_77_1_NEG,,,515.1,,,,,100,,,,8.01,,,1238,0.457,15140,,,,,Acq,,,,,,,,,,,,,,,30,,0403-DGJZT-DMRM-NEG.d,,Find by MRM,,
287,DGJZT_BS_134_1_NEG,,,509.2,,,,,100,,,,8.187,,,1203,0.372,15322,,,,,Acq,,,,,,,,,,,,,,,30,,0403-DGJZT-DMRM-NEG.d,,Find by MRM,,
288,FZT_BS_190_1_NEG,,,509.2,,,,,100,,,,8.221,,,671,0.341,7930,,,,,Acq,,,,,,,,,,,,,,,30,,0403-DGJZT-DMRM-NEG.d,,Find by MRM,,
289,THSWT_JDG_70_2_NEG,,,512.2,,,,,100,,,,8.211,,,154,0.347,1502,,,,,Acq,,,,,,,,,,,,,,,30,,0403-DGJZT-DMRM-NEG.d,,Find by MRM,,
290,QWS_HL_130_3_NEG,,,338.1,,,,,100,,,,8.497,,,4,0.184,15,,,,,Acq,,,,,,,,,,,,,,,30,,0403-DGJZT-DMRM-NEG.d,,Find by MRM,,
291,THSWT_CX_9_1_NEG,,,549.2,,,,,100,,,,8.611,,,13,0.211,59,,,,,Acq,,,,,,,,,,,,,,,30,,0403-DGJZT-DMRM-NEG.d,,Find by MRM,,
292,DGJZT_CGC_80_1_NEG,,,549.2,,,,,100,,,,8.618,,,3406,0.339,34013,,,,,Acq,,,,,,,,,,,,,,,30,,0403-DGJZT-DMRM-NEG.d,,Find by MRM,,
293,BXXXT_CGC_72_1_NEG,,,549.2,,,,,100,,,,8.61,,,1688,0.313,16202,,,,,Acq,,,,,,,,,,,,,,,30,,0403-DGJZT-DMRM-NEG.d,,Find by MRM,,
294,JSLJJ_GC_185_2_NEG,,,549.2,,,,,100,,,,8.61,,,1825,0.308,16978,,,,,Acq,,,,,,,,,,,,,,,30,,0403-DGJZT-DMRM-NEG.d,,Find by MRM,,
295,FZT_BS_196_1_NEG,,,507.2,,,,,100,,,,8.721,,,911,0.452,12616,,,,,Acq,,,,,,,,,,,,,,,30,,0403-DGJZT-DMRM-NEG.d,,Find by MRM,,
296,BXXXT_GJ_39_1_NEG,,,391.2,,,,,100,,,,8.655,,,349,0.461,4657,,,,,Acq,,,,,,,,,,,,,,,30,,0403-DGJZT-DMRM-NEG.d,,Find by MRM,,
297,BXXXT_GJ_39_2_NEG,,,391.2,,,,,100,,,,8.631,,,85,0.466,1158,,,,,Acq,,,,,,,,,,,,,,,30,,0403-DGJZT-DMRM-NEG.d,,Find by MRM,,
298,DGJZT_BS_137_1_NEG,,,507.1,,,,,100,,,,8.713,,,541,0.304,5753,,,,,Acq,,,,,,,,,,,,,,,30,,0403-DGJZT-DMRM-NEG.d,,Find by MRM,,
299,QWS_SM_369_1_NEG,,,447.1,,,,,100,,,,8.773,,,8,0.1,18,,,,,Acq,,,,,,,,,,,,,,,30,,0403-DGJZT-DMRM-NEG.d,,Find by MRM,,
300,BXXXT_HL_31_1_NEG,,,338.1,,,,,100,,,,8.892,,,9,0.109,29,,,,,Acq,,,,,,,,,,,,,,,30,,0403-DGJZT-DMRM-NEG.d,,Find by MRM,,
301,FZT_RS_278_2_NEG,,,845.5,,,,,100,,,,8.558,,,3,0.107,6,,,,,Acq,,,,,,,,,,,,,,,30,,0403-DGJZT-DMRM-NEG.d,,Find by MRM,,
302,FZT_RS_278_3_NEG,,,845.5,,,,,100,,,,8.827,,,0,0.244,1,,,,,Acq,,,,,,,,,,,,,,,30,,0403-DGJZT-DMRM-NEG.d,,Find by MRM,,
303,FZT_RS_278_1_NEG,,,845.5,,,,,100,,,,8.702,,,4,0.101,7,,,,,Acq,,,,,,,,,,,,,,,30,,0403-DGJZT-DMRM-NEG.d,,Find by MRM,,
304,THSWT_JBS_71_1_NEG,,,507.2,,,,,100,,,,8.696,,,526,0.355,6057,,,,,Acq,,,,,,,,,,,,,,,30,,0403-DGJZT-DMRM-NEG.d,,Find by MRM,,
305,DGJZT_BS_140_1_NEG,,,505.2,,,,,100,,,,8.763,,,316,0.382,3628,,,,,Acq,,,,,,,,,,,,,,,30,,0403-DGJZT-DMRM-NEG.d,,Find by MRM,,
306,FZT_RS_289_2_NEG,,,991.6,,,,,100,,,,8.657,,,5,0.109,10,,,,,Acq,,,,,,,,,,,,,,,30,,0403-DGJZT-DMRM-NEG.d,,Find by MRM,,
307,BXXXT_RS_24_2_NEG,,,991.6,,,,,100,,,,9.01,,,14,0.06,27,,,,,Acq,,,,,,,,,,,,,,,30,,0403-DGJZT-DMRM-NEG.d,,Find by MRM,,
308,BXXXT_RS_21_2_NEG,,,845.5,,,,,100,,,,9.002,,,0,0.134,1,,,,,Acq,,,,,,,,,,,,,,,30,,0403-DGJZT-DMRM-NEG.d,,Find by MRM,,
309,BXXXT_RS_21_3_NEG,,,845.5,,,,,100,,,,8.818,,,4,0.121,9,,,,,Acq,,,,,,,,,,,,,,,30,,0403-DGJZT-DMRM-NEG.d,,Find by MRM,,
310,BXXXT_RS_21_1_NEG,,,845.5,,,,,100,,,,8.954,,,3,0.12,5,,,,,Acq,,,,,,,,,,,,,,,30,,0403-DGJZT-DMRM-NEG.d,,Find by MRM,,
311,WPT_GJ_79_1_NEG,,,391.2,,,,,100,,,,8.656,,,221,0.377,2562,,,,,Acq,,,,,,,,,,,,,,,30,,0403-DGJZT-DMRM-NEG.d,,Find by MRM,,
312,WPT_DH_337_1_NEG,,,461.1,,,,,100,,,,8.655,,,8,0.109,37,,,,,Acq,,,,,,,,,,,,,,,30,,0403-DGJZT-DMRM-NEG.d,,Find by MRM,,
313,BXXXT_GJ_40_1_NEG,,,361.2,,,,,100,,,,8.791,,,42,0.12,170,,,,,Acq,,,,,,,,,,,,,,,30,,0403-DGJZT-DMRM-NEG.d,,Find by MRM,,
314,WPT_DH_337_2_NEG,,,461.1,,,,,100,,,,9.088,,,36,0.101,584,,,,,Acq,,,,,,,,,,,,,,,30,,0403-DGJZT-DMRM-NEG.d,,Find by MRM,,
315,WPT_RS_156_2_NEG,,,991.5,,,,,100,,,,8.834,,,5,0.075,10,,,,,Acq,,,,,,,,,,,,,,,30,,0403-DGJZT-DMRM-NEG.d,,Find by MRM,,
316,WPT_RS_152_2_NEG,,,845.5,,,,,100,,,,8.785,,,0,0.234,2,,,,,Acq,,,,,,,,,,,,,,,30,,0403-DGJZT-DMRM-NEG.d,,Find by MRM,,
317,WPT_RS_152_3_NEG,,,845.5,,,,,100,,,,8.735,,,3,0.1,6,,,,,Acq,,,,,,,,,,,,,,,30,,0403-DGJZT-DMRM-NEG.d,,Find by MRM,,
318,WPT_RS_152_1_NEG,,,845.5,,,,,100,,,,9.053,,,2,0.09,4,,,,,Acq,,,,,,,,,,,,,,,30,,0403-DGJZT-DMRM-NEG.d,,Find by MRM,,
319,JSLJJ_CP_183_1_NEG,,,669.2,,,,,100,,,,9.062,,,7,0.099,14,,,,,Acq,,,,,,,,,,,,,,,30,,0403-DGJZT-DMRM-NEG.d,,Find by MRM,,
320,DGJZT_SJ_7_2_NEG,,,389.2,,,,,100,,,,9.023,,,215,0.213,1308,,,,,Acq,,,,,,,,,,,,,,,30,,0403-DGJZT-DMRM-NEG.d,,Find by MRM,,
321,DGJZT_SJ_7_1_NEG,,,389.2,,,,,100,,,,9.015,,,433,0.362,4809,,,,,Acq,,,,,,,,,,,,,,,30,,0403-DGJZT-DMRM-NEG.d,,Find by MRM,,
322,DGJZT_BS_143_1_NEG,,,615.2,,,,,100,,,,9.08,,,570,0.357,5737,,,,,Acq,,,,,,,,,,,,,,,30,,0403-DGJZT-DMRM-NEG.d,,Find by MRM,,
323,DGJZT_CGC_99_1_NEG,,,417.1,,,,,100,,,,9.056,,,2184,0.349,25617,,,,,Acq,,,,,,,,,,,,,,,30,,0403-DGJZT-DMRM-NEG.d,,Find by MRM,,
324,WPT_GJ_81_1_NEG,,,389.2,,,,,100,,,,9.057,,,232,0.281,2189,,,,,Acq,,,,,,,,,,,,,,,30,,0403-DGJZT-DMRM-NEG.d,,Find by MRM,,
325,DGJZT_DG_69_2_NEG,,,193.1,,,,,100,,,,9.251,,,153,0.336,1674,,,,,Acq,,,,,,,,,,,,,,,30,,0403-DGJZT-DMRM-NEG.d,,Find by MRM,,
326,THSWT_CX_1_8.569_NEG,,,193.1,,,,,100,,,,9.286,,,3277,0.353,40325,,,,,Acq,,,,,,,,,,,,,,,1,,0403-DGJZT-DMRM-NEG.d,,Find by MRM,,
327,JSLJJ_SDH_85_1_NEG,,,651.2,,,,,100,,,,9.295,,,5,0.101,11,,,,,Acq,,,,,,,,,,,,,,,30,,0403-DGJZT-DMRM-NEG.d,,Find by MRM,,
328,QWS_MDP_150_2_NEG,,,629.2,,,,,100,,,,9.321,,,98,0.28,860,,,,,Acq,,,,,,,,,,,,,,,30,,0403-DGJZT-DMRM-NEG.d,,Find by MRM,,
329,DGJZT_DG_70_3_NEG,,,237.1,,,,,100,,,,9.291,,,218,0.263,1866,,,,,Acq,,,,,,,,,,,,,,,30,,0403-DGJZT-DMRM-NEG.d,,Find by MRM,,
330,DGJZT_DG_70_2_NEG,,,237.1,,,,,100,,,,9.351,,,119,0.237,1216,,,,,Acq,,,,,,,,,,,,,,,30,,0403-DGJZT-DMRM-NEG.d,,Find by MRM,,
331,JSLJJ_DG_80_1_NEG,,,237.1,,,,,100,,,,9.275,,,901,0.407,11331,,,,,Acq,,,,,,,,,,,,,,,30,,0403-DGJZT-DMRM-NEG.d,,Find by MRM,,
332,DGJZT_DG_70_1_NEG,,,237.1,,,,,100,,,,9.301,,,789,0.417,10666,,,,,Acq,,,,,,,,,,,,,,,30,,0403-DGJZT-DMRM-NEG.d,,Find by MRM,,
333,JSLJJ_DG_69_1_NEG,,,193.1,,,,,100,,,,9.26,,,1250,0.361,14819,,,,,Acq,,,,,,,,,,,,,,,30,,0403-DGJZT-DMRM-NEG.d,,Find by MRM,,
334,JSLJJ_DG_81_1_NEG,,,193.1,,,,,100,,,,9.269,,,805,0.364,9696,,,,,Acq,,,,,,,,,,,,,,,30,,0403-DGJZT-DMRM-NEG.d,,Find by MRM,,
335,DGJZT_DG_69_1_NEG,,,193.1,,,,,100,,,,9.294,,,776,0.357,9059,,,,,Acq,,,,,,,,,,,,,,,30,,0403-DGJZT-DMRM-NEG.d,,Find by MRM,,
336,QWS_DH_47_1_NEG,,,651.2,,,,,100,,,,9.312,,,0,0.294,1,,,,,Acq,,,,,,,,,,,,,,,30,,0403-DGJZT-DMRM-NEG.d,,Find by MRM,,
337,THSWT_JDH_53_1_NEG,,,651.2,,,,,100,,,,9.204,,,4,0.27,15,,,,,Acq,,,,,,,,,,,,,,,30,,0403-DGJZT-DMRM-NEG.d,,Find by MRM,,
338,JSLJJ_DG_68_1_NEG,,,237.1,,,,,100,,,,9.309,,,1125,0.44,15822,,,,,Acq,,,,,,,,,,,,,,,30,,0403-DGJZT-DMRM-NEG.d,,Find by MRM,,
339,QWS_DG_52_2_NEG,,,237.1,,,,,100,,,,9.257,,,171,0.418,2323,,,,,Acq,,,,,,,,,,,,,,,30,,0403-DGJZT-DMRM-NEG.d,,Find by MRM,,
340,QWS_DG_52_1_NEG,,,237.1,,,,,100,,,,9.259,,,754,0.4,9720,,,,,Acq,,,,,,,,,,,,,,,30,,0403-DGJZT-DMRM-NEG.d,,Find by MRM,,
341,BXXXT_HQ_92_1_NEG,,,345.1,,,,,100,,,,9.4,,,5,0.101,10,,,,,Acq,,,,,,,,,,,,,,,30,,0403-DGJZT-DMRM-NEG.d,,Find by MRM,,
342,BXXXT_GJ_41_2_NEG,,,389.2,,,,,100,,,,9.517,,,120,0.305,1011,,,,,Acq,,,,,,,,,,,,,,,30,,0403-DGJZT-DMRM-NEG.d,,Find by MRM,,
343,JSLJJ_SJ_18_1_NEG,,,389.2,,,,,100,,,,9.57,,,120,0.262,1131,,,,,Acq,,,,,,,,,,,,,,,30,,0403-DGJZT-DMRM-NEG.d,,Find by MRM,,
344,DGJZT_BS_147_3_NEG,,,491.2,,,,,100,,,,9.558,,,1068,0.4,12875,,,,,Acq,,,,,,,,,,,,,,,30,,0403-DGJZT-DMRM-NEG.d,,Find by MRM,,
345,DGJZT_BS_147_1_NEG,,,491.2,,,,,100,,,,9.609,,,783,0.394,8900,,,,,Acq,,,,,,,,,,,,,,,30,,0403-DGJZT-DMRM-NEG.d,,Find by MRM,,
346,JSLJJ_SJ_18_2_NEG,,,389.2,,,,,100,,,,9.569,,,104,0.518,1330,,,,,Acq,,,,,,,,,,,,,,,30,,0403-DGJZT-DMRM-NEG.d,,Find by MRM,,
347,JSLJJ_SJ_15_1_NEG,,,389.2,,,,,100,,,,9.509,,,171,0.162,926,,,,,Acq,,,,,,,,,,,,,,,30,,0403-DGJZT-DMRM-NEG.d,,Find by MRM,,
348,BXXXT_GJ_41_1_NEG,,,389.2,,,,,100,,,,9.501,,,160,0.337,1541,,,,,Acq,,,,,,,,,,,,,,,30,,0403-DGJZT-DMRM-NEG.d,,Find by MRM,,
349,DGJZT_DG_72_2_NEG,,,251.1,,,,,100,,,,9.563,,,400,0.347,4545,,,,,Acq,,,,,,,,,,,,,,,30,,0403-DGJZT-DMRM-NEG.d,,Find by MRM,,
350,DGJZT_BS_147_2_NEG,,,491.2,,,,,100,,,,9.566,,,3713,0.405,42074,,,,,Acq,,,,,,,,,,,,,,,30,,0403-DGJZT-DMRM-NEG.d,,Find by MRM,,
351,FZT_BS_207_2_NEG,,,491.2,,,,,100,,,,9.6,,,1596,0.37,18290,,,,,Acq,,,,,,,,,,,,,,,30,,0403-DGJZT-DMRM-NEG.d,,Find by MRM,,
352,FZT_BS_207_3_NEG,,,491.2,,,,,100,,,,9.584,,,847,0.387,9690,,,,,Acq,,,,,,,,,,,,,,,30,,0403-DGJZT-DMRM-NEG.d,,Find by MRM,,
353,FZT_BS_207_1_NEG,,,491.2,,,,,100,,,,9.575,,,1046,0.4,11944,,,,,Acq,,,,,,,,,,,,,,,30,,0403-DGJZT-DMRM-NEG.d,,Find by MRM,,
354,QWS_DG_53_2_NEG,,,251.1,,,,,100,,,,9.587,,,690,0.38,8370,,,,,Acq,,,,,,,,,,,,,,,30,,0403-DGJZT-DMRM-NEG.d,,Find by MRM,,
355,DGJZT_DG_72_1_NEG,,,251.1,,,,,100,,,,9.553,,,692,0.459,9215,,,,,Acq,,,,,,,,,,,,,,,30,,0403-DGJZT-DMRM-NEG.d,,Find by MRM,,
356,THSWT_JBS_77_2_NEG,,,491.2,,,,,100,,,,9.583,,,1051,0.448,13292,,,,,Acq,,,,,,,,,,,,,,,30,,0403-DGJZT-DMRM-NEG.d,,Find by MRM,,
357,THSWT_JBS_77_1_NEG,,,491.2,,,,,100,,,,9.584,,,847,0.377,9216,,,,,Acq,,,,,,,,,,,,,,,30,,0403-DGJZT-DMRM-NEG.d,,Find by MRM,,
358,QWS_SM_389_2_NEG,,,431.1,,,,,100,,,,9.636,,,5,0.196,15,,,,,Acq,,,,,,,,,,,,,,,30,,0403-DGJZT-DMRM-NEG.d,,Find by MRM,,
359,QWS_SM_389_1_NEG,,,431.1,,,,,100,,,,9.753,,,17,0.118,53,,,,,Acq,,,,,,,,,,,,,,,30,,0403-DGJZT-DMRM-NEG.d,,Find by MRM,,
360,QWS_SM_389_3_NEG,,,431.1,,,,,100,,,,9.645,,,4,0.197,19,,,,,Acq,,,,,,,,,,,,,,,30,,0403-DGJZT-DMRM-NEG.d,,Find by MRM,,
361,WPT_RS_164_3_NEG,,,1031.5,,,,,100,,,,9.899,,,1,0.1,3,,,,,Acq,,,,,,,,,,,,,,,30,,0403-DGJZT-DMRM-NEG.d,,Find by MRM,,
362,THSWT_JBS_78_1_NEG,,,507.2,,,,,100,,,,9.759,,,1289,0.49,15509,,,,,Acq,,,,,,,,,,,,,,,30,,0403-DGJZT-DMRM-NEG.d,,Find by MRM,,
363,BXXXT_HQ_104_1_NEG,,,891.2,,,,,100,,,,9.623,,,12,0.143,57,,,,,Acq,,,,,,,,,,,,,,,30,,0403-DGJZT-DMRM-NEG.d,,Find by MRM,,
364,JSLJJ_SDH_86_1_NEG,,,651.2,,,,,100,,,,9.817,,,3,0.093,6,,,,,Acq,,,,,,,,,,,,,,,30,,0403-DGJZT-DMRM-NEG.d,,Find by MRM,,
365,THSWT_JDH_54_1_NEG,,,651.2,,,,,100,,,,9.919,,,5,0.143,15,,,,,Acq,,,,,,,,,,,,,,,30,,0403-DGJZT-DMRM-NEG.d,,Find by MRM,,
366,DGJZT_GZ_24_2_NEG,,,263.1,,,,,100,,,,9.907,,,50,0.283,370,,,,,Acq,,,,,,,,,,,,,,,30,,0403-DGJZT-DMRM-NEG.d,,Find by MRM,,
367,BXXXT_HQ_106_1_NEG,,,921.2,,,,,100,,,,10.126,,,0,0.109,1,,,,,Acq,,,,,,,,,,,,,,,30,,0403-DGJZT-DMRM-NEG.d,,Find by MRM,,
368,FZT_BS_211_3_NEG,,,491.2,,,,,100,,,,9.947,,,380,0.304,3033,,,,,Acq,,,,,,,,,,,,,,,30,,0403-DGJZT-DMRM-NEG.d,,Find by MRM,,
369,FZT_BZ_86_1_NEG,,,333.1,,,,,100,,,,9.94,,,5,0.174,14,,,,,Acq,,,,,,,,,,,,,,,30,,0403-DGJZT-DMRM-NEG.d,,Find by MRM,,
370,FZT_BZ_86_2_NEG,,,333.1,,,,,100,,,,9.789,,,0,0.152,1,,,,,Acq,,,,,,,,,,,,,,,30,,0403-DGJZT-DMRM-NEG.d,,Find by MRM,,
371,JSLJJ_CP_192_1_NEG,,,639.2,,,,,100,,,,10.037,,,7,0.176,32,,,,,Acq,,,,,,,,,,,,,,,30,,0403-DGJZT-DMRM-NEG.d,,Find by MRM,,
372,JSLJJ_CP_191_1_NEG,,,593.2,,,,,100,,,,10.222,,,218,0.185,1381,,,,,Acq,,,,,,,,,,,,,,,30,,0403-DGJZT-DMRM-NEG.d,,Find by MRM,,
373,THSWT_JBS_81_3_NEG,,,491.2,,,,,100,,,,9.964,,,172,0.164,925,,,,,Acq,,,,,,,,,,,,,,,30,,0403-DGJZT-DMRM-NEG.d,,Find by MRM,,
374,QWS_MDP_157_1_NEG,,,615.2,,,,,100,,,,10.062,,,8,0.09,18,,,,,Acq,,,,,,,,,,,,,,,30,,0403-DGJZT-DMRM-NEG.d,,Find by MRM,,
375,DGJZT_BS_157_1_NEG,,,567.2,,,,,100,,,,10.155,,,519,0.328,5004,,,,,Acq,,,,,,,,,,,,,,,30,,0403-DGJZT-DMRM-NEG.d,,Find by MRM,,
376,WPT_GJ_86_1_NEG,,,405.2,,,,,100,,,,9.998,,,120,0.385,1069,,,,,Acq,,,,,,,,,,,,,,,30,,0403-DGJZT-DMRM-NEG.d,,Find by MRM,,
377,BXXXT_HQ_117_1_NEG,,,889.2,,,,,100,,,,10.01,,,0,0.082,0,,,,,Acq,,,,,,,,,,,,,,,30,,0403-DGJZT-DMRM-NEG.d,,Find by MRM,,
378,FZT_BS_215_1_NEG,,,567.2,,,,,100,,,,10.121,,,404,0.327,3560,,,,,Acq,,,,,,,,,,,,,,,30,,0403-DGJZT-DMRM-NEG.d,,Find by MRM,,
379,BXXXT_HQ_122_3_NEG,,,935.2,,,,,100,,,,10.336,,,5,0.107,10,,,,,Acq,,,,,,,,,,,,,,,30,,0403-DGJZT-DMRM-NEG.d,,Find by MRM,,
380,JSLJJ_CP_195_1_NEG,,,771.2,,,,,100,,,,10.263,,,4,0.092,9,,,,,Acq,,,,,,,,,,,,,,,30,,0403-DGJZT-DMRM-NEG.d,,Find by MRM,,
381,BXXXT_HQ_124_3_NEG,,,475.1,,,,,100,,,,10.257,,,10,0.059,17,,,,,Acq,,,,,,,,,,,,,,,30,,0403-DGJZT-DMRM-NEG.d,,Find by MRM,,
382,JSLJJ_SJ_16_1_NEG,,,375.2,,,,,100,,,,10.243,,,85,0.118,468,,,,,Acq,,,,,,,,,,,,,,,30,,0403-DGJZT-DMRM-NEG.d,,Find by MRM,,
383,WPT_GC_382_1_NEG,,,255.1,,,,,100,,,,10.083,,,1231,0.313,13037,,,,,Acq,,,,,,,,,,,,,,,30,,0403-DGJZT-DMRM-NEG.d,,Find by MRM,,
384,DGJZT_BS_160_3_NEG,,,507.2,,,,,100,,,,10.299,,,293,0.449,3124,,,,,Acq,,,,,,,,,,,,,,,30,,0403-DGJZT-DMRM-NEG.d,,Find by MRM,,
385,BXXXT_GJ_44_1_NEG,,,389.2,,,,,100,,,,10.267,,,366,0.436,3387,,,,,Acq,,,,,,,,,,,,,,,30,,0403-DGJZT-DMRM-NEG.d,,Find by MRM,,
386,THSWT_JDG_87_2_NEG,,,657.2,,,,,100,,,,10.314,,,66,0.152,293,,,,,Acq,,,,,,,,,,,,,,,30,,0403-DGJZT-DMRM-NEG.d,,Find by MRM,,
387,WPT_DH_386_1_NEG,,,431.1,,,,,100,,,,10.266,,,7,0.109,25,,,,,Acq,,,,,,,,,,,,,,,30,,0403-DGJZT-DMRM-NEG.d,,Find by MRM,,
388,THSWT_JDH_57_1_NEG,,,535.3,,,,,100,,,,10.423,,,6,0.16,27,,,,,Acq,,,,,,,,,,,,,,,30,,0403-DGJZT-DMRM-NEG.d,,Find by MRM,,
389,WPT_GJ_91_2_NEG,,,389.2,,,,,100,,,,10.258,,,536,0.478,5297,,,,,Acq,,,,,,,,,,,,,,,30,,0403-DGJZT-DMRM-NEG.d,,Find by MRM,,
390,WPT_GJ_91_3_NEG,,,389.2,,,,,100,,,,10.259,,,179,0.325,1476,,,,,Acq,,,,,,,,,,,,,,,30,,0403-DGJZT-DMRM-NEG.d,,Find by MRM,,
391,BXXXT_HQ_137_1_NEG,,,919.2,,,,,100,,,,10.235,,,0,0.092,0,,,,,Acq,,,,,,,,,,,,,,,30,,0403-DGJZT-DMRM-NEG.d,,Find by MRM,,
392,BXXXT_HQ_137_3_NEG,,,919.2,,,,,100,,,,10.437,,,6,0.159,17,,,,,Acq,,,,,,,,,,,,,,,30,,0403-DGJZT-DMRM-NEG.d,,Find by MRM,,
393,JSLJJ_CP_198_2_NEG,,,772.4,,,,,100,,,,10.556,,,7,0.109,16,,,,,Acq,,,,,,,,,,,,,,,30,,0403-DGJZT-DMRM-NEG.d,,Find by MRM,,
394,JSLJJ_CP_203_2_NEG,,,772.4,,,,,100,,,,10.573,,,1,0.278,5,,,,,Acq,,,,,,,,,,,,,,,30,,0403-DGJZT-DMRM-NEG.d,,Find by MRM,,
395,JSLJJ_CP_198_1_NEG,,,772.4,,,,,100,,,,10.506,,,3,0.134,8,,,,,Acq,,,,,,,,,,,,,,,30,,0403-DGJZT-DMRM-NEG.d,,Find by MRM,,
396,JSLJJ_CP_203_1_NEG,,,772.4,,,,,100,,,,10.624,,,4,0.11,12,,,,,Acq,,,,,,,,,,,,,,,30,,0403-DGJZT-DMRM-NEG.d,,Find by MRM,,
397,JSLJJ_CP_197_1_NEG,,,726.4,,,,,100,,,,10.582,,,0,0.161,1,,,,,Acq,,,,,,,,,,,,,,,30,,0403-DGJZT-DMRM-NEG.d,,Find by MRM,,
398,WPT_DH_386_2_NEG,,,431.1,,,,,100,,,,10.316,,,39,0.203,234,,,,,Acq,,,,,,,,,,,,,,,30,,0403-DGJZT-DMRM-NEG.d,,Find by MRM,,
399,BXXXT_HQ_142_2_NEG,,,949.2,,,,,100,,,,10.411,,,0,0.235,2,,,,,Acq,,,,,,,,,,,,,,,30,,0403-DGJZT-DMRM-NEG.d,,Find by MRM,,
400,FZT_BZ_22_1_NEG,,,387.2,,,,,100,,,,10.769,,,6,0.089,14,,,,,Acq,,,,,,,,,,,,,,,30,,0403-DGJZT-DMRM-NEG.d,,Find by MRM,,
401,FZT_BZ_22_2_NEG,,,387.2,,,,,100,,,,10.544,,,0,0.192,1,,,,,Acq,,,,,,,,,,,,,,,30,,0403-DGJZT-DMRM-NEG.d,,Find by MRM,,
402,FZT_RS_32_2_NEG,,,845.5,,,,,100,,,,10.731,,,0,0.176,1,,,,,Acq,,,,,,,,,,,,,,,30,,0403-DGJZT-DMRM-NEG.d,,Find by MRM,,
403,BXXXT_RS_31_3_NEG,,,799.5,,,,,100,,,,10.505,,,3,0.092,7,,,,,Acq,,,,,,,,,,,,,,,30,,0403-DGJZT-DMRM-NEG.d,,Find by MRM,,
404,QWS_SM_16_1_NEG,,,445.1,,,,,100,,,,10.735,,,4,0.126,8,,,,,Acq,,,,,,,,,,,,,,,30,,0403-DGJZT-DMRM-NEG.d,,Find by MRM,,
405,JSLJJ_CP_16_1_NEG,,,785.2,,,,,100,,,,10.951,,,0,0.047,0,,,,,Acq,,,,,,,,,,,,,,,30,,0403-DGJZT-DMRM-NEG.d,,Find by MRM,,
406,BXXXT_RS_34_2_NEG,,,576.3,,,,,100,,,,10.482,,,6,0.101,15,,,,,Acq,,,,,,,,,,,,,,,30,,0403-DGJZT-DMRM-NEG.d,,Find by MRM,,
407,BXXXT_RS_34_1_NEG,,,576.3,,,,,100,,,,10.709,,,3,0.115,7,,,,,Acq,,,,,,,,,,,,,,,30,,0403-DGJZT-DMRM-NEG.d,,Find by MRM,,
408,QWS_MDP_20_2_NEG,,,329,,,,,100,,,,10.754,,,9,0.126,35,,,,,Acq,,,,,,,,,,,,,,,30,,0403-DGJZT-DMRM-NEG.d,,Find by MRM,,
409,QWS_MDP_20_1_NEG,,,329,,,,,100,,,,10.637,,,17,0.159,83,,,,,Acq,,,,,,,,,,,,,,,30,,0403-DGJZT-DMRM-NEG.d,,Find by MRM,,
410,WPT_RS_15_3_NEG,,,845.5,,,,,100,,,,10.638,,,8,0.066,16,,,,,Acq,,,,,,,,,,,,,,,30,,0403-DGJZT-DMRM-NEG.d,,Find by MRM,,
411,WPT_RS_14_2_NEG,,,799.5,,,,,100,,,,10.816,,,6,0.118,14,,,,,Acq,,,,,,,,,,,,,,,30,,0403-DGJZT-DMRM-NEG.d,,Find by MRM,,
412,WPT_RS_20_1_NEG,,,576.3,,,,,100,,,,10.701,,,5,0.133,12,,,,,Acq,,,,,,,,,,,,,,,30,,0403-DGJZT-DMRM-NEG.d,,Find by MRM,,
413,WPT_DH_27_1_NEG,,,517.1,,,,,100,,,,10.635,,,9,0.142,28,,,,,Acq,,,,,,,,,,,,,,,30,,0403-DGJZT-DMRM-NEG.d,,Find by MRM,,
414,WPT_RS_20_3_NEG,,,576.3,,,,,100,,,,10.675,,,4,0.117,9,,,,,Acq,,,,,,,,,,,,,,,30,,0403-DGJZT-DMRM-NEG.d,,Find by MRM,,
415,JSLJJ_SJ_3_1_NEG,,,373.2,,,,,100,,,,10.837,,,360,0.377,3548,,,,,Acq,,,,,,,,,,,,,,,30,,0403-DGJZT-DMRM-NEG.d,,Find by MRM,,
416,BXXXT_GJ_49_1_NEG,,,373.2,,,,,100,,,,10.846,,,249,0.363,2277,,,,,Acq,,,,,,,,,,,,,,,30,,0403-DGJZT-DMRM-NEG.d,,Find by MRM,,
417,BXXXT_GJ_49_3_NEG,,,373.2,,,,,100,,,,10.838,,,71,0.124,372,,,,,Acq,,,,,,,,,,,,,,,30,,0403-DGJZT-DMRM-NEG.d,,Find by MRM,,
418,QWS_MDP_26_1_NEG,,,659.2,,,,,100,,,,10.75,,,32,0.186,185,,,,,Acq,,,,,,,,,,,,,,,30,,0403-DGJZT-DMRM-NEG.d,,Find by MRM,,
419,BXXXT_RS_44_1_NEG,,,815.5,,,,,100,,,,11.118,,,0,0.16,1,,,,,Acq,,,,,,,,,,,,,,,30,,0403-DGJZT-DMRM-NEG.d,,Find by MRM,,
420,BXXXT_RS_44_3_NEG,,,815.5,,,,,100,,,,10.942,,,8,0.05,13,,,,,Acq,,,,,,,,,,,,,,,30,,0403-DGJZT-DMRM-NEG.d,,Find by MRM,,
421,QWS_MDP_26_2_NEG,,,659.2,,,,,100,,,,10.976,,,11,0.101,51,,,,,Acq,,,,,,,,,,,,,,,30,,0403-DGJZT-DMRM-NEG.d,,Find by MRM,,
422,FZT_RS_53_1_NEG,,,577.1,,,,,100,,,,10.901,,,22,0.151,58,,,,,Acq,,,,,,,,,,,,,,,30,,0403-DGJZT-DMRM-NEG.d,,Find by MRM,,
423,QWS_SM_30_1_NEG,,,357.1,,,,,100,,,,11.09,,,11,0.076,29,,,,,Acq,,,,,,,,,,,,,,,30,,0403-DGJZT-DMRM-NEG.d,,Find by MRM,,
424,BXXXT_RS_58_1_NEG,,,1016.5,,,,,100,,,,10.889,,,0,0.126,1,,,,,Acq,,,,,,,,,,,,,,,30,,0403-DGJZT-DMRM-NEG.d,,Find by MRM,,
425,WPT_RS_44_1_NEG,,,815.5,,,,,100,,,,10.967,,,0,0.24,2,,,,,Acq,,,,,,,,,,,,,,,30,,0403-DGJZT-DMRM-NEG.d,,Find by MRM,,
426,BXXXT_RS_64_3_NEG,,,829.5,,,,,100,,,,11.218,,,8,0.095,16,,,,,Acq,,,,,,,,,,,,,,,30,,0403-DGJZT-DMRM-NEG.d,,Find by MRM,,
427,THSWT_JDH_59_1_NEG,,,535.3,,,,,100,,,,10.861,,,7,0.12,16,,,,,Acq,,,,,,,,,,,,,,,30,,0403-DGJZT-DMRM-NEG.d,,Find by MRM,,
428,JSLJJ_SDH_46_1_NEG,,,535.3,,,,,100,,,,11.262,,,6,0.041,7,,,,,Acq,,,,,,,,,,,,,,,30,,0403-DGJZT-DMRM-NEG.d,,Find by MRM,,
429,BXXXT_GJ_53_2_NEG,,,433.2,,,,,100,,,,11.037,,,77,0.201,472,,,,,Acq,,,,,,,,,,,,,,,30,,0403-DGJZT-DMRM-NEG.d,,Find by MRM,,
430,JSLJJ_SJ_4_2_NEG,,,433.2,,,,,100,,,,11.063,,,109,0.173,587,,,,,Acq,,,,,,,,,,,,,,,30,,0403-DGJZT-DMRM-NEG.d,,Find by MRM,,
431,BXXXT_GJ_53_1_NEG,,,433.2,,,,,100,,,,11.021,,,119,0.309,887,,,,,Acq,,,,,,,,,,,,,,,30,,0403-DGJZT-DMRM-NEG.d,,Find by MRM,,
432,FZT_RS_99_3_NEG,,,829.5,,,,,100,,,,10.949,,,0,0.21,1,,,,,Acq,,,,,,,,,,,,,,,30,,0403-DGJZT-DMRM-NEG.d,,Find by MRM,,
433,BXXXT_RS_64_1_NEG,,,829.5,,,,,100,,,,11.042,,,0,0.194,1,,,,,Acq,,,,,,,,,,,,,,,30,,0403-DGJZT-DMRM-NEG.d,,Find by MRM,,
434,WPT_RS_63_3_NEG,,,829.5,,,,,100,,,,11.033,,,0,0.227,5,,,,,Acq,,,,,,,,,,,,,,,30,,0403-DGJZT-DMRM-NEG.d,,Find by MRM,,
435,BXXXT_RS_76_2_NEG,,,620.3,,,,,100,,,,10.859,,,5,0.084,8,,,,,Acq,,,,,,,,,,,,,,,30,,0403-DGJZT-DMRM-NEG.d,,Find by MRM,,
436,WPT_GJ_15_2_NEG,,,433.2,,,,,100,,,,11.045,,,141,0.305,1010,,,,,Acq,,,,,,,,,,,,,,,30,,0403-DGJZT-DMRM-NEG.d,,Find by MRM,,
437,QWS_SM_39_1_NEG,,,415.1,,,,,100,,,,10.888,,,8,0.101,16,,,,,Acq,,,,,,,,,,,,,,,30,,0403-DGJZT-DMRM-NEG.d,,Find by MRM,,
438,BXXXT_RS_76_1_NEG,,,620.3,,,,,100,,,,11.069,,,1,0.099,2,,,,,Acq,,,,,,,,,,,,,,,30,,0403-DGJZT-DMRM-NEG.d,,Find by MRM,,
439,WPT_GJ_15_1_NEG,,,433.2,,,,,100,,,,11.063,,,61,0.384,642,,,,,Acq,,,,,,,,,,,,,,,30,,0403-DGJZT-DMRM-NEG.d,,Find by MRM,,
440,QWS_DG_11_2_NEG,,,355.1,,,,,100,,,,11.149,,,151,0.248,1122,,,,,Acq,,,,,,,,,,,,,,,30,,0403-DGJZT-DMRM-NEG.d,,Find by MRM,,
441,BXXXT_HQ_159_1_NEG,,,393,,,,,100,,,,11.441,,,5,0.084,20,,,,,Acq,,,,,,,,,,,,,,,30,,0403-DGJZT-DMRM-NEG.d,,Find by MRM,,
442,DGJZT_GZ_28_1_NEG,,,311.1,,,,,100,,,,11.242,,,107,0.315,799,,,,,Acq,,,,,,,,,,,,,,,30,,0403-DGJZT-DMRM-NEG.d,,Find by MRM,,
443,FZT_RS_140_1_NEG,,,991.5,,,,,100,,,,11.436,,,8,0.124,19,,,,,Acq,,,,,,,,,,,,,,,30,,0403-DGJZT-DMRM-NEG.d,,Find by MRM,,
444,DGJZT_SJ_10_1_NEG,,,431.2,,,,,100,,,,11.396,,,1413,0.328,12109,,,,,Acq,,,,,,,,,,,,,,,30,,0403-DGJZT-DMRM-NEG.d,,Find by MRM,,
445,BXXXT_GJ_57_1_NEG,,,431.2,,,,,100,,,,11.421,,,860,0.202,4137,,,,,Acq,,,,,,,,,,,,,,,30,,0403-DGJZT-DMRM-NEG.d,,Find by MRM,,
446,DGJZT_SJ_10_2_NEG,,,431.2,,,,,100,,,,11.388,,,454,0.296,3895,,,,,Acq,,,,,,,,,,,,,,,30,,0403-DGJZT-DMRM-NEG.d,,Find by MRM,,
447,BXXXT_GJ_57_2_NEG,,,431.2,,,,,100,,,,11.423,,,314,0.346,2508,,,,,Acq,,,,,,,,,,,,,,,30,,0403-DGJZT-DMRM-NEG.d,,Find by MRM,,
448,DGJZT_SJ_10_3_NEG,,,431.2,,,,,100,,,,11.415,,,152,0.353,1314,,,,,Acq,,,,,,,,,,,,,,,30,,0403-DGJZT-DMRM-NEG.d,,Find by MRM,,
449,BXXXT_GJ_57_3_NEG,,,431.2,,,,,100,,,,11.39,,,138,0.267,1011,,,,,Acq,,,,,,,,,,,,,,,30,,0403-DGJZT-DMRM-NEG.d,,Find by MRM,,
450,QWS_MDP_31_1_NEG,,,361.1,,,,,100,,,,11.55,,,2,0.089,4,,,,,Acq,,,,,,,,,,,,,,,30,,0403-DGJZT-DMRM-NEG.d,,Find by MRM,,
451,BXXXT_RS_79_1_NEG,,,1031.5,,,,,100,,,,11.268,,,3,0.1,5,,,,,Acq,,,,,,,,,,,,,,,30,,0403-DGJZT-DMRM-NEG.d,,Find by MRM,,
452,WPT_RS_84_1_NEG,,,991.6,,,,,100,,,,11.629,,,5,0.092,20,,,,,Acq,,,,,,,,,,,,,,,30,,0403-DGJZT-DMRM-NEG.d,,Find by MRM,,
453,JSLJJ_SJ_5_1_NEG,,,431.2,,,,,100,,,,11.405,,,837,0.309,6932,,,,,Acq,,,,,,,,,,,,,,,30,,0403-DGJZT-DMRM-NEG.d,,Find by MRM,,
454,JSLJJ_SJ_5_2_NEG,,,431.2,,,,,100,,,,11.405,,,322,0.317,2627,,,,,Acq,,,,,,,,,,,,,,,30,,0403-DGJZT-DMRM-NEG.d,,Find by MRM,,
455,QWS_MDP_31_2_NEG,,,361.1,,,,,100,,,,11.5,,,5,0.1,10,,,,,Acq,,,,,,,,,,,,,,,30,,0403-DGJZT-DMRM-NEG.d,,Find by MRM,,
456,WPT_GJ_18_3_NEG,,,431.2,,,,,100,,,,11.414,,,317,0.37,2760,,,,,Acq,,,,,,,,,,,,,,,30,,0403-DGJZT-DMRM-NEG.d,,Find by MRM,,
457,WPT_GJ_18_2_NEG,,,431.2,,,,,100,,,,11.373,,,101,0.142,491,,,,,Acq,,,,,,,,,,,,,,,30,,0403-DGJZT-DMRM-NEG.d,,Find by MRM,,
458,THSWT_JDH_60_1_NEG,,,267.2,,,,,100,,,,11.267,,,0,0.145,1,,,,,Acq,,,,,,,,,,,,,,,30,,0403-DGJZT-DMRM-NEG.d,,Find by MRM,,
459,WPT_RS_90_3_NEG,,,1031.5,,,,,100,,,,11.628,,,0,0.092,1,,,,,Acq,,,,,,,,,,,,,,,30,,0403-DGJZT-DMRM-NEG.d,,Find by MRM,,
460,WPT_RS_86_1_NEG,,,1031.5,,,,,100,,,,11.234,,,0,0.064,0,,,,,Acq,,,,,,,,,,,,,,,30,,0403-DGJZT-DMRM-NEG.d,,Find by MRM,,
461,FZT_BZ_27_1_NEG,,,343.2,,,,,100,,,,11.4,,,3,0.161,10,,,,,Acq,,,,,,,,,,,,,,,30,,0403-DGJZT-DMRM-NEG.d,,Find by MRM,,
462,JSLJJ_GC_62_1_NEG,,,821.4,,,,,100,,,,11.571,,,6120,0.349,67175,,,,,Acq,,,,,,,,,,,,,,,30,,0403-DGJZT-DMRM-NEG.d,,Find by MRM,,
463,DGJZT_CGC_264_1_NEG,,,821.4,,,,,100,,,,11.546,,,3951,0.366,43290,,,,,Acq,,,,,,,,,,,,,,,30,,0403-DGJZT-DMRM-NEG.d,,Find by MRM,,
464,FZT_BZ_28_2_NEG,,,281.1,,,,,100,,,,11.559,,,4,0.116,10,,,,,Acq,,,,,,,,,,,,,,,30,,0403-DGJZT-DMRM-NEG.d,,Find by MRM,,
465,FZT_BZ_28_3_NEG,,,281.1,,,,,100,,,,11.684,,,3,0.129,7,,,,,Acq,,,,,,,,,,,,,,,30,,0403-DGJZT-DMRM-NEG.d,,Find by MRM,,
466,FZT_BZ_28_1_NEG,,,281.1,,,,,100,,,,11.552,,,5,0.097,11,,,,,Acq,,,,,,,,,,,,,,,30,,0403-DGJZT-DMRM-NEG.d,,Find by MRM,,
467,THSWT_CX_5_11.355_NEG,,,205.1,,,,,100,,,,11.837,,,33,0.251,280,,,,,Acq,,,,,,,,,,,,,,,30,,0403-DGJZT-DMRM-NEG.d,,Find by MRM,,
468,BXXXT_CGC_180_1_NEG,,,821.4,,,,,100,,,,11.879,,,1772,0.319,19508,,,,,Acq,,,,,,,,,,,,,,,30,,0403-DGJZT-DMRM-NEG.d,,Find by MRM,,
469,WPT_DH_62_1_NEG,,,253.1,,,,,100,,,,11.844,,,11,0.142,67,,,,,Acq,,,,,,,,,,,,,,,30,,0403-DGJZT-DMRM-NEG.d,,Find by MRM,,
470,QWS_SM_92_1_NEG,,,635.4,,,,,100,,,,12.072,,,0,0.199,1,,,,,Acq,,,,,,,,,,,,,,,30,,0403-DGJZT-DMRM-NEG.d,,Find by MRM,,
471,WPT_DH_64_1_NEG,,,297,,,,,100,,,,11.775,,,22,0.318,206,,,,,Acq,,,,,,,,,,,,,,,30,,0403-DGJZT-DMRM-NEG.d,,Find by MRM,,
472,DGJZT_DG_88_3_NEG,,,383.2,,,,,100,,,,12.073,,,178,0.321,1887,,,,,Acq,,,,,,,,,,,,,,,30,,0403-DGJZT-DMRM-NEG.d,,Find by MRM,,
473,THSWT_JDG_112_1_NEG,,,383.1,,,,,100,,,,12.074,,,143,0.403,1449,,,,,Acq,,,,,,,,,,,,,,,30,,0403-DGJZT-DMRM-NEG.d,,Find by MRM,,
474,THSWT_JDG_112_2_NEG,,,383.1,,,,,100,,,,12.108,,,121,0.413,1441,,,,,Acq,,,,,,,,,,,,,,,30,,0403-DGJZT-DMRM-NEG.d,,Find by MRM,,
475,THSWT_JDG_109_2_NEG,,,339.2,,,,,100,,,,12.092,,,112,0.42,1105,,,,,Acq,,,,,,,,,,,,,,,30,,0403-DGJZT-DMRM-NEG.d,,Find by MRM,,
476,THSWT_JDG_109_1_NEG,,,339.2,,,,,100,,,,12.118,,,50,0.152,329,,,,,Acq,,,,,,,,,,,,,,,30,,0403-DGJZT-DMRM-NEG.d,,Find by MRM,,
477,DGJZT_GZ_29_1_NEG,,,295.1,,,,,100,,,,12.136,,,134,0.504,1515,,,,,Acq,,,,,,,,,,,,,,,30,,0403-DGJZT-DMRM-NEG.d,,Find by MRM,,
478,DGJZT_GZ_29_2_NEG,,,295.1,,,,,100,,,,12.137,,,238,0.28,2140,,,,,Acq,,,,,,,,,,,,,,,30,,0403-DGJZT-DMRM-NEG.d,,Find by MRM,,
479,QWS_DG_19_1_NEG,,,313.1,,,,,100,,,,12.161,,,280,0.378,2603,,,,,Acq,,,,,,,,,,,,,,,30,,0403-DGJZT-DMRM-NEG.d,,Find by MRM,,
480,QWS_SM_122_2_NEG,,,707.4,,,,,100,,,,12.457,,,0,0.242,1,,,,,Acq,,,,,,,,,,,,,,,30,,0403-DGJZT-DMRM-NEG.d,,Find by MRM,,
481,THSWT_JDG_119_1_NEG,,,383.1,,,,,100,,,,12.376,,,58,0.259,495,,,,,Acq,,,,,,,,,,,,,,,30,,0403-DGJZT-DMRM-NEG.d,,Find by MRM,,
482,JSLJJ_CP_49_2_NEG,,,469.2,,,,,100,,,,12.173,,,2,0.141,7,,,,,Acq,,,,,,,,,,,,,,,30,,0403-DGJZT-DMRM-NEG.d,,Find by MRM,,
483,BXXXT_RS_85_3_NEG,,,811.5,,,,,100,,,,12.331,,,1,0.092,3,,,,,Acq,,,,,,,,,,,,,,,30,,0403-DGJZT-DMRM-NEG.d,,Find by MRM,,
484,WPT_DH_78_1_NEG,,,589.1,,,,,100,,,,12.458,,,8,0.125,31,,,,,Acq,,,,,,,,,,,,,,,30,,0403-DGJZT-DMRM-NEG.d,,Find by MRM,,
485,WPT_RS_99_1_NEG,,,451.2,,,,,100,,,,12.469,,,5,0.167,25,,,,,Acq,,,,,,,,,,,,,,,30,,0403-DGJZT-DMRM-NEG.d,,Find by MRM,,
486,JSLJJ_DG_25_1_NEG,,,203.1,,,,,100,,,,12.621,,,1679,0.425,16300,,,,,Acq,,,,,,,,,,,,,,,30,,0403-DGJZT-DMRM-NEG.d,,Find by MRM,,
487,QWS_DG_21_1_NEG,,,203.1,,,,,100,,,,12.63,,,1250,0.325,11800,,,,,Acq,,,,,,,,,,,,,,,30,,0403-DGJZT-DMRM-NEG.d,,Find by MRM,,
488,QWS_DG_21_2_NEG,,,203.1,,,,,100,,,,12.639,,,769,0.397,7559,,,,,Acq,,,,,,,,,,,,,,,30,,0403-DGJZT-DMRM-NEG.d,,Find by MRM,,
489,JSLJJ_SJ_7_1_NEG,,,455.3,,,,,100,,,,12.724,,,450,0.395,4398,,,,,Acq,,,,,,,,,,,,,,,30,,0403-DGJZT-DMRM-NEG.d,,Find by MRM,,
490,BXXXT_CGC_217_1_NEG,,,367.1,,,,,100,,,,12.81,,,3878,0.35,38052,,,,,Acq,,,,,,,,,,,,,,,30,,0403-DGJZT-DMRM-NEG.d,,Find by MRM,,
491,DGJZT_CGC_336_1_NEG,,,367.1,,,,,100,,,,12.811,,,2464,0.353,24486,,,,,Acq,,,,,,,,,,,,,,,30,,0403-DGJZT-DMRM-NEG.d,,Find by MRM,,
492,BXXXT_CGC_217_2_NEG,,,367.1,,,,,100,,,,12.812,,,1179,0.366,11036,,,,,Acq,,,,,,,,,,,,,,,30,,0403-DGJZT-DMRM-NEG.d,,Find by MRM,,
493,WPT_GC_133_1_NEG,,,367.1,,,,,100,,,,12.802,,,2454,0.468,25682,,,,,Acq,,,,,,,,,,,,,,,30,,0403-DGJZT-DMRM-NEG.d,,Find by MRM,,
494,WPT_GC_133_2_NEG,,,367.1,,,,,100,,,,12.813,,,724,0.449,7072,,,,,Acq,,,,,,,,,,,,,,,30,,0403-DGJZT-DMRM-NEG.d,,Find by MRM,,
495,QWS_DG_22_1_NEG,,,203.1,,,,,100,,,,12.923,,,157,0.482,1819,,,,,Acq,,,,,,,,,,,,,,,30,,0403-DGJZT-DMRM-NEG.d,,Find by MRM,,
496,BXXXT_RS_92_2_NEG,,,829.5,,,,,100,,,,12.925,,,4,0.142,15,,,,,Acq,,,,,,,,,,,,,,,30,,0403-DGJZT-DMRM-NEG.d,,Find by MRM,,
497,THSWT_JDG_125_1_NEG,,,383.1,,,,,100,,,,12.985,,,67,0.332,714,,,,,Acq,,,,,,,,,,,,,,,30,,0403-DGJZT-DMRM-NEG.d,,Find by MRM,,
498,WPT_RS_103_2_NEG,,,829.5,,,,,100,,,,12.933,,,9,0.167,38,,,,,Acq,,,,,,,,,,,,,,,30,,0403-DGJZT-DMRM-NEG.d,,Find by MRM,,
499,BXXXT_CGC_239_1_NEG,,,353.1,,,,,100,,,,13.35,,,4404,0.405,53085,,,,,Acq,,,,,,,,,,,,,,,30,,0403-DGJZT-DMRM-NEG.d,,Find by MRM,,
500,JSLJJ_GC_125_1_NEG,,,353.1,,,,,100,,,,13.352,,,4399,0.4,44807,,,,,Acq,,,,,,,,,,,,,,,30,,0403-DGJZT-DMRM-NEG.d,,Find by MRM,,
501,DGJZT_CGC_357_1_NEG,,,353.1,,,,,100,,,,13.363,,,4356,0.338,41856,,,,,Acq,,,,,,,,,,,,,,,30,,0403-DGJZT-DMRM-NEG.d,,Find by MRM,,
502,WPT_GC_171_1_NEG,,,353.1,,,,,100,,,,13.365,,,4591,0.445,47251,,,,,Acq,,,,,,,,,,,,,,,30,,0403-DGJZT-DMRM-NEG.d,,Find by MRM,,
503,DGJZT_DZ_49_2_NEG,,,501.3,,,,,100,,,,13.709,,,95,0.442,1275,,,,,Acq,,,,,,,,,,,,,,,30,,0403-DGJZT-DMRM-NEG.d,,Find by MRM,,
504,THSWT_JDH_62_3_NEG,,,385.3,,,,,100,,,,14.008,,,5,0.138,21,,,,,Acq,,,,,,,,,,,,,,,30,,0403-DGJZT-DMRM-NEG.d,,Find by MRM,,
505,THSWT_JDG_141_1_NEG,,,395.2,,,,,100,,,,13.94,,,90,0.369,734,,,,,Acq,,,,,,,,,,,,,,,30,,0403-DGJZT-DMRM-NEG.d,,Find by MRM,,
506,WPT_DH_95_1_NEG,,,269,,,,,100,,,,13.817,,,68,0.115,315,,,,,Acq,,,,,,,,,,,,,,,30,,0403-DGJZT-DMRM-NEG.d,,Find by MRM,,
507,QWS_DG_23_2_NEG,,,397.2,,,,,100,,,,13.978,,,1304,0.366,12137,,,,,Acq,,,,,,,,,,,,,,,30,,0403-DGJZT-DMRM-NEG.d,,Find by MRM,,
508,DGJZT_DG_101_1_NEG,,,397.2,,,,,100,,,,13.978,,,852,0.337,7414,,,,,Acq,,,,,,,,,,,,,,,30,,0403-DGJZT-DMRM-NEG.d,,Find by MRM,,
509,QWS_DG_23_1_NEG,,,397.2,,,,,100,,,,13.979,,,542,0.346,4950,,,,,Acq,,,,,,,,,,,,,,,30,,0403-DGJZT-DMRM-NEG.d,,Find by MRM,,
510,DGJZT_DG_101_2_NEG,,,397.2,,,,,100,,,,13.971,,,373,0.352,3557,,,,,Acq,,,,,,,,,,,,,,,30,,0403-DGJZT-DMRM-NEG.d,,Find by MRM,,
511,DGJZT_DG_97_1_NEG,,,397.2,,,,,100,,,,13.98,,,401,0.393,3868,,,,,Acq,,,,,,,,,,,,,,,30,,0403-DGJZT-DMRM-NEG.d,,Find by MRM,,
512,DGJZT_DG_101_3_NEG,,,397.2,,,,,100,,,,13.98,,,299,0.318,2794,,,,,Acq,,,,,,,,,,,,,,,30,,0403-DGJZT-DMRM-NEG.d,,Find by MRM,,
513,QWS_DG_23_3_NEG,,,397.2,,,,,100,,,,13.989,,,282,0.403,2883,,,,,Acq,,,,,,,,,,,,,,,30,,0403-DGJZT-DMRM-NEG.d,,Find by MRM,,
514,THSWT_JDG_132_1_NEG,,,397.2,,,,,100,,,,14.007,,,102,0.403,979,,,,,Acq,,,,,,,,,,,,,,,30,,0403-DGJZT-DMRM-NEG.d,,Find by MRM,,
515,BXXXT_CGC_263_2_NEG,,,351.1,,,,,100,,,,14.016,,,3387,0.455,32548,,,,,Acq,,,,,,,,,,,,,,,30,,0403-DGJZT-DMRM-NEG.d,,Find by MRM,,
516,DGJZT_CGC_379_2_NEG,,,351.1,,,,,100,,,,14.026,,,1832,0.339,17329,,,,,Acq,,,,,,,,,,,,,,,30,,0403-DGJZT-DMRM-NEG.d,,Find by MRM,,
517,JSLJJ_GC_134_1_NEG,,,351.1,,,,,100,,,,14.017,,,1932,0.44,18145,,,,,Acq,,,,,,,,,,,,,,,30,,0403-DGJZT-DMRM-NEG.d,,Find by MRM,,
518,WPT_GC_216_2_NEG,,,351.1,,,,,100,,,,14.018,,,1878,0.402,17304,,,,,Acq,,,,,,,,,,,,,,,30,,0403-DGJZT-DMRM-NEG.d,,Find by MRM,,
519,BXXXT_RS_96_3_NEG,,,811.5,,,,,100,,,,14.128,,,5,0.151,18,,,,,Acq,,,,,,,,,,,,,,,30,,0403-DGJZT-DMRM-NEG.d,,Find by MRM,,
520,JSLJJ_GC_139_1_NEG,,,423.2,,,,,100,,,,14.274,,,4076,0.379,85440,,,,,Acq,,,,,,,,,,,,,,,30,,0403-DGJZT-DMRM-NEG.d,,Find by MRM,,
521,BXXXT_DZ_32_1_NEG,,,485.3,,,,,100,,,,14.321,,,187,0.463,1690,,,,,Acq,,,,,,,,,,,,,,,30,,0403-DGJZT-DMRM-NEG.d,,Find by MRM,,
522,DGJZT_DZ_53_1_NEG,,,485.3,,,,,100,,,,14.331,,,103,0.359,912,,,,,Acq,,,,,,,,,,,,,,,30,,0403-DGJZT-DMRM-NEG.d,,Find by MRM,,
523,WPT_GC_237_2_NEG,,,423.2,,,,,100,,,,14.281,,,1955,0.812,25079,,,,,Acq,,,,,,,,,,,,,,,30,,0403-DGJZT-DMRM-NEG.d,,Find by MRM,,
524,WPT_GC_237_1_NEG,,,423.2,,,,,100,,,,14.275,,,1958,0.188,14010,,,,,Acq,,,,,,,,,,,,,,,30,,0403-DGJZT-DMRM-NEG.d,,Find by MRM,,
525,JSLJJ_GC_144_1_NEG,,,421.2,,,,,100,,,,14.776,,,4461,0.354,41055,,,,,Acq,,,,,,,,,,,,,,,30,,0403-DGJZT-DMRM-NEG.d,,Find by MRM,,

